UDI,Product ID,Type,Air temperature [K],Process temperature [K],Rotational speed [rad/s],Torque [Nm],Tool wear [min],Machine failure,TWF,HDF,PWF,OSF,RNF
1,M14860,1,298.1,308.6,162.42034019059233,42.8,0,0,0,0,0,0,0
2,L47181,0,298.2,308.7,147.44541520848094,46.3,3,0,0,0,0,0,0
3,L47182,0,298.1,308.5,156.87019316925034,49.4,5,0,0,0,0,0,0
4,L47183,0,298.2,308.6,150.06340908647243,39.5,7,0,0,0,0,0,0
5,L47184,0,298.2,308.7,147.44541520848094,40.0,9,0,0,0,0,0,0
6,M14865,1,298.1,308.6,149.22565104551515,41.9,11,0,0,0,0,0,0
7,L47186,0,298.1,308.6,163.1533784764299,42.4,14,0,0,0,0,0,0
8,L47187,0,298.1,308.6,159.90706606772045,40.2,16,0,0,0,0,0,0
9,M14868,1,298.3,308.7,174.56783178447282,28.6,18,0,0,0,0,0,0
10,M14869,1,298.5,309.0,182.31709366332768,28.0,21,0,0,0,0,0,0
11,H29424,2,298.4,308.9,186.61060362323371,23.9,24,0,0,0,0,0,0
12,H29425,2,298.6,309.1,149.01621153527586,44.3,29,0,0,0,0,0,0
13,M14872,1,298.6,309.1,140.21975210522444,51.1,34,0,0,0,0,0,0
14,M14873,1,298.6,309.2,182.4218134184473,30.0,37,0,0,0,0,0,0
15,L47194,0,298.6,309.2,213.10470166850763,19.6,40,0,0,0,0,0,0
16,L47195,0,298.6,309.2,161.47786239451537,48.4,42,0,0,0,0,0,0
17,M14876,1,298.6,309.2,137.28759896187395,46.6,44,0,0,0,0,0,0
18,M14877,1,298.7,309.2,147.6548547187203,45.6,47,0,0,0,0,0,0
19,H29432,2,298.8,309.2,136.76400018627567,54.5,50,0,0,0,0,0,0
20,M14879,1,298.9,309.3,170.90264035528475,32.5,55,0,0,0,0,0,0
21,H29434,2,298.9,309.3,143.98966328953216,42.7,58,0,0,0,0,0,0
22,L47201,0,298.8,309.3,151.84364492350664,44.8,63,0,0,0,0,0,0
23,M14882,1,298.9,309.3,165.5619328441821,30.7,65,0,0,0,0,0,0
24,L47203,0,299.0,309.4,184.09732950036187,25.7,68,0,0,0,0,0,0
25,M14884,1,299.0,309.4,163.4675377417889,37.3,70,0,0,0,0,0,0
26,L47205,0,299.0,309.5,194.88346427768684,23.3,73,0,0,0,0,0,0
27,L47206,0,299.1,309.5,158.3362697409256,39.0,75,0,0,0,0,0,0
28,H29441,2,299.1,309.4,189.64747652170385,24.6,77,0,0,0,0,0,0
29,L47208,0,299.1,309.4,150.6917276171904,44.2,82,0,0,0,0,0,0
30,L47209,0,299.0,309.4,177.29054541758398,30.1,84,0,0,0,0,0,0
31,M14890,1,299.1,309.5,140.21975210522444,48.2,86,0,0,0,0,0,0
32,L47211,0,299.0,309.4,188.28611970514828,25.5,89,0,0,0,0,0,0
33,L47212,0,299.0,309.4,148.59733251479722,48.3,91,0,0,0,0,0,0
34,L47213,0,298.9,309.3,174.35839227423352,32.5,93,0,0,0,0,0,0
35,M14894,1,298.8,309.1,163.25809823154958,34.7,95,0,0,0,0,0,0
36,M14895,1,298.8,309.2,152.053084433746,48.6,98,0,0,0,0,0,0
37,M14896,1,298.9,309.2,165.5619328441821,36.7,101,0,0,0,0,0,0
38,L47217,0,298.8,309.1,150.6917276171904,39.2,104,0,0,0,0,0,0
39,H29452,2,298.9,309.2,144.40854231001083,50.7,106,0,0,0,0,0,0
40,L47219,0,298.8,309.1,141.3716694115407,52.5,111,0,0,0,0,0,0
41,L47220,0,298.8,309.1,142.6283064729766,45.4,113,0,0,0,0,0,0
42,L47221,0,298.8,309.1,143.25662500369455,50.8,115,0,0,0,0,0,0
43,M14902,1,298.8,309.1,143.25662500369455,49.1,117,0,0,0,0,0,0
44,H29457,2,298.8,309.2,143.67550402417322,48.5,120,0,0,0,0,0,0
45,M14904,1,298.8,309.1,154.14747953613917,47.5,125,0,0,0,0,0,0
46,L47225,0,298.8,309.1,155.92771537317338,49.1,128,0,0,0,0,0,0
47,M14906,1,298.7,309.0,192.99850868553295,25.8,130,0,0,0,0,0,0
48,L47227,0,298.8,309.1,148.49261275967757,46.3,133,0,0,0,0,0,0
49,H29462,2,298.8,309.2,149.22565104551515,53.9,135,0,0,0,0,0,0
50,M14909,1,298.9,309.2,147.86429422895958,44.1,140,0,0,0,0,0,0
51,L47230,0,298.9,309.1,299.6032193973466,4.6,143,1,0,0,1,0,0
52,L47231,0,298.9,309.1,144.82742133048947,54.9,145,0,0,0,0,0,0
53,H29466,2,298.8,309.0,156.76547341413067,43.8,147,0,0,0,0,0,0
54,L47233,0,298.7,309.0,163.88641676226752,35.1,152,0,0,0,0,0,0
55,L47234,0,298.7,309.0,177.0811059073447,30.1,154,0,0,0,0,0,0
56,L47235,0,298.8,309.1,158.3362697409256,40.7,156,0,0,0,0,0,0
57,L47236,0,298.8,309.1,154.67107831173746,42.4,158,0,0,0,0,0,0
58,L47237,0,298.8,309.1,158.44098949604523,40.3,160,0,0,0,0,0,0
59,M14918,1,298.8,309.0,173.93951325375488,29.5,162,0,0,0,0,0,0
60,L47239,0,298.8,309.1,144.30382255489116,54.4,165,0,0,0,0,0,0
61,L47240,0,298.8,309.1,145.87461888168605,52.6,167,0,0,0,0,0,0
62,M14921,1,298.8,309.0,166.71385015049836,38.2,169,0,0,0,0,0,0
63,L47242,0,298.8,309.0,191.53243211385774,22.9,172,0,0,0,0,0,0
64,M14923,1,298.9,309.0,189.7521962768235,25.9,174,0,0,0,0,0,0
65,L47244,0,299.0,309.1,159.48818704724184,38.6,177,0,0,0,0,0,0
66,L47245,0,299.0,309.1,145.97933863680572,45.1,179,0,0,0,0,0,0
67,M14926,1,298.9,308.9,175.82446884590874,28.7,181,0,0,0,0,0,0
68,H29481,2,298.8,308.9,153.5191610054212,44.1,184,0,0,0,0,0,0
69,L47248,0,298.8,308.9,159.90706606772045,32.4,189,0,0,0,0,0,0
70,L47249,0,298.9,309.0,147.6548547187203,65.7,191,1,0,0,1,1,0
71,M14930,1,298.9,309.0,201.4808088502254,22.6,193,0,0,0,0,0,0
72,L47251,0,298.9,309.1,152.053084433746,45.5,196,0,0,0,0,0,0
73,L47252,0,298.9,309.1,143.36134475881423,44.4,198,0,0,0,0,0,0
74,L47253,0,299.0,309.1,166.71385015049836,35.0,200,0,0,0,0,0,0
75,L47254,0,298.9,309.0,167.6563279465753,32.3,202,0,0,0,0,0,0
76,L47255,0,298.8,308.9,144.40854231001083,46.7,204,0,0,0,0,0,0
77,L47256,0,298.8,308.9,152.99556222982292,47.9,206,0,0,0,0,0,0
78,L47257,0,298.8,308.9,152.36724369910496,41.3,208,1,1,0,0,0,0
79,L47258,0,298.8,308.9,146.39821765728436,51.5,0,0,0,0,0,0,0
80,L47259,0,298.8,308.9,146.817096677763,37.9,2,0,0,0,0,0,0
81,H29494,2,298.8,308.8,151.32004614790836,49.9,4,0,0,0,0,0,0
82,L47261,0,298.9,308.9,151.84364492350664,47.5,9,0,0,0,0,0,0
83,L47262,0,298.9,308.9,152.15780418886564,40.8,11,0,0,0,0,0,0
84,L47263,0,299.0,309.0,153.83332027078018,40.1,13,0,0,0,0,0,0
85,L47264,0,298.9,308.9,148.91149178015618,47.6,15,0,0,0,0,0,0
86,M14945,1,299.0,309.0,188.91443823586624,26.8,17,0,0,0,0,0,0
87,H29500,2,299.0,309.0,150.37756835183143,43.9,20,0,0,0,0,0,0
88,L47267,0,299.0,309.0,161.6873019047547,31.8,25,0,0,0,0,0,0
89,M14948,1,299.0,309.0,148.59733251479722,45.2,27,0,0,0,0,0,0
90,M14949,1,298.9,308.9,155.7182758629341,39.5,30,0,0,0,0,0,0
91,L47270,0,298.9,308.9,183.57373072476358,25.8,33,0,0,0,0,0,0
92,L47271,0,298.9,308.9,191.63715186897738,24.9,35,0,0,0,0,0,0
93,M14952,1,298.9,308.9,180.85101709165244,27.1,37,0,0,0,0,0,0
94,L47273,0,299.1,309.0,151.84364492350664,43.0,40,0,0,0,0,0,0
95,L47274,0,299.0,308.9,169.85544280408814,31.9,42,0,0,0,0,0,0
96,M14955,1,299.0,309.0,141.47638916666034,52.2,44,0,0,0,0,0,0
97,M14956,1,299.0,309.0,164.93361431346415,35.3,47,0,0,0,0,0,0
98,M14957,1,298.9,308.9,183.25957145940458,29.9,50,0,0,0,0,0,0
99,L47278,0,298.9,308.8,160.1165055779598,32.7,53,0,0,0,0,0,0
100,L47279,0,298.8,308.8,159.48818704724184,44.4,55,0,0,0,0,0,0
101,L47280,0,298.8,308.9,193.94098648160988,25.0,57,0,0,0,0,0,0
102,L47281,0,298.8,308.8,208.4970324432426,20.7,59,0,0,0,0,0,0
103,L47282,0,298.8,308.8,162.83921921107094,40.6,61,0,0,0,0,0,0
104,M14963,1,298.8,308.8,150.90116712742974,40.5,63,0,0,0,0,0,0
105,L47284,0,298.8,308.7,151.84364492350664,43.4,66,0,0,0,0,0,0
106,L47285,0,298.8,308.7,166.60913039537868,31.1,68,0,0,0,0,0,0
107,L47286,0,298.8,308.7,151.32004614790836,48.5,70,0,0,0,0,0,0
108,M14967,1,298.8,308.8,156.76547341413067,46.8,72,0,0,0,0,0,0
109,H29522,2,298.9,308.8,169.7507230489685,32.7,75,0,0,0,0,0,0
110,L47289,0,298.9,308.7,164.61945504810515,34.1,80,0,0,0,0,0,0
111,L47290,0,298.8,308.6,196.0353815840031,22.5,82,0,0,0,0,0,0
112,H29525,2,298.7,308.6,156.97491292437,43.5,84,0,0,0,0,0,0
113,M14972,1,298.8,308.7,156.87019316925034,39.5,89,0,0,0,0,0,0
114,M14973,1,298.8,308.6,155.61355610781442,41.9,92,0,0,0,0,0,0
115,L47294,0,298.8,308.6,175.92918860102841,29.4,95,0,0,0,0,0,0
116,L47295,0,298.8,308.6,149.8539695762331,45.7,97,0,0,0,0,0,0
117,L47296,0,298.9,308.7,163.7816970071479,34.1,99,0,0,0,0,0,0
118,L47297,0,298.8,308.6,167.44688843633597,33.0,101,0,0,0,0,0,0
119,M14978,1,298.8,308.6,178.75662198925923,28.1,103,0,0,0,0,0,0
120,L47299,0,298.7,308.5,153.62388076054089,40.7,106,0,0,0,0,0,0
121,L47300,0,298.9,308.7,150.06340908647243,44.7,108,0,0,0,0,0,0
122,L47301,0,298.9,308.7,163.1533784764299,41.2,110,0,0,0,0,0,0
123,L47302,0,299.0,308.8,137.1828792067543,50.7,112,0,0,0,0,0,0
124,L47303,0,298.9,308.7,161.89674141499398,43.4,114,0,0,0,0,0,0
125,L47304,0,298.9,308.7,180.85101709165244,29.4,116,0,0,0,0,0,0
126,L47305,0,298.9,308.6,163.36281798666923,32.2,118,0,0,0,0,0,0
127,L47306,0,299.0,308.6,139.17255455402784,60.5,120,0,0,0,0,0,0
128,L47307,0,298.9,308.6,147.96901398407925,46.5,122,0,0,0,0,0,0
129,L47308,0,299.0,308.6,166.19025137490004,38.6,124,0,0,0,0,0,0
130,L47309,0,298.9,308.5,163.25809823154958,34.3,126,0,0,0,0,0,0
131,L47310,0,298.8,308.4,154.25219929125885,41.1,128,0,0,0,0,0,0
132,L47311,0,298.8,308.4,181.898214642849,27.7,130,0,0,0,0,0,0
133,M14992,1,298.7,308.4,150.90116712742974,43.2,132,0,0,0,0,0,0
134,M14993,1,298.7,308.4,149.7492498211135,49.6,135,0,0,0,0,0,0
135,L47314,0,298.8,308.4,143.36134475881423,53.0,138,0,0,0,0,0,0
136,M14995,1,298.8,308.5,179.17550100973784,28.5,140,0,0,0,0,0,0
137,H29550,2,298.7,308.5,148.70205226991686,45.7,143,0,0,0,0,0,0
138,L47317,0,298.7,308.6,135.82152239019874,55.3,148,0,0,0,0,0,0
139,H29552,2,298.8,308.6,151.73892516838703,49.4,150,0,0,0,0,0,0
140,L47319,0,298.8,308.6,132.7846494917286,55.8,155,0,0,0,0,0,0
141,L47320,0,298.8,308.6,158.2315499858059,36.1,157,0,0,0,0,0,0
142,L47321,0,298.7,308.5,161.6873019047547,35.2,159,0,0,0,0,0,0
143,M15002,1,298.6,308.4,186.19172460275507,28.2,161,0,0,0,0,0,0
144,H29557,2,298.6,308.4,147.3406954533613,50.5,164,0,0,0,0,0,0
145,M15004,1,298.6,308.4,145.66517937144675,42.4,169,0,0,0,0,0,0
146,L47325,0,298.5,308.4,158.44098949604523,33.6,172,0,0,0,0,0,0
147,H29560,2,298.5,308.4,168.80824525289154,36.1,174,0,0,0,0,0,0
148,L47327,0,298.4,308.4,158.65042900628455,40.1,179,0,0,0,0,0,0
149,M15008,1,298.3,308.3,144.40854231001083,48.0,181,0,0,0,0,0,0
150,L47329,0,298.4,308.3,154.25219929125885,39.9,184,0,0,0,0,0,0
151,L47330,0,298.4,308.3,148.91149178015618,42.7,186,0,0,0,0,0,0
152,M15011,1,298.4,308.2,153.20500174006224,37.6,188,0,0,0,0,0,0
153,M15012,1,298.4,308.2,165.87609210954108,41.0,191,0,0,0,0,0,0
154,L47333,0,298.4,308.2,193.73154697137056,27.0,194,0,0,0,0,0,0
155,L47334,0,298.4,308.2,160.01178582284012,36.2,196,0,0,0,0,0,0
156,H29569,2,298.4,308.2,208.07815342276396,19.8,198,0,0,0,0,0,0
157,M15016,1,298.4,308.1,156.55603390389135,46.0,203,0,0,0,0,0,0
158,H29571,2,298.4,308.2,154.77579806685713,43.5,206,0,0,0,0,0,0
159,M15018,1,298.4,308.2,156.97491292437,40.0,211,0,0,0,0,0,0
160,L47339,0,298.4,308.2,154.04275978101953,47.0,214,0,0,0,0,0,0
161,L47340,0,298.4,308.2,134.25072606340382,60.7,216,1,0,0,0,1,0
162,L47341,0,298.3,308.1,147.86429422895958,52.3,218,1,0,0,0,1,0
163,L47342,0,298.3,308.1,166.0855316197804,35.5,0,0,0,0,0,0,0
164,M15023,1,298.4,308.2,153.72860051566056,43.8,2,0,0,0,0,0,0
165,M15024,1,298.5,308.3,150.79644737231007,43.6,5,0,0,0,0,0,0
166,L47345,0,298.5,308.4,181.47933562237037,26.0,8,0,0,0,0,0,0
167,H29580,2,298.4,308.2,168.80824525289154,32.6,10,0,0,0,0,0,0
168,H29581,2,298.4,308.3,152.68140296446393,42.9,15,0,0,0,0,0,0
169,L47348,0,298.4,308.3,150.06340908647243,62.3,20,1,0,0,1,0,0
170,L47349,0,298.4,308.3,138.02063724771156,59.1,22,0,0,0,0,0,0
171,M15030,1,298.4,308.2,168.59880574265222,35.0,24,0,0,0,0,0,0
172,L47351,0,298.2,308.1,153.1002819849426,50.8,27,0,0,0,0,0,0
173,M15032,1,298.1,308.0,201.4808088502254,20.8,29,0,0,0,0,0,0
174,M15033,1,298.2,308.0,166.60913039537868,33.7,32,0,0,0,0,0,0
175,L47354,0,298.2,308.1,136.76400018627567,58.3,35,0,0,0,0,0,0
176,L47355,0,298.2,308.1,144.7227015753698,43.5,37,0,0,0,0,0,0
177,L47356,0,298.2,308.1,169.4365637836095,34.7,39,0,0,0,0,0,0
178,L47357,0,298.2,308.2,208.18287317788364,21.4,41,0,0,0,0,0,0
179,L47358,0,298.2,308.2,150.37756835183143,50.2,43,0,0,0,0,0,0
180,L47359,0,298.2,308.3,136.55456067603632,49.8,45,0,0,0,0,0,0
181,L47360,0,298.2,308.3,154.46163880149817,49.9,47,0,0,0,0,0,0
182,H29595,2,298.2,308.3,191.00883333825942,24.2,49,0,0,0,0,0,0
183,M15042,1,298.1,308.2,140.53391137058338,48.1,54,0,0,0,0,0,0
184,L47363,0,298.1,308.2,155.50883635269477,40.7,57,0,0,0,0,0,0
185,L47364,0,298.2,308.2,174.56783178447282,30.6,59,0,0,0,0,0,0
186,L47365,0,298.2,308.2,151.42476590302803,38.2,61,0,0,0,0,0,0
187,L47366,0,298.1,308.3,136.24040141067735,56.0,63,0,0,0,0,0,0
188,L47367,0,298.2,308.4,144.40854231001083,43.1,65,0,0,0,0,0,0
189,L47368,0,298.3,308.5,168.1799267221736,33.6,67,0,0,0,0,0,0
190,M15049,1,298.3,308.4,161.16370312915637,43.4,69,0,0,0,0,0,0
191,L47370,0,298.2,308.4,154.67107831173746,49.9,72,0,0,0,0,0,0
192,L47371,0,298.2,308.4,174.46311202935317,34.6,74,0,0,0,0,0,0
193,H29606,2,298.2,308.4,146.39821765728436,51.8,76,0,0,0,0,0,0
194,H29607,2,298.2,308.4,175.7197490907891,34.6,81,0,0,0,0,0,0
195,M15054,1,298.2,308.5,280.4395042104489,10.7,86,1,0,0,1,0,0
196,L47375,0,298.3,308.5,152.15780418886564,42.9,89,0,0,0,0,0,0
197,H29610,2,298.3,308.6,149.9586893313528,49.5,91,0,0,0,0,0,0
198,M15057,1,298.4,308.6,159.90706606772045,40.9,96,0,0,0,0,0,0
199,L47378,0,298.4,308.7,166.29497113001972,35.0,99,0,0,0,0,0,0
200,L47379,0,298.4,308.6,150.06340908647243,47.1,101,0,0,0,0,0,0
201,L47380,0,298.4,308.6,168.49408598753254,35.0,103,0,0,0,0,0,0
202,L47381,0,298.3,308.5,164.93361431346415,41.2,105,0,0,0,0,0,0
203,M15062,1,298.4,308.5,171.3215193757634,35.7,107,0,0,0,0,0,0
204,L47383,0,298.4,308.5,156.03243512829306,37.9,110,0,0,0,0,0,0
205,L47384,0,298.4,308.5,182.31709366332768,32.8,112,0,0,0,0,0,0
206,M15065,1,298.5,308.6,140.74335088082273,53.0,114,0,0,0,0,0,0
207,L47386,0,298.5,308.7,168.49408598753254,35.3,117,0,0,0,0,0,0
208,M15067,1,298.4,308.7,148.80677202503654,60.7,119,1,0,0,1,0,0
209,L47388,0,298.4,308.6,166.60913039537868,36.7,122,0,0,0,0,0,0
210,L47389,0,298.4,308.6,154.67107831173746,44.0,124,0,0,0,0,0,0
211,L47390,0,298.4,308.7,159.48818704724184,36.1,126,0,0,0,0,0,0
212,L47391,0,298.5,308.7,164.93361431346415,33.9,128,0,0,0,0,0,0
213,H29626,2,298.4,308.7,140.74335088082273,52.9,130,0,0,0,0,0,0
214,L47393,0,298.4,308.7,145.14158059584844,44.9,135,0,0,0,0,0,0
215,M15074,1,298.3,308.6,166.3996908851394,37.1,137,0,0,0,0,0,0
216,L47395,0,298.3,308.6,162.10618092523333,40.3,140,0,0,0,0,0,0
217,L47396,0,298.3,308.6,156.97491292437,38.3,142,0,0,0,0,0,0
218,L47397,0,298.3,308.5,174.25367251911388,31.6,144,0,0,0,0,0,0
219,L47398,0,298.3,308.6,151.52948565814768,38.1,146,0,0,0,0,0,0
220,M15079,1,298.3,308.5,150.1681288415921,46.2,148,0,0,0,0,0,0
221,L47400,0,298.3,308.5,148.28317324943825,52.7,151,0,0,0,0,0,0
222,H29635,2,298.4,308.5,191.3229926036184,24.3,153,0,0,0,0,0,0
223,L47402,0,298.4,308.6,136.55456067603632,45.0,158,0,0,0,0,0,0
224,L47403,0,298.4,308.6,164.30529578274619,34.4,160,0,0,0,0,0,0
225,L47404,0,298.3,308.6,165.87609210954108,29.3,162,0,0,0,0,0,0
226,L47405,0,298.3,308.5,142.6283064729766,53.8,164,0,0,0,0,0,0
227,L47406,0,298.3,308.4,139.17255455402784,49.2,166,0,0,0,0,0,0
228,L47407,0,298.3,308.5,161.16370312915637,36.1,168,0,0,0,0,0,0
229,M15088,1,298.3,308.5,170.58848108992575,37.1,170,0,0,0,0,0,0
230,L47409,0,298.3,308.5,161.05898337403673,32.2,173,0,0,0,0,0,0
231,L47410,0,298.3,308.6,164.41001553786586,34.8,175,0,0,0,0,0,0
232,L47411,0,298.3,308.4,147.44541520848094,43.1,177,0,0,0,0,0,0
233,L47412,0,298.2,308.4,149.12093129039553,47.6,179,0,0,0,0,0,0
234,L47413,0,298.2,308.4,158.3362697409256,34.9,181,0,0,0,0,0,0
235,L47414,0,298.2,308.4,154.77579806685713,42.9,183,0,0,0,0,0,0
236,M15095,1,298.1,308.3,175.92918860102841,33.7,185,0,0,0,0,0,0
237,L47416,0,298.1,308.3,156.55603390389135,38.7,188,0,0,0,0,0,0
238,M15097,1,298.0,308.1,162.52505994571194,36.6,190,0,0,0,0,0,0
239,L47418,0,297.9,308.1,145.87461888168605,50.3,193,0,0,0,0,0,0
240,L47419,0,298.0,308.2,168.7035254977719,30.6,195,0,0,0,0,0,0
241,M15100,1,298.0,308.1,140.21975210522444,51.6,197,0,0,0,0,0,0
242,L47421,0,298.0,308.1,186.0870048476354,24.3,200,0,0,0,0,0,0
243,L47422,0,298.0,308.2,141.16222990130137,58.8,202,1,0,0,0,1,0
244,L47423,0,298.0,308.2,151.0058868825494,44.1,204,0,0,0,0,0,0
245,M15104,1,298.0,308.2,146.08405839192537,49.1,206,0,0,0,0,0,0
246,M15105,1,297.9,308.1,170.37904157968646,31.4,209,0,0,0,0,0,0
247,L47426,0,297.9,308.1,165.98081186466072,33.5,212,0,0,0,0,0,0
248,L47427,0,298.0,308.2,153.83332027078018,45.5,214,0,0,0,0,0,0
249,L47428,0,298.0,308.3,142.6283064729766,56.8,216,1,0,0,0,1,0
250,L47429,0,298.0,308.3,147.131255943122,56.2,218,1,0,0,0,1,0
251,L47430,0,298.0,308.3,174.04423300887453,32.7,0,0,0,0,0,0,0
252,M15111,1,298.0,308.2,153.5191610054212,42.6,2,0,0,0,0,0,0
253,L47432,0,298.0,308.2,169.64600329384882,35.8,5,0,0,0,0,0,0
254,L47433,0,298.0,308.2,142.1047076973783,48.2,7,0,0,0,0,0,0
255,L47434,0,298.0,308.2,158.54570925116488,37.9,9,0,0,0,0,0,0
256,L47435,0,298.0,308.2,155.92771537317338,40.4,11,0,0,0,0,0,0
257,L47436,0,298.1,308.3,139.38199406426713,63.0,13,0,0,0,0,0,0
258,L47437,0,298.0,308.0,169.1224045182505,29.5,15,0,0,0,0,0,0
259,L47438,0,298.1,308.2,155.19467708733578,37.9,17,0,0,0,0,0,0
260,M15119,1,298.1,308.2,148.70205226991686,63.9,19,1,0,0,1,0,0
261,M15120,1,298.2,308.3,159.38346729212216,49.1,22,0,0,0,0,0,0
262,L47441,0,298.1,308.2,173.20647496791725,32.1,25,0,0,0,0,0,0
263,M15122,1,298.1,308.2,181.79349488772934,26.8,27,0,0,0,0,0,0
264,M15123,1,298.0,308.1,166.19025137490004,32.3,30,0,0,0,0,0,0
265,L47444,0,298.1,308.2,145.56045961632708,47.5,33,0,0,0,0,0,0
266,L47445,0,298.0,308.1,152.26252394398531,37.1,35,0,0,0,0,0,0
267,H29680,2,298.0,308.1,150.79644737231007,43.7,37,0,0,0,0,0,0
268,L47447,0,297.9,308.0,204.62240150381518,21.1,42,0,0,0,0,0,0
269,H29682,2,297.9,308.0,188.49555921538757,24.8,44,0,0,0,0,0,0
270,L47449,0,298.0,308.0,159.59290680236148,37.0,49,0,0,0,0,0,0
271,H29684,2,298.0,308.0,159.17402778188284,39.6,51,0,0,0,0,0,0
272,M15131,1,298.1,308.1,152.053084433746,40.8,56,0,0,0,0,0,0
273,L47452,0,298.1,308.1,155.4041165975751,40.4,59,0,0,0,0,0,0
274,L47453,0,298.1,308.0,149.33037080063482,46.0,61,0,0,0,0,0,0
275,L47454,0,298.1,308.0,172.99703545767795,28.5,63,0,0,0,0,0,0
276,L47455,0,298.0,308.0,146.71237692264333,54.7,65,0,0,0,0,0,0
277,M15136,1,298.0,307.9,183.25957145940458,26.6,67,0,0,0,0,0,0
278,H29691,2,298.0,308.0,154.8805178219768,50.7,70,0,0,0,0,0,0
279,M15138,1,298.0,308.0,169.64600329384882,29.4,75,0,0,0,0,0,0
280,L47459,0,298.0,308.1,190.4852345626611,23.4,78,0,0,0,0,0,0
281,M15140,1,298.1,308.1,152.47196345422464,43.7,80,0,0,0,0,0,0
282,L47461,0,298.1,308.0,170.27432182456678,36.5,83,0,0,0,0,0,0
283,M15142,1,298.1,308.1,145.56045961632708,49.8,85,0,0,0,0,0,0
284,L47463,0,298.2,308.2,153.83332027078018,43.0,88,0,0,0,0,0,0
285,L47464,0,298.2,308.3,214.7802177504222,19.2,90,0,0,0,0,0,0
286,L47465,0,298.2,308.3,164.2005760276265,36.0,92,0,0,0,0,0,0
287,L47466,0,298.2,308.3,166.3996908851394,33.2,94,0,0,0,0,0,0
288,L47467,0,298.2,308.3,189.0191579909859,31.6,96,0,0,0,0,0,0
289,H29702,2,298.2,308.4,145.0368608407288,42.2,98,0,0,0,0,0,0
290,L47469,0,298.1,308.4,150.37756835183143,46.7,103,0,0,0,0,0,0
291,L47470,0,298.1,308.4,150.58700786207075,45.6,105,0,0,0,0,0,0
292,L47471,0,298.0,308.3,154.25219929125885,42.6,107,0,0,0,0,0,0
293,L47472,0,298.1,308.4,139.8008730847458,40.2,109,0,0,0,0,0,0
294,H29707,2,298.1,308.5,145.7698991265664,44.8,111,0,0,0,0,0,0
295,M15154,1,298.1,308.5,143.67550402417322,51.1,116,0,0,0,0,0,0
296,M15155,1,298.1,308.6,179.6990997853362,30.7,119,0,0,0,0,0,0
297,L47476,0,298.0,308.5,146.08405839192537,46.2,122,0,0,0,0,0,0
298,L47477,0,298.0,308.5,179.3849405199772,25.3,124,0,0,0,0,0,0
299,H29712,2,297.9,308.5,222.94835864975565,18.7,126,0,0,0,0,0,0
300,M15159,1,297.8,308.3,164.09585627250686,35.6,131,0,0,0,0,0,0
301,L47480,0,297.8,308.4,169.85544280408814,38.3,134,0,0,0,0,0,0
302,L47481,0,297.7,308.4,182.212373908208,27.1,136,0,0,0,0,0,0
303,H29716,2,297.8,308.4,158.3362697409256,35.1,138,0,0,0,0,0,0
304,M15163,1,297.8,308.4,154.8805178219768,43.5,143,0,0,0,0,0,0
305,L47484,0,297.8,308.4,181.898214642849,27.5,146,0,0,0,0,0,0
306,L47485,0,297.8,308.4,222.94835864975565,19.2,148,0,0,0,0,0,0
307,L47486,0,297.8,308.4,143.8849435344125,47.1,150,0,0,0,0,0,0
308,M15167,1,297.8,308.4,165.35249333394276,36.6,152,0,0,0,0,0,0
309,L47488,0,297.9,308.5,136.659280431156,47.2,155,0,0,0,0,0,0
310,M15169,1,297.9,308.5,151.73892516838703,40.8,157,0,0,0,0,0,0
311,H29724,2,298.0,308.6,159.80234631260083,41.8,160,0,0,0,0,0,0
312,M15171,1,298.0,308.6,152.15780418886564,44.1,165,0,0,0,0,0,0
313,L47492,0,297.9,308.6,153.72860051566056,36.0,168,0,0,0,0,0,0
314,L47493,0,298.0,308.6,137.49703847211327,50.8,170,0,0,0,0,0,0
315,M15174,1,297.9,308.5,136.1356816555577,53.0,172,0,0,0,0,0,0
316,L47495,0,297.9,308.4,172.36871692696,40.6,175,0,0,0,0,0,0
317,L47496,0,297.8,308.4,179.48966027509684,33.2,177,0,0,0,0,0,0
318,L47497,0,297.8,308.4,176.4527873766267,28.4,179,0,0,0,0,0,0
319,L47498,0,297.8,308.4,158.3362697409256,39.9,181,0,0,0,0,0,0
320,L47499,0,297.8,308.4,168.80824525289154,32.1,183,0,0,0,0,0,0
321,H29734,2,297.8,308.4,162.31562043547265,38.2,185,0,0,0,0,0,0
322,L47501,0,297.8,308.4,158.96458827164355,32.5,190,0,0,0,0,0,0
323,L47502,0,297.8,308.5,151.63420541326735,40.0,192,0,0,0,0,0,0
324,L47503,0,297.8,308.5,163.4675377417889,46.3,194,0,0,0,0,0,0
325,M15184,1,297.8,308.5,155.8229956180537,41.9,196,0,0,0,0,0,0
326,L47505,0,297.8,308.5,177.91886394830195,27.8,199,0,0,0,0,0,0
327,L47506,0,297.7,308.5,157.1843524346093,41.4,201,0,0,0,0,0,0
328,L47507,0,297.7,308.5,143.78022377929287,56.7,203,1,0,0,0,1,0
329,H29742,2,297.6,308.4,178.3377429687806,31.4,205,0,0,0,0,0,0
330,H29743,2,297.7,308.5,180.1179788058148,29.9,210,0,0,0,0,0,0
331,M15190,1,297.6,308.4,146.39821765728436,41.9,215,0,0,0,0,0,0
332,M15191,1,297.6,308.4,145.66517937144675,51.9,218,0,0,0,0,0,0
333,M15192,1,297.6,308.3,161.05898337403673,40.2,0,0,0,0,0,0,0
334,L47513,0,297.5,308.2,172.47343668207964,31.3,3,0,0,0,0,0,0
335,M15194,1,297.5,308.1,153.83332027078018,44.8,5,0,0,0,0,0,0
336,L47515,0,297.4,308.1,183.15485170428494,25.9,8,0,0,0,0,0,0
337,M15196,1,297.6,308.2,208.91591146372124,20.5,10,0,0,0,0,0,0
338,L47517,0,297.6,308.3,182.4218134184473,27.7,13,0,0,0,0,0,0
339,L47518,0,297.5,308.2,163.67697725202822,38.2,15,0,0,0,0,0,0
340,M15199,1,297.5,308.2,179.3849405199772,32.2,17,0,0,0,0,0,0
341,L47520,0,297.4,308.1,154.35691904637852,39.4,20,0,0,0,0,0,0
342,M15201,1,297.4,308.2,160.22122533307945,32.6,22,0,0,0,0,0,0
343,L47522,0,297.4,308.2,154.04275978101953,46.5,25,0,0,0,0,0,0
344,L47523,0,297.5,308.3,145.35102010608776,48.6,27,0,0,0,0,0,0
345,M15204,1,297.5,308.2,256.35396053292715,13.8,29,0,0,0,0,0,0
346,L47525,0,297.5,308.3,165.98081186466072,32.9,32,0,0,0,0,0,0
347,M15206,1,297.5,308.3,152.7861227195836,45.2,34,0,0,0,0,0,0
348,L47527,0,297.5,308.3,161.6873019047547,40.8,37,0,0,0,0,0,0
349,L47528,0,297.6,308.3,169.33184402848985,31.7,39,0,0,0,0,0,0
350,L47529,0,297.6,308.3,167.02800941585735,34.3,41,0,0,0,0,0,0
351,H29764,2,297.6,308.3,146.60765716752366,44.3,43,0,0,0,0,0,0
352,M15211,1,297.6,308.4,168.7035254977719,31.0,48,0,0,0,0,0,0
353,M15212,1,297.6,308.4,157.8126709653273,46.0,51,0,0,0,0,0,0
354,H29767,2,297.5,308.3,175.30087007031045,30.0,54,0,0,0,0,0,0
355,L47534,0,297.6,308.3,173.62535398839591,34.3,59,0,0,0,0,0,0
356,L47535,0,297.6,308.3,169.9601625592078,36.9,61,0,0,0,0,0,0
357,M15216,1,297.6,308.4,146.39821765728436,48.9,63,0,0,0,0,0,0
358,L47537,0,297.6,308.4,158.85986851652387,34.2,66,0,0,0,0,0,0
359,M15218,1,297.6,308.3,153.62388076054089,36.7,68,0,0,0,0,0,0
360,M15219,1,297.6,308.3,164.09585627250686,34.6,71,0,0,0,0,0,0
361,M15220,1,297.5,308.3,159.2787475370025,38.2,74,0,0,0,0,0,0
362,L47541,0,297.5,308.3,167.13272917097697,36.8,77,0,0,0,0,0,0
363,H29776,2,297.6,308.3,171.74039839624203,30.9,79,0,0,0,0,0,0
364,L47543,0,297.6,308.3,150.58700786207075,47.8,84,0,0,0,0,0,0
365,L47544,0,297.6,308.4,147.3406954533613,55.2,86,0,0,0,0,0,0
366,L47545,0,297.6,308.4,141.68582867689966,57.5,88,0,0,0,0,0,0
367,M15226,1,297.6,308.5,162.52505994571194,40.9,90,0,0,0,0,0,0
368,M15227,1,297.6,308.4,164.30529578274619,38.3,93,0,0,0,0,0,0
369,L47548,0,297.5,308.4,155.92771537317338,39.5,96,0,0,0,0,0,0
370,H29783,2,297.5,308.4,166.19025137490004,36.1,98,0,0,0,0,0,0
371,M15230,1,297.5,308.3,169.85544280408814,37.2,103,0,0,0,0,0,0
372,L47551,0,297.5,308.4,167.97048721193426,38.1,106,0,0,0,0,0,0
373,M15232,1,297.4,308.3,147.131255943122,51.7,108,0,0,0,0,0,0
374,L47553,0,297.4,308.3,147.86429422895958,42.0,111,0,0,0,0,0,0
375,L47554,0,297.4,308.3,149.8539695762331,43.0,113,0,0,0,0,0,0
376,L47555,0,297.4,308.2,160.5353845984384,37.4,115,0,0,0,0,0,0
377,M15236,1,297.4,308.2,146.71237692264333,51.9,117,0,0,0,0,0,0
378,M15237,1,297.4,308.2,149.12093129039553,53.9,120,0,0,0,0,0,0
379,L47558,0,297.3,308.2,183.67845047988325,29.4,123,0,0,0,0,0,0
380,L47559,0,297.3,308.2,183.67845047988325,26.8,125,0,0,0,0,0,0
381,L47560,0,297.5,308.3,268.50145212680764,12.8,127,1,0,0,1,0,0
382,L47561,0,297.5,308.5,161.89674141499398,40.4,129,0,0,0,0,0,0
383,L47562,0,297.5,308.5,139.8008730847458,48.0,131,0,0,0,0,0,0
384,M15243,1,297.5,308.6,192.8937889304133,27.0,133,0,0,0,0,0,0
385,L47564,0,297.5,308.5,179.28022076485752,26.8,136,0,0,0,0,0,0
386,M15245,1,297.6,308.6,148.0737337391989,45.4,138,0,0,0,0,0,0
387,L47566,0,297.6,308.7,138.12535700283124,50.9,141,0,0,0,0,0,0
388,L47567,0,297.7,308.7,130.79497414445507,60.4,143,0,0,0,0,0,0
389,L47568,0,297.6,308.7,152.36724369910496,48.2,145,0,0,0,0,0,0
390,M15249,1,297.6,308.7,147.44541520848094,54.8,147,0,0,0,0,0,0
391,L47570,0,297.6,308.7,152.89084247470328,46.7,150,0,0,0,0,0,0
392,L47571,0,297.6,308.6,156.1371548834127,38.1,152,0,0,0,0,0,0
393,M15252,1,297.6,308.5,156.03243512829306,43.4,154,0,0,0,0,0,0
394,M15253,1,297.5,308.4,141.3716694115407,52.2,157,0,0,0,0,0,0
395,L47574,0,297.5,308.4,160.01178582284012,39.9,160,0,0,0,0,0,0
396,L47575,0,297.4,308.3,164.51473529298548,37.7,162,0,0,0,0,0,0
397,L47576,0,297.4,308.3,156.03243512829306,42.6,164,0,0,0,0,0,0
398,M15257,1,297.4,308.3,185.77284558227643,28.9,166,0,0,0,0,0,0
399,H29812,2,297.4,308.3,157.28907218972896,43.6,169,0,0,0,0,0,0
400,L47579,0,297.4,308.4,145.7698991265664,49.7,174,0,0,0,0,0,0
401,L47580,0,297.4,308.5,219.9114857512855,16.9,176,0,0,0,0,0,0
402,L47581,0,297.5,308.5,180.32741831605412,30.4,178,0,0,0,0,0,0
403,L47582,0,297.4,308.6,175.7197490907891,32.3,180,0,0,0,0,0,0
404,L47583,0,297.3,308.6,133.3082482673269,59.8,182,0,0,0,0,0,0
405,L47584,0,297.3,308.6,135.82152239019874,45.9,184,0,0,0,0,0,0
406,L47585,0,297.3,308.5,141.3716694115407,57.6,186,0,0,0,0,0,0
407,L47586,0,297.4,308.6,150.6917276171904,51.9,188,0,0,0,0,0,0
408,M15267,1,297.4,308.5,167.55160819145564,42.1,190,0,0,0,0,0,0
409,M15268,1,297.4,308.6,150.1681288415921,44.4,193,0,0,0,0,0,0
410,L47589,0,297.4,308.6,152.7861227195836,41.3,196,0,0,0,0,0,0
411,M15270,1,297.5,308.6,154.14747953613917,44.9,198,0,0,0,0,0,0
412,L47591,0,297.5,308.7,149.64453006599382,44.3,201,0,0,0,0,0,0
413,L47592,0,297.5,308.6,145.35102010608776,48.2,203,0,0,0,0,0,0
414,L47593,0,297.4,308.4,164.72417480322483,34.5,205,0,0,0,0,0,0
415,L47594,0,297.4,308.4,166.29497113001972,32.5,207,0,0,0,0,0,0
416,L47595,0,297.5,308.4,158.2315499858059,42.8,209,0,0,0,0,0,0
417,L47596,0,297.4,308.5,156.55603390389135,37.8,211,0,0,0,0,0,0
418,L47597,0,297.4,308.4,145.97933863680572,50.1,213,0,0,0,0,0,0
419,L47598,0,297.4,308.4,225.25219326238818,17.7,0,0,0,0,0,0,0
420,M15279,1,297.3,308.3,157.1843524346093,38.2,2,0,0,0,0,0,0
421,M15280,1,297.3,308.3,136.24040141067735,39.6,5,0,0,0,0,0,0
422,M15281,1,297.3,308.3,173.52063423327624,31.1,8,0,0,0,0,0,0
423,L47602,0,297.3,308.3,139.59143357450648,55.2,11,0,0,0,0,0,0
424,L47603,0,297.3,308.3,155.4041165975751,43.9,13,0,0,0,0,0,0
425,L47604,0,297.3,308.4,149.7492498211135,45.7,15,0,0,0,0,0,0
426,M15285,1,297.3,308.4,174.35839227423352,28.9,17,0,0,0,0,0,0
427,L47606,0,297.4,308.5,157.1843524346093,44.9,20,0,0,0,0,0,0
428,M15287,1,297.5,308.5,156.66075365901102,42.2,22,0,0,0,0,0,0
429,M15288,1,297.6,308.6,167.02800941585735,36.9,25,0,0,0,0,0,0
430,L47609,0,297.5,308.6,126.501464184549,62.3,28,0,0,0,0,0,0
431,L47610,0,297.5,308.6,167.13272917097697,37.1,30,0,0,0,0,0,0
432,L47611,0,297.5,308.5,151.42476590302803,41.9,32,0,0,0,0,0,0
433,M15292,1,297.6,308.5,153.5191610054212,39.7,34,0,0,0,0,0,0
434,M15293,1,297.6,308.5,193.52210746113127,23.7,37,0,0,0,0,0,0
435,M15294,1,297.5,308.5,155.4041165975751,44.7,40,0,0,0,0,0,0
436,L47615,0,297.4,308.3,156.34659439365205,41.2,43,0,0,0,0,0,0
437,L47616,0,297.3,308.3,157.4985116999683,36.3,45,0,0,0,0,0,0
438,L47617,0,297.3,308.3,161.05898337403673,38.5,47,0,0,0,0,0,0
439,L47618,0,297.4,308.4,140.42919161546376,52.2,49,0,0,0,0,0,0
440,M15299,1,297.4,308.3,160.74482410867773,34.6,51,0,0,0,0,0,0
441,L47620,0,297.4,308.5,145.4557398612074,39.2,54,0,0,0,0,0,0
442,H29855,2,297.5,308.5,145.87461888168605,46.6,56,0,0,0,0,0,0
443,L47622,0,297.4,308.5,146.50293741240404,61.5,61,1,0,0,1,0,0
444,H29857,2,297.4,308.5,153.83332027078018,45.1,63,0,0,0,0,0,0
445,L47624,0,297.4,308.4,165.66665259930176,37.2,68,0,0,0,0,0,0
446,L47625,0,297.5,308.6,187.76252092954996,26.7,70,0,0,0,0,0,0
447,L47626,0,297.5,308.6,152.053084433746,39.0,72,0,0,0,0,0,0
448,M15307,1,297.6,308.7,144.09438304465183,59.9,74,0,0,0,0,0,0
449,L47628,0,297.5,308.6,162.52505994571194,44.9,77,0,0,0,0,0,0
450,L47629,0,297.6,308.7,169.85544280408814,37.9,79,0,0,0,0,0,0
451,M15310,1,297.6,308.7,148.59733251479722,41.7,81,0,0,0,0,0,0
452,H29865,2,297.5,308.6,150.79644737231007,46.1,84,0,0,0,0,0,0
453,M15312,1,297.4,308.6,172.054557661601,31.0,89,0,0,0,0,0,0
454,L47633,0,297.4,308.7,158.12683023068624,36.2,92,0,0,0,0,0,0
455,L47634,0,297.4,308.7,153.72860051566056,46.6,94,0,0,0,0,0,0
456,L47635,0,297.4,308.7,149.64453006599382,57.4,96,0,0,0,0,0,0
457,H29870,2,297.3,308.7,154.77579806685713,47.6,98,0,0,0,0,0,0
458,L47637,0,297.4,308.6,133.62240753268586,53.6,103,0,0,0,0,0,0
459,L47638,0,297.3,308.6,155.61355610781442,42.6,105,0,0,0,0,0,0
460,L47639,0,297.4,308.6,154.5663585566178,42.3,107,0,0,0,0,0,0
461,H29874,2,297.3,308.6,149.8539695762331,42.0,109,0,0,0,0,0,0
462,L47641,0,297.4,308.7,146.817096677763,40.2,114,0,0,0,0,0,0
463,L47642,0,297.4,308.7,150.06340908647243,43.4,116,0,0,0,0,0,0
464,L47643,0,297.4,308.7,300.9645762139022,4.2,118,1,0,0,1,0,0
465,L47644,0,297.3,308.6,158.2315499858059,35.7,120,0,0,0,0,0,0
466,M15325,1,297.3,308.6,152.47196345422464,42.9,122,0,0,0,0,0,0
467,L47646,0,297.2,308.5,162.31562043547265,41.5,125,0,0,0,0,0,0
468,L47647,0,297.2,308.5,228.4985056710976,16.5,127,0,0,0,0,0,0
469,L47648,0,297.3,308.7,169.54128353872918,31.6,129,0,0,0,0,0,0
470,M15329,1,297.3,308.8,166.0855316197804,32.7,131,0,0,0,0,0,0
471,H29884,2,297.3,308.8,156.97491292437,44.2,134,0,0,0,0,0,0
472,H29885,2,297.3,308.8,148.59733251479722,42.4,139,0,0,0,0,0,0
473,M15332,1,297.4,309.0,156.76547341413067,41.8,144,0,0,0,0,0,0
474,M15333,1,297.4,309.0,159.17402778188284,37.0,147,0,0,0,0,0,0
475,L47654,0,297.4,309.1,154.77579806685713,49.8,150,0,0,0,0,0,0
476,L47655,0,297.4,309.1,144.5132620651305,41.1,152,0,0,0,0,0,0
477,L47656,0,297.4,309.0,164.41001553786586,37.9,154,0,0,0,0,0,0
478,H29891,2,297.4,309.0,153.72860051566056,41.4,156,0,0,0,0,0,0
479,L47658,0,297.4,309.0,191.95131113433635,22.6,161,0,0,0,0,0,0
480,M15339,1,297.4,308.9,138.54423602330985,57.3,163,0,0,0,0,0,0
481,L47660,0,297.4,309.0,165.77137235442143,32.0,166,0,0,0,0,0,0
482,M15341,1,297.3,309.0,162.94393896619061,39.5,168,0,0,0,0,0,0
483,L47662,0,297.3,309.0,162.10618092523333,37.4,171,0,0,0,0,0,0
484,L47663,0,297.4,309.0,138.64895577842952,56.9,173,0,0,0,0,0,0
485,L47664,0,297.4,309.0,164.2005760276265,33.7,175,0,0,0,0,0,0
486,M15345,1,297.4,309.0,176.4527873766267,30.7,177,0,0,0,0,0,0
487,M15346,1,297.4,309.1,165.66665259930176,35.9,180,0,0,0,0,0,0
488,M15347,1,297.4,309.1,153.20500174006224,35.0,183,0,0,0,0,0,0
489,L47668,0,297.4,309.2,165.87609210954108,42.8,186,0,0,0,0,0,0
490,M15349,1,297.5,309.2,141.05751014618173,55.8,188,0,0,0,0,0,0
491,L47670,0,297.4,309.2,152.7861227195836,37.9,191,0,0,0,0,0,0
492,L47671,0,297.4,309.2,148.70205226991686,45.6,193,0,0,0,0,0,0
493,L47672,0,297.5,309.3,147.02653618800232,43.5,195,0,0,0,0,0,0
494,L47673,0,297.5,309.3,153.93804002589985,38.8,197,0,0,0,0,0,0
495,L47674,0,297.6,309.4,138.85839528866885,49.8,199,0,0,0,0,0,0
496,H29909,2,297.5,309.3,152.7861227195836,49.7,201,0,0,0,0,0,0
497,M15356,1,297.5,309.2,160.22122533307945,40.0,206,0,0,0,0,0,0
498,L47677,0,297.4,309.0,157.60323145508795,39.2,209,0,0,0,0,0,0
499,L47678,0,297.5,309.1,168.7035254977719,30.2,211,0,0,0,0,0,0
500,L47679,0,297.5,309.1,158.65042900628455,35.1,213,0,0,0,0,0,0
501,M15360,1,297.5,309.2,188.91443823586624,27.4,215,0,0,0,0,0,0
502,M15361,1,297.6,309.3,153.3097214951819,46.2,218,0,0,0,0,0,0
503,L47682,0,297.6,309.2,145.56045961632708,43.3,221,0,0,0,0,0,0
504,M15363,1,297.6,309.2,151.0058868825494,48.1,0,0,0,0,0,0,0
505,M15364,1,297.6,309.3,160.1165055779598,41.9,3,0,0,0,0,0,0
506,L47685,0,297.6,309.3,168.59880574265222,35.0,6,0,0,0,0,0,0
507,L47686,0,297.6,309.3,161.58258214963502,34.3,8,0,0,0,0,0,0
508,H29921,2,297.8,309.4,151.32004614790836,48.2,10,0,0,0,0,0,0
509,L47688,0,297.7,309.3,198.23449644151594,24.6,15,0,0,0,0,0,0
510,M15369,1,297.6,309.3,148.17845349431857,41.3,17,0,0,0,0,0,0
511,L47690,0,297.5,309.3,163.7816970071479,37.5,20,0,0,0,0,0,0
512,L47691,0,297.5,309.3,154.8805178219768,39.4,22,0,0,0,0,0,0
513,L47692,0,297.5,309.2,149.33037080063482,44.8,24,0,0,0,0,0,0
514,L47693,0,297.4,309.2,149.53981031087415,38.8,26,0,0,0,0,0,0
515,L47694,0,297.4,309.2,169.64600329384882,33.2,28,0,0,0,0,0,0
516,L47695,0,297.5,309.2,179.5943800302165,28.0,30,0,0,0,0,0,0
517,L47696,0,297.5,309.3,181.37461586725072,29.9,32,0,0,0,0,0,0
518,M15377,1,297.5,309.4,145.66517937144675,58.2,34,0,0,0,0,0,0
519,L47698,0,297.6,309.5,201.4808088502254,20.6,37,0,0,0,0,0,0
520,M15379,1,297.7,309.5,212.26694362755038,19.8,39,0,0,0,0,0,0
521,L47700,0,297.6,309.5,169.33184402848985,36.2,42,0,0,0,0,0,0
522,L47701,0,297.5,309.4,156.76547341413067,35.8,44,0,0,0,0,0,0
523,M15382,1,297.5,309.5,151.63420541326735,43.7,46,0,0,0,0,0,0
524,L47703,0,297.4,309.4,146.71237692264333,45.9,49,0,0,0,0,0,0
525,L47704,0,297.4,309.4,169.64600329384882,35.4,51,0,0,0,0,0,0
526,L47705,0,297.4,309.4,153.5191610054212,45.5,53,0,0,0,0,0,0
527,L47706,0,297.6,309.5,143.78022377929287,50.6,55,0,0,0,0,0,0
528,M15387,1,297.6,309.6,166.71385015049836,35.8,57,0,0,0,0,0,0
529,M15388,1,297.5,309.5,162.62977970083162,42.4,60,0,0,0,0,0,0
530,L47709,0,297.6,309.5,164.30529578274619,36.2,63,0,0,0,0,0,0
531,M15390,1,297.6,309.5,178.96606149949855,32.2,65,0,0,0,0,0,0
532,L47711,0,297.6,309.5,162.21090068035298,34.9,68,0,0,0,0,0,0
533,L47712,0,297.5,309.4,151.11060663766906,45.4,70,0,0,0,0,0,0
534,L47713,0,297.5,309.3,175.40558982543013,29.8,72,0,0,0,0,0,0
535,L47714,0,297.5,309.3,169.9601625592078,33.4,74,0,0,0,0,0,0
536,H29949,2,297.4,309.3,142.94246573833559,52.4,76,0,0,0,0,0,0
537,L47716,0,297.4,309.3,184.20204925548154,24.8,81,0,0,0,0,0,0
538,H29951,2,297.4,309.3,158.7551487614042,43.0,83,0,0,0,0,0,0
539,M15398,1,297.4,309.3,156.97491292437,36.8,88,0,0,0,0,0,0
540,M15399,1,297.4,309.3,185.87756533739608,25.8,91,0,0,0,0,0,0
541,L47720,0,297.4,309.4,154.25219929125885,45.5,94,0,0,0,0,0,0
542,L47721,0,297.4,309.4,135.71680263507906,52.3,96,0,0,0,0,0,0
543,L47722,0,297.5,309.4,188.80971848074657,24.7,98,0,0,0,0,0,0
544,H29957,2,297.5,309.3,163.67697725202822,36.1,100,0,0,0,0,0,0
545,M15404,1,297.5,309.4,191.74187162409703,26.6,105,0,0,0,0,0,0
546,L47725,0,297.6,309.4,205.04128052429382,22.1,108,0,0,0,0,0,0
547,L47726,0,297.5,309.4,189.43803701146453,24.3,110,0,0,0,0,0,0
548,M15407,1,297.5,309.4,155.19467708733578,39.3,112,0,0,0,0,0,0
549,L47728,0,297.4,309.3,139.4867138193868,53.2,115,0,0,0,0,0,0
550,L47729,0,297.4,309.2,150.4822881069511,40.4,117,0,0,0,0,0,0
551,L47730,0,297.4,309.2,177.81414419318227,29.4,119,0,0,0,0,0,0
552,L47731,0,297.4,309.2,133.41296802244653,54.3,121,0,0,0,0,0,0
553,M15412,1,297.4,309.3,169.85544280408814,35.0,123,0,0,0,0,0,0
554,M15413,1,297.4,309.3,163.7816970071479,36.0,126,0,0,0,0,0,0
555,H29968,2,297.5,309.4,143.25662500369455,45.3,129,0,0,0,0,0,0
556,M15415,1,297.4,309.4,161.16370312915637,42.2,134,0,0,0,0,0,0
557,L47736,0,297.5,309.4,142.1047076973783,50.1,137,0,0,0,0,0,0
558,M15417,1,297.5,309.4,150.06340908647243,48.3,139,0,0,0,0,0,0
559,L47738,0,297.5,309.4,172.78759594743863,34.6,142,0,0,0,0,0,0
560,L47739,0,297.5,309.4,157.39379194484863,40.6,144,0,0,0,0,0,0
561,L47740,0,297.5,309.4,138.02063724771156,58.2,146,0,0,0,0,0,0
562,M15421,1,297.5,309.4,175.7197490907891,34.4,148,0,0,0,0,0,0
563,L47742,0,297.6,309.5,164.82889455834447,30.9,151,0,0,0,0,0,0
564,L47743,0,297.7,309.6,160.1165055779598,35.2,153,0,0,0,0,0,0
565,H29978,2,297.6,309.6,174.77727129471216,32.1,155,0,0,0,0,0,0
566,H29979,2,297.7,309.7,164.41001553786586,35.8,160,0,0,0,0,0,0
567,M15426,1,297.6,309.7,161.3731426393957,33.7,165,0,0,0,0,0,0
568,M15427,1,297.7,309.7,175.92918860102841,30.2,168,0,0,0,0,0,0
569,L47748,0,297.8,309.7,202.63272615654165,22.1,171,0,0,0,0,0,0
570,M15429,1,297.7,309.6,167.13272917097697,35.2,173,0,0,0,0,0,0
571,L47750,0,297.7,309.7,156.87019316925034,41.0,176,0,0,0,0,0,0
572,M15431,1,297.8,309.8,175.51030958054977,29.0,178,0,0,0,0,0,0
573,L47752,0,297.8,309.9,141.47638916666034,49.0,181,0,0,0,0,0,0
574,L47753,0,297.9,309.9,154.14747953613917,45.0,183,0,0,0,0,0,0
575,M15434,1,297.9,310.0,150.6917276171904,41.7,185,0,0,0,0,0,0
576,M15435,1,297.9,309.9,147.6548547187203,55.4,188,0,0,0,0,0,0
577,H29990,2,297.7,309.7,150.79644737231007,51.1,191,0,0,0,0,0,0
578,L47757,0,297.7,309.7,166.60913039537868,37.7,196,0,0,0,0,0,0
579,L47758,0,297.8,309.8,160.5353845984384,36.8,198,0,0,0,0,0,0
580,M15439,1,297.8,309.7,178.0235837034216,31.3,200,0,0,0,0,0,0
581,M15440,1,297.8,309.8,188.28611970514828,25.5,203,0,0,0,0,0,0
582,L47761,0,297.8,309.7,145.97933863680572,42.9,206,0,0,0,0,0,0
583,L47762,0,297.8,309.7,140.42919161546376,49.2,208,0,0,0,0,0,0
584,H29997,2,297.7,309.6,177.70942443806265,32.2,210,0,0,0,0,0,0
585,H29998,2,297.6,309.6,148.59733251479722,48.2,215,0,0,0,0,0,0
586,L47765,0,297.6,309.5,209.5442299944392,20.5,220,0,0,0,0,0,0
587,L47766,0,297.6,309.6,157.1843524346093,49.8,222,1,0,0,0,1,0
588,H30001,2,297.6,309.5,169.9601625592078,33.1,224,0,0,0,0,0,0
589,L47768,0,297.6,309.4,170.4837613348061,33.4,229,0,0,0,0,0,0
590,L47769,0,297.6,309.4,156.1371548834127,40.2,231,0,0,0,0,0,0
591,L47770,0,297.5,309.4,158.85986851652387,36.7,233,0,0,0,0,0,0
592,H30005,2,297.5,309.3,159.69762655748116,41.7,235,0,0,0,0,0,0
593,H30006,2,297.5,309.5,174.6725515395925,27.9,240,0,0,0,0,0,0
594,L47773,0,297.5,309.6,137.3923187169936,50.7,0,0,0,0,0,0,0
595,H30008,2,297.6,309.6,133.83184704292518,50.4,2,0,0,0,0,0,0
596,M15455,1,297.6,309.6,139.2772743091475,53.1,7,0,0,0,0,0,0
597,M15456,1,297.6,309.6,160.22122533307945,37.3,10,0,0,0,0,0,0
598,H30011,2,297.6,309.6,149.53981031087415,46.6,13,0,0,0,0,0,0
599,L47778,0,297.7,309.6,154.98523757709646,47.9,18,0,0,0,0,0,0
600,H30013,2,297.7,309.7,169.22712427337018,31.1,20,0,0,0,0,0,0
601,L47780,0,297.8,309.7,162.00146117011366,37.3,25,0,0,0,0,0,0
602,L47781,0,297.9,309.7,229.75514273253353,16.8,27,0,0,0,0,0,0
603,L47782,0,297.9,309.8,209.43951023931953,21.3,29,0,0,0,0,0,0
604,L47783,0,297.9,309.8,139.90559283986545,71.6,31,1,0,0,1,0,0
605,L47784,0,297.9,309.9,161.47786239451537,33.8,33,0,0,0,0,0,0
606,M15465,1,297.9,309.8,177.29054541758398,29.9,35,0,0,0,0,0,0
607,L47786,0,297.9,309.8,152.99556222982292,50.5,38,0,0,0,0,0,0
608,M15467,1,298.0,309.9,163.88641676226752,33.9,40,0,0,0,0,0,0
609,L47788,0,298.0,309.9,146.92181643288265,47.7,43,0,0,0,0,0,0
610,L47789,0,298.1,309.9,170.58848108992575,32.5,45,0,0,0,0,0,0
611,L47790,0,298.1,310.0,160.6401043535581,33.7,47,0,0,0,0,0,0
612,L47791,0,298.1,310.0,162.62977970083162,40.9,49,0,0,0,0,0,0
613,L47792,0,298.1,309.9,163.67697725202822,32.8,51,0,0,0,0,0,0
614,L47793,0,298.1,309.9,171.11207986552404,30.0,53,0,0,0,0,0,0
615,M15474,1,298.0,309.9,151.32004614790836,45.2,55,0,0,0,0,0,0
616,L47795,0,298.1,309.9,171.94983790648132,30.4,58,0,0,0,0,0,0
617,H30030,2,298.1,309.9,176.55750713174638,29.1,60,0,0,0,0,0,0
618,M15477,1,298.1,310.0,145.87461888168605,43.1,65,0,0,0,0,0,0
619,H30032,2,298.2,310.0,150.06340908647243,44.2,68,0,0,0,0,0,0
620,L47799,0,298.3,310.0,157.8126709653273,44.7,73,0,0,0,0,0,0
621,M15480,1,298.3,310.1,145.4557398612074,49.6,75,0,0,0,0,0,0
622,L47801,0,298.3,310.1,147.44541520848094,45.3,78,0,0,0,0,0,0
623,M15482,1,298.4,310.2,180.6415775814131,32.0,80,0,0,0,0,0,0
624,L47803,0,298.4,310.1,201.6902483604647,23.7,83,0,0,0,0,0,0
625,H30038,2,298.3,310.1,158.0221104755666,37.6,85,0,0,0,0,0,0
626,L47805,0,298.3,310.1,161.79202165987437,36.3,90,0,0,0,0,0,0
627,L47806,0,298.4,310.1,160.5353845984384,35.2,92,0,0,0,0,0,0
628,L47807,0,298.4,310.1,152.36724369910496,42.2,94,0,0,0,0,0,0
629,M15488,1,298.4,310.1,139.8008730847458,57.8,96,0,0,0,0,0,0
630,L47809,0,298.3,310.1,159.48818704724184,45.9,99,0,0,0,0,0,0
631,L47810,0,298.3,310.0,152.89084247470328,47.6,101,0,0,0,0,0,0
632,L47811,0,298.4,310.0,162.73449945595127,37.3,103,0,0,0,0,0,0
633,H30046,2,298.3,310.0,148.59733251479722,47.1,105,0,0,0,0,0,0
634,L47813,0,298.3,310.0,151.0058868825494,43.9,110,0,0,0,0,0,0
635,L47814,0,298.3,309.9,157.8126709653273,41.6,112,0,0,0,0,0,0
636,L47815,0,298.3,310.0,194.56930501232785,23.9,114,0,0,0,0,0,0
637,L47816,0,298.3,309.9,153.20500174006224,43.9,116,0,0,0,0,0,0
638,L47817,0,298.2,309.7,165.98081186466072,37.4,118,0,0,0,0,0,0
639,L47818,0,298.0,309.6,160.8495438637974,37.3,120,0,0,0,0,0,0
640,L47819,0,298.0,309.6,146.92181643288265,51.3,122,0,0,0,0,0,0
641,M15500,1,297.9,309.6,158.65042900628455,38.8,124,0,0,0,0,0,0
642,L47821,0,297.9,309.5,145.56045961632708,47.9,127,0,0,0,0,0,0
643,M15502,1,297.8,309.4,128.38641977670287,58.7,129,0,0,0,0,0,0
644,M15503,1,297.8,309.4,156.55603390389135,36.5,132,0,0,0,0,0,0
645,H30058,2,297.7,309.4,168.38936623241293,30.2,135,0,0,0,0,0,0
646,L47825,0,297.7,309.4,145.7698991265664,44.1,140,0,0,0,0,0,0
647,M15506,1,297.7,309.4,152.99556222982292,43.7,142,0,0,0,0,0,0
648,L47827,0,297.7,309.3,163.25809823154958,36.9,145,0,0,0,0,0,0
649,H30062,2,297.7,309.3,146.60765716752366,48.9,147,0,0,0,0,0,0
650,M15509,1,297.7,309.2,181.37461586725072,28.8,152,0,0,0,0,0,0
651,L47830,0,297.6,309.2,168.7035254977719,33.1,155,0,0,0,0,0,0
652,L47831,0,297.6,309.1,157.39379194484863,38.9,157,0,0,0,0,0,0
653,L47832,0,297.7,309.2,145.66517937144675,44.5,159,0,0,0,0,0,0
654,L47833,0,297.8,309.3,211.01030656611442,20.1,161,0,0,0,0,0,0
655,L47834,0,297.8,309.2,176.2433478663874,30.9,163,0,0,0,0,0,0
656,L47835,0,297.7,309.1,150.27284859671178,38.8,165,0,0,0,0,0,0
657,M15516,1,297.7,309.1,181.37461586725072,28.1,167,0,0,0,0,0,0
658,L47837,0,297.7,309.2,142.94246573833559,58.6,170,0,0,0,0,0,0
659,L47838,0,297.7,309.1,163.57225749690858,36.8,172,0,0,0,0,0,0
660,L47839,0,297.6,309.1,151.73892516838703,49.1,174,0,0,0,0,0,0
661,M15520,1,297.7,309.2,178.0235837034216,27.4,176,0,0,0,0,0,0
662,M15521,1,297.6,309.0,149.4350905557545,45.6,179,0,0,0,0,0,0
663,M15522,1,297.6,308.9,154.8805178219768,38.1,182,0,0,0,0,0,0
664,L47843,0,297.5,308.9,153.83332027078018,44.0,185,0,0,0,0,0,0
665,L47844,0,297.5,308.9,145.56045961632708,47.4,187,0,0,0,0,0,0
666,L47845,0,297.5,308.9,181.06045660189176,28.1,189,0,0,0,0,0,0
667,L47846,0,297.5,309.0,153.93804002589985,43.5,191,0,0,0,0,0,0
668,L47847,0,297.5,308.9,152.7861227195836,48.5,193,0,0,0,0,0,0
669,L47848,0,297.5,308.9,182.0029343979687,24.0,195,0,0,0,0,0,0
670,H30083,2,297.5,308.9,154.04275978101953,37.7,197,0,0,0,0,0,0
671,L47850,0,297.6,309.0,190.7993938280201,25.4,202,0,0,0,0,0,0
672,L47851,0,297.5,308.9,162.73449945595127,34.8,204,0,0,0,0,0,0
673,M15532,1,297.6,308.9,150.06340908647243,43.2,206,0,0,0,0,0,0
674,L47853,0,297.6,308.9,151.73892516838703,47.7,209,0,0,0,0,0,0
675,L47854,0,297.8,309.0,152.47196345422464,41.2,0,0,0,0,0,0,0
676,M15535,1,297.8,309.1,149.12093129039553,45.5,2,0,0,0,0,0,0
677,H30090,2,297.9,309.2,165.14305382370344,34.7,5,0,0,0,0,0,0
678,L47857,0,297.9,309.2,154.77579806685713,39.7,10,0,0,0,0,0,0
679,M15538,1,297.8,309.2,135.6120828799594,61.2,12,0,0,0,0,0,0
680,L47859,0,297.8,309.2,143.67550402417322,47.3,15,0,0,0,0,0,0
681,M15540,1,297.8,309.1,149.9586893313528,42.6,17,0,0,0,0,0,0
682,M15541,1,297.7,309.0,173.41591447815657,33.2,20,0,0,0,0,0,0
683,H30096,2,297.8,309.0,147.6548547187203,48.8,23,0,0,0,0,0,0
684,L47863,0,297.7,309.0,196.2448210942424,24.4,28,0,0,0,0,0,0
685,L47864,0,297.7,309.0,161.05898337403673,43.2,30,0,0,0,0,0,0
686,M15545,1,297.7,309.0,171.3215193757634,29.7,32,0,0,0,0,0,0
687,M15546,1,297.7,309.0,157.4985116999683,40.4,35,0,0,0,0,0,0
688,M15547,1,297.7,309.0,160.32594508819912,42.4,38,0,0,0,0,0,0
689,H30102,2,297.6,309.0,181.68877513260972,26.4,41,0,0,0,0,0,0
690,H30103,2,297.6,309.0,141.79054843201934,55.6,46,0,0,0,0,0,0
691,H30104,2,297.6,309.0,147.96901398407925,40.2,51,0,0,0,0,0,0
692,L47871,0,297.7,309.1,163.67697725202822,39.3,56,0,0,0,0,0,0
693,L47872,0,297.7,309.1,154.8805178219768,42.1,58,0,0,0,0,0,0
694,L47873,0,297.7,309.1,154.67107831173746,38.3,60,0,0,0,0,0,0
695,L47874,0,297.6,309.1,145.97933863680572,50.0,62,0,0,0,0,0,0
696,L47875,0,297.6,309.0,155.7182758629341,45.4,64,0,0,0,0,0,0
697,M15556,1,297.6,309.0,190.0663555421825,25.3,66,0,0,0,0,0,0
698,M15557,1,297.6,308.8,152.15780418886564,39.7,69,0,0,0,0,0,0
699,L47878,0,297.6,308.8,161.16370312915637,40.2,72,0,0,0,0,0,0
700,H30113,2,297.5,308.7,148.28317324943825,39.2,74,0,0,0,0,0,0
701,M15560,1,297.6,308.8,176.2433478663874,31.6,79,0,0,0,0,0,0
702,L47881,0,297.7,308.8,158.65042900628455,40.1,82,0,0,0,0,0,0
703,M15562,1,297.7,308.9,160.32594508819912,48.3,84,0,0,0,0,0,0
704,H30117,2,297.7,308.9,154.8805178219768,40.9,87,0,0,0,0,0,0
705,L47884,0,297.7,308.9,158.7551487614042,33.7,92,0,0,0,0,0,0
706,L47885,0,297.7,309.0,157.8126709653273,38.2,94,0,0,0,0,0,0
707,M15566,1,297.8,309.0,150.1681288415921,43.3,96,0,0,0,0,0,0
708,L47887,0,297.7,308.9,192.47490990993464,27.3,99,0,0,0,0,0,0
709,M15568,1,297.6,308.8,148.28317324943825,45.9,101,0,0,0,0,0,0
710,M15569,1,297.6,308.8,142.1047076973783,49.7,104,0,0,0,0,0,0
711,M15570,1,297.5,308.7,177.70942443806265,28.1,107,0,0,0,0,0,0
712,L47891,0,297.5,308.7,151.11060663766906,46.2,110,0,0,0,0,0,0
713,L47892,0,297.5,308.7,152.15780418886564,37.6,112,0,0,0,0,0,0
714,L47893,0,297.4,308.6,150.6917276171904,46.4,114,0,0,0,0,0,0
715,L47894,0,297.4,308.6,168.49408598753254,36.2,116,0,0,0,0,0,0
716,L47895,0,297.4,308.6,138.64895577842952,59.1,118,0,0,0,0,0,0
717,H30130,2,297.4,308.6,148.70205226991686,45.8,120,0,0,0,0,0,0
718,L47897,0,297.4,308.7,161.79202165987437,36.9,125,0,0,0,0,0,0
719,L47898,0,297.5,308.8,154.67107831173746,39.0,127,0,0,0,0,0,0
720,L47899,0,297.4,308.8,151.52948565814768,58.1,129,0,0,0,0,0,0
721,L47900,0,297.4,308.9,189.43803701146453,23.8,131,0,0,0,0,0,0
722,L47901,0,297.5,308.9,177.60470468294298,30.9,133,0,0,0,0,0,0
723,L47902,0,297.5,308.9,149.4350905557545,44.7,135,0,0,0,0,0,0
724,M15583,1,297.4,308.9,157.07963267948966,46.3,137,0,0,0,0,0,0
725,L47904,0,297.5,308.9,145.56045961632708,44.6,140,0,0,0,0,0,0
726,L47905,0,297.4,308.8,171.74039839624203,34.2,142,0,0,0,0,0,0
727,M15586,1,297.4,308.8,170.4837613348061,37.4,144,0,0,0,0,0,0
728,H30141,2,297.3,308.6,156.97491292437,37.6,147,0,0,0,0,0,0
729,M15588,1,297.4,308.7,149.22565104551515,50.3,152,0,0,0,0,0,0
730,L47909,0,297.3,308.6,166.0855316197804,37.7,155,0,0,0,0,0,0
731,M15590,1,297.3,308.6,154.04275978101953,50.7,157,0,0,0,0,0,0
732,M15591,1,297.3,308.6,149.8539695762331,53.0,160,0,0,0,0,0,0
733,L47912,0,297.2,308.6,201.4808088502254,22.1,163,0,0,0,0,0,0
734,M15593,1,297.1,308.4,148.80677202503654,42.0,165,0,0,0,0,0,0
735,H30148,2,297.0,308.4,136.659280431156,54.6,168,0,0,0,0,0,0
736,L47915,0,296.9,308.4,163.04865872131026,32.4,173,0,0,0,0,0,0
737,L47916,0,296.9,308.3,162.83921921107094,38.2,175,0,0,0,0,0,0
738,H30151,2,296.9,308.3,154.35691904637852,39.2,177,0,0,0,0,0,0
739,L47918,0,296.8,308.3,157.70795121020763,45.9,182,0,0,0,0,0,0
740,L47919,0,296.9,308.4,145.56045961632708,41.8,184,0,0,0,0,0,0
741,M15600,1,296.9,308.4,151.84364492350664,46.9,186,0,0,0,0,0,0
742,L47921,0,296.9,308.3,158.44098949604523,38.8,189,0,0,0,0,0,0
743,L47922,0,296.8,308.2,172.054557661601,34.7,191,0,0,0,0,0,0
744,L47923,0,296.8,308.2,142.52358671785697,53.8,193,0,0,0,0,0,0
745,L47924,0,296.7,308.1,151.84364492350664,40.9,195,0,0,0,0,0,0
746,L47925,0,296.7,308.0,151.94836467862632,50.7,197,0,0,0,0,0,0
747,L47926,0,296.8,308.1,134.98376434924143,62.0,199,1,0,0,0,1,0
748,L47927,0,296.8,308.1,141.99998794225863,48.3,201,0,0,0,0,0,0
749,H30162,2,296.7,308.1,160.01178582284012,46.3,203,0,0,0,0,0,0
750,L47929,0,296.6,308.0,207.135675626687,22.3,208,0,0,0,0,0,0
751,L47930,0,296.7,308.0,160.74482410867773,36.8,210,0,0,0,0,0,0
752,M15611,1,296.8,308.1,192.99850868553295,24.2,212,0,0,0,0,0,0
753,L47932,0,296.9,308.1,148.91149178015618,48.7,215,0,0,0,0,0,0
754,L47933,0,296.8,308.0,160.8495438637974,40.4,217,0,0,0,0,0,0
755,M15614,1,296.9,308.1,155.29939684245542,44.3,219,0,0,0,0,0,0
756,H30169,2,296.8,308.1,156.24187463853238,43.7,222,0,0,0,0,0,0
757,L47936,0,296.8,308.0,165.87609210954108,40.4,227,0,0,0,0,0,0
758,L47937,0,296.9,308.1,162.83921921107094,33.7,229,0,0,0,0,0,0
759,L47938,0,296.8,308.0,156.76547341413067,41.7,231,0,0,0,0,0,0
760,M15619,1,296.7,307.8,160.95426361891708,36.3,233,0,0,0,0,0,0
761,L47940,0,296.7,307.8,157.60323145508795,39.4,236,0,0,0,0,0,0
762,L47941,0,296.7,307.8,172.36871692696,34.6,238,0,0,0,0,0,0
763,M15622,1,296.7,307.8,134.66960508388246,60.5,0,0,0,0,0,0,0
764,L47943,0,296.7,307.8,146.60765716752366,47.5,3,0,0,0,0,0,0
765,L47944,0,296.8,307.9,140.0103125949851,56.5,5,0,0,0,0,0,0
766,L47945,0,296.9,308.0,139.4867138193868,53.9,7,0,0,0,0,0,0
767,L47946,0,296.8,308.0,163.4675377417889,38.3,9,0,0,0,0,0,0
768,L47947,0,296.9,308.0,161.89674141499398,31.1,11,0,0,0,0,0,0
769,L47948,0,296.9,308.0,179.3849405199772,29.3,13,0,0,0,0,0,0
770,L47949,0,296.9,308.0,140.63863112570306,44.5,15,0,0,0,0,0,0
771,L47950,0,296.8,308.0,145.66517937144675,54.4,17,0,0,0,0,0,0
772,H30185,2,296.8,308.0,137.28759896187395,58.6,19,0,0,0,0,0,0
773,H30186,2,296.8,308.0,152.15780418886564,51.0,24,0,0,0,0,0,0
774,L47953,0,296.8,308.0,158.12683023068624,39.4,29,0,0,0,0,0,0
775,L47954,0,296.8,307.9,151.63420541326735,48.8,31,0,0,0,0,0,0
776,L47955,0,296.7,307.8,152.15780418886564,46.0,33,0,0,0,0,0,0
777,L47956,0,296.7,307.8,153.72860051566056,39.2,35,0,0,0,0,0,0
778,L47957,0,296.7,307.8,144.7227015753698,47.5,37,0,0,0,0,0,0
779,L47958,0,296.7,308.0,165.45721308906244,32.2,39,0,0,0,0,0,0
780,L47959,0,296.8,308.0,174.46311202935317,29.8,41,0,0,0,0,0,0
781,M15640,1,296.9,308.0,147.5501349636006,50.7,43,0,0,0,0,0,0
782,L47961,0,296.8,308.0,175.40558982543013,29.7,46,0,0,0,0,0,0
783,L47962,0,296.8,307.9,177.81414419318227,30.8,48,0,0,0,0,0,0
784,H30197,2,296.7,307.9,165.35249333394276,33.4,50,0,0,0,0,0,0
785,L47964,0,296.7,307.9,182.52653317356697,27.9,55,0,0,0,0,0,0
786,M15645,1,296.9,308.0,156.76547341413067,44.8,57,0,0,0,0,0,0
787,L47966,0,296.9,308.1,182.31709366332768,28.8,60,0,0,0,0,0,0
788,L47967,0,296.9,308.1,150.27284859671178,45.3,62,0,0,0,0,0,0
789,M15648,1,296.9,308.1,150.79644737231007,46.3,64,0,0,0,0,0,0
790,M15649,1,296.9,308.0,171.84511815136167,33.3,67,0,0,0,0,0,0
791,L47970,0,296.8,307.9,148.70205226991686,45.4,70,0,0,0,0,0,0
792,L47971,0,296.8,307.9,168.7035254977719,35.4,72,0,0,0,0,0,0
793,L47972,0,296.8,307.8,143.78022377929287,42.9,74,0,0,0,0,0,0
794,M15653,1,296.8,307.9,176.2433478663874,31.8,76,0,0,0,0,0,0
795,H30208,2,296.9,307.9,162.00146117011366,32.6,79,0,0,0,0,0,0
796,L47975,0,296.9,307.8,168.07520696705393,37.0,84,0,0,0,0,0,0
797,M15656,1,296.9,307.9,210.48670779051614,18.9,86,0,0,0,0,0,0
798,L47977,0,296.8,307.7,163.88641676226752,40.1,89,0,0,0,0,0,0
799,M15658,1,296.9,307.8,191.42771235873806,24.6,91,0,0,0,0,0,0
800,M15659,1,297.0,307.8,165.35249333394276,34.1,94,0,0,0,0,0,0
801,M15660,1,297.0,307.9,197.08257913519967,24.2,97,0,0,0,0,0,0
802,L47981,0,296.9,307.8,134.56488532876278,52.1,100,0,0,0,0,0,0
803,L47982,0,296.9,307.8,164.51473529298548,35.0,102,0,0,0,0,0,0
804,H30217,2,296.9,307.8,162.21090068035298,37.8,104,0,0,0,0,0,0
805,M15664,1,296.9,307.8,161.6873019047547,37.6,109,0,0,0,0,0,0
806,M15665,1,297.0,307.9,147.86429422895958,47.4,112,0,0,0,0,0,0
807,M15666,1,297.0,307.9,148.91149178015618,53.0,115,0,0,0,0,0,0
808,L47987,0,297.0,307.7,195.5117828084048,22.8,118,0,0,0,0,0,0
809,L47988,0,296.9,307.7,149.12093129039553,43.3,120,0,0,0,0,0,0
810,L47989,0,296.9,307.6,152.053084433746,45.7,122,0,0,0,0,0,0
811,L47990,0,296.9,307.7,162.31562043547265,39.7,124,0,0,0,0,0,0
812,L47991,0,296.8,307.6,166.29497113001972,37.6,126,0,0,0,0,0,0
813,L47992,0,296.8,307.6,140.11503235010477,44.4,128,0,0,0,0,0,0
814,L47993,0,296.8,307.6,158.44098949604523,40.0,130,0,0,0,0,0,0
815,M15674,1,296.8,307.5,153.93804002589985,45.9,132,0,0,0,0,0,0
816,M15675,1,296.8,307.5,158.7551487614042,36.7,135,0,0,0,0,0,0
817,L47996,0,296.8,307.6,150.1681288415921,48.3,138,0,0,0,0,0,0
818,L47997,0,296.8,307.6,143.25662500369455,52.0,140,0,0,0,0,0,0
819,L47998,0,296.8,307.6,136.55456067603632,48.7,142,0,0,0,0,0,0
820,L47999,0,296.8,307.6,146.39821765728436,46.7,144,0,0,0,0,0,0
821,L48000,0,296.7,307.6,158.7551487614042,37.4,146,0,0,0,0,0,0
822,L48001,0,296.7,307.6,154.35691904637852,41.7,148,0,0,0,0,0,0
823,M15682,1,296.7,307.6,162.00146117011366,34.7,150,0,0,0,0,0,0
824,M15683,1,296.6,307.5,155.19467708733578,39.9,153,0,0,0,0,0,0
825,L48004,0,296.6,307.4,150.37756835183143,42.8,156,0,0,0,0,0,0
826,L48005,0,296.6,307.3,154.35691904637852,40.0,158,0,0,0,0,0,0
827,L48006,0,296.5,307.2,155.08995733221613,38.2,160,0,0,0,0,0,0
828,L48007,0,296.5,307.3,157.1843524346093,42.1,162,0,0,0,0,0,0
829,L48008,0,296.5,307.3,163.9911365173872,37.2,164,0,0,0,0,0,0
830,L48009,0,296.5,307.3,165.35249333394276,34.5,166,0,0,0,0,0,0
831,L48010,0,296.6,307.4,170.79792060016507,35.0,168,0,0,0,0,0,0
832,M15691,1,296.6,307.4,161.6873019047547,42.3,170,0,0,0,0,0,0
833,L48012,0,296.6,307.4,159.2787475370025,38.6,173,0,0,0,0,0,0
834,L48013,0,296.6,307.4,169.22712427337018,28.0,175,0,0,0,0,0,0
835,H30248,2,296.6,307.4,139.59143357450648,50.2,177,0,0,0,0,0,0
836,M15695,1,296.7,307.4,160.5353845984384,32.5,182,0,0,0,0,0,0
837,L48016,0,296.6,307.4,143.25662500369455,45.1,185,0,0,0,0,0,0
838,L48017,0,296.6,307.4,153.41444125030156,47.8,187,0,0,0,0,0,0
839,H30252,2,296.6,307.4,147.23597569824162,41.5,189,0,0,0,0,0,0
840,M15699,1,296.5,307.4,163.88641676226752,43.5,194,0,0,0,0,0,0
841,L48020,0,296.6,307.5,165.66665259930176,37.9,197,0,0,0,0,0,0
842,L48021,0,296.6,307.5,150.6917276171904,45.5,199,0,0,0,0,0,0
843,M15702,1,296.6,307.5,163.9911365173872,35.0,201,0,0,0,0,0,0
844,L48023,0,296.6,307.5,155.50883635269477,42.7,204,0,0,0,0,0,0
845,L48024,0,296.5,307.5,163.9911365173872,35.1,206,0,0,0,0,0,0
846,L48025,0,296.3,307.3,150.6917276171904,41.5,208,0,0,0,0,0,0
847,M15706,1,296.4,307.4,148.28317324943825,50.0,210,0,0,0,0,0,0
848,L48027,0,296.4,307.4,296.6710662539961,5.6,213,1,0,0,1,0,0
849,L48028,0,296.3,307.4,153.41444125030156,47.1,215,0,0,0,0,0,0
850,H30263,2,296.4,307.4,166.0855316197804,35.5,0,0,0,0,0,0,0
851,L48030,0,296.3,307.3,164.09585627250686,31.4,5,0,0,0,0,0,0
852,M15711,1,296.2,307.2,145.4557398612074,48.6,7,0,0,0,0,0,0
853,M15712,1,296.3,307.3,143.25662500369455,49.5,10,0,0,0,0,0,0
854,L48033,0,296.3,307.3,151.21532639278868,49.0,13,0,0,0,0,0,0
855,M15714,1,296.3,307.3,156.87019316925034,41.6,15,0,0,0,0,0,0
856,L48035,0,296.1,307.2,169.1224045182505,30.8,18,0,0,0,0,0,0
857,L48036,0,296.1,307.1,198.75809521711423,22.7,20,0,0,0,0,0,0
858,M15717,1,296.1,307.1,141.3716694115407,53.3,22,0,0,0,0,0,0
859,M15718,1,296.2,307.0,158.7551487614042,37.6,25,0,0,0,0,0,0
860,H30273,2,296.2,307.0,161.47786239451537,40.6,28,0,0,0,0,0,0
861,H30274,2,296.1,306.9,161.3731426393957,32.6,33,0,0,0,0,0,0
862,M15721,1,296.1,306.9,204.30824223845622,23.3,38,0,0,0,0,0,0
863,H30276,2,296.1,306.8,172.26399717184032,31.0,41,0,0,0,0,0,0
864,L48043,0,296.0,306.7,148.28317324943825,44.2,46,0,0,0,0,0,0
865,M15724,1,296.0,306.7,214.04717946458456,22.3,48,0,0,0,0,0,0
866,L48045,0,295.9,306.6,148.0737337391989,50.2,51,0,0,0,0,0,0
867,L48046,0,295.9,306.6,175.7197490907891,26.7,53,0,0,0,0,0,0
868,H30281,2,295.9,306.5,166.92328966073768,33.2,55,0,0,0,0,0,0
869,M15728,1,295.8,306.5,158.54570925116488,37.7,60,0,0,0,0,0,0
870,L48049,0,295.8,306.5,142.20942745249798,49.2,63,0,0,0,0,0,0
871,L48050,0,295.8,306.4,138.7536755335492,56.2,65,0,0,0,0,0,0
872,L48051,0,295.8,306.4,140.21975210522444,53.2,67,0,0,0,0,0,0
873,M15732,1,295.8,306.4,139.8008730847458,51.7,69,0,0,0,0,0,0
874,L48053,0,295.9,306.4,198.1297766863963,21.7,72,0,0,0,0,0,0
875,L48054,0,295.9,306.4,164.93361431346415,28.5,74,0,0,0,0,0,0
876,M15735,1,295.8,306.3,151.21532639278868,45.5,76,0,0,0,0,0,0
877,L48056,0,295.7,306.3,200.53833105414844,22.4,79,0,0,0,0,0,0
878,M15737,1,295.6,306.2,165.87609210954108,33.6,81,0,0,0,0,0,0
879,M15738,1,295.7,306.3,176.4527873766267,34.9,84,0,0,0,0,0,0
880,L48059,0,295.8,306.3,140.0103125949851,54.6,87,0,0,0,0,0,0
881,M15740,1,295.8,306.3,129.32889757277982,76.2,89,1,0,0,1,0,0
882,L48061,0,295.7,306.2,153.3097214951819,46.2,92,0,0,0,0,0,0
883,M15742,1,295.7,306.2,182.10765415308833,25.9,94,0,0,0,0,0,0
884,L48063,0,295.7,306.3,156.03243512829306,34.3,97,0,0,0,0,0,0
885,L48064,0,295.8,306.4,141.99998794225863,48.0,99,0,0,0,0,0,0
886,L48065,0,295.7,306.2,146.2934979021647,52.0,101,0,0,0,0,0,0
887,L48066,0,295.7,306.2,152.68140296446393,40.6,103,0,0,0,0,0,0
888,H30301,2,295.7,306.2,226.29939081358475,16.5,105,0,0,0,0,0,0
889,M15748,1,295.6,306.1,172.89231570255828,28.1,110,0,0,0,0,0,0
890,L48069,0,295.6,306.1,145.4557398612074,46.2,113,0,0,0,0,0,0
891,L48070,0,295.6,306.0,143.46606451393387,52.4,115,0,0,0,0,0,0
892,L48071,0,295.7,306.1,147.44541520848094,47.9,117,0,0,0,0,0,0
893,L48072,0,295.7,306.1,140.63863112570306,54.4,119,0,0,0,0,0,0
894,M15753,1,295.7,306.2,149.01621153527586,42.5,121,0,0,0,0,0,0
895,L48074,0,295.6,306.2,149.33037080063482,48.6,124,0,0,0,0,0,0
896,M15755,1,295.6,306.2,150.27284859671178,51.6,126,0,0,0,0,0,0
897,L48076,0,295.5,306.1,164.72417480322483,35.1,129,0,0,0,0,0,0
898,L48077,0,295.6,306.2,168.80824525289154,31.2,131,0,0,0,0,0,0
899,L48078,0,295.6,306.2,151.42476590302803,49.9,133,0,0,0,0,0,0
900,H30313,2,295.6,306.2,139.17255455402784,55.3,135,0,0,0,0,0,0
901,L48080,0,295.6,306.2,164.30529578274619,35.1,140,0,0,0,0,0,0
902,H30315,2,295.6,306.1,131.52801243029268,62.3,142,0,0,0,0,0,0
903,L48082,0,295.6,306.1,144.82742133048947,48.7,147,0,0,0,0,0,0
904,L48083,0,295.7,306.2,237.71384412162766,14.6,149,1,0,0,1,0,0
905,H30318,2,295.7,306.2,152.68140296446393,49.8,151,0,0,0,0,0,0
906,L48085,0,295.6,306.1,154.35691904637852,41.2,156,0,0,0,0,0,0
907,M15766,1,295.6,306.1,153.1002819849426,49.2,158,0,0,0,0,0,0
908,M15767,1,295.6,306.1,174.77727129471216,29.0,161,0,0,0,0,0,0
909,M15768,1,295.5,306.1,190.7993938280201,24.3,164,0,0,0,0,0,0
910,L48089,0,295.5,306.0,152.47196345422464,39.2,167,0,0,0,0,0,0
911,L48090,0,295.5,306.0,161.89674141499398,35.9,169,0,0,0,0,0,0
912,M15771,1,295.6,306.1,156.03243512829306,42.7,171,0,0,0,0,0,0
913,L48092,0,295.6,306.0,164.30529578274619,40.4,174,0,0,0,0,0,0
914,L48093,0,295.5,306.0,169.7507230489685,29.5,176,0,0,0,0,0,0
915,M15774,1,295.4,305.9,158.96458827164355,40.6,178,0,0,0,0,0,0
916,M15775,1,295.4,305.8,159.80234631260083,38.2,181,0,0,0,0,0,0
917,M15776,1,295.3,305.8,166.3996908851394,36.2,184,0,0,0,0,0,0
918,L48097,0,295.3,305.7,154.46163880149817,51.0,187,0,0,0,0,0,0
919,M15778,1,295.3,305.7,154.25219929125885,38.5,189,0,0,0,0,0,0
920,L48099,0,295.4,305.8,147.3406954533613,50.7,192,0,0,0,0,0,0
921,M15780,1,295.5,305.9,158.96458827164355,44.1,194,0,0,0,0,0,0
922,H30335,2,295.5,305.9,166.818569905618,37.2,197,0,0,0,0,0,0
923,M15782,1,295.5,305.9,144.5132620651305,52.4,202,0,0,0,0,0,0
924,M15783,1,295.5,306.0,149.01621153527586,45.3,205,0,0,0,0,0,0
925,L48104,0,295.5,306.0,188.49555921538757,27.6,208,0,0,0,0,0,0
926,H30339,2,295.6,306.1,169.9601625592078,30.9,210,0,0,0,0,0,0
927,L48106,0,295.6,306.1,143.67550402417322,55.6,215,1,0,0,0,1,0
928,H30341,2,295.6,306.0,146.18877814704504,52.4,0,0,0,0,0,0,0
929,L48108,0,295.6,306.0,204.0988027282169,21.9,5,0,0,0,0,0,0
930,L48109,0,295.6,306.0,148.59733251479722,51.1,7,0,0,0,0,0,0
931,M15790,1,295.5,305.9,152.15780418886564,47.3,9,0,0,0,0,0,0
932,L48111,0,295.5,305.9,161.47786239451537,36.2,12,0,0,0,0,0,0
933,L48112,0,295.6,306.0,142.73302622809626,50.0,14,0,0,0,0,0,0
934,L48113,0,295.5,306.0,167.23744892609665,37.2,16,0,0,0,0,0,0
935,M15794,1,295.5,306.0,138.85839528866885,50.8,18,0,0,0,0,0,0
936,M15795,1,295.5,306.0,171.84511815136167,36.6,21,0,0,0,0,0,0
937,M15796,1,295.6,306.1,148.49261275967757,46.2,24,0,0,0,0,0,0
938,L48117,0,295.6,306.2,132.26105071613028,61.8,27,0,0,0,0,0,0
939,L48118,0,295.6,306.2,190.90411358313978,25.8,29,0,0,0,0,0,0
940,L48119,0,295.5,306.1,155.8229956180537,40.7,31,0,0,0,0,0,0
941,L48120,0,295.6,306.2,151.11060663766906,48.9,33,0,0,0,0,0,0
942,L48121,0,295.6,306.2,172.78759594743863,28.2,35,0,0,0,0,0,0
943,M15802,1,295.7,306.3,153.1002819849426,44.3,37,0,0,0,0,0,0
944,M15803,1,295.6,306.2,154.67107831173746,45.0,40,0,0,0,0,0,0
945,M15804,1,295.7,306.3,179.28022076485752,28.5,43,0,0,0,0,0,0
946,M15805,1,295.7,306.3,141.05751014618173,50.4,46,0,0,0,0,0,0
947,L48126,0,295.6,306.2,134.77432483900213,54.8,49,0,0,0,0,0,0
948,L48127,0,295.6,306.2,149.53981031087415,44.5,51,0,0,0,0,0,0
949,M15808,1,295.6,306.3,149.33037080063482,45.5,53,0,0,0,0,0,0
950,L48129,0,295.6,306.3,171.3215193757634,32.7,56,0,0,0,0,0,0
951,L48130,0,295.6,306.2,149.12093129039553,42.5,58,0,0,0,0,0,0
952,H30365,2,295.6,306.3,158.0221104755666,35.8,60,0,0,0,0,0,0
953,L48132,0,295.5,306.2,151.63420541326735,48.9,65,0,0,0,0,0,0
954,L48133,0,295.5,306.1,172.78759594743863,32.8,67,0,0,0,0,0,0
955,H30368,2,295.6,306.2,148.0737337391989,42.5,69,0,0,0,0,0,0
956,L48135,0,295.6,306.3,200.11945203366983,20.9,74,0,0,0,0,0,0
957,H30370,2,295.6,306.2,170.90264035528475,32.2,76,0,0,0,0,0,0
958,M15817,1,295.7,306.4,145.24630035096808,40.1,81,0,0,0,0,0,0
959,L48138,0,295.8,306.4,146.50293741240404,47.6,84,0,0,0,0,0,0
960,L48139,0,295.8,306.5,157.60323145508795,35.2,86,0,0,0,0,0,0
961,L48140,0,295.8,306.5,160.6401043535581,37.9,88,0,0,0,0,0,0
962,L48141,0,295.8,306.5,156.34659439365205,40.5,90,0,0,0,0,0,0
963,M15822,1,295.8,306.6,154.98523757709646,43.2,92,0,0,0,0,0,0
964,L48143,0,295.8,306.6,169.7507230489685,31.6,95,0,0,0,0,0,0
965,L48144,0,295.7,306.5,181.898214642849,26.2,97,0,0,0,0,0,0
966,L48145,0,295.8,306.6,157.91739072044692,46.5,99,0,0,0,0,0,0
967,M15826,1,295.8,306.5,171.84511815136167,32.2,101,0,0,0,0,0,0
968,M15827,1,295.9,306.6,160.43066484331877,38.6,104,0,0,0,0,0,0
969,L48148,0,295.9,306.7,162.00146117011366,40.9,107,0,0,0,0,0,0
970,L48149,0,295.9,306.6,147.86429422895958,41.0,109,0,0,0,0,0,0
971,L48150,0,295.8,306.5,164.2005760276265,35.1,111,0,0,0,0,0,0
972,L48151,0,295.9,306.6,163.04865872131026,41.1,113,0,0,0,0,0,0
973,L48152,0,295.8,306.6,172.15927741672067,35.2,115,0,0,0,0,0,0
974,L48153,0,295.9,306.6,175.82446884590874,30.4,117,0,0,0,0,0,0
975,L48154,0,296.0,306.6,158.2315499858059,35.2,119,0,0,0,0,0,0
976,M15835,1,296.0,306.6,170.4837613348061,36.8,121,0,0,0,0,0,0
977,M15836,1,296.0,306.6,145.7698991265664,51.3,124,0,0,0,0,0,0
978,L48157,0,296.0,306.7,200.7477705643878,21.0,127,0,0,0,0,0,0
979,M15838,1,296.2,306.8,159.80234631260083,42.3,129,0,0,0,0,0,0
980,L48159,0,296.2,306.8,145.4557398612074,53.3,132,0,0,0,0,0,0
981,L48160,0,296.1,306.7,147.5501349636006,42.8,134,0,0,0,0,0,0
982,L48161,0,296.2,306.8,173.31119472303692,31.1,136,0,0,0,0,0,0
983,L48162,0,296.2,306.9,158.7551487614042,39.1,138,0,0,0,0,0,0
984,L48163,0,296.2,306.9,159.80234631260083,34.9,140,0,0,0,0,0,0
985,L48164,0,296.3,307.1,148.59733251479722,48.6,142,0,0,0,0,0,0
986,L48165,0,296.4,307.2,183.0501319491653,25.3,144,0,0,0,0,0,0
987,H30400,2,296.4,307.1,171.5309588860027,32.5,146,0,0,0,0,0,0
988,M15847,1,296.3,307.1,160.6401043535581,33.8,151,0,0,0,0,0,0
989,H30402,2,296.3,307.1,185.77284558227643,25.9,154,0,0,0,0,0,0
990,M15849,1,296.2,307.0,221.90116109855904,18.3,159,0,0,0,0,0,0
991,L48170,0,296.2,307.0,148.0737337391989,48.3,162,0,0,0,0,0,0
992,M15851,1,296.1,307.0,159.48818704724184,42.0,164,0,0,0,0,0,0
993,L48172,0,296.1,307.1,172.89231570255828,35.7,167,0,0,0,0,0,0
994,M15853,1,296.1,307.1,155.50883635269477,36.0,169,0,0,0,0,0,0
995,M15854,1,296.2,307.2,122.31267397976261,63.4,172,0,0,0,0,0,0
996,L48175,0,296.3,307.3,163.9911365173872,35.8,175,0,0,0,0,0,0
997,M15856,1,296.3,307.2,134.66960508388246,51.1,177,0,0,0,0,0,0
998,M15857,1,296.3,307.2,151.42476590302803,45.9,180,0,0,0,0,0,0
999,M15858,1,296.4,307.2,216.8746128528154,19.4,183,0,0,0,0,0,0
1000,L48179,0,296.3,307.1,163.36281798666923,33.2,186,0,0,0,0,0,0
1001,L48180,0,296.3,307.1,173.20647496791725,29.6,188,0,0,0,0,0,0
1002,L48181,0,296.3,307.1,174.04423300887453,32.9,190,0,0,0,0,0,0
1003,L48182,0,296.3,307.2,172.36871692696,35.0,192,0,0,0,0,0,0
1004,L48183,0,296.2,307.1,151.21532639278868,46.7,194,0,0,0,0,0,0
1005,H30418,2,296.3,307.2,149.12093129039553,42.0,196,0,0,0,0,0,0
1006,L48185,0,296.2,307.2,144.7227015753698,52.0,201,0,0,0,0,0,0
1007,L48186,0,296.2,307.1,147.96901398407925,53.4,203,0,0,0,0,0,0
1008,M15867,1,296.2,307.2,171.00736011040442,31.1,0,0,0,0,0,0,0
1009,L48188,0,296.2,307.1,150.90116712742974,41.7,3,0,0,0,0,0,0
1010,M15869,1,296.2,307.2,145.0368608407288,44.0,5,0,0,0,0,0,0
1011,M15870,1,296.2,307.2,162.52505994571194,34.8,8,0,0,0,0,0,0
1012,M15871,1,296.2,307.3,151.94836467862632,42.8,11,0,0,0,0,0,0
1013,M15872,1,296.1,307.1,150.06340908647243,38.5,14,0,0,0,0,0,0
1014,M15873,1,296.1,307.2,169.54128353872918,29.7,17,0,0,0,0,0,0
1015,L48194,0,296.2,307.2,151.32004614790836,41.8,20,0,0,0,0,0,0
1016,L48195,0,296.2,307.2,141.99998794225863,43.6,22,0,0,0,0,0,0
1017,M15876,1,296.3,307.2,138.12535700283124,68.3,24,1,0,0,1,0,0
1018,L48197,0,296.3,307.2,171.42623913088303,31.6,27,0,0,0,0,0,0
1019,L48198,0,296.3,307.2,135.19320385948078,58.6,29,0,0,0,0,0,0
1020,L48199,0,296.3,307.3,146.39821765728436,52.7,31,0,0,0,0,0,0
1021,L48200,0,296.3,307.3,143.67550402417322,57.7,33,0,0,0,0,0,0
1022,M15881,1,296.3,307.2,152.26252394398531,42.5,35,0,0,0,0,0,0
1023,L48202,0,296.2,307.2,158.65042900628455,36.5,38,0,0,0,0,0,0
1024,L48203,0,296.2,307.3,196.97785938008005,24.3,40,0,0,0,0,0,0
1025,L48204,0,296.2,307.3,179.17550100973784,29.9,42,0,0,0,0,0,0
1026,L48205,0,296.2,307.3,154.46163880149817,37.0,44,0,0,0,0,0,0
1027,L48206,0,296.4,307.4,158.3362697409256,36.8,46,0,0,0,0,0,0
1028,M15887,1,296.3,307.4,139.8008730847458,50.5,48,0,0,0,0,0,0
1029,L48208,0,296.3,307.4,154.14747953613917,39.9,51,0,0,0,0,0,0
1030,M15889,1,296.2,307.3,154.67107831173746,35.2,53,0,0,0,0,0,0
1031,L48210,0,296.3,307.4,184.30676901060122,28.4,56,0,0,0,0,0,0
1032,L48211,0,296.4,307.5,162.21090068035298,36.1,58,0,0,0,0,0,0
1033,L48212,0,296.3,307.4,172.57815643719928,34.0,60,0,0,0,0,0,0
1034,H30447,2,296.4,307.5,162.94393896619061,38.0,62,0,0,0,0,0,0
1035,M15894,1,296.3,307.4,205.04128052429382,19.1,67,0,0,0,0,0,0
1036,L48215,0,296.4,307.4,146.92181643288265,48.4,70,0,0,0,0,0,0
1037,M15896,1,296.4,307.5,176.34806762150706,31.4,72,0,0,0,0,0,0
1038,H30451,2,296.4,307.5,167.13272917097697,35.1,75,0,0,0,0,0,0
1039,L48218,0,296.6,307.6,156.87019316925034,41.1,80,0,0,0,0,0,0
1040,L48219,0,296.7,307.7,159.59290680236148,36.8,82,0,0,0,0,0,0
1041,L48220,0,296.7,307.7,157.28907218972896,43.9,84,0,0,0,0,0,0
1042,L48221,0,296.6,307.6,189.43803701146453,25.1,86,0,0,0,0,0,0
1043,L48222,0,296.6,307.6,161.47786239451537,37.4,88,0,0,0,0,0,0
1044,L48223,0,296.5,307.6,149.8539695762331,45.2,90,0,0,0,0,0,0
1045,L48224,0,296.5,307.6,158.3362697409256,43.6,92,0,0,0,0,0,0
1046,H30459,2,296.4,307.5,146.92181643288265,52.8,94,0,0,0,0,0,0
1047,L48226,0,296.4,307.5,139.38199406426713,47.8,99,0,0,0,0,0,0
1048,M15907,1,296.6,307.7,154.35691904637852,52.6,101,0,0,0,0,0,0
1049,L48228,0,296.5,307.6,168.28464647729325,33.5,104,0,0,0,0,0,0
1050,L48229,0,296.5,307.6,148.17845349431857,44.2,106,0,0,0,0,0,0
1051,L48230,0,296.6,307.6,174.98671080495149,28.8,108,0,0,0,0,0,0
1052,L48231,0,296.6,307.7,162.94393896619061,37.7,110,0,0,0,0,0,0
1053,L48232,0,296.7,307.7,201.79496811558437,23.9,112,0,0,0,0,0,0
1054,M15913,1,296.7,307.7,167.23744892609665,32.1,114,0,0,0,0,0,0
1055,H30468,2,296.8,307.8,170.37904157968646,30.5,117,0,0,0,0,0,0
1056,L48235,0,296.8,307.8,154.98523757709646,39.4,122,0,0,0,0,0,0
1057,L48236,0,296.8,307.8,163.88641676226752,39.5,124,0,0,0,0,0,0
1058,L48237,0,296.8,307.8,164.72417480322483,36.4,126,0,0,0,0,0,0
1059,L48238,0,296.7,307.8,168.07520696705393,31.3,128,0,0,0,0,0,0
1060,M15919,1,296.7,307.9,196.2448210942424,21.3,130,0,0,0,0,0,0
1061,H30474,2,296.7,307.9,149.12093129039553,53.8,133,0,0,0,0,0,0
1062,L48241,0,296.7,307.9,148.70205226991686,50.1,138,0,0,0,0,0,0
1063,L48242,0,296.8,307.9,143.67550402417322,49.0,140,0,0,0,0,0,0
1064,M15923,1,296.8,307.8,174.25367251911388,32.8,142,0,0,0,0,0,0
1065,M15924,1,296.8,307.9,147.5501349636006,44.3,145,0,0,0,0,0,0
1066,L48245,0,296.8,307.9,179.90853929557548,25.2,148,0,0,0,0,0,0
1067,M15926,1,296.9,307.8,161.6873019047547,40.3,150,0,0,0,0,0,0
1068,L48247,0,296.9,307.8,153.5191610054212,45.7,153,0,0,0,0,0,0
1069,L48248,0,296.8,307.8,145.97933863680572,47.7,155,0,0,0,0,0,0
1070,M15929,1,296.9,307.8,192.684349420174,24.6,157,0,0,0,0,0,0
1071,M15930,1,296.9,307.8,154.67107831173746,37.2,160,0,0,0,0,0,0
1072,L48251,0,296.9,307.8,149.22565104551515,49.1,163,0,0,0,0,0,0
1073,M15932,1,297.0,307.9,148.0737337391989,46.2,165,0,0,0,0,0,0
1074,L48253,0,297.0,307.8,148.0737337391989,47.5,168,0,0,0,0,0,0
1075,L48254,0,297.0,307.9,167.02800941585735,31.7,170,0,0,0,0,0,0
1076,H30489,2,296.9,307.8,140.84807063594238,54.5,172,0,0,0,0,0,0
1077,L48256,0,296.9,307.7,173.10175521279757,35.9,177,0,0,0,0,0,0
1078,L48257,0,296.8,307.6,162.00146117011366,36.5,179,0,0,0,0,0,0
1079,H30492,2,296.9,307.7,173.41591447815657,30.8,181,0,0,0,0,0,0
1080,L48259,0,297.0,307.7,181.26989611213105,28.5,186,0,0,0,0,0,0
1081,L48260,0,297.0,307.8,185.77284558227643,28.0,188,0,0,0,0,0,0
1082,L48261,0,297.0,307.8,159.2787475370025,40.2,190,0,0,0,0,0,0
1083,H30496,2,297.1,307.9,148.70205226991686,39.8,192,0,0,0,0,0,0
1084,L48263,0,297.0,307.8,176.2433478663874,32.3,197,0,0,0,0,0,0
1085,M15944,1,297.0,307.7,156.87019316925034,47.1,199,0,0,0,0,0,0
1086,L48265,0,297.0,307.8,145.0368608407288,56.4,202,1,0,0,0,1,0
1087,L48266,0,297.0,307.9,152.36724369910496,49.0,204,0,0,0,0,0,0
1088,H30501,2,296.9,307.8,162.21090068035298,35.8,206,1,1,0,0,0,0
1089,M15948,1,296.9,307.8,145.7698991265664,43.9,0,0,0,0,0,0,0
1090,M15949,1,296.9,307.7,210.27726828027684,17.5,3,0,0,0,0,0,0
1091,L48270,0,296.9,307.7,153.3097214951819,41.4,6,0,0,0,0,0,0
1092,L48271,0,297.0,307.7,151.52948565814768,46.4,8,0,0,0,0,0,0
1093,M15952,1,296.9,307.6,176.4527873766267,32.0,10,0,0,0,0,0,0
1094,M15953,1,296.8,307.5,151.11060663766906,39.2,13,0,0,0,0,0,0
1095,L48274,0,296.9,307.5,141.79054843201934,44.4,16,0,0,0,0,0,0
1096,L48275,0,296.9,307.5,284.94245368059427,9.3,18,1,0,0,1,0,0
1097,L48276,0,297.0,307.6,175.92918860102841,35.8,20,0,0,0,0,0,0
1098,H30511,2,296.9,307.5,146.2934979021647,48.3,22,0,0,0,0,0,0
1099,M15958,1,296.9,307.4,159.2787475370025,37.9,27,0,0,0,0,0,0
1100,M15959,1,296.8,307.4,154.14747953613917,43.9,30,0,0,0,0,0,0
1101,H30514,2,296.8,307.5,177.4999849278233,30.0,33,0,0,0,0,0,0
1102,H30515,2,296.7,307.5,168.28464647729325,33.6,38,0,0,0,0,0,0
1103,L48282,0,296.8,307.5,141.05751014618173,54.8,43,0,0,0,0,0,0
1104,M15963,1,296.7,307.4,161.26842288427605,38.7,45,0,0,0,0,0,0
1105,L48284,0,296.6,307.4,145.4557398612074,42.7,48,0,0,0,0,0,0
1106,M15965,1,296.6,307.5,181.58405537749005,27.0,50,0,0,0,0,0,0
1107,L48286,0,296.7,307.6,161.26842288427605,38.6,53,0,0,0,0,0,0
1108,M15967,1,296.7,307.5,158.65042900628455,42.1,55,0,0,0,0,0,0
1109,L48288,0,296.6,307.4,157.4985116999683,45.8,58,0,0,0,0,0,0
1110,L48289,0,296.6,307.5,163.04865872131026,35.1,60,0,0,0,0,0,0
1111,L48290,0,296.5,307.4,135.29792361460042,52.5,62,0,0,0,0,0,0
1112,H30525,2,296.5,307.4,149.9586893313528,49.2,64,0,0,0,0,0,0
1113,M15972,1,296.5,307.4,141.3716694115407,55.6,69,0,0,0,0,0,0
1114,M15973,1,296.6,307.4,187.448361664191,25.8,72,0,0,0,0,0,0
1115,H30528,2,296.4,307.3,161.26842288427605,37.4,75,0,0,0,0,0,0
1116,M15975,1,296.4,307.3,217.50293138353334,19.1,80,0,0,0,0,0,0
1117,L48296,0,296.4,307.3,155.7182758629341,37.5,83,0,0,0,0,0,0
1118,L48297,0,296.5,307.4,159.48818704724184,40.7,85,0,0,0,0,0,0
1119,L48298,0,296.5,307.5,151.11060663766906,41.8,87,0,0,0,0,0,0
1120,L48299,0,296.5,307.5,140.3244718603441,59.1,89,0,0,0,0,0,0
1121,H30534,2,296.6,307.7,173.20647496791725,31.0,91,0,0,0,0,0,0
1122,L48301,0,296.6,307.6,152.7861227195836,40.2,96,0,0,0,0,0,0
1123,L48302,0,296.5,307.6,161.3731426393957,38.5,98,0,0,0,0,0,0
1124,H30537,2,296.6,307.7,145.14158059584844,62.3,100,1,0,0,1,0,0
1125,M15984,1,296.7,307.8,131.737451940532,69.0,105,1,0,0,1,0,0
1126,M15985,1,296.7,307.8,143.98966328953216,51.4,108,0,0,0,0,0,0
1127,L48306,0,296.8,307.9,178.65190223413956,30.8,111,0,0,0,0,0,0
1128,M15987,1,296.7,307.8,175.09143056007116,32.4,113,0,0,0,0,0,0
1129,M15988,1,296.8,307.9,192.99850868553295,25.2,116,0,0,0,0,0,0
1130,L48309,0,296.7,307.9,176.97638615222502,29.6,119,0,0,0,0,0,0
1131,L48310,0,296.8,307.9,147.96901398407925,46.5,121,0,0,0,0,0,0
1132,L48311,0,296.8,307.9,155.92771537317338,33.4,123,0,0,0,0,0,0
1133,L48312,0,296.8,307.9,133.09880875708757,61.4,125,0,0,0,0,0,0
1134,M15993,1,296.8,307.9,148.49261275967757,47.9,127,0,0,0,0,0,0
1135,M15994,1,296.9,307.8,149.33037080063482,50.7,130,0,0,0,0,0,0
1136,L48315,0,296.9,307.9,160.74482410867773,39.2,133,0,0,0,0,0,0
1137,L48316,0,296.9,307.8,163.04865872131026,38.1,135,0,0,0,0,0,0
1138,L48317,0,296.9,307.8,173.10175521279757,29.7,137,0,0,0,0,0,0
1139,L48318,0,296.9,307.9,150.27284859671178,41.6,139,0,0,0,0,0,0
1140,M15999,1,297.0,307.9,164.30529578274619,33.3,141,0,0,0,0,0,0
1141,M16000,1,296.9,307.9,145.0368608407288,44.8,144,0,0,0,0,0,0
1142,L48321,0,297.0,307.9,171.2167996206437,31.6,147,0,0,0,0,0,0
1143,L48322,0,296.9,307.9,149.01621153527586,43.9,149,0,0,0,0,0,0
1144,L48323,0,297.0,307.9,154.8805178219768,39.2,151,0,0,0,0,0,0
1145,L48324,0,297.0,307.9,135.71680263507906,69.1,153,1,0,0,1,0,0
1146,L48325,0,297.0,307.8,162.62977970083162,33.3,155,0,0,0,0,0,0
1147,L48326,0,297.0,307.9,160.1165055779598,42.2,157,0,0,0,0,0,0
1148,M16007,1,297.1,308.0,176.97638615222502,25.6,159,0,0,0,0,0,0
1149,L48328,0,297.1,308.0,141.16222990130137,58.0,162,0,0,0,0,0,0
1150,L48329,0,297.2,308.1,151.42476590302803,38.5,164,0,0,0,0,0,0
1151,L48330,0,297.1,307.9,152.47196345422464,50.0,166,0,0,0,0,0,0
1152,L48331,0,297.0,307.9,141.3716694115407,47.7,168,0,0,0,0,0,0
1153,L48332,0,297.1,307.9,157.8126709653273,38.3,170,0,0,0,0,0,0
1154,H30567,2,297.0,307.9,151.63420541326735,45.6,172,0,0,0,0,0,0
1155,L48334,0,296.9,307.9,170.27432182456678,29.9,177,0,0,0,0,0,0
1156,H30569,2,297.0,307.9,193.31266795089192,27.3,179,0,0,0,0,0,0
1157,H30570,2,297.0,307.8,147.02653618800232,40.7,184,0,0,0,0,0,0
1158,L48337,0,297.0,307.8,165.77137235442143,37.2,189,0,0,0,0,0,0
1159,L48338,0,297.0,307.9,150.37756835183143,47.7,191,0,0,0,0,0,0
1160,L48339,0,297.0,307.8,168.49408598753254,35.6,193,0,0,0,0,0,0
1161,H30574,2,297.0,307.7,192.05603088945603,23.8,195,0,0,0,0,0,0
1162,L48341,0,297.0,307.8,137.81119773747227,61.2,200,1,0,0,0,1,0
1163,L48342,0,296.9,307.8,146.60765716752366,57.1,202,1,0,0,0,1,0
1164,L48343,0,296.9,307.9,143.1519052485749,47.1,204,0,0,0,0,0,0
1165,L48344,0,297.1,308.1,183.67845047988325,30.3,206,0,0,0,0,0,0
1166,L48345,0,297.1,308.1,155.7182758629341,34.6,208,0,0,0,0,0,0
1167,M16026,1,297.1,308.1,157.70795121020763,37.7,210,0,0,0,0,0,0
1168,L48347,0,297.0,308.1,142.6283064729766,52.5,213,1,0,0,0,1,0
1169,L48348,0,297.1,308.1,165.87609210954108,36.8,215,0,0,0,0,0,0
1170,L48349,0,297.0,308.1,141.89526818713898,43.7,217,0,0,0,0,0,0
1171,M16030,1,297.1,308.1,190.90411358313978,24.3,219,0,0,0,0,0,0
1172,H30585,2,297.0,308.1,158.85986851652387,41.4,222,0,0,0,0,0,0
1173,L48352,0,297.1,308.1,151.42476590302803,36.6,227,0,0,0,0,0,0
1174,H30587,2,297.1,308.0,163.25809823154958,38.8,229,0,0,0,0,0,0
1175,M16034,1,297.1,308.1,141.58110892178001,44.4,0,0,0,0,0,0,0
1176,M16035,1,297.2,308.3,165.24777357882311,37.8,3,0,0,0,0,0,0
1177,M16036,1,297.2,308.3,149.64453006599382,42.0,6,0,0,0,0,0,0
1178,M16037,1,297.2,308.3,167.97048721193426,39.4,9,0,0,0,0,0,0
1179,L48358,0,297.3,308.5,146.39821765728436,60.4,12,0,0,0,0,0,0
1180,L48359,0,297.3,308.4,150.90116712742974,43.4,14,0,0,0,0,0,0
1181,H30594,2,297.3,308.4,160.32594508819912,35.6,16,0,0,0,0,0,0
1182,L48361,0,297.2,308.3,144.40854231001083,52.1,21,0,0,0,0,0,0
1183,L48362,0,297.3,308.3,147.6548547187203,48.1,23,0,0,0,0,0,0
1184,L48363,0,297.3,308.4,158.44098949604523,40.5,25,0,0,0,0,0,0
1185,L48364,0,297.3,308.5,156.76547341413067,47.5,27,0,0,0,0,0,0
1186,L48365,0,297.3,308.4,156.1371548834127,46.5,29,0,0,0,0,0,0
1187,L48366,0,297.3,308.4,148.3878930045579,47.8,31,0,0,0,0,0,0
1188,M16047,1,297.4,308.6,159.38346729212216,38.0,33,0,0,0,0,0,0
1189,L48368,0,297.3,308.4,140.21975210522444,52.1,36,0,0,0,0,0,0
1190,M16049,1,297.2,308.3,187.8672406846696,27.5,38,0,0,0,0,0,0
1191,L48370,0,297.2,308.4,152.89084247470328,42.1,41,0,0,0,0,0,0
1192,M16051,1,297.2,308.3,185.98228509251575,28.0,43,0,0,0,0,0,0
1193,M16052,1,297.2,308.3,149.8539695762331,43.7,46,0,0,0,0,0,0
1194,L48373,0,297.1,308.2,141.05751014618173,50.8,49,0,0,0,0,0,0
1195,M16054,1,297.0,308.1,157.8126709653273,43.1,51,0,0,0,0,0,0
1196,M16055,1,297.0,308.0,147.44541520848094,47.9,54,0,0,0,0,0,0
1197,M16056,1,297.0,307.9,156.34659439365205,34.7,57,0,0,0,0,0,0
1198,M16057,1,296.9,307.9,150.90116712742974,47.6,60,0,0,0,0,0,0
1199,H30612,2,296.9,307.9,163.04865872131026,36.5,63,0,0,0,0,0,0
1200,M16059,1,296.9,307.9,207.24039538180668,20.4,68,0,0,0,0,0,0
1201,M16060,1,296.9,308.0,149.7492498211135,55.9,71,0,0,0,0,0,0
1202,L48381,0,296.9,308.0,173.62535398839591,41.0,74,0,0,0,0,0,0
1203,M16062,1,297.0,308.1,141.89526818713898,51.4,76,0,0,0,0,0,0
1204,H30617,2,297.0,308.1,147.6548547187203,47.6,79,0,0,0,0,0,0
1205,L48384,0,296.9,308.0,159.2787475370025,34.5,84,0,0,0,0,0,0
1206,L48385,0,296.8,308.0,143.57078426905355,54.5,86,0,0,0,0,0,0
1207,H30620,2,296.9,308.0,138.02063724771156,53.5,88,0,0,0,0,0,0
1208,M16067,1,297.0,308.1,164.72417480322483,34.9,93,0,0,0,0,0,0
1209,L48388,0,297.0,308.1,155.92771537317338,44.1,96,0,0,0,0,0,0
1210,H30623,2,297.0,308.1,265.9881780039358,13.3,98,0,0,0,0,0,0
1211,L48390,0,297.0,308.1,160.95426361891708,39.0,103,0,0,0,0,0,0
1212,H30625,2,296.9,308.0,148.28317324943825,46.9,105,0,0,0,0,0,0
1213,L48392,0,296.9,307.9,142.31414720761762,56.5,110,0,0,0,0,0,0
1214,M16073,1,296.8,307.8,162.42034019059233,38.9,112,0,0,0,0,0,0
1215,M16074,1,296.8,307.8,177.39526517270366,33.0,115,0,0,0,0,0,0
1216,L48395,0,296.8,307.9,178.96606149949855,28.4,118,0,0,0,0,0,0
1217,L48396,0,296.9,308.0,158.54570925116488,41.0,120,0,0,0,0,0,0
1218,L48397,0,297.0,308.1,152.36724369910496,43.5,122,0,0,0,0,0,0
1219,M16078,1,297.0,308.2,178.23302321366094,30.7,124,0,0,0,0,0,0
1220,M16079,1,296.9,308.1,142.1047076973783,41.8,127,0,0,0,0,0,0
1221,L48400,0,297.0,308.2,165.14305382370344,29.4,130,0,0,0,0,0,0
1223,L48402,0,297.0,308.3,146.50293741240404,59.0,135,0,0,0,0,0,0
1224,L48403,0,297.0,308.3,156.24187463853238,48.1,137,0,0,0,0,0,0
1225,L48404,0,297.1,308.3,184.62092827596018,25.7,139,0,0,0,0,0,0
1226,H30639,2,297.1,308.3,156.24187463853238,41.5,141,0,0,0,0,0,0
1227,L48406,0,297.1,308.4,155.8229956180537,42.5,146,0,0,0,0,0,0
1228,L48407,0,297.1,308.4,148.91149178015618,42.1,148,0,0,0,0,0,0
1229,M16088,1,297.1,308.4,165.77137235442143,38.2,150,0,0,0,0,0,0
1230,L48409,0,297.1,308.4,136.55456067603632,53.5,153,0,0,0,0,0,0
1231,M16090,1,297.1,308.4,196.87313962496037,23.5,155,0,0,0,0,0,0
1232,M16091,1,297.2,308.5,167.97048721193426,40.7,158,0,0,0,0,0,0
1233,L48412,0,297.2,308.6,157.07963267948966,37.1,161,0,0,0,0,0,0
1234,M16093,1,297.2,308.5,142.8377459832159,55.6,163,0,0,0,0,0,0
1235,H30648,2,297.2,308.5,255.51620249196984,14.0,166,0,0,0,0,0,0
1236,H30649,2,297.1,308.4,173.20647496791725,31.4,171,0,0,0,0,0,0
1237,H30650,2,297.1,308.4,142.31414720761762,46.6,176,0,0,0,0,0,0
1238,M16097,1,297.1,308.4,157.28907218972896,37.3,181,0,0,0,0,0,0
1239,M16098,1,297.1,308.4,169.1224045182505,32.6,184,0,0,0,0,0,0
1240,H30653,2,297.2,308.5,155.19467708733578,39.3,187,0,0,0,0,0,0
1241,L48420,0,297.2,308.6,171.3215193757634,31.3,192,0,0,0,0,0,0
1242,M16101,1,297.1,308.5,169.7507230489685,32.4,194,0,0,0,0,0,0
1243,L48422,0,297.1,308.4,153.72860051566056,44.4,197,0,0,0,0,0,0
1244,M16103,1,297.1,308.4,149.9586893313528,53.4,199,0,0,0,0,0,0
1245,L48424,0,297.1,308.4,180.74629733653276,28.4,202,0,0,0,0,0,0
1246,M16105,1,297.1,308.4,166.29497113001972,33.4,204,0,0,0,0,0,0
1247,H30660,2,297.2,308.5,173.10175521279757,33.3,207,0,0,0,0,0,0
1248,L48427,0,297.2,308.5,158.44098949604523,42.9,212,0,0,0,0,0,0
1249,L48428,0,297.2,308.6,155.92771537317338,40.2,214,0,0,0,0,0,0
1250,L48429,0,297.3,308.7,153.62388076054089,36.8,216,0,0,0,0,0,0
1251,L48430,0,297.3,308.7,162.21090068035298,36.1,218,0,0,0,0,0,0
1252,M16111,1,297.4,308.8,142.31414720761762,48.7,220,0,0,0,0,0,0
1253,L48432,0,297.5,308.8,160.5353845984384,41.5,223,0,0,0,0,0,0
1254,L48433,0,297.5,308.8,137.07815945163463,57.3,0,0,0,0,0,0,0
1255,H30668,2,297.5,308.8,149.7492498211135,49.4,2,0,0,0,0,0,0
1256,H30669,2,297.5,308.9,148.59733251479722,50.7,7,0,0,0,0,0,0
1257,M16116,1,297.5,308.9,160.74482410867773,37.7,12,0,0,0,0,0,0
1258,L48437,0,297.5,308.9,153.5191610054212,43.0,15,0,0,0,0,0,0
1259,L48438,0,297.5,308.9,149.4350905557545,50.4,17,0,0,0,0,0,0
1260,M16119,1,297.5,308.9,134.0412865531645,48.5,19,0,0,0,0,0,0
1261,L48440,0,297.6,309.0,160.01178582284012,33.8,22,0,0,0,0,0,0
1262,H30675,2,297.6,309.0,197.39673840055866,25.2,24,0,0,0,0,0,0
1263,H30676,2,297.8,309.2,172.57815643719928,33.0,29,0,0,0,0,0,0
1264,L48443,0,297.8,309.2,146.60765716752366,56.9,34,0,0,0,0,0,0
1265,M16124,1,297.8,309.3,234.88641073339684,15.7,36,0,0,0,0,0,0
1266,L48445,0,297.9,309.4,163.1533784764299,35.7,39,0,0,0,0,0,0
1267,L48446,0,298.0,309.6,171.00736011040442,34.8,41,0,0,0,0,0,0
1268,M16127,1,298.1,309.6,162.21090068035298,38.7,43,0,0,0,0,0,0
1269,L48448,0,298.0,309.5,156.66075365901102,45.8,46,0,0,0,0,0,0
1270,L48449,0,298.1,309.5,153.62388076054089,41.8,48,0,0,0,0,0,0
1271,M16130,1,298.0,309.4,133.62240753268586,65.9,50,0,0,0,0,0,0
1272,H30685,2,298.0,309.4,156.03243512829306,40.5,53,0,0,0,0,0,0
1273,H30686,2,298.0,309.4,163.57225749690858,38.1,58,0,0,0,0,0,0
1274,L48453,0,298.1,309.4,146.2934979021647,48.2,63,0,0,0,0,0,0
1275,H30688,2,298.1,309.5,160.22122533307945,40.2,65,0,0,0,0,0,0
1276,M16135,1,298.1,309.4,142.6283064729766,47.6,70,0,0,0,0,0,0
1277,M16136,1,298.2,309.4,177.29054541758398,34.4,73,0,0,0,0,0,0
1278,M16137,1,298.2,309.4,147.44541520848094,46.5,76,0,0,0,0,0,0
1279,L48458,0,298.2,309.4,146.39821765728436,52.9,79,0,0,0,0,0,0
1280,M16139,1,298.3,309.6,160.32594508819912,40.1,81,0,0,0,0,0,0
1281,H30694,2,298.3,309.5,159.2787475370025,37.1,84,0,0,0,0,0,0
1282,H30695,2,298.3,309.5,149.4350905557545,54.3,89,0,0,0,0,0,0
1283,L48462,0,298.3,309.4,161.89674141499398,36.1,94,0,0,0,0,0,0
1284,L48463,0,298.3,309.4,141.99998794225863,45.4,96,0,0,0,0,0,0
1285,L48464,0,298.4,309.5,225.4616327726275,15.3,98,1,0,0,1,0,0
1286,M16145,1,298.5,309.6,156.24187463853238,41.7,100,0,0,0,0,0,0
1287,L48466,0,298.5,309.6,165.66665259930176,40.3,103,0,0,0,0,0,0
1288,L48467,0,298.5,309.6,148.59733251479722,41.5,105,0,0,0,0,0,0
1289,M16148,1,298.5,309.6,150.90116712742974,48.2,107,0,0,0,0,0,0
1290,M16149,1,298.6,309.7,171.2167996206437,32.2,110,0,0,0,0,0,0
1291,L48470,0,298.6,309.7,149.64453006599382,45.8,113,0,0,0,0,0,0
1292,M16151,1,298.6,309.7,175.40558982543013,28.4,115,0,0,0,0,0,0
1293,M16152,1,298.7,309.7,195.61650256352445,23.8,118,0,0,0,0,0,0
1294,H30707,2,298.7,309.8,165.66665259930176,33.4,121,0,0,0,0,0,0
1295,L48474,0,298.8,309.9,155.61355610781442,40.3,126,0,0,0,0,0,0
1296,L48475,0,298.7,309.8,146.817096677763,54.3,128,0,0,0,0,0,0
1297,L48476,0,298.7,309.9,169.7507230489685,34.1,130,0,0,0,0,0,0
1298,L48477,0,298.8,309.9,149.53981031087415,42.4,132,0,0,0,0,0,0
1299,M16158,1,298.7,309.8,140.63863112570306,53.6,134,0,0,0,0,0,0
1300,M16159,1,298.7,309.9,152.68140296446393,40.2,137,0,0,0,0,0,0
1301,L48480,0,298.7,309.8,138.43951626819023,57.0,140,0,0,0,0,0,0
1302,L48481,0,298.7,309.9,155.29939684245542,32.8,142,0,0,0,0,0,0
1304,L48483,0,298.7,309.9,166.818569905618,42.5,146,0,0,0,0,0,0
1305,L48484,0,298.8,310.0,219.7020462410462,19.6,148,0,0,0,0,0,0
1306,L48485,0,298.8,310.0,175.09143056007116,30.4,150,0,0,0,0,0,0
1307,L48486,0,298.8,310.0,155.7182758629341,41.4,152,0,0,0,0,0,0
1308,L48487,0,298.8,310.0,149.01621153527586,42.1,154,0,0,0,0,0,0
1309,L48488,0,298.9,310.1,183.25957145940458,25.0,156,0,0,0,0,0,0
1310,L48489,0,298.9,310.2,173.20647496791725,31.1,158,0,0,0,0,0,0
1311,L48490,0,298.9,310.2,156.87019316925034,50.2,160,0,0,0,0,0,0
1312,L48491,0,298.9,310.1,166.19025137490004,30.2,162,0,0,0,0,0,0
1313,L48492,0,298.9,310.1,154.25219929125885,42.6,164,0,0,0,0,0,0
1314,L48493,0,298.9,310.2,142.31414720761762,56.9,166,0,0,0,0,0,0
1315,M16174,1,299.0,310.3,171.2167996206437,34.5,168,0,0,0,0,0,0
1316,L48495,0,299.0,310.3,159.17402778188284,45.0,171,0,0,0,0,0,0
1317,L48496,0,299.0,310.3,157.8126709653273,36.7,173,0,0,0,0,0,0
1318,L48497,0,299.0,310.3,149.53981031087415,46.3,175,0,0,0,0,0,0
1319,M16178,1,299.0,310.3,165.66665259930176,33.3,177,0,0,0,0,0,0
1320,L48499,0,299.0,310.3,202.0044076258237,24.4,180,0,0,0,0,0,0
1321,M16180,1,299.0,310.3,161.26842288427605,38.1,182,0,0,0,0,0,0
1322,L48501,0,298.9,310.2,142.6283064729766,53.0,185,0,0,0,0,0,0
1323,H30736,2,298.9,310.1,152.053084433746,49.9,187,0,0,0,0,0,0
1324,L48503,0,298.9,310.1,142.52358671785697,51.7,192,0,0,0,0,0,0
1325,M16184,1,298.8,310.1,130.1666556137371,74.5,194,1,0,0,1,1,0
1326,H30739,2,298.8,310.1,164.09585627250686,36.8,197,0,0,0,0,0,0
1327,L48506,0,298.9,310.2,147.75957447383993,46.5,202,0,0,0,0,0,0
1328,L48507,0,298.8,310.2,189.96163578706282,26.8,204,0,0,0,0,0,0
1329,M16188,1,298.8,310.1,180.01325905069515,28.8,206,0,0,0,0,0,0
1330,H30743,2,298.8,310.2,174.1489527639942,30.4,209,0,0,0,0,0,0
1331,L48510,0,298.9,310.2,177.60470468294298,30.2,214,0,0,0,0,0,0
1332,H30745,2,298.9,310.2,185.45868631691746,26.8,216,0,0,0,0,0,0
1333,L48512,0,299.0,310.3,195.61650256352445,24.0,221,0,0,0,0,0,0
1334,M16193,1,299.0,310.3,163.1533784764299,35.4,223,0,0,0,0,0,0
1335,L48514,0,299.0,310.4,142.94246573833559,49.1,226,1,0,0,0,1,0
1336,L48515,0,299.0,310.4,143.57078426905355,53.8,228,1,0,0,0,1,0
1337,L48516,0,298.9,310.3,165.77137235442143,32.6,230,0,0,0,0,0,0
1338,H30751,2,298.7,310.2,168.9129650080112,36.0,0,0,0,0,0,0,0
1339,L48518,0,298.6,310.1,180.22269856093448,27.2,5,0,0,0,0,0,0
1340,M16199,1,298.6,310.2,174.6725515395925,31.5,7,0,0,0,0,0,0
1341,L48520,0,298.6,310.2,164.30529578274619,36.3,10,0,0,0,0,0,0
1342,M16201,1,298.6,310.2,139.0678347989082,50.5,12,0,0,0,0,0,0
1343,M16202,1,298.6,310.1,167.13272917097697,33.0,15,0,0,0,0,0,0
1344,L48523,0,298.5,310.2,175.51030958054977,32.7,18,0,0,0,0,0,0
1345,L48524,0,298.5,310.1,189.43803701146453,28.9,20,0,0,0,0,0,0
1346,L48525,0,298.5,310.0,188.91443823586624,26.1,22,0,0,0,0,0,0
1347,L48526,0,298.6,310.1,160.5353845984384,33.9,24,0,0,0,0,0,0
1348,L48527,0,298.7,310.2,179.8038195404558,27.3,26,0,0,0,0,0,0
1349,L48528,0,298.7,310.2,142.73302622809626,45.5,28,0,0,0,0,0,0
1350,L48529,0,298.7,310.2,146.817096677763,45.9,30,0,0,0,0,0,0
1351,L48530,0,298.7,310.2,150.37756835183143,47.5,32,0,0,0,0,0,0
1352,L48531,0,298.7,310.2,159.69762655748116,43.7,34,0,0,0,0,0,0
1353,M16212,1,298.7,310.2,167.3421686812163,33.3,36,0,0,0,0,0,0
1354,M16213,1,298.6,310.1,151.21532639278868,48.1,39,0,0,0,0,0,0
1355,L48534,0,298.6,310.0,139.69615332962613,48.0,42,0,0,0,0,0,0
1356,M16215,1,298.6,310.0,176.03390835614806,35.5,44,0,0,0,0,0,0
1357,L48536,0,298.6,309.9,166.818569905618,37.4,47,0,0,0,0,0,0
1358,L48537,0,298.6,309.9,152.99556222982292,45.7,49,0,0,0,0,0,0
1359,M16218,1,298.7,310.1,177.29054541758398,31.9,51,0,0,0,0,0,0
1360,L48539,0,298.7,310.2,147.02653618800232,50.3,54,0,0,0,0,0,0
1361,H30774,2,298.8,310.2,178.75662198925923,27.6,56,0,0,0,0,0,0
1362,M16221,1,298.6,310.1,152.68140296446393,41.9,61,0,0,0,0,0,0
1363,L48542,0,298.6,310.0,158.85986851652387,41.2,64,0,0,0,0,0,0
1364,L48543,0,298.7,310.1,150.06340908647243,54.6,66,0,0,0,0,0,0
1365,L48544,0,298.7,310.2,163.9911365173872,33.1,68,0,0,0,0,0,0
1366,L48545,0,298.7,310.1,175.51030958054977,33.5,70,0,0,0,0,0,0
1367,M16226,1,298.7,310.1,143.25662500369455,56.8,72,0,0,0,0,0,0
1368,M16227,1,298.8,310.2,165.5619328441821,37.5,75,0,0,0,0,0,0
1369,H30782,2,298.8,310.3,178.8613417443789,27.1,78,0,0,0,0,0,0
1370,M16229,1,298.7,310.3,155.08995733221613,41.5,83,0,0,0,0,0,0
1371,L48550,0,298.7,310.3,151.94836467862632,40.0,86,0,0,0,0,0,0
1372,M16231,1,298.7,310.3,156.55603390389135,38.7,88,0,0,0,0,0,0
1373,M16232,1,298.8,310.3,164.72417480322483,41.8,91,0,0,0,0,0,0
1374,M16233,1,298.8,310.3,143.04718549345526,59.0,94,0,0,0,0,0,0
1375,L48554,0,298.8,310.3,162.62977970083162,36.8,97,0,0,0,0,0,0
1376,M16235,1,298.8,310.3,160.01178582284012,37.1,99,0,0,0,0,0,0
1377,M16236,1,298.8,310.2,159.90706606772045,31.2,102,0,0,0,0,0,0
1378,L48557,0,298.8,310.2,152.99556222982292,46.7,105,0,0,0,0,0,0
1379,H30792,2,298.8,310.2,152.36724369910496,44.9,107,0,0,0,0,0,0
1380,L48559,0,298.7,310.1,169.64600329384882,34.8,112,0,0,0,0,0,0
1381,L48560,0,298.7,310.1,187.02948264371236,27.7,114,0,0,0,0,0,0
1382,M16241,1,298.8,310.2,165.77137235442143,35.7,116,0,0,0,0,0,0
1383,L48562,0,298.8,310.1,173.10175521279757,30.3,119,0,0,0,0,0,0
1384,M16243,1,298.9,310.2,139.38199406426713,49.0,121,0,0,0,0,0,0
1385,L48564,0,298.9,310.3,155.4041165975751,43.8,124,0,0,0,0,0,0
1386,M16245,1,298.9,310.2,167.8657674568146,36.1,126,0,0,0,0,0,0
1387,L48566,0,298.9,310.2,151.32004614790836,40.0,129,0,0,0,0,0,0
1388,L48567,0,298.9,310.1,190.90411358313978,26.1,131,0,0,0,0,0,0
1389,H30802,2,298.9,310.1,156.1371548834127,45.3,133,0,0,0,0,0,0
1390,L48569,0,298.9,310.2,160.5353845984384,42.8,138,0,0,0,0,0,0
1391,L48570,0,298.9,310.2,147.5501349636006,54.8,140,0,0,0,0,0,0
1392,L48571,0,298.9,310.2,286.6179697625088,8.8,142,1,0,0,1,0,0
1393,M16252,1,299.0,310.3,156.4513141487717,46.6,144,0,0,0,0,0,0
1394,L48573,0,299.1,310.4,166.92328966073768,33.3,147,0,0,0,0,0,0
1395,L48574,0,299.1,310.4,159.90706606772045,44.0,149,0,0,0,0,0,0
1396,L48575,0,299.1,310.4,152.053084433746,39.7,151,0,0,0,0,0,0
1397,L48576,0,299.0,310.3,155.29939684245542,39.2,153,0,0,0,0,0,0
1398,L48577,0,299.1,310.2,164.30529578274619,38.2,155,0,0,0,0,0,0
1399,L48578,0,299.1,310.3,154.14747953613917,46.6,157,0,0,0,0,0,0
1400,L48579,0,299.0,310.2,160.5353845984384,43.5,159,0,0,0,0,0,0
1401,H30814,2,298.9,310.1,143.04718549345526,62.7,161,0,0,0,0,0,0
1402,H30815,2,298.9,310.2,160.43066484331877,37.7,166,0,0,0,0,0,0
1403,M16262,1,298.9,310.1,137.49703847211327,56.8,171,0,0,0,0,0,0
1404,L48583,0,299.0,310.2,143.67550402417322,48.0,174,0,0,0,0,0,0
1405,M16264,1,298.9,310.1,162.83921921107094,40.6,176,0,0,0,0,0,0
1406,L48585,0,298.9,310.1,145.97933863680572,42.7,179,0,0,0,0,0,0
1407,L48586,0,298.9,310.1,151.0058868825494,48.0,181,0,0,0,0,0,0
1408,L48587,0,298.9,310.0,163.7816970071479,33.8,183,0,0,0,0,0,0
1409,L48588,0,298.9,310.0,152.053084433746,48.9,185,0,0,0,0,0,0
1410,L48589,0,298.9,310.1,153.5191610054212,42.5,187,0,0,0,0,0,0
1411,M16270,1,298.9,310.1,153.83332027078018,53.2,189,0,0,0,0,0,0
1412,L48591,0,298.9,310.1,203.5752039526186,23.4,192,0,0,0,0,0,0
1413,M16272,1,298.8,309.9,148.17845349431857,53.2,194,0,0,0,0,0,0
1414,M16273,1,298.7,309.8,160.01178582284012,36.7,197,0,0,0,0,0,0
1415,M16274,1,298.7,309.8,164.41001553786586,42.1,200,0,0,0,0,0,0
1416,L48595,0,298.7,309.9,169.33184402848985,33.0,203,0,0,0,0,0,0
1417,M16276,1,298.7,309.9,218.1312499142513,18.2,205,0,0,0,0,0,0
1418,L48597,0,298.7,309.9,161.3731426393957,38.5,208,0,0,0,0,0,0
1419,L48598,0,298.8,309.9,138.23007675795088,47.4,210,0,0,0,0,0,0
1420,L48599,0,298.7,309.8,141.79054843201934,53.3,212,1,0,0,0,1,0
1421,M16280,1,298.8,309.9,156.55603390389135,35.2,214,0,0,0,0,0,0
1422,L48601,0,298.7,309.8,166.3996908851394,31.8,217,0,0,0,0,0,0
1423,L48602,0,298.7,309.8,160.22122533307945,35.5,0,0,0,0,0,0,0
1424,L48603,0,298.7,309.8,161.16370312915637,33.4,2,0,0,0,0,0,0
1425,L48604,0,298.7,309.7,153.1002819849426,46.8,4,0,0,0,0,0,0
1426,L48605,0,298.6,309.7,141.99998794225863,54.0,6,0,0,0,0,0,0
1427,M16286,1,298.7,309.7,169.85544280408814,34.6,8,0,0,0,0,0,0
1428,L48607,0,298.7,309.8,145.97933863680572,40.3,11,0,0,0,0,0,0
1429,L48608,0,298.8,309.9,164.2005760276265,33.7,13,0,0,0,0,0,0
1430,M16289,1,298.9,310.0,152.47196345422464,43.8,15,0,0,0,0,0,0
1431,L48610,0,298.9,310.0,144.30382255489116,49.3,18,0,0,0,0,0,0
1432,M16291,1,298.9,309.9,147.02653618800232,41.4,20,0,0,0,0,0,0
1433,L48612,0,298.8,309.8,150.4822881069511,42.8,23,0,0,0,0,0,0
1434,L48613,0,298.8,309.8,142.73302622809626,44.0,25,0,0,0,0,0,0
1435,M16294,1,298.8,309.8,144.1991027997715,49.6,27,0,0,0,0,0,0
1436,H30849,2,298.8,309.9,159.80234631260083,42.1,30,0,0,0,0,0,0
1437,H30850,2,298.8,309.8,158.12683023068624,44.2,35,0,0,0,0,0,0
1439,L48618,0,298.8,309.9,155.19467708733578,39.1,45,0,0,0,0,0,0
1440,M16299,1,298.8,309.8,160.6401043535581,37.0,47,0,0,0,0,0,0
1441,M16300,1,298.8,309.9,182.31709366332768,27.7,50,0,0,0,0,0,0
1442,L48621,0,298.8,309.9,162.31562043547265,38.8,53,0,0,0,0,0,0
1443,M16302,1,298.8,310.0,155.61355610781442,38.5,55,0,0,0,0,0,0
1444,L48623,0,298.9,310.1,167.76104770169496,38.2,58,0,0,0,0,0,0
1445,L48624,0,299.0,310.2,154.67107831173746,37.9,60,0,0,0,0,0,0
1446,L48625,0,299.0,310.1,169.4365637836095,29.2,62,0,0,0,0,0,0
1447,M16306,1,299.0,310.2,170.4837613348061,35.8,64,0,0,0,0,0,0
1448,M16307,1,299.0,310.3,174.04423300887453,33.6,67,0,0,0,0,0,0
1449,M16308,1,299.0,310.3,173.52063423327624,31.0,70,0,0,0,0,0,0
1450,H30863,2,299.0,310.4,175.61502933566945,30.8,73,0,0,0,0,0,0
1451,M16310,1,299.0,310.3,151.52948565814768,39.9,78,0,0,0,0,0,0
1452,L48631,0,298.9,310.4,191.74187162409703,25.4,81,0,0,0,0,0,0
1453,L48632,0,299.0,310.3,165.87609210954108,34.4,83,0,0,0,0,0,0
1454,L48633,0,299.1,310.4,151.84364492350664,40.9,85,0,0,0,0,0,0
1455,L48634,0,299.1,310.4,149.53981031087415,46.9,87,0,0,0,0,0,0
1456,L48635,0,299.0,310.4,144.7227015753698,53.0,89,0,0,0,0,0,0
1457,L48636,0,299.0,310.3,157.1843524346093,43.0,91,0,0,0,0,0,0
1458,L48637,0,299.0,310.3,154.46163880149817,42.4,93,0,0,0,0,0,0
1459,L48638,0,298.9,310.3,142.8377459832159,54.0,95,0,0,0,0,0,0
1460,L48639,0,299.0,310.3,154.14747953613917,36.1,97,0,0,0,0,0,0
1461,L48640,0,299.0,310.3,150.4822881069511,47.8,99,0,0,0,0,0,0
1462,L48641,0,298.9,310.2,156.1371548834127,45.1,101,0,0,0,0,0,0
1463,L48642,0,298.9,310.2,178.65190223413956,27.6,103,0,0,0,0,0,0
1464,L48643,0,298.8,310.1,168.28464647729325,39.5,105,0,0,0,0,0,0
1465,L48644,0,298.8,310.0,147.86429422895958,46.3,107,0,0,0,0,0,0
1466,L48645,0,298.7,309.8,161.89674141499398,40.9,109,0,0,0,0,0,0
1467,L48646,0,298.7,309.8,142.94246573833559,50.5,111,0,0,0,0,0,0
1468,L48647,0,298.6,309.8,161.6873019047547,30.2,113,0,0,0,0,0,0
1469,M16328,1,298.6,309.8,148.59733251479722,44.9,115,0,0,0,0,0,0
1470,L48649,0,298.6,309.8,156.76547341413067,41.6,118,0,0,0,0,0,0
1471,L48650,0,298.5,309.7,150.4822881069511,42.6,120,0,0,0,0,0,0
1472,L48651,0,298.5,309.6,148.80677202503654,53.6,122,0,0,0,0,0,0
1473,M16332,1,298.5,309.6,150.58700786207075,44.5,124,0,0,0,0,0,0
1474,M16333,1,298.5,309.5,137.7064779823526,48.9,127,0,0,0,0,0,0
1475,M16334,1,298.5,309.5,143.04718549345526,61.9,130,0,0,0,0,0,0
1476,M16335,1,298.4,309.5,159.0693080267632,35.4,133,0,0,0,0,0,0
1477,L48656,0,298.4,309.5,177.1858256624643,28.3,136,0,0,0,0,0,0
1478,L48657,0,298.3,309.4,164.41001553786586,35.6,138,0,0,0,0,0,0
1479,L48658,0,298.3,309.4,164.2005760276265,35.8,140,0,0,0,0,0,0
1480,L48659,0,298.2,309.3,141.89526818713898,43.8,142,0,0,0,0,0,0
1481,M16340,1,298.2,309.3,215.30381652602048,18.7,144,0,0,0,0,0,0
1482,M16341,1,298.2,309.2,139.4867138193868,60.2,147,0,0,0,0,0,0
1483,M16342,1,298.1,309.1,151.63420541326735,52.5,150,0,0,0,0,0,0
1484,L48663,0,298.0,308.9,165.24777357882311,35.6,153,0,0,0,0,0,0
1485,M16344,1,298.0,309.0,163.57225749690858,39.2,155,0,0,0,0,0,0
1486,M16345,1,298.1,309.0,206.9262361164477,19.3,158,0,0,0,0,0,0
1487,M16346,1,298.2,309.2,159.59290680236148,34.6,161,0,0,0,0,0,0
1488,L48667,0,298.2,309.1,149.64453006599382,48.5,164,0,0,0,0,0,0
1489,L48668,0,298.2,309.1,164.2005760276265,36.3,166,0,0,0,0,0,0
1490,M16349,1,298.2,309.0,180.43213807117377,26.6,168,0,0,0,0,0,0
1491,L48670,0,298.2,309.0,140.42919161546376,43.8,171,0,0,0,0,0,0
1492,M16351,1,298.1,308.9,141.68582867689966,46.2,173,0,0,0,0,0,0
1493,M16352,1,298.0,308.7,154.8805178219768,58.5,176,1,0,0,1,0,0
1494,L48673,0,298.0,308.8,156.66075365901102,44.9,179,0,0,0,0,0,0
1495,M16354,1,298.0,308.7,144.1991027997715,48.5,181,0,0,0,0,0,0
1496,H30909,2,297.9,308.5,144.82742133048947,44.6,184,0,0,0,0,0,0
1497,L48676,0,298.0,308.7,132.7846494917286,69.4,189,1,0,0,1,1,0
1498,L48677,0,298.0,308.7,170.58848108992575,34.3,191,0,0,0,0,0,0
1499,L48678,0,298.0,308.8,187.448361664191,27.2,193,0,0,0,0,0,0
1500,M16359,1,298.1,308.8,231.01177979396945,16.3,195,0,0,0,0,0,0
1501,M16360,1,298.0,308.7,220.01620550640519,17.4,198,0,0,0,0,0,0
1502,M16361,1,298.0,308.7,150.37756835183143,48.2,201,0,0,0,0,0,0
1503,L48682,0,298.0,308.7,153.1002819849426,48.2,204,0,0,0,0,0,0
1504,L48683,0,298.0,308.7,185.45868631691746,26.2,206,0,0,0,0,0,0
1505,L48684,0,298.0,308.7,157.70795121020763,47.0,208,0,0,0,0,0,0
1506,L48685,0,298.0,308.7,170.27432182456678,36.7,210,0,0,0,0,0,0
1507,L48686,0,298.0,308.8,168.59880574265222,33.7,212,0,0,0,0,0,0
1508,M16367,1,298.0,308.6,144.09438304465183,55.7,214,0,0,0,0,0,0
1509,M16368,1,298.0,308.6,157.8126709653273,37.3,217,0,0,0,0,0,0
1510,L48689,0,298.0,308.5,149.64453006599382,37.7,220,1,1,0,0,0,0
1511,M16370,1,298.1,308.7,162.00146117011366,38.9,0,0,0,0,0,0,0
1512,L48691,0,298.1,308.7,171.94983790648132,30.3,3,0,0,0,0,0,0
1513,H30926,2,298.0,308.7,157.39379194484863,36.3,5,0,0,0,0,0,0
1514,L48693,0,298.1,308.7,164.2005760276265,32.9,10,0,0,0,0,0,0
1515,M16374,1,298.1,308.8,170.4837613348061,37.6,12,0,0,0,0,0,0
1516,M16375,1,298.2,308.9,169.0176847631309,35.5,15,0,0,0,0,0,0
1517,L48696,0,298.2,308.9,133.83184704292518,54.0,18,0,0,0,0,0,0
1518,M16377,1,298.2,308.9,147.44541520848094,38.8,20,0,0,0,0,0,0
1519,H30932,2,298.2,309.0,143.57078426905355,55.7,23,0,0,0,0,0,0
1520,M16379,1,298.2,308.9,158.3362697409256,38.5,28,0,0,0,0,0,0
1521,L48700,0,298.3,309.1,154.14747953613917,40.1,31,0,0,0,0,0,0
1522,M16381,1,298.2,308.9,165.98081186466072,34.3,33,0,0,0,0,0,0
1523,H30936,2,298.2,309.0,163.57225749690858,37.7,36,0,0,0,0,0,0
1524,L48703,0,298.3,309.0,159.0693080267632,36.9,41,0,0,0,0,0,0
1525,L48704,0,298.2,309.0,167.6563279465753,35.8,43,0,0,0,0,0,0
1526,L48705,0,298.2,309.0,256.45868028804676,13.8,45,0,0,0,0,0,0
1527,L48706,0,298.1,309.0,187.134202398832,27.6,47,0,0,0,0,0,0
1528,H30941,2,298.1,309.1,149.22565104551515,44.5,49,0,0,0,0,0,0
1529,L48708,0,298.1,309.0,163.25809823154958,34.0,54,0,0,0,0,0,0
1530,L48709,0,298.1,309.0,163.04865872131026,36.0,56,0,0,0,0,0,0
1531,L48710,0,298.1,309.0,156.76547341413067,40.5,58,0,0,0,0,0,0
1532,H30945,2,298.1,309.0,150.58700786207075,41.4,60,0,0,0,0,0,0
1533,M16392,1,298.1,308.9,148.3878930045579,39.2,65,0,0,0,0,0,0
1534,M16393,1,298.0,308.9,140.21975210522444,51.4,68,0,0,0,0,0,0
1535,L48714,0,298.0,308.8,183.99260974524222,29.1,71,0,0,0,0,0,0
1536,L48715,0,298.0,308.8,165.5619328441821,36.1,73,0,0,0,0,0,0
1537,M16396,1,298.2,308.9,138.85839528866885,54.4,75,0,0,0,0,0,0
1538,M16397,1,298.4,309.1,153.62388076054089,39.6,78,0,0,0,0,0,0
1539,L48718,0,298.4,309.1,188.28611970514828,29.6,81,0,0,0,0,0,0
1540,M16399,1,298.5,309.2,151.73892516838703,46.4,83,0,0,0,0,0,0
1541,M16400,1,298.4,309.1,159.69762655748116,39.3,86,0,0,0,0,0,0
1542,L48721,0,298.4,309.0,241.2743157956961,15.1,89,0,0,0,0,0,0
1543,L48722,0,298.3,308.9,144.40854231001083,54.7,91,0,0,0,0,0,0
1544,L48723,0,298.4,308.9,170.4837613348061,34.9,93,0,0,0,0,0,0
1545,L48724,0,298.4,309.0,154.35691904637852,52.7,95,0,0,0,0,0,0
1546,M16405,1,298.4,309.0,161.6873019047547,38.8,97,0,0,0,0,0,0
1547,L48726,0,298.4,308.9,145.66517937144675,48.4,100,0,0,0,0,0,0
1548,L48727,0,298.3,308.9,141.16222990130137,55.5,102,0,0,0,0,0,0
1549,M16408,1,298.3,308.8,141.26694965642102,52.1,104,0,0,0,0,0,0
1550,L48729,0,298.4,308.9,178.65190223413956,29.5,107,0,0,0,0,0,0
1551,L48730,0,298.4,308.9,171.5309588860027,32.4,109,0,0,0,0,0,0
1552,L48731,0,298.4,308.8,152.68140296446393,40.1,111,0,0,0,0,0,0
1553,L48732,0,298.5,308.9,186.50588386811404,27.8,113,0,0,0,0,0,0
1554,L48733,0,298.5,308.8,139.4867138193868,59.1,115,0,0,0,0,0,0
1555,M16414,1,298.4,308.7,165.87609210954108,31.7,117,0,0,0,0,0,0
1556,L48735,0,298.4,308.6,156.1371548834127,42.0,120,0,0,0,0,0,0
1557,H30970,2,298.4,308.5,146.39821765728436,47.1,122,0,0,0,0,0,0
1558,L48737,0,298.3,308.4,165.98081186466072,30.6,127,0,0,0,0,0,0
1559,M16418,1,298.2,308.3,154.5663585566178,43.5,129,0,0,0,0,0,0
1560,L48739,0,298.2,308.3,152.68140296446393,41.8,132,0,0,0,0,0,0
1561,M16420,1,298.2,308.4,158.12683023068624,39.9,134,0,0,0,0,0,0
1562,L48741,0,298.2,308.4,145.35102010608776,53.8,137,0,0,0,0,0,0
1563,L48742,0,298.2,308.3,232.05897734516606,16.8,139,0,0,0,0,0,0
1564,L48743,0,298.2,308.3,146.817096677763,51.0,141,0,0,0,0,0,0
1565,M16424,1,298.0,308.2,218.86428820008894,19.0,143,0,0,0,0,0,0
1566,L48745,0,298.0,308.2,152.7861227195836,42.1,146,0,0,0,0,0,0
1567,M16426,1,298.0,308.1,146.92181643288265,44.8,148,0,0,0,0,0,0
1568,L48747,0,298.1,308.2,159.2787475370025,39.3,151,0,0,0,0,0,0
1569,L48748,0,298.2,308.2,147.3406954533613,47.1,153,0,0,0,0,0,0
1570,M16429,1,298.1,308.2,173.20647496791725,35.3,155,0,0,0,0,0,0
1571,L48750,0,298.2,308.4,152.053084433746,43.5,158,0,0,0,0,0,0
1572,L48751,0,298.3,308.4,160.01178582284012,37.3,160,0,0,0,0,0,0
1573,L48752,0,298.2,308.3,128.8052987971815,59.6,162,0,0,0,0,0,0
1574,L48753,0,298.2,308.2,153.5191610054212,42.4,164,0,0,0,0,0,0
1575,L48754,0,298.2,308.2,154.77579806685713,50.1,166,0,0,0,0,0,0
1576,L48755,0,298.2,308.3,215.40853628114016,18.0,168,0,0,0,0,0,0
1577,L48756,0,298.3,308.4,156.03243512829306,41.7,170,0,0,0,0,0,0
1578,L48757,0,298.3,308.4,155.4041165975751,43.4,172,0,0,0,0,0,0
1579,L48758,0,298.3,308.4,166.818569905618,37.0,174,0,0,0,0,0,0
1580,L48759,0,298.3,308.3,151.21532639278868,43.8,176,0,0,0,0,0,0
1581,M16440,1,298.3,308.4,151.21532639278868,47.5,178,0,0,0,0,0,0
1582,M16441,1,298.2,308.3,163.36281798666923,33.0,181,0,0,0,0,0,0
1583,H30996,2,298.1,308.3,160.22122533307945,42.0,184,0,0,0,0,0,0
1584,L48763,0,298.2,308.4,137.1828792067543,61.0,189,1,0,0,0,1,0
1585,M16444,1,298.2,308.3,171.63567864112238,33.3,191,0,0,0,0,0,0
1586,L48765,0,298.2,308.3,146.60765716752366,48.7,194,0,0,0,0,0,0
1587,M16446,1,298.3,308.4,155.61355610781442,44.2,196,0,0,0,0,0,0
1588,M16447,1,298.2,308.3,151.63420541326735,43.3,199,0,0,0,0,0,0
1589,L48768,0,298.2,308.3,176.7669466419857,32.0,202,0,0,0,0,0,0
1590,M16449,1,298.1,308.3,152.15780418886564,41.5,204,0,0,0,0,0,0
1591,L48770,0,298.2,308.4,156.76547341413067,37.7,207,0,0,0,0,0,0
1592,L48771,0,298.2,308.4,141.89526818713898,49.4,209,0,0,0,0,0,0
1593,L48772,0,298.1,308.4,166.71385015049836,38.2,211,0,0,0,0,0,0
1594,L48773,0,298.0,308.3,161.6873019047547,34.7,213,0,0,0,0,0,0
1595,M16454,1,298.0,308.2,143.78022377929287,51.2,215,0,0,0,0,0,0
1596,L48775,0,298.0,308.2,142.94246573833559,52.9,218,1,0,0,0,1,0
1597,L48776,0,298.0,308.1,196.55898035960138,24.3,0,0,0,0,0,0,0
1598,L48777,0,297.9,308.1,160.32594508819912,40.8,2,0,0,0,0,0,0
1599,L48778,0,297.9,308.0,157.1843524346093,36.7,4,0,0,0,0,0,0
1600,L48779,0,297.9,308.0,156.03243512829306,46.2,6,0,0,0,0,0,0
1601,M16460,1,297.8,307.8,161.58258214963502,43.7,8,0,0,0,0,0,0
1602,L48781,0,297.8,307.8,167.23744892609665,38.2,11,0,0,0,0,0,0
1603,H31016,2,297.8,307.9,167.55160819145564,33.5,13,0,0,0,0,0,0
1604,M16463,1,297.8,307.8,169.85544280408814,32.1,18,0,0,0,0,0,0
1605,L48784,0,297.8,307.8,152.053084433746,39.8,21,0,0,0,0,0,0
1606,L48785,0,297.8,307.8,146.18877814704504,42.5,23,0,0,0,0,0,0
1607,L48786,0,297.8,307.7,157.60323145508795,39.7,25,0,0,0,0,0,0
1608,L48787,0,297.8,307.8,147.86429422895958,48.3,27,0,0,0,0,0,0
1609,L48788,0,297.8,307.7,145.87461888168605,38.0,29,0,0,0,0,0,0
1610,L48789,0,297.7,307.7,165.5619328441821,34.9,31,0,0,0,0,0,0
1611,L48790,0,297.8,307.8,164.72417480322483,37.9,33,0,0,0,0,0,0
1612,M16471,1,297.8,307.9,180.74629733653276,27.3,35,0,0,0,0,0,0
1613,M16472,1,297.9,307.9,161.26842288427605,39.8,38,0,0,0,0,0,0
1614,L48793,0,297.9,308.0,135.71680263507906,62.9,41,0,0,0,0,0,0
1615,M16474,1,297.8,307.9,188.7049987256269,25.8,43,0,0,0,0,0,0
1616,L48795,0,297.8,307.9,151.52948565814768,48.6,46,0,0,0,0,0,0
1617,H31030,2,297.8,307.8,174.04423300887453,30.7,48,0,0,0,0,0,0
1618,L48797,0,297.8,307.8,163.67697725202822,34.3,53,0,0,0,0,0,0
1619,L48798,0,297.9,307.8,134.66960508388246,59.5,55,0,0,0,0,0,0
1620,L48799,0,297.9,307.7,166.504410640259,34.6,57,0,0,0,0,0,0
1621,L48800,0,297.9,307.7,156.24187463853238,43.7,59,0,0,0,0,0,0
1622,L48801,0,297.7,307.6,193.1032284406526,21.9,61,0,0,0,0,0,0
1623,H31036,2,297.7,307.6,161.05898337403673,38.3,63,0,0,0,0,0,0
1624,L48803,0,297.7,307.6,201.1666495848664,22.9,68,0,0,0,0,0,0
1625,M16484,1,297.8,307.8,137.1828792067543,57.9,70,0,0,0,0,0,0
1626,L48805,0,297.9,307.8,142.94246573833559,46.9,73,0,0,0,0,0,0
1627,M16486,1,297.9,307.8,136.44984092091667,59.3,75,0,0,0,0,0,0
1628,L48807,0,297.9,307.8,156.97491292437,37.5,78,0,0,0,0,0,0
1629,L48808,0,297.9,307.8,151.94836467862632,38.2,80,0,0,0,0,0,0
1630,M16489,1,297.9,307.9,139.90559283986545,54.4,82,0,0,0,0,0,0
1631,L48810,0,297.9,307.9,147.86429422895958,44.5,85,0,0,0,0,0,0
1632,L48811,0,298.0,308.0,150.06340908647243,39.2,87,0,0,0,0,0,0
1633,L48812,0,297.9,307.9,149.33037080063482,43.6,89,0,0,0,0,0,0
1634,L48813,0,297.9,307.9,154.5663585566178,45.2,91,0,0,0,0,0,0
1635,H31048,2,297.9,307.9,147.23597569824162,58.5,93,0,0,0,0,0,0
1636,L48815,0,297.8,307.8,144.82742133048947,56.5,98,0,0,0,0,0,0
1637,L48816,0,297.9,307.8,157.60323145508795,37.3,100,0,0,0,0,0,0
1638,L48817,0,297.9,307.8,174.35839227423352,33.9,102,0,0,0,0,0,0
1639,L48818,0,297.9,307.8,146.2934979021647,45.0,104,0,0,0,0,0,0
1640,M16499,1,297.9,307.8,151.84364492350664,43.5,106,0,0,0,0,0,0
1641,L48820,0,298.0,307.8,164.09585627250686,36.4,109,0,0,0,0,0,0
1642,M16501,1,298.0,308.0,162.83921921107094,37.0,111,0,0,0,0,0,0
1643,H31056,2,298.0,307.8,166.29497113001972,35.4,114,0,0,0,0,0,0
1644,L48823,0,298.0,307.8,152.15780418886564,37.7,119,0,0,0,0,0,0
1645,L48824,0,298.0,307.8,169.85544280408814,33.3,121,0,0,0,0,0,0
1646,L48825,0,297.9,307.8,161.05898337403673,38.5,123,0,0,0,0,0,0
1647,M16506,1,297.9,307.7,159.90706606772045,42.8,125,0,0,0,0,0,0
1648,L48827,0,297.8,307.8,184.41148876572083,28.9,128,0,0,0,0,0,0
1649,L48828,0,297.9,307.8,143.78022377929287,50.2,130,0,0,0,0,0,0
1650,H31063,2,298.0,307.9,155.19467708733578,37.8,132,0,0,0,0,0,0
1651,M16510,1,298.0,307.9,148.3878930045579,51.0,137,0,0,0,0,0,0
1652,L48831,0,298.0,307.8,148.0737337391989,51.7,140,0,0,0,0,0,0
1653,H31066,2,297.9,307.8,171.2167996206437,34.0,142,0,0,0,0,0,0
1654,L48833,0,298.0,307.8,145.14158059584844,57.3,147,0,0,0,0,0,0
1655,L48834,0,298.2,308.1,144.40854231001083,62.3,149,0,0,0,0,0,0
1656,M16515,1,298.2,308.0,165.14305382370344,35.9,151,0,0,0,0,0,0
1657,L48836,0,298.2,308.1,160.43066484331877,42.5,154,0,0,0,0,0,0
1658,M16517,1,298.1,308.0,143.8849435344125,48.8,156,0,0,0,0,0,0
1659,H31072,2,298.1,308.0,164.41001553786586,35.3,159,0,0,0,0,0,0
1660,L48839,0,298.1,308.0,177.70942443806265,31.0,164,0,0,0,0,0,0
1661,L48840,0,298.2,308.0,156.97491292437,44.1,166,0,0,0,0,0,0
1662,M16521,1,298.2,308.0,147.75957447383993,47.2,168,0,0,0,0,0,0
1663,H31076,2,298.2,307.9,153.1002819849426,45.5,171,0,0,0,0,0,0
1664,M16523,1,298.1,307.9,184.20204925548154,28.6,176,0,0,0,0,0,0
1665,L48844,0,298.2,308.0,160.74482410867773,38.0,179,0,0,0,0,0,0
1666,H31079,2,298.2,307.9,156.1371548834127,39.7,181,0,0,0,0,0,0
1667,L48846,0,298.2,307.9,162.42034019059233,36.0,186,0,0,0,0,0,0
1668,L48847,0,298.2,307.9,185.24924680667812,27.2,188,0,0,0,0,0,0
1669,L48848,0,298.2,307.9,162.42034019059233,34.1,190,0,0,0,0,0,0
1670,L48849,0,298.2,307.9,161.6873019047547,31.4,192,0,0,0,0,0,0
1671,L48850,0,298.2,307.8,160.01178582284012,31.1,194,0,0,0,0,0,0
1672,L48851,0,298.1,307.9,169.0176847631309,35.8,196,0,0,0,0,0,0
1673,L48852,0,298.1,307.8,149.9586893313528,49.8,198,0,0,0,0,0,0
1674,M16533,1,298.1,307.8,144.93214108560912,43.7,200,0,0,0,0,0,0
1675,L48854,0,298.1,307.8,161.26842288427605,37.8,203,0,0,0,0,0,0
1676,L48855,0,298.0,307.7,147.3406954533613,43.9,205,0,0,0,0,0,0
1677,H31090,2,297.9,307.6,148.49261275967757,43.0,207,0,0,0,0,0,0
1678,M16537,1,297.9,307.5,172.47343668207964,30.8,212,0,0,0,0,0,0
1679,L48858,0,298.0,307.5,172.15927741672067,32.8,215,0,0,0,0,0,0
1680,L48859,0,298.0,307.5,187.65780117443032,27.9,217,0,0,0,0,0,0
1681,M16540,1,297.9,307.4,168.59880574265222,34.6,219,0,0,0,0,0,0
1682,M16541,1,297.8,307.3,188.91443823586624,26.0,222,0,0,0,0,0,0
1683,H31096,2,297.9,307.4,167.97048721193426,36.1,225,1,1,0,0,0,0
1684,M16543,1,297.9,307.4,146.92181643288265,52.8,0,0,0,0,0,0,0
1685,L48864,0,297.8,307.3,150.58700786207075,44.5,3,0,0,0,0,0,0
1686,L48865,0,297.9,307.3,191.00883333825942,26.3,5,0,0,0,0,0,0
1687,H31100,2,297.9,307.3,174.1489527639942,28.7,7,0,0,0,0,0,0
1688,L48867,0,297.9,307.3,157.28907218972896,36.7,12,0,0,0,0,0,0
1689,L48868,0,297.9,307.4,168.1799267221736,35.5,14,0,0,0,0,0,0
1690,L48869,0,297.9,307.5,163.4675377417889,37.7,16,0,0,0,0,0,0
1691,M16550,1,297.9,307.4,150.27284859671178,42.9,18,0,0,0,0,0,0
1692,L48871,0,297.9,307.5,167.76104770169496,38.3,21,0,0,0,0,0,0
1693,M16552,1,298.1,307.6,184.72564803107983,27.7,23,0,0,0,0,0,0
1694,H31107,2,298.0,307.5,176.2433478663874,27.8,26,0,0,0,0,0,0
1695,L48874,0,298.0,307.5,169.4365637836095,35.2,31,0,0,0,0,0,0
1696,L48875,0,298.0,307.6,158.0221104755666,41.6,33,0,0,0,0,0,0
1697,L48876,0,297.9,307.6,162.31562043547265,39.0,35,0,0,0,0,0,0
1698,M16557,1,297.9,307.6,159.0693080267632,44.0,37,0,0,0,0,0,0
1699,L48878,0,297.9,307.6,155.08995733221613,38.0,40,0,0,0,0,0,0
1700,L48879,0,298.1,307.7,134.98376434924143,48.3,42,0,0,0,0,0,0
1701,M16560,1,298.0,307.6,193.1032284406526,23.8,44,0,0,0,0,0,0
1702,L48881,0,298.0,307.7,154.8805178219768,42.5,47,0,0,0,0,0,0
1703,L48882,0,298.0,307.7,149.7492498211135,47.3,49,0,0,0,0,0,0
1704,M16563,1,298.1,307.8,171.3215193757634,36.7,51,0,0,0,0,0,0
1705,M16564,1,298.1,307.8,157.39379194484863,44.7,54,0,0,0,0,0,0
1706,M16565,1,298.1,307.8,168.38936623241293,32.6,57,0,0,0,0,0,0
1707,L48886,0,298.2,307.8,159.2787475370025,42.9,60,0,0,0,0,0,0
1708,L48887,0,298.2,307.8,150.6917276171904,41.6,62,0,0,0,0,0,0
1709,L48888,0,298.2,307.8,170.37904157968646,31.5,64,0,0,0,0,0,0
1710,L48889,0,298.2,307.8,183.15485170428494,26.1,66,0,0,0,0,0,0
1711,L48890,0,298.2,307.8,160.22122533307945,35.9,68,0,0,0,0,0,0
1712,L48891,0,298.2,307.8,141.89526818713898,51.3,70,0,0,0,0,0,0
1713,L48892,0,298.3,307.9,162.42034019059233,33.8,72,0,0,0,0,0,0
1714,L48893,0,298.2,307.8,158.65042900628455,46.7,74,0,0,0,0,0,0
1715,L48894,0,298.2,307.8,145.35102010608776,48.6,76,0,0,0,0,0,0
1716,L48895,0,298.2,307.8,165.98081186466072,34.6,78,0,0,0,0,0,0
1717,L48896,0,298.1,307.7,159.48818704724184,37.7,80,0,0,0,0,0,0
1718,L48897,0,298.2,307.6,143.36134475881423,54.5,82,0,0,0,0,0,0
1719,M16578,1,298.2,307.7,176.03390835614806,31.0,84,0,0,0,0,0,0
1720,L48899,0,298.2,307.7,157.39379194484863,38.3,87,0,0,0,0,0,0
1721,L48900,0,298.2,307.7,152.7861227195836,44.5,89,0,0,0,0,0,0
1722,L48901,0,298.2,307.7,176.7669466419857,32.4,91,0,0,0,0,0,0
1723,M16582,1,298.2,307.7,204.41296199357586,21.6,93,0,0,0,0,0,0
1724,L48903,0,298.2,307.8,212.47638313778967,19.9,96,0,0,0,0,0,0
1725,M16584,1,298.3,307.8,152.57668320934428,52.5,98,0,0,0,0,0,0
1726,M16585,1,298.3,307.8,145.7698991265664,50.4,101,0,0,0,0,0,0
1727,L48906,0,298.3,307.8,199.59585325807154,22.1,104,0,0,0,0,0,0
1728,M16587,1,298.3,307.7,167.76104770169496,33.4,106,0,0,0,0,0,0
1729,L48908,0,298.3,307.7,153.41444125030156,49.4,109,0,0,0,0,0,0
1730,M16589,1,298.3,307.7,150.6917276171904,43.8,111,0,0,0,0,0,0
1731,M16590,1,298.3,307.8,139.2772743091475,55.4,114,0,0,0,0,0,0
1732,M16591,1,298.3,307.9,155.50883635269477,42.0,117,0,0,0,0,0,0
1733,H31146,2,298.4,307.9,178.0235837034216,28.2,120,0,0,0,0,0,0
1734,L48913,0,298.4,308.0,158.65042900628455,42.8,125,0,0,0,0,0,0
1735,M16594,1,298.5,308.1,157.1843524346093,39.2,127,0,0,0,0,0,0
1736,L48915,0,298.4,308.0,144.5132620651305,47.6,130,0,0,0,0,0,0
1737,L48916,0,298.4,307.9,161.6873019047547,35.9,132,0,0,0,0,0,0
1738,L48917,0,298.4,307.9,182.52653317356697,27.3,134,0,0,0,0,0,0
1739,H31152,2,298.4,307.9,203.99408297309722,21.4,136,0,0,0,0,0,0
1740,H31153,2,298.5,307.9,131.94689145077132,54.2,141,0,0,0,0,0,0
1741,M16600,1,298.5,307.9,171.74039839624203,33.1,146,0,0,0,0,0,0
1742,M16601,1,298.5,308.0,142.73302622809626,49.2,149,0,0,0,0,0,0
1743,L48922,0,298.5,308.0,144.40854231001083,49.6,152,0,0,0,0,0,0
1744,M16603,1,298.5,308.0,179.3849405199772,25.8,154,0,0,0,0,0,0
1745,M16604,1,298.5,308.0,152.99556222982292,51.9,157,0,0,0,0,0,0
1746,L48925,0,298.5,308.0,170.06488231432746,29.8,160,0,0,0,0,0,0
1747,L48926,0,298.4,308.0,159.80234631260083,41.1,162,0,0,0,0,0,0
1748,L48927,0,298.4,307.9,249.33773693990992,14.2,164,0,0,0,0,0,0
1750,L48929,0,298.3,307.7,165.0383340685838,33.8,171,0,0,0,0,0,0
1751,M16610,1,298.4,307.8,169.33184402848985,31.6,173,0,0,0,0,0,0
1752,L48931,0,298.3,307.6,203.3657644423793,20.6,176,0,0,0,0,0,0
1753,L48932,0,298.2,307.6,156.24187463853238,37.2,178,0,0,0,0,0,0
1754,L48933,0,298.2,307.5,153.93804002589985,51.3,180,0,0,0,0,0,0
1755,M16614,1,298.0,307.4,153.20500174006224,46.5,182,0,0,0,0,0,0
1756,L48935,0,298.0,307.3,149.12093129039553,46.5,185,0,0,0,0,0,0
1757,M16616,1,298.1,307.4,142.73302622809626,60.1,187,0,0,0,0,0,0
1758,M16617,1,298.1,307.4,139.8008730847458,56.2,190,0,0,0,0,0,0
1759,L48938,0,298.1,307.4,168.38936623241293,33.9,193,0,0,0,0,0,0
1760,H31173,2,298.0,307.4,168.1799267221736,35.2,195,0,0,0,0,0,0
1761,L48940,0,298.1,307.5,176.34806762150706,33.1,200,0,0,0,0,0,0
1762,L48941,0,298.1,307.6,204.20352248333657,20.3,202,0,0,0,0,0,0
1763,H31176,2,298.2,307.6,152.89084247470328,48.6,204,0,0,0,0,0,0
1764,L48943,0,298.2,307.6,158.2315499858059,31.0,209,1,1,0,0,0,0
1765,H31178,2,298.2,307.6,138.02063724771156,55.7,0,0,0,0,0,0,0
1766,L48945,0,298.2,307.6,143.25662500369455,51.8,5,0,0,0,0,0,0
1767,M16626,1,298.3,307.7,179.8038195404558,27.1,7,0,0,0,0,0,0
1768,M16627,1,298.3,307.7,159.17402778188284,41.4,10,0,0,0,0,0,0
1769,M16628,1,298.3,307.8,155.50883635269477,42.0,13,0,0,0,0,0,0
1770,L48949,0,298.4,307.9,207.449834892046,23.2,16,0,0,0,0,0,0
1771,H31184,2,298.4,307.9,168.07520696705393,31.0,18,0,0,0,0,0,0
1772,L48951,0,298.4,307.9,151.42476590302803,45.3,23,0,0,0,0,0,0
1773,L48952,0,298.4,308.0,157.91739072044692,47.9,25,0,0,0,0,0,0
1774,L48953,0,298.5,308.0,144.93214108560912,59.5,27,0,0,0,0,0,0
1775,M16634,1,298.5,308.0,159.0693080267632,37.3,29,0,0,0,0,0,0
1776,L48955,0,298.5,308.0,147.02653618800232,48.1,32,0,0,0,0,0,0
1777,L48956,0,298.5,308.1,163.7816970071479,31.1,34,0,0,0,0,0,0
1778,H31191,2,298.6,308.2,162.83921921107094,36.8,36,0,0,0,0,0,0
1779,L48958,0,298.6,308.2,138.7536755335492,54.0,41,0,0,0,0,0,0
1780,M16639,1,298.6,308.2,155.8229956180537,44.0,43,0,0,0,0,0,0
1781,L48960,0,298.5,308.2,167.02800941585735,32.3,46,0,0,0,0,0,0
1782,L48961,0,298.5,308.1,174.04423300887453,28.6,48,0,0,0,0,0,0
1783,L48962,0,298.4,308.0,164.51473529298548,37.4,50,0,0,0,0,0,0
1784,H31197,2,298.3,308.0,162.62977970083162,41.0,52,0,0,0,0,0,0
1785,L48964,0,298.3,308.0,302.22121327533813,3.8,57,1,0,0,1,0,0
1786,L48965,0,298.2,308.0,161.05898337403673,38.2,59,0,0,0,0,0,0
1787,L48966,0,298.4,308.2,169.4365637836095,33.0,61,0,0,0,0,0,0
1788,L48967,0,298.4,308.2,142.8377459832159,45.9,63,0,0,0,0,0,0
1789,L48968,0,298.3,308.0,151.0058868825494,47.3,65,0,0,0,0,0,0
1790,L48969,0,298.2,307.9,137.49703847211327,67.3,67,1,0,0,1,0,0
1791,L48970,0,298.2,307.9,193.4173877060116,23.6,69,0,0,0,0,0,0
1792,L48971,0,298.1,307.8,159.59290680236148,40.8,71,0,0,0,0,0,0
1793,M16652,1,298.1,307.7,151.32004614790836,48.0,73,0,0,0,0,0,0
1794,L48973,0,298.1,307.8,184.41148876572083,28.2,76,0,0,0,0,0,0
1795,M16654,1,298.1,307.8,158.54570925116488,43.5,78,0,0,0,0,0,0
1796,M16655,1,298.1,307.7,156.87019316925034,38.3,81,0,0,0,0,0,0
1797,H31210,2,298.1,307.6,161.47786239451537,37.1,84,0,0,0,0,0,0
1798,M16657,1,298.0,307.6,157.91739072044692,41.8,89,0,0,0,0,0,0
1799,M16658,1,298.0,307.5,149.8539695762331,52.9,92,0,0,0,0,0,0
1800,M16659,1,298.0,307.5,149.4350905557545,45.1,95,0,0,0,0,0,0
1801,M16660,1,298.0,307.5,159.59290680236148,36.3,98,0,0,0,0,0,0
1802,M16661,1,298.0,307.5,149.4350905557545,43.6,101,0,0,0,0,0,0
1803,H31216,2,298.1,307.6,156.66075365901102,44.1,104,0,0,0,0,0,0
1804,L48983,0,298.1,307.7,145.35102010608776,40.3,109,0,0,0,0,0,0
1805,L48984,0,298.1,307.7,156.55603390389135,48.1,111,0,0,0,0,0,0
1806,H31219,2,298.1,307.7,144.09438304465183,56.2,113,0,0,0,0,0,0
1807,H31220,2,298.0,307.6,166.818569905618,32.2,118,0,0,0,0,0,0
1808,L48987,0,298.0,307.6,173.20647496791725,28.9,123,0,0,0,0,0,0
1809,L48988,0,298.1,307.7,268.8156113921666,12.8,125,1,0,0,1,0,0
1810,L48989,0,298.1,307.7,185.03980729643882,27.0,127,0,0,0,0,0,0
1811,L48990,0,298.1,307.6,142.8377459832159,53.8,129,0,0,0,0,0,0
1812,M16671,1,298.1,307.8,164.30529578274619,31.2,131,0,0,0,0,0,0
1813,L48992,0,298.2,307.8,154.5663585566178,36.8,134,0,0,0,0,0,0
1814,L48993,0,298.1,307.7,154.8805178219768,45.0,136,0,0,0,0,0,0
1815,L48994,0,298.1,307.7,172.78759594743863,34.1,138,0,0,0,0,0,0
1816,M16675,1,298.1,307.6,163.88641676226752,36.3,140,0,0,0,0,0,0
1817,L48996,0,298.1,307.6,152.89084247470328,46.5,143,0,0,0,0,0,0
1818,L48997,0,298.1,307.7,174.25367251911388,27.6,145,0,0,0,0,0,0
1819,M16678,1,298.1,307.7,150.27284859671178,40.9,147,0,0,0,0,0,0
1820,M16679,1,298.1,307.6,216.35101407721706,19.2,150,0,0,0,0,0,0
1821,L49000,0,298.1,307.5,156.34659439365205,43.7,153,0,0,0,0,0,0
1822,L49001,0,298.1,307.6,141.79054843201934,43.3,155,0,0,0,0,0,0
1823,L49002,0,298.1,307.6,155.8229956180537,39.4,157,0,0,0,0,0,0
1824,L49003,0,298.1,307.7,148.0737337391989,48.7,159,0,0,0,0,0,0
1825,L49004,0,298.1,307.5,145.66517937144675,57.4,161,0,0,0,0,0,0
1826,M16685,1,298.0,307.5,186.82004313347304,27.8,163,0,0,0,0,0,0
1827,H31240,2,297.8,307.3,158.7551487614042,40.1,166,0,0,0,0,0,0
1828,M16687,1,297.9,307.3,148.70205226991686,47.8,171,0,0,0,0,0,0
1829,L49008,0,297.8,307.2,141.47638916666034,56.3,174,0,0,0,0,0,0
1830,L49009,0,297.8,307.2,196.87313962496037,23.0,176,0,0,0,0,0,0
1831,L49010,0,297.8,307.3,194.67402476744752,24.0,178,0,0,0,0,0,0
1832,M16691,1,297.8,307.3,137.7064779823526,54.0,180,0,0,0,0,0,0
1833,M16692,1,297.8,307.4,139.2772743091475,51.7,183,0,0,0,0,0,0
1834,L49013,0,297.8,307.3,138.96311504378852,61.0,186,1,0,0,0,1,0
1835,L49014,0,297.8,307.2,156.87019316925034,38.1,188,0,0,0,0,0,0
1836,H31249,2,297.8,307.3,162.83921921107094,35.8,190,0,0,0,0,0,0
1837,L49016,0,297.7,307.2,158.96458827164355,35.8,195,0,0,0,0,0,0
1838,L49017,0,297.7,307.2,145.7698991265664,43.0,197,0,0,0,0,0,0
1839,M16698,1,297.8,307.2,152.47196345422464,39.6,199,0,0,0,0,0,0
1840,L49019,0,297.7,307.1,179.5943800302165,30.2,0,0,0,0,0,0,0
1841,M16700,1,297.7,307.2,147.131255943122,43.7,2,0,0,0,0,0,0
1842,L49021,0,297.7,307.2,174.6725515395925,37.8,5,0,0,0,0,0,0
1843,H31256,2,297.7,307.1,194.25514574696888,22.5,7,0,0,0,0,0,0
1844,L49023,0,297.6,307.1,156.66075365901102,39.2,12,0,0,0,0,0,0
1845,M16704,1,297.6,307.1,154.04275978101953,44.9,14,0,0,0,0,0,0
1846,L49025,0,297.7,307.2,151.21532639278868,40.0,17,0,0,0,0,0,0
1847,H31260,2,297.7,307.3,158.54570925116488,38.6,19,0,0,0,0,0,0
1848,L49027,0,297.8,307.3,147.86429422895958,50.7,24,0,0,0,0,0,0
1849,H31262,2,297.7,307.2,149.64453006599382,44.1,26,0,0,0,0,0,0
1850,L49029,0,297.7,307.2,174.6725515395925,32.7,31,0,0,0,0,0,0
1851,M16710,1,297.7,307.2,143.67550402417322,52.8,33,0,0,0,0,0,0
1852,M16711,1,297.7,307.3,142.94246573833559,49.2,36,0,0,0,0,0,0
1853,M16712,1,297.6,307.1,159.80234631260083,39.1,39,0,0,0,0,0,0
1854,L49033,0,297.6,307.2,155.61355610781442,40.6,42,0,0,0,0,0,0
1855,M16714,1,297.6,307.2,153.93804002589985,42.6,44,0,0,0,0,0,0
1856,H31269,2,297.7,307.3,130.79497414445507,62.8,47,0,0,0,0,0,0
1857,M16716,1,297.8,307.4,183.46901096964393,26.1,52,0,0,0,0,0,0
1858,L49037,0,297.7,307.4,172.054557661601,36.5,55,0,0,0,0,0,0
1859,M16718,1,297.8,307.4,155.8229956180537,36.1,57,0,0,0,0,0,0
1860,L49039,0,297.8,307.4,141.89526818713898,45.8,60,0,0,0,0,0,0
1861,L49040,0,297.8,307.6,168.28464647729325,30.3,62,0,0,0,0,0,0
1862,M16721,1,297.9,307.6,168.49408598753254,30.3,64,0,0,0,0,0,0
1863,L49042,0,297.9,307.7,158.85986851652387,44.4,67,0,0,0,0,0,0
1864,M16723,1,297.9,307.7,158.85986851652387,39.5,69,0,0,0,0,0,0
1865,L49044,0,297.9,307.7,161.89674141499398,37.6,72,0,0,0,0,0,0
1866,L49045,0,297.9,307.7,164.09585627250686,34.7,74,0,0,0,0,0,0
1867,M16726,1,298.1,307.9,174.04423300887453,28.9,76,0,0,0,0,0,0
1868,L49047,0,298.1,307.9,157.28907218972896,41.8,79,0,0,0,0,0,0
1869,L49048,0,298.3,308.0,142.52358671785697,56.9,81,0,0,0,0,0,0
1870,M16729,1,298.3,308.1,170.69320084504542,32.7,83,0,0,0,0,0,0
1871,L49050,0,298.3,308.0,155.61355610781442,42.3,86,0,0,0,0,0,0
1872,L49051,0,298.3,308.1,192.684349420174,21.5,88,0,0,0,0,0,0
1873,L49052,0,298.3,308.1,138.85839528866885,58.4,90,0,0,0,0,0,0
1874,L49053,0,298.4,308.1,143.1519052485749,57.8,92,0,0,0,0,0,0
1875,L49054,0,298.4,308.1,167.3421686812163,32.7,94,0,0,0,0,0,0
1876,L49055,0,298.3,308.0,142.73302622809626,50.1,96,0,0,0,0,0,0
1877,L49056,0,298.3,308.0,130.06193585861743,62.0,98,0,0,0,0,0,0
1878,M16737,1,298.2,307.8,163.9911365173872,33.8,100,0,0,0,0,0,0
1879,M16738,1,298.1,307.7,149.12093129039553,47.7,103,0,0,0,0,0,0
1880,M16739,1,298.2,307.7,168.38936623241293,33.8,106,0,0,0,0,0,0
1881,L49060,0,298.1,307.7,178.5471824790199,29.1,109,0,0,0,0,0,0
1882,L49061,0,298.0,307.6,162.10618092523333,45.8,111,0,0,0,0,0,0
1883,M16742,1,298.0,307.6,165.5619328441821,43.4,113,0,0,0,0,0,0
1884,M16743,1,298.0,307.6,154.14747953613917,46.7,116,0,0,0,0,0,0
1885,M16744,1,298.0,307.6,187.65780117443032,26.0,119,0,0,0,0,0,0
1886,L49065,0,298.0,307.6,176.2433478663874,32.8,122,0,0,0,0,0,0
1887,L49066,0,297.9,307.6,157.39379194484863,40.7,124,0,0,0,0,0,0
1888,M16747,1,297.9,307.5,171.94983790648132,32.4,126,0,0,0,0,0,0
1889,M16748,1,297.8,307.4,199.17697423759287,24.3,129,0,0,0,0,0,0
1890,H31303,2,297.7,307.4,149.9586893313528,40.2,132,0,0,0,0,0,0
1891,L49070,0,297.8,307.4,158.3362697409256,40.8,137,0,0,0,0,0,0
1892,L49071,0,297.7,307.4,184.72564803107983,29.0,139,0,0,0,0,0,0
1893,M16752,1,297.8,307.4,150.58700786207075,43.6,141,0,0,0,0,0,0
1894,L49073,0,297.8,307.5,170.79792060016507,29.9,144,0,0,0,0,0,0
1895,H31308,2,297.9,307.5,196.87313962496037,23.3,146,0,0,0,0,0,0
1896,L49075,0,297.9,307.6,140.74335088082273,54.3,151,0,0,0,0,0,0
1897,L49076,0,297.9,307.5,164.82889455834447,35.8,153,0,0,0,0,0,0
1898,L49077,0,297.8,307.4,148.49261275967757,41.2,155,0,0,0,0,0,0
1899,L49078,0,297.8,307.5,143.67550402417322,54.1,157,0,0,0,0,0,0
1900,L49079,0,297.8,307.5,145.35102010608776,40.0,159,0,0,0,0,0,0
1901,H31314,2,297.9,307.6,156.34659439365205,36.0,161,0,0,0,0,0,0
1902,M16761,1,297.9,307.6,157.60323145508795,40.1,166,0,0,0,0,0,0
1903,L49082,0,298.0,307.6,177.39526517270366,29.1,169,0,0,0,0,0,0
1904,L49083,0,297.9,307.6,206.08847807549043,20.4,171,0,0,0,0,0,0
1905,M16764,1,298.0,307.6,164.30529578274619,35.6,173,0,0,0,0,0,0
1906,L49085,0,297.9,307.6,176.66222688686602,29.1,176,0,0,0,0,0,0
1907,L49086,0,297.9,307.6,149.7492498211135,52.4,178,0,0,0,0,0,0
1908,L49087,0,297.9,307.6,157.4985116999683,42.4,180,0,0,0,0,0,0
1909,L49088,0,297.9,307.6,207.03095587156736,20.2,182,0,0,0,0,0,0
1910,L49089,0,298.0,307.7,150.27284859671178,45.6,184,0,0,0,0,0,0
1911,H31324,2,298.0,307.7,162.00146117011366,36.8,186,0,0,0,0,0,0
1912,M16771,1,298.1,307.8,137.81119773747227,57.2,191,0,0,0,0,0,0
1913,M16772,1,298.0,307.7,169.7507230489685,34.9,194,0,0,0,0,0,0
1914,M16773,1,298.0,307.8,156.24187463853238,40.2,197,0,0,0,0,0,0
1915,L49094,0,298.0,307.7,172.054557661601,32.3,200,0,0,0,0,0,0
1916,L49095,0,298.0,307.7,156.24187463853238,38.7,202,0,0,0,0,0,0
1917,L49096,0,298.0,307.7,145.24630035096808,50.8,204,0,0,0,0,0,0
1918,M16777,1,298.1,307.9,153.20500174006224,47.3,206,0,0,0,0,0,0
1919,M16778,1,298.1,307.9,156.66075365901102,40.0,0,0,0,0,0,0,0
1920,L49099,0,298.2,308.0,173.62535398839591,30.0,3,0,0,0,0,0,0
1921,L49100,0,298.1,307.9,226.29939081358475,17.5,5,0,0,0,0,0,0
1922,L49101,0,298.1,307.9,174.35839227423352,32.0,7,0,0,0,0,0,0
1923,L49102,0,298.0,307.8,179.6990997853362,26.6,9,0,0,0,0,0,0
1924,L49103,0,298.0,307.7,160.1165055779598,34.1,11,0,0,0,0,0,0
1925,L49104,0,297.9,307.7,141.68582867689966,50.7,13,0,0,0,0,0,0
1926,L49105,0,297.9,307.7,160.95426361891708,37.7,15,0,0,0,0,0,0
1927,L49106,0,298.0,307.7,168.1799267221736,30.8,17,0,0,0,0,0,0
1928,H31341,2,298.0,307.8,137.60175822723295,47.8,19,0,0,0,0,0,0
1929,L49108,0,298.0,307.8,169.9601625592078,29.9,24,0,0,0,0,0,0
1930,M16789,1,298.0,307.8,155.29939684245542,50.9,26,0,0,0,0,0,0
1931,M16790,1,298.1,307.9,164.30529578274619,37.0,29,0,0,0,0,0,0
1932,M16791,1,298.2,308.0,206.1931978306101,21.7,32,0,0,0,0,0,0
1933,M16792,1,298.1,308.0,176.55750713174638,29.3,35,0,0,0,0,0,0
1934,L49113,0,298.1,308.0,171.5309588860027,35.1,38,0,0,0,0,0,0
1935,L49114,0,298.1,307.9,177.81414419318227,33.3,40,0,0,0,0,0,0
1936,M16795,1,298.1,307.9,144.1991027997715,55.1,42,0,0,0,0,0,0
1937,M16796,1,298.1,308.0,222.94835864975565,18.4,45,0,0,0,0,0,0
1938,L49117,0,298.2,308.0,147.75957447383993,42.4,48,0,0,0,0,0,0
1939,L49118,0,298.1,307.9,158.85986851652387,40.8,50,0,0,0,0,0,0
1940,M16799,1,298.1,307.9,136.44984092091667,53.9,52,0,0,0,0,0,0
1941,L49120,0,298.1,307.9,165.24777357882311,35.6,55,0,0,0,0,0,0
1942,L49121,0,298.1,307.9,149.22565104551515,58.2,57,0,0,0,0,0,0
1943,L49122,0,298.1,308.0,152.47196345422464,42.4,59,0,0,0,0,0,0
1944,L49123,0,298.1,308.0,178.44246272390023,30.9,61,0,0,0,0,0,0
1945,L49124,0,298.1,308.1,187.55308141931064,27.3,63,0,0,0,0,0,0
1946,L49125,0,298.1,308.1,169.22712427337018,32.8,65,0,0,0,0,0,0
1947,L49126,0,298.2,308.1,169.85544280408814,34.9,67,0,0,0,0,0,0
1948,L49127,0,298.2,308.1,153.1002819849426,49.9,69,0,0,0,0,0,0
1949,L49128,0,298.1,308.1,147.6548547187203,45.8,71,0,0,0,0,0,0
1950,M16809,1,298.1,308.0,161.58258214963502,41.9,73,0,0,0,0,0,0
1951,M16810,1,298.0,307.9,154.8805178219768,47.6,76,0,0,0,0,0,0
1952,L49131,0,298.0,307.8,192.5796296650543,22.7,79,0,0,0,0,0,0
1953,L49132,0,298.0,307.8,132.57520998148925,60.5,81,0,0,0,0,0,0
1954,L49133,0,297.9,307.7,166.818569905618,34.9,83,0,0,0,0,0,0
1955,L49134,0,297.9,307.8,152.7861227195836,46.9,85,0,0,0,0,0,0
1956,L49135,0,297.9,307.7,136.973439696515,55.2,87,0,0,0,0,0,0
1957,M16816,1,297.9,307.7,142.8377459832159,46.8,89,0,0,0,0,0,0
1958,H31371,2,297.9,307.7,169.4365637836095,35.9,92,0,0,0,0,0,0
1959,H31372,2,297.9,307.7,153.3097214951819,43.2,97,0,0,0,0,0,0
1960,M16819,1,297.8,307.6,141.58110892178001,49.4,102,0,0,0,0,0,0
1961,L49140,0,297.8,307.6,151.42476590302803,51.4,105,0,0,0,0,0,0
1962,L49141,0,297.8,307.5,151.63420541326735,51.2,107,0,0,0,0,0,0
1963,L49142,0,297.8,307.5,145.66517937144675,48.6,109,0,0,0,0,0,0
1964,L49143,0,297.7,307.5,144.40854231001083,43.3,111,0,0,0,0,0,0
1965,M16824,1,297.8,307.5,147.131255943122,46.9,113,0,0,0,0,0,0
1966,L49145,0,297.8,307.5,165.5619328441821,33.1,116,0,0,0,0,0,0
1967,L49146,0,297.9,307.6,158.65042900628455,40.5,118,0,0,0,0,0,0
1968,L49147,0,297.9,307.6,166.3996908851394,37.8,120,0,0,0,0,0,0
1969,L49148,0,298.0,307.6,134.14600630828417,50.8,122,0,0,0,0,0,0
1970,H31383,2,297.8,307.5,170.79792060016507,31.3,124,0,0,0,0,0,0
1971,M16830,1,297.9,307.6,125.87314565383105,67.0,129,0,0,0,0,0,0
1972,L49151,0,297.9,307.6,135.92624214531838,52.7,132,0,0,0,0,0,0
1973,L49152,0,297.9,307.6,168.80824525289154,30.7,134,0,0,0,0,0,0
1974,L49153,0,297.9,307.6,182.94541219404562,25.3,136,0,0,0,0,0,0
1975,L49154,0,298.0,307.6,151.84364492350664,48.7,138,0,0,0,0,0,0
1976,L49155,0,298.0,307.7,148.91149178015618,45.6,140,0,0,0,0,0,0
1977,M16836,1,298.1,307.7,148.59733251479722,47.4,142,0,0,0,0,0,0
1978,M16837,1,298.1,307.7,171.00736011040442,30.7,145,0,0,0,0,0,0
1979,L49158,0,298.0,307.7,151.0058868825494,43.6,148,0,0,0,0,0,0
1980,H31393,2,298.0,307.6,148.70205226991686,45.8,150,0,0,0,0,0,0
1981,M16840,1,298.0,307.6,136.24040141067735,58.5,155,0,0,0,0,0,0
1982,L49161,0,298.0,307.6,145.0368608407288,45.0,158,0,0,0,0,0,0
1983,M16842,1,298.0,307.7,155.7182758629341,41.3,160,0,0,0,0,0,0
1984,M16843,1,298.0,307.6,152.7861227195836,44.4,163,0,0,0,0,0,0
1985,M16844,1,298.0,307.5,145.24630035096808,45.5,166,0,0,0,0,0,0
1986,L49165,0,298.1,307.7,160.95426361891708,40.8,169,0,0,0,0,0,0
1987,L49166,0,298.1,307.6,156.87019316925034,42.9,171,0,0,0,0,0,0
1988,M16847,1,298.2,307.8,167.44688843633597,31.2,173,0,0,0,0,0,0
1989,H31402,2,298.3,307.9,148.70205226991686,39.2,176,0,0,0,0,0,0
1990,L49169,0,298.2,307.9,186.9247628885927,23.4,181,0,0,0,0,0,0
1991,L49170,0,298.2,307.8,149.01621153527586,48.1,183,0,0,0,0,0,0
1992,M16851,1,298.2,307.8,165.77137235442143,36.6,185,0,0,0,0,0,0
1993,L49172,0,298.2,307.8,143.98966328953216,46.6,188,0,0,0,0,0,0
1994,M16853,1,298.3,308.0,153.20500174006224,42.5,190,0,0,0,0,0,0
1995,M16854,1,298.2,307.9,146.92181643288265,45.1,193,0,0,0,0,0,0
1996,L49175,0,298.3,308.0,151.94836467862632,47.1,196,0,0,0,0,0,0
1997,M16856,1,298.4,308.0,148.28317324943825,38.2,198,1,1,0,0,0,0
1998,L49177,0,298.3,308.1,175.09143056007116,41.3,0,0,0,0,0,0,0
1999,H31412,2,298.3,308.0,171.42623913088303,30.8,2,0,0,0,0,0,0
2000,L49179,0,298.4,308.0,161.26842288427605,37.8,7,0,0,0,0,0,0
2001,L49180,0,298.4,308.1,133.93656679804485,53.1,9,0,0,0,0,0,0
2002,L49181,0,298.4,308.2,167.97048721193426,34.9,11,0,0,0,0,0,0
2003,L49182,0,298.5,308.2,173.20647496791725,27.1,13,0,0,0,0,0,0
2004,M16863,1,298.5,308.2,163.7816970071479,37.5,15,0,0,0,0,0,0
2005,L49184,0,298.5,308.2,151.94836467862632,47.5,18,0,0,0,0,0,0
2006,L49185,0,298.5,308.3,157.4985116999683,38.0,20,0,0,0,0,0,0
2007,M16866,1,298.5,308.3,144.61798182025012,50.5,22,0,0,0,0,0,0
2008,L49187,0,298.6,308.4,163.57225749690858,34.4,25,0,0,0,0,0,0
2009,L49188,0,298.5,308.3,189.64747652170385,24.7,27,0,0,0,0,0,0
2010,M16869,1,298.6,308.3,179.8038195404558,28.7,29,0,0,0,0,0,0
2011,L49190,0,298.6,308.3,133.83184704292518,60.5,32,0,0,0,0,0,0
2012,L49191,0,298.7,308.5,169.22712427337018,30.2,34,0,0,0,0,0,0
2013,L49192,0,298.6,308.4,146.2934979021647,46.4,36,0,0,0,0,0,0
2014,L49193,0,298.6,308.4,155.50883635269477,42.9,38,0,0,0,0,0,0
2015,L49194,0,298.6,308.4,137.1828792067543,59.7,40,0,0,0,0,0,0
2016,L49195,0,298.5,308.2,136.24040141067735,66.3,42,1,0,0,1,0,0
2017,L49196,0,298.5,308.3,152.68140296446393,44.0,44,0,0,0,0,0,0
2018,L49197,0,298.7,308.5,155.29939684245542,42.5,46,0,0,0,0,0,0
2019,L49198,0,298.7,308.5,143.98966328953216,46.4,48,0,0,0,0,0,0
2020,M16879,1,298.7,308.5,173.8347934986352,27.0,50,0,0,0,0,0,0
2021,H31434,2,298.7,308.4,163.36281798666923,33.3,53,0,0,0,0,0,0
2022,L49201,0,298.7,308.5,154.98523757709646,42.2,58,0,0,0,0,0,0
2023,L49202,0,298.7,308.4,143.78022377929287,46.9,60,0,0,0,0,0,0
2024,L49203,0,298.7,308.5,151.21532639278868,54.2,62,0,0,0,0,0,0
2025,M16884,1,298.7,308.6,180.32741831605412,24.7,64,0,0,0,0,0,0
2026,L49205,0,298.7,308.5,153.83332027078018,39.9,67,0,0,0,0,0,0
2027,M16886,1,298.7,308.5,142.4188669627373,52.9,69,0,0,0,0,0,0
2028,L49207,0,298.7,308.4,183.25957145940458,25.8,72,0,0,0,0,0,0
2029,M16888,1,298.7,308.3,141.26694965642102,46.6,74,0,0,0,0,0,0
2030,L49209,0,298.7,308.5,174.6725515395925,35.2,77,0,0,0,0,0,0
2031,L49210,0,298.9,308.6,146.60765716752366,49.5,79,0,0,0,0,0,0
2032,L49211,0,298.8,308.6,139.38199406426713,62.8,81,0,0,0,0,0,0
2033,L49212,0,298.8,308.5,151.21532639278868,42.2,83,0,0,0,0,0,0
2034,H31447,2,298.8,308.5,142.31414720761762,47.6,85,0,0,0,0,0,0
2035,M16894,1,298.8,308.5,149.22565104551515,47.4,90,0,0,0,0,0,0
2036,M16895,1,298.9,308.6,153.83332027078018,34.2,93,0,0,0,0,0,0
2037,L49216,0,299.0,308.7,198.1297766863963,22.8,96,0,0,0,0,0,0
2038,H31451,2,299.0,308.7,203.15632493213994,19.9,98,0,0,0,0,0,0
2039,L49218,0,299.0,308.8,147.131255943122,55.2,103,0,0,0,0,0,0
2040,M16899,1,299.0,308.9,151.73892516838703,39.6,105,0,0,0,0,0,0
2041,L49220,0,299.1,308.9,176.55750713174638,29.6,108,0,0,0,0,0,0
2042,L49221,0,299.1,308.9,175.92918860102841,27.2,110,0,0,0,0,0,0
2043,M16902,1,299.1,308.9,146.2934979021647,52.4,112,0,0,0,0,0,0
2044,M16903,1,299.2,309.0,167.23744892609665,30.3,115,0,0,0,0,0,0
2045,L49224,0,299.3,309.1,153.93804002589985,41.1,118,0,0,0,0,0,0
2046,M16905,1,299.3,309.1,178.3377429687806,31.3,120,0,0,0,0,0,0
2047,L49226,0,299.3,309.1,145.35102010608776,45.5,123,0,0,0,0,0,0
2048,L49227,0,299.3,309.2,185.87756533739608,24.2,125,0,0,0,0,0,0
2049,L49228,0,299.3,309.2,153.41444125030156,41.5,127,0,0,0,0,0,0
2050,M16909,1,299.3,309.2,166.0855316197804,37.9,129,0,0,0,0,0,0
2051,M16910,1,299.5,309.3,175.40558982543013,29.2,132,0,0,0,0,0,0
2052,M16911,1,299.4,309.2,153.93804002589985,44.4,135,0,0,0,0,0,0
2053,L49232,0,299.5,309.3,154.67107831173746,40.4,138,0,0,0,0,0,0
2054,L49233,0,299.5,309.3,144.7227015753698,61.0,140,0,0,0,0,0,0
2055,M16914,1,299.6,309.4,168.07520696705393,29.8,142,0,0,0,0,0,0
2056,L49235,0,299.6,309.4,172.054557661601,32.9,145,0,0,0,0,0,0
2057,L49236,0,299.5,309.3,139.59143357450648,54.1,147,0,0,0,0,0,0
2058,L49237,0,299.5,309.3,159.17402778188284,42.3,149,0,0,0,0,0,0
2059,M16918,1,299.5,309.3,199.17697423759287,24.0,151,0,0,0,0,0,0
2060,H31473,2,299.5,309.4,145.14158059584844,44.4,154,0,0,0,0,0,0
2061,L49240,0,299.6,309.5,188.80971848074657,27.7,159,0,0,0,0,0,0
2062,L49241,0,299.7,309.6,142.31414720761762,50.7,161,0,0,0,0,0,0
2063,M16922,1,299.7,309.6,154.67107831173746,42.7,163,0,0,0,0,0,0
2064,L49243,0,299.7,309.6,138.33479651307056,53.4,166,0,0,0,0,0,0
2065,L49244,0,299.6,309.5,152.15780418886564,41.4,168,0,0,0,0,0,0
2066,L49245,0,299.7,309.6,148.59733251479722,45.1,170,0,0,0,0,0,0
2067,L49246,0,299.7,309.6,158.3362697409256,36.2,172,0,0,0,0,0,0
2068,L49247,0,299.7,309.6,162.62977970083162,36.8,174,0,0,0,0,0,0
2069,M16928,1,299.7,309.6,160.6401043535581,39.1,176,0,0,0,0,0,0
2070,H31483,2,299.7,309.6,162.62977970083162,41.0,179,0,0,0,0,0,0
2071,L49250,0,299.7,309.5,141.58110892178001,49.7,184,0,0,0,0,0,0
2072,M16931,1,299.7,309.6,137.49703847211327,60.0,186,0,0,0,0,0,0
2074,L49253,0,299.6,309.4,175.61502933566945,31.1,191,0,0,0,0,0,0
2075,L49254,0,299.5,309.4,167.76104770169496,31.5,193,0,0,0,0,0,0
2076,L49255,0,299.5,309.4,145.56045961632708,58.8,195,1,0,0,0,1,0
2077,L49256,0,299.4,309.3,161.6873019047547,36.0,197,0,0,0,0,0,0
2078,L49257,0,299.4,309.4,178.12830345854127,31.2,199,0,0,0,0,0,0
2079,M16938,1,299.4,309.3,177.1858256624643,28.4,201,0,0,0,0,0,0
2080,M16939,1,299.3,309.3,159.48818704724184,37.9,204,0,0,0,0,0,0
2081,L49260,0,299.3,309.2,238.7610416728243,15.4,207,0,0,0,0,0,0
2082,M16941,1,299.4,309.3,155.50883635269477,47.1,209,0,0,0,0,0,0
2083,H31496,2,299.4,309.2,158.44098949604523,36.1,212,0,0,0,0,0,0
2084,H31497,2,299.4,309.3,182.52653317356697,28.2,0,0,0,0,0,0,0
2085,L49264,0,299.5,309.3,151.0058868825494,46.2,5,0,0,0,0,0,0
2086,L49265,0,299.5,309.3,153.1002819849426,46.7,7,0,0,0,0,0,0
2087,H31500,2,299.4,309.3,150.6917276171904,49.7,9,0,0,0,0,0,0
2088,L49267,0,299.5,309.3,165.14305382370344,36.6,14,0,0,0,0,0,0
2089,L49268,0,299.6,309.4,139.38199406426713,46.4,16,0,0,0,0,0,0
2090,L49269,0,299.5,309.3,203.2610446872596,22.5,18,0,0,0,0,0,0
2091,L49270,0,299.5,309.2,145.87461888168605,47.3,20,0,0,0,0,0,0
2092,L49271,0,299.4,309.2,150.06340908647243,42.1,22,0,0,0,0,0,0
2093,L49272,0,299.4,309.2,151.21532639278868,48.2,24,0,0,0,0,0,0
2094,L49273,0,299.4,309.2,163.7816970071479,39.0,26,0,0,0,0,0,0
2095,L49274,0,299.4,309.3,144.1991027997715,43.6,28,0,0,0,0,0,0
2096,L49275,0,299.4,309.3,159.69762655748116,41.5,30,0,0,0,0,0,0
2097,M16956,1,299.5,309.4,145.24630035096808,56.2,32,0,0,0,0,0,0
2098,M16957,1,299.4,309.4,138.85839528866885,47.5,35,0,0,0,0,0,0
2099,L49278,0,299.4,309.3,146.71237692264333,59.0,38,0,0,0,0,0,0
2100,L49279,0,299.4,309.3,167.13272917097697,31.8,40,0,0,0,0,0,0
2101,M16960,1,299.3,309.3,154.04275978101953,46.0,42,0,0,0,0,0,0
2102,L49281,0,299.3,309.3,160.01178582284012,37.8,45,0,0,0,0,0,0
2103,L49282,0,299.3,309.3,138.7536755335492,62.0,47,0,0,0,0,0,0
2104,M16963,1,299.3,309.1,144.09438304465183,46.7,49,0,0,0,0,0,0
2105,M16964,1,299.3,309.1,167.55160819145564,35.3,52,0,0,0,0,0,0
2106,L49285,0,299.3,309.1,156.55603390389135,44.0,55,0,0,0,0,0,0
2107,L49286,0,299.4,309.1,172.26399717184032,28.6,57,0,0,0,0,0,0
2108,M16967,1,299.4,309.1,148.3878930045579,47.3,59,0,0,0,0,0,0
2109,H31522,2,299.4,309.0,148.17845349431857,51.7,62,0,0,0,0,0,0
2110,M16969,1,299.3,309.0,156.66075365901102,43.4,67,0,0,0,0,0,0
2111,H31524,2,299.3,309.0,157.91739072044692,35.0,70,0,0,0,0,0,0
2112,L49291,0,299.4,309.0,150.37756835183143,47.9,75,0,0,0,0,0,0
2113,L49292,0,299.5,309.1,193.94098648160988,22.6,77,0,0,0,0,0,0
2114,L49293,0,299.5,309.1,195.09290378792613,22.5,79,0,0,0,0,0,0
2115,H31528,2,299.4,309.1,143.78022377929287,44.1,81,0,0,0,0,0,0
2116,L49295,0,299.4,309.0,147.02653618800232,47.3,86,0,0,0,0,0,0
2117,M16976,1,299.4,309.0,144.61798182025012,44.9,88,0,0,0,0,0,0
2118,H31531,2,299.4,308.9,184.5162085208405,29.3,91,0,0,0,0,0,0
2119,H31532,2,299.3,308.9,149.64453006599382,43.0,96,0,0,0,0,0,0
2120,M16979,1,299.3,308.9,194.56930501232785,24.7,101,0,0,0,0,0,0
2121,H31534,2,299.2,308.8,199.80529276831084,21.3,104,0,0,0,0,0,0
2122,M16981,1,299.2,308.8,157.39379194484863,37.4,109,0,0,0,0,0,0
2123,M16982,1,299.2,308.8,159.48818704724184,38.9,112,0,0,0,0,0,0
2124,L49303,0,299.3,309.0,156.1371548834127,38.4,115,0,0,0,0,0,0
2125,L49304,0,299.2,308.9,149.7492498211135,39.1,117,0,0,0,0,0,0
2126,L49305,0,299.3,308.9,131.737451940532,69.4,119,1,0,0,1,0,0
2127,L49306,0,299.3,309.0,151.73892516838703,46.5,121,0,0,0,0,0,0
2128,H31541,2,299.3,309.0,149.22565104551515,40.6,123,0,0,0,0,0,0
2129,L49308,0,299.4,309.0,188.49555921538757,24.3,128,0,0,0,0,0,0
2130,H31543,2,299.4,309.0,168.28464647729325,33.7,130,0,0,0,0,0,0
2131,L49310,0,299.4,309.0,145.66517937144675,58.2,135,0,0,0,0,0,0
2132,L49311,0,299.4,309.1,149.9586893313528,45.4,137,0,0,0,0,0,0
2133,L49312,0,299.4,309.0,173.8347934986352,28.4,139,0,0,0,0,0,0
2134,H31547,2,299.3,309.0,181.37461586725072,29.7,141,0,0,0,0,0,0
2135,L49314,0,299.3,309.0,154.25219929125885,46.3,146,0,0,0,0,0,0
2136,L49315,0,299.3,309.0,158.2315499858059,47.8,148,0,0,0,0,0,0
2137,L49316,0,299.2,308.9,166.29497113001972,41.5,150,0,0,0,0,0,0
2138,L49317,0,299.3,308.9,169.9601625592078,31.1,152,0,0,0,0,0,0
2139,L49318,0,299.3,309.0,181.58405537749005,30.6,154,0,0,0,0,0,0
2140,L49319,0,299.3,309.0,148.17845349431857,47.6,156,0,0,0,0,0,0
2141,L49320,0,299.3,309.0,148.59733251479722,46.6,158,0,0,0,0,0,0
2142,M17001,1,299.3,308.9,165.14305382370344,34.9,160,0,0,0,0,0,0
2143,L49322,0,299.3,308.9,144.09438304465183,60.3,163,0,0,0,0,0,0
2144,M17003,1,299.3,308.8,151.0058868825494,49.0,165,0,0,0,0,0,0
2145,L49324,0,299.4,308.9,151.94836467862632,40.5,168,0,0,0,0,0,0
2146,L49325,0,299.3,308.8,162.31562043547265,45.8,170,0,0,0,0,0,0
2147,L49326,0,299.3,308.8,172.47343668207964,32.9,172,0,0,0,0,0,0
2148,L49327,0,299.4,308.9,162.31562043547265,33.7,174,0,0,0,0,0,0
2149,L49328,0,299.4,308.9,165.77137235442143,34.1,176,0,0,0,0,0,0
2150,L49329,0,299.4,309.0,168.9129650080112,32.2,178,0,0,0,0,0,0
2151,H31564,2,299.3,308.8,171.3215193757634,35.5,180,0,0,0,0,0,0
2152,M17011,1,299.3,308.7,134.98376434924143,51.5,185,0,0,0,0,0,0
2153,M17012,1,299.3,308.8,172.57815643719928,28.4,188,0,0,0,0,0,0
2154,H31567,2,299.3,308.8,146.2934979021647,45.4,191,0,0,0,0,0,0
2155,M17014,1,299.3,308.9,185.03980729643882,24.8,196,0,0,0,0,0,0
2156,L49335,0,299.3,308.8,140.42919161546376,47.7,199,0,0,0,0,0,0
2157,M17016,1,299.4,308.9,152.57668320934428,41.5,201,0,0,0,0,0,0
2158,M17017,1,299.4,309.0,203.0516051770203,19.8,204,0,0,0,0,0,0
2159,M17018,1,299.5,309.0,146.50293741240404,49.7,207,0,0,0,0,0,0
2160,M17019,1,299.5,309.0,167.76104770169496,31.3,210,0,0,0,0,0,0
2161,L49340,0,299.4,309.0,157.8126709653273,41.0,213,0,0,0,0,0,0
2162,L49341,0,299.4,309.1,153.3097214951819,40.5,215,0,0,0,0,0,0
2163,L49342,0,299.5,309.1,139.90559283986545,42.1,217,0,0,0,0,0,0
2164,L49343,0,299.6,309.2,148.91149178015618,39.8,219,0,0,0,0,0,0
2165,L49344,0,299.6,309.2,161.26842288427605,36.7,221,0,0,0,0,0,0
2166,L49345,0,299.5,309.1,154.5663585566178,47.8,223,0,0,0,0,0,0
2167,M17026,1,299.6,309.2,195.5117828084048,23.4,225,1,1,0,0,0,0
2168,H31581,2,299.6,309.1,166.29497113001972,41.3,0,0,0,0,0,0,0
2169,M17028,1,299.5,309.1,148.70205226991686,49.5,5,0,0,0,0,0,0
2170,L49349,0,299.5,309.1,148.17845349431857,49.2,8,0,0,0,0,0,0
2171,M17030,1,299.4,309.1,157.07963267948966,43.3,10,0,0,0,0,0,0
2172,L49351,0,299.5,309.1,157.28907218972896,44.6,13,0,0,0,0,0,0
2173,L49352,0,299.5,309.2,190.17107529730214,23.0,15,0,0,0,0,0,0
2174,M17033,1,299.5,309.2,156.55603390389135,41.6,17,0,0,0,0,0,0
2175,L49354,0,299.6,309.2,164.61945504810515,33.4,20,0,0,0,0,0,0
2176,M17035,1,299.5,309.2,166.504410640259,35.9,22,0,0,0,0,0,0
2177,M17036,1,299.6,309.3,145.24630035096808,48.3,25,0,0,0,0,0,0
2178,M17037,1,299.6,309.2,145.87461888168605,47.7,28,0,0,0,0,0,0
2179,L49358,0,299.6,309.2,167.76104770169496,37.3,31,0,0,0,0,0,0
2180,L49359,0,299.6,309.2,167.6563279465753,33.3,33,0,0,0,0,0,0
2181,H31594,2,299.6,309.2,167.23744892609665,36.3,35,0,0,0,0,0,0
2182,H31595,2,299.5,309.1,162.10618092523333,44.3,40,0,0,0,0,0,0
2183,M17042,1,299.5,309.2,137.60175822723295,61.8,45,0,0,0,0,0,0
2184,M17043,1,299.6,309.3,165.14305382370344,39.8,48,0,0,0,0,0,0
2185,L49364,0,299.8,309.4,154.46163880149817,43.4,51,0,0,0,0,0,0
2186,L49365,0,299.8,309.4,170.69320084504542,32.4,53,0,0,0,0,0,0
2187,L49366,0,299.7,309.4,151.32004614790836,42.9,55,0,0,0,0,0,0
2188,M17047,1,299.8,309.4,150.6917276171904,47.4,57,0,0,0,0,0,0
2189,L49368,0,299.7,309.3,148.70205226991686,44.1,60,0,0,0,0,0,0
2190,H31603,2,299.7,309.2,162.73449945595127,41.6,62,0,0,0,0,0,0
2191,M17050,1,299.6,309.1,154.04275978101953,44.3,67,0,0,0,0,0,0
2192,L49371,0,299.6,309.0,172.57815643719928,33.6,70,0,0,0,0,0,0
2193,L49372,0,299.6,309.0,154.14747953613917,48.8,72,0,0,0,0,0,0
2194,M17053,1,299.5,308.9,151.63420541326735,42.9,74,0,0,0,0,0,0
2195,M17054,1,299.6,308.9,164.2005760276265,35.3,77,0,0,0,0,0,0
2196,L49375,0,299.6,308.9,168.9129650080112,30.8,80,0,0,0,0,0,0
2197,M17056,1,299.7,308.9,162.42034019059233,35.4,82,0,0,0,0,0,0
2198,L49377,0,299.7,309.0,147.86429422895958,49.2,85,0,0,0,0,0,0
2199,M17058,1,299.7,308.9,154.77579806685713,41.0,87,0,0,0,0,0,0
2200,M17059,1,299.8,309.1,132.7846494917286,58.0,90,0,0,0,0,0,0
2201,L49380,0,299.8,309.1,161.89674141499398,35.6,93,0,0,0,0,0,0
2202,L49381,0,299.8,309.0,164.09585627250686,36.1,95,0,0,0,0,0,0
2203,M17062,1,299.9,309.2,162.10618092523333,35.7,97,0,0,0,0,0,0
2204,L49383,0,299.8,309.0,169.0176847631309,30.8,100,0,0,0,0,0,0
2205,M17064,1,299.7,309.1,141.58110892178001,46.1,102,0,0,0,0,0,0
2206,L49385,0,299.9,309.2,170.06488231432746,34.6,105,0,0,0,0,0,0
2207,L49386,0,299.9,309.2,150.37756835183143,52.0,107,0,0,0,0,0,0
2208,L49387,0,299.8,309.2,166.60913039537868,37.5,109,0,0,0,0,0,0
2209,H31622,2,299.8,309.2,150.27284859671178,42.6,111,0,0,0,0,0,0
2210,L49389,0,299.8,309.3,145.14158059584844,49.4,116,0,0,0,0,0,0
2211,L49390,0,299.7,309.2,146.71237692264333,54.1,118,0,0,0,0,0,0
2212,M17071,1,299.6,309.0,130.3760951239764,64.0,120,0,0,0,0,0,0
2213,L49392,0,299.7,309.1,154.46163880149817,40.0,123,0,0,0,0,0,0
2214,L49393,0,299.7,309.1,154.25219929125885,39.4,125,0,0,0,0,0,0
2215,H31628,2,299.7,309.2,141.89526818713898,44.8,127,0,0,0,0,0,0
2216,H31629,2,299.7,309.2,153.72860051566056,49.6,132,0,0,0,0,0,0
2217,L49396,0,299.7,309.2,172.26399717184032,30.8,137,0,0,0,0,0,0
2218,L49397,0,299.7,309.1,141.05751014618173,55.3,139,0,0,0,0,0,0
2219,L49398,0,299.7,309.1,179.3849405199772,33.5,141,0,0,0,0,0,0
2220,M17079,1,299.6,309.1,150.27284859671178,48.4,143,0,0,0,0,0,0
2221,M17080,1,299.6,309.0,181.79349488772934,26.1,146,0,0,0,0,0,0
2222,L49401,0,299.6,309.0,143.67550402417322,60.4,149,0,0,0,0,0,0
2223,L49402,0,299.7,309.0,168.07520696705393,33.0,151,0,0,0,0,0,0
2224,L49403,0,299.6,309.0,147.96901398407925,48.5,153,0,0,0,0,0,0
2225,M17084,1,299.7,309.0,172.26399717184032,31.9,155,0,0,0,0,0,0
2226,M17085,1,299.7,309.0,153.41444125030156,49.0,158,0,0,0,0,0,0
2227,M17086,1,299.6,308.9,176.4527873766267,27.8,161,0,0,0,0,0,0
2228,L49407,0,299.5,308.8,205.77431881013143,20.4,164,0,0,0,0,0,0
2229,H31642,2,299.4,308.6,161.47786239451537,41.8,166,0,0,0,0,0,0
2230,L49409,0,299.4,308.7,176.03390835614806,30.8,171,0,0,0,0,0,0
2231,L49410,0,299.5,308.7,151.42476590302803,45.7,173,0,0,0,0,0,0
2232,L49411,0,299.4,308.6,148.17845349431857,56.4,175,0,0,0,0,0,0
2233,L49412,0,299.5,308.6,175.09143056007116,30.5,177,0,0,0,0,0,0
2234,L49413,0,299.5,308.7,266.93065580001274,13.0,179,1,0,0,1,0,0
2235,L49414,0,299.4,308.6,156.24187463853238,40.5,181,0,0,0,0,0,0
2236,M17095,1,299.4,308.6,152.36724369910496,42.7,183,0,0,0,0,0,0
2237,M17096,1,299.3,308.5,148.91149178015618,43.1,186,0,0,0,0,0,0
2238,L49417,0,299.3,308.6,146.92181643288265,50.6,189,0,0,0,0,0,0
2239,L49418,0,299.3,308.6,154.35691904637852,49.6,191,0,0,0,0,0,0
2240,L49419,0,299.2,308.6,144.61798182025012,50.0,193,0,0,0,0,0,0
2241,L49420,0,299.2,308.5,152.57668320934428,44.7,195,0,0,0,0,0,0
2242,L49421,0,299.2,308.4,179.17550100973784,28.9,197,0,0,0,0,0,0
2243,L49422,0,299.2,308.4,174.56783178447282,29.0,199,0,0,0,0,0,0
2244,L49423,0,299.2,308.4,153.41444125030156,35.0,201,0,0,0,0,0,0
2245,M17104,1,299.3,308.4,161.47786239451537,37.5,203,1,1,0,0,0,0
2246,M17105,1,299.3,308.4,150.58700786207075,42.3,0,0,0,0,0,0,0
2247,L49426,0,299.3,308.4,147.23597569824162,47.4,3,0,0,0,0,0,0
2248,M17107,1,299.2,308.4,146.18877814704504,48.5,5,0,0,0,0,0,0
2249,M17108,1,299.3,308.5,136.55456067603632,60.6,8,0,0,0,0,0,0
2250,L49429,0,299.2,308.5,151.0058868825494,46.5,11,0,0,0,0,0,0
2251,M17110,1,299.2,308.4,146.18877814704504,48.7,13,0,0,0,0,0,0
2252,H31665,2,299.1,308.3,149.12093129039553,43.4,16,0,0,0,0,0,0
2253,H31666,2,299.1,308.3,151.94836467862632,42.8,21,0,0,0,0,0,0
2254,L49433,0,299.2,308.4,145.14158059584844,54.1,26,0,0,0,0,0,0
2255,L49434,0,299.1,308.3,138.7536755335492,46.9,28,0,0,0,0,0,0
2256,L49435,0,299.1,308.3,163.25809823154958,33.7,30,0,0,0,0,0,0
2257,L49436,0,299.1,308.3,155.92771537317338,38.1,32,0,0,0,0,0,0
2258,L49437,0,299.1,308.3,198.1297766863963,25.2,34,0,0,0,0,0,0
2259,L49438,0,299.1,308.2,138.12535700283124,60.3,36,0,0,0,0,0,0
2260,L49439,0,299.1,308.3,149.8539695762331,52.3,38,0,0,0,0,0,0
2261,H31674,2,299.1,308.3,159.2787475370025,36.5,40,0,0,0,0,0,0
2262,M17121,1,299.1,308.2,150.27284859671178,45.2,45,0,0,0,0,0,0
2263,L49442,0,299.1,308.3,160.5353845984384,42.4,48,0,0,0,0,0,0
2264,M17123,1,299.2,308.4,160.1165055779598,43.0,50,0,0,0,0,0,0
2265,M17124,1,299.2,308.4,148.17845349431857,43.5,53,0,0,0,0,0,0
2266,M17125,1,299.2,308.4,139.2772743091475,51.2,56,0,0,0,0,0,0
2267,L49446,0,299.2,308.5,144.61798182025012,60.6,59,0,0,0,0,0,0
2268,L49447,0,299.2,308.5,143.46606451393387,52.4,61,0,0,0,0,0,0
2269,L49448,0,299.2,308.5,150.58700786207075,46.6,63,0,0,0,0,0,0
2270,L49449,0,299.3,308.6,137.60175822723295,48.2,65,0,0,0,0,0,0
2271,L49450,0,299.3,308.6,150.4822881069511,48.1,67,0,0,0,0,0,0
2272,L49451,0,299.2,308.5,190.69467407290043,26.1,69,0,0,0,0,0,0
2273,M17132,1,299.3,308.6,151.63420541326735,52.1,71,0,0,0,0,0,0
2274,L49453,0,299.3,308.5,166.3996908851394,32.7,74,0,0,0,0,0,0
2275,L49454,0,299.3,308.6,159.17402778188284,33.7,76,0,0,0,0,0,0
2276,L49455,0,299.3,308.6,168.07520696705393,37.0,78,0,0,0,0,0,0
2277,L49456,0,299.3,308.7,145.87461888168605,54.2,80,0,0,0,0,0,0
2278,H31691,2,299.3,308.7,147.44541520848094,44.4,82,0,0,0,0,0,0
2279,M17138,1,299.3,308.7,152.7861227195836,35.6,87,0,0,0,0,0,0
2280,L49459,0,299.4,308.7,159.69762655748116,39.0,90,0,0,0,0,0,0
2281,L49460,0,299.4,308.8,145.56045961632708,57.0,92,0,0,0,0,0,0
2282,L49461,0,299.3,308.7,160.8495438637974,38.9,94,0,0,0,0,0,0
2283,L49462,0,299.4,308.7,152.7861227195836,47.6,96,0,0,0,0,0,0
2284,L49463,0,299.2,308.5,145.24630035096808,51.1,98,0,0,0,0,0,0
2285,L49464,0,299.2,308.5,144.30382255489116,53.4,100,0,0,0,0,0,0
2286,L49465,0,299.4,308.7,144.61798182025012,56.7,102,0,0,0,0,0,0
2287,M17146,1,299.4,308.7,134.98376434924143,60.5,104,0,0,0,0,0,0
2288,L49467,0,299.4,308.6,182.84069243892597,26.8,107,0,0,0,0,0,0
2289,M17148,1,299.4,308.6,161.3731426393957,39.1,109,0,0,0,0,0,0
2290,L49469,0,299.4,308.7,157.4985116999683,37.8,112,0,0,0,0,0,0
2291,M17150,1,299.5,308.7,138.33479651307056,51.9,114,0,0,0,0,0,0
2292,M17151,1,299.5,308.8,197.50145815567834,20.9,117,0,0,0,0,0,0
2293,L49472,0,299.6,308.9,148.91149178015618,53.2,120,0,0,0,0,0,0
2294,L49473,0,299.5,308.9,159.17402778188284,38.3,122,0,0,0,0,0,0
2295,L49474,0,299.4,308.8,170.37904157968646,32.6,124,0,0,0,0,0,0
2296,L49475,0,299.4,308.7,158.3362697409256,37.2,126,0,0,0,0,0,0
2297,L49476,0,299.4,308.7,162.62977970083162,42.7,128,0,0,0,0,0,0
2298,L49477,0,299.3,308.7,188.7049987256269,26.0,130,0,0,0,0,0,0
2299,L49478,0,299.3,308.6,155.19467708733578,37.6,132,0,0,0,0,0,0
2300,L49479,0,299.4,308.7,151.42476590302803,62.9,134,1,0,0,1,0,0
2301,L49480,0,299.3,308.6,143.57078426905355,50.5,136,0,0,0,0,0,0
2302,M17161,1,299.2,308.6,166.0855316197804,35.7,138,0,0,0,0,0,0
2303,L49482,0,299.2,308.5,158.65042900628455,39.8,141,0,0,0,0,0,0
2304,L49483,0,299.2,308.5,143.8849435344125,53.6,143,0,0,0,0,0,0
2305,L49484,0,299.1,308.5,152.36724369910496,39.8,145,0,0,0,0,0,0
2306,H31719,2,299.2,308.5,140.53391137058338,47.5,147,0,0,0,0,0,0
2307,L49486,0,299.1,308.6,131.94689145077132,57.8,152,0,0,0,0,0,0
2308,H31721,2,299.0,308.5,169.9601625592078,33.5,154,0,0,0,0,0,0
2309,L49488,0,299.1,308.5,143.57078426905355,55.5,159,0,0,0,0,0,0
2310,L49489,0,299.1,308.6,168.7035254977719,31.4,161,0,0,0,0,0,0
2311,M17170,1,299.0,308.4,160.74482410867773,47.5,163,0,0,0,0,0,0
2312,M17171,1,299.1,308.6,156.1371548834127,38.5,166,0,0,0,0,0,0
2313,M17172,1,299.1,308.6,150.90116712742974,36.2,169,0,0,0,0,0,0
2314,M17173,1,299.1,308.8,180.6415775814131,26.6,172,0,0,0,0,0,0
2315,L49494,0,299.2,308.9,143.25662500369455,47.2,175,0,0,0,0,0,0
2316,L49495,0,299.2,308.9,159.80234631260083,37.9,177,0,0,0,0,0,0
2317,L49496,0,299.2,308.8,161.47786239451537,39.2,179,0,0,0,0,0,0
2318,L49497,0,299.2,308.8,168.07520696705393,31.1,181,0,0,0,0,0,0
2319,L49498,0,299.2,308.8,147.131255943122,51.4,183,0,0,0,0,0,0
2320,M17179,1,299.2,308.8,178.0235837034216,33.5,185,0,0,0,0,0,0
2321,H31734,2,299.2,308.8,150.79644737231007,39.1,188,0,0,0,0,0,0
2322,M17181,1,299.2,308.8,137.60175822723295,52.5,193,0,0,0,0,0,0
2323,L49502,0,299.2,308.7,158.54570925116488,41.9,196,0,0,0,0,0,0
2324,M17183,1,299.2,308.7,146.71237692264333,47.0,198,0,0,0,0,0,0
2325,L49504,0,299.3,308.8,171.3215193757634,29.9,201,0,0,0,0,0,0
2326,L49505,0,299.3,308.8,167.8657674568146,33.9,203,0,0,0,0,0,0
2327,M17186,1,299.4,308.7,155.7182758629341,52.6,205,0,0,0,0,0,0
2328,M17187,1,299.3,308.7,148.70205226991686,50.3,208,0,0,0,0,0,0
2329,L49508,0,299.3,308.7,165.35249333394276,36.3,211,0,0,0,0,0,0
2330,L49509,0,299.3,308.7,155.4041165975751,40.5,213,0,0,0,0,0,0
2331,M17190,1,299.3,308.7,145.56045961632708,49.3,215,0,0,0,0,0,0
2332,L49511,0,299.3,308.6,144.93214108560912,53.6,218,1,0,0,0,1,0
2333,L49512,0,299.2,308.5,144.30382255489116,50.4,220,1,0,0,0,1,0
2334,L49513,0,299.2,308.5,151.32004614790836,45.2,222,0,0,0,0,0,0
2335,L49514,0,299.2,308.4,151.32004614790836,43.5,224,0,0,0,0,0,0
2336,L49515,0,299.2,308.4,158.0221104755666,39.4,0,0,0,0,0,0,0
2337,L49516,0,299.2,308.4,150.1681288415921,46.8,2,0,0,0,0,0,0
2338,L49517,0,299.2,308.4,196.55898035960138,23.9,4,0,0,0,0,0,0
2339,L49518,0,299.3,308.3,172.89231570255828,28.0,6,0,0,0,0,0,0
2340,L49519,0,299.2,308.2,153.5191610054212,41.3,8,0,0,0,0,0,0
2341,L49520,0,299.1,308.1,154.8805178219768,40.7,10,0,0,0,0,0,0
2342,L49521,0,299.1,308.2,147.5501349636006,46.4,12,0,0,0,0,0,0
2343,M17202,1,299.2,308.2,175.30087007031045,28.2,14,0,0,0,0,0,0
2344,L49523,0,299.1,308.3,136.659280431156,61.4,17,0,0,0,0,0,0
2345,M17204,1,299.2,308.3,183.78317023500287,26.4,19,0,0,0,0,0,0
2346,L49525,0,299.2,308.4,154.46163880149817,38.7,22,0,0,0,0,0,0
2347,L49526,0,299.2,308.4,146.817096677763,47.7,24,0,0,0,0,0,0
2348,L49527,0,299.2,308.3,147.6548547187203,43.0,26,0,0,0,0,0,0
2349,L49528,0,299.2,308.4,150.37756835183143,41.8,28,0,0,0,0,0,0
2350,M17209,1,299.3,308.5,145.14158059584844,42.2,30,0,0,0,0,0,0
2351,L49530,0,299.3,308.6,182.63125292868662,26.4,33,0,0,0,0,0,0
2352,L49531,0,299.2,308.4,145.87461888168605,48.4,35,0,0,0,0,0,0
2353,M17212,1,299.3,308.5,148.91149178015618,45.4,37,0,0,0,0,0,0
2354,L49533,0,299.2,308.4,192.78906917529363,22.8,40,0,0,0,0,0,0
2355,L49534,0,299.3,308.6,150.06340908647243,37.7,42,0,0,0,0,0,0
2356,M17215,1,299.3,308.5,136.659280431156,60.6,44,0,0,0,0,0,0
2357,H31770,2,299.3,308.6,156.87019316925034,39.5,47,0,0,0,0,0,0
2358,L49537,0,299.3,308.5,185.5634060720371,26.1,52,0,0,0,0,0,0
2359,M17218,1,299.2,308.4,144.61798182025012,42.5,54,0,0,0,0,0,0
2360,L49539,0,299.3,308.5,147.96901398407925,38.5,57,0,0,0,0,0,0
2361,H31774,2,299.2,308.4,145.35102010608776,53.2,59,0,0,0,0,0,0
2362,M17221,1,299.2,308.6,170.79792060016507,35.4,64,0,0,0,0,0,0
2363,H31776,2,299.3,308.6,159.17402778188284,41.4,67,0,0,0,0,0,0
2364,L49543,0,299.3,308.5,158.12683023068624,45.4,72,0,0,0,0,0,0
2365,L49544,0,299.2,308.5,143.04718549345526,49.7,74,0,0,0,0,0,0
2366,L49545,0,299.4,308.5,193.20794819577227,22.9,76,0,0,0,0,0,0
2367,L49546,0,299.3,308.5,155.50883635269477,44.7,78,0,0,0,0,0,0
2368,M17227,1,299.3,308.5,156.66075365901102,39.4,80,0,0,0,0,0,0
2369,M17228,1,299.3,308.4,153.72860051566056,42.2,83,0,0,0,0,0,0
2370,M17229,1,299.2,308.4,194.35986550208855,22.7,86,0,0,0,0,0,0
2371,L49550,0,299.2,308.4,169.64600329384882,34.1,89,0,0,0,0,0,0
2372,L49551,0,299.3,308.5,147.5501349636006,44.8,91,0,0,0,0,0,0
2373,M17232,1,299.3,308.5,147.02653618800232,49.4,93,0,0,0,0,0,0
2374,L49553,0,299.2,308.4,141.3716694115407,51.3,96,0,0,0,0,0,0
2375,M17234,1,299.2,308.4,161.05898337403673,38.0,98,0,0,0,0,0,0
2376,M17235,1,299.2,308.4,154.5663585566178,32.7,101,0,0,0,0,0,0
2377,M17236,1,299.2,308.3,142.8377459832159,51.8,104,0,0,0,0,0,0
2378,M17237,1,299.2,308.3,165.66665259930176,45.5,107,0,0,0,0,0,0
2379,L49558,0,299.1,308.2,141.16222990130137,56.1,110,0,0,0,0,0,0
2380,H31793,2,299.1,308.2,151.84364492350664,46.1,112,0,0,0,0,0,0
2381,L49560,0,299.0,308.1,130.06193585861743,60.9,117,0,0,0,0,0,0
2382,L49561,0,299.1,308.2,156.34659439365205,34.9,119,0,0,0,0,0,0
2383,L49562,0,299.1,308.3,167.6563279465753,31.4,121,0,0,0,0,0,0
2384,L49563,0,299.1,308.2,164.2005760276265,33.3,123,0,0,0,0,0,0
2385,M17244,1,299.1,308.3,157.70795121020763,38.0,125,0,0,0,0,0,0
2386,L49565,0,299.1,308.3,159.59290680236148,34.1,128,0,0,0,0,0,0
2387,L49566,0,299.1,308.4,161.58258214963502,37.9,130,0,0,0,0,0,0
2388,M17247,1,299.2,308.5,154.35691904637852,47.2,132,0,0,0,0,0,0
2389,M17248,1,299.2,308.5,159.80234631260083,37.3,135,0,0,0,0,0,0
2390,L49569,0,299.2,308.5,195.5117828084048,27.0,138,0,0,0,0,0,0
2391,L49570,0,299.2,308.5,155.7182758629341,41.2,140,0,0,0,0,0,0
2392,L49571,0,299.2,308.4,165.45721308906244,32.6,142,0,0,0,0,0,0
2393,L49572,0,299.2,308.5,140.3244718603441,50.0,144,0,0,0,0,0,0
2394,L49573,0,299.2,308.5,161.6873019047547,41.6,146,0,0,0,0,0,0
2395,L49574,0,299.2,308.5,155.8229956180537,40.3,148,0,0,0,0,0,0
2396,M17255,1,299.2,308.5,182.4218134184473,28.9,150,0,0,0,0,0,0
2397,M17256,1,299.1,308.5,166.71385015049836,34.2,153,0,0,0,0,0,0
2398,L49577,0,299.2,308.6,165.66665259930176,38.8,156,0,0,0,0,0,0
2399,L49578,0,299.2,308.5,156.03243512829306,43.2,158,0,0,0,0,0,0
2400,M17259,1,299.2,308.5,166.92328966073768,35.8,160,0,0,0,0,0,0
2401,H31814,2,299.2,308.6,153.1002819849426,55.0,163,0,0,0,0,0,0
2402,M17261,1,299.2,308.6,143.1519052485749,47.6,168,0,0,0,0,0,0
2403,L49582,0,299.2,308.7,138.7536755335492,51.0,171,0,0,0,0,0,0
2404,H31817,2,299.2,308.7,151.63420541326735,51.4,173,0,0,0,0,0,0
2405,M17264,1,299.1,308.7,210.27726828027684,20.3,178,0,0,0,0,0,0
2406,L49585,0,299.1,308.7,156.87019316925034,38.9,181,0,0,0,0,0,0
2407,L49586,0,299.1,308.6,150.4822881069511,41.6,183,0,0,0,0,0,0
2408,M17267,1,299.1,308.6,156.97491292437,45.1,185,0,0,0,0,0,0
2409,L49588,0,299.0,308.4,141.99998794225863,52.6,188,0,0,0,0,0,0
2410,L49589,0,299.1,308.5,161.16370312915637,46.8,190,0,0,0,0,0,0
2411,L49590,0,299.1,308.5,176.87166639710534,32.1,192,0,0,0,0,0,0
2412,L49591,0,299.0,308.5,163.25809823154958,38.1,194,0,0,0,0,0,0
2413,L49592,0,299.1,308.6,147.44541520848094,46.7,196,0,0,0,0,0,0
2414,L49593,0,299.0,308.5,197.50145815567834,23.0,198,0,0,0,0,0,0
2415,L49594,0,299.1,308.5,148.17845349431857,43.4,0,0,0,0,0,0,0
2416,M17275,1,299.1,308.5,166.19025137490004,35.6,2,0,0,0,0,0,0
2417,L49596,0,299.0,308.4,164.51473529298548,38.6,5,0,0,0,0,0,0
2418,L49597,0,298.9,308.3,165.0383340685838,36.6,7,0,0,0,0,0,0
2419,L49598,0,298.9,308.3,173.8347934986352,34.4,9,0,0,0,0,0,0
2420,M17279,1,298.9,308.2,139.0678347989082,49.2,11,0,0,0,0,0,0
2421,H31834,2,298.8,308.2,151.84364492350664,44.7,14,0,0,0,0,0,0
2422,L49601,0,298.9,308.2,249.65189620526888,15.0,19,0,0,0,0,0,0
2423,L49602,0,298.8,308.2,151.11060663766906,53.4,21,0,0,0,0,0,0
2424,M17283,1,298.9,308.2,211.74334485195203,20.0,23,0,0,0,0,0,0
2425,L49604,0,298.9,308.2,191.42771235873806,23.8,26,0,0,0,0,0,0
2426,L49605,0,298.8,308.1,154.14747953613917,53.5,28,0,0,0,0,0,0
2427,M17286,1,298.9,308.2,143.67550402417322,63.6,30,1,0,0,1,0,0
2428,L49607,0,298.9,308.3,194.25514574696888,23.8,33,0,0,0,0,0,0
2429,M17288,1,299.0,308.3,144.1991027997715,47.2,35,0,0,0,0,0,0
2430,L49609,0,298.9,308.3,149.9586893313528,48.9,38,0,0,0,0,0,0
2431,M17290,1,298.9,308.2,139.8008730847458,47.8,40,0,0,0,0,0,0
2432,M17291,1,298.9,308.2,147.75957447383993,51.3,43,0,0,0,0,0,0
2433,L49612,0,298.9,308.2,158.12683023068624,43.5,46,0,0,0,0,0,0
2434,L49613,0,299.0,308.3,150.90116712742974,44.0,48,0,0,0,0,0,0
2435,M17294,1,299.0,308.2,142.20942745249798,42.7,50,0,0,0,0,0,0
2436,L49615,0,298.9,308.2,176.55750713174638,30.4,53,0,0,0,0,0,0
2437,H31850,2,299.0,308.2,174.04423300887453,30.4,55,0,0,0,0,0,0
2438,L49617,0,299.1,308.3,149.33037080063482,40.1,60,0,0,0,0,0,0
2439,M17298,1,299.1,308.4,139.2772743091475,53.6,62,0,0,0,0,0,0
2440,L49619,0,299.1,308.4,177.29054541758398,31.6,65,0,0,0,0,0,0
2441,L49620,0,299.1,308.4,149.33037080063482,47.9,67,0,0,0,0,0,0
2442,L49621,0,299.1,308.5,175.51030958054977,31.0,69,0,0,0,0,0,0
2443,M17302,1,299.1,308.4,139.4867138193868,51.7,71,0,0,0,0,0,0
2444,L49623,0,299.1,308.5,172.47343668207964,35.0,74,0,0,0,0,0,0
2445,L49624,0,299.2,308.6,132.67992973660893,68.2,76,1,0,0,1,0,0
2446,H31859,2,299.2,308.7,143.98966328953216,55.1,78,0,0,0,0,0,0
2447,L49626,0,299.3,308.6,148.91149178015618,48.9,83,0,0,0,0,0,0
2448,L49627,0,299.3,308.7,147.44541520848094,48.7,85,0,0,0,0,0,0
2449,L49628,0,299.4,308.9,150.79644737231007,42.5,87,0,0,0,0,0,0
2450,L49629,0,299.3,308.8,185.5634060720371,25.2,89,0,0,0,0,0,0
2451,L49630,0,299.2,308.7,156.24187463853238,37.8,91,0,0,0,0,0,0
2452,L49631,0,299.2,308.7,172.78759594743863,30.5,93,0,0,0,0,0,0
2453,M17312,1,299.1,308.6,243.8923096736876,14.6,95,0,0,0,0,0,0
2454,L49633,0,299.0,308.6,172.57815643719928,30.8,98,0,0,0,0,0,0
2455,L49634,0,299.0,308.6,173.10175521279757,31.7,100,0,0,0,0,0,0
2456,L49635,0,299.0,308.6,203.7846434628579,22.3,102,0,0,0,0,0,0
2457,L49636,0,299.1,308.6,162.83921921107094,36.6,104,0,0,0,0,0,0
2458,L49637,0,299.0,308.6,173.93951325375488,32.2,106,0,0,0,0,0,0
2459,L49638,0,299.0,308.6,150.1681288415921,45.9,108,0,0,0,0,0,0
2460,L49639,0,299.0,308.6,135.82152239019874,54.2,110,0,0,0,0,0,0
2461,L49640,0,299.0,308.6,153.5191610054212,46.4,112,0,0,0,0,0,0
2462,M17321,1,298.9,308.6,158.85986851652387,39.8,114,0,0,0,0,0,0
2463,L49642,0,298.9,308.5,182.4218134184473,34.5,117,0,0,0,0,0,0
2464,L49643,0,298.9,308.5,165.45721308906244,39.1,119,0,0,0,0,0,0
2465,M17324,1,298.9,308.5,160.6401043535581,42.9,121,0,0,0,0,0,0
2466,L49645,0,298.9,308.6,155.08995733221613,40.7,124,0,0,0,0,0,0
2467,L49646,0,299.0,308.6,149.64453006599382,37.7,126,0,0,0,0,0,0
2468,M17327,1,298.9,308.6,164.82889455834447,33.5,128,0,0,0,0,0,0
2469,M17328,1,298.9,308.6,159.59290680236148,40.4,131,0,0,0,0,0,0
2470,L49649,0,299.0,308.7,157.8126709653273,37.5,134,0,0,0,0,0,0
2471,L49650,0,298.9,308.5,153.62388076054089,44.7,136,0,0,0,0,0,0
2472,L49651,0,298.9,308.4,136.24040141067735,51.1,138,0,0,0,0,0,0
2473,L49652,0,298.9,308.5,149.64453006599382,55.1,140,0,0,0,0,0,0
2474,M17333,1,298.9,308.5,162.83921921107094,37.6,142,0,0,0,0,0,0
2475,L49654,0,298.9,308.5,157.39379194484863,40.6,145,0,0,0,0,0,0
2476,L49655,0,298.9,308.5,152.7861227195836,43.1,147,0,0,0,0,0,0
2477,H31890,2,298.9,308.4,151.73892516838703,42.4,149,0,0,0,0,0,0
2478,L49657,0,298.9,308.5,145.24630035096808,57.3,154,0,0,0,0,0,0
2479,M17338,1,298.9,308.5,152.47196345422464,50.0,156,0,0,0,0,0,0
2480,L49659,0,299.0,308.5,167.97048721193426,34.7,159,0,0,0,0,0,0
2481,L49660,0,299.0,308.6,181.58405537749005,32.4,161,0,0,0,0,0,0
2482,L49661,0,299.0,308.6,144.30382255489116,47.8,163,0,0,0,0,0,0
2483,L49662,0,298.9,308.7,157.4985116999683,41.8,165,0,0,0,0,0,0
2484,M17343,1,298.9,308.7,146.817096677763,49.8,167,0,0,0,0,0,0
2485,H31898,2,298.8,308.6,159.59290680236148,37.7,170,0,0,0,0,0,0
2486,L49665,0,298.8,308.6,166.818569905618,35.5,175,0,0,0,0,0,0
2487,M17346,1,298.9,308.7,185.5634060720371,28.4,177,0,0,0,0,0,0
2488,H31901,2,298.9,308.6,169.9601625592078,31.0,180,0,0,0,0,0,0
2489,L49668,0,298.9,308.7,141.99998794225863,50.7,185,0,0,0,0,0,0
2490,H31903,2,298.9,308.7,157.07963267948966,41.6,187,0,0,0,0,0,0
2491,H31904,2,299.1,308.8,163.9911365173872,46.6,192,0,0,0,0,0,0
2492,L49671,0,299.1,308.9,151.32004614790836,43.4,197,0,0,0,0,0,0
2493,H31906,2,299.0,308.8,144.7227015753698,58.5,199,0,0,0,0,0,0
2494,M17353,1,299.0,308.8,148.49261275967757,45.7,204,0,0,0,0,0,0
2495,L49674,0,299.1,308.8,139.17255455402784,53.6,207,1,0,0,0,1,0
2496,M17355,1,299.1,308.8,156.1371548834127,41.0,209,0,0,0,0,0,0
2497,M17356,1,299.2,308.9,164.72417480322483,37.4,212,0,0,0,0,0,0
2498,M17357,1,299.2,308.9,159.2787475370025,42.3,215,0,0,0,0,0,0
2499,L49678,0,299.1,308.9,153.62388076054089,47.2,218,0,0,0,0,0,0
2500,M17359,1,299.1,308.9,138.7536755335492,48.4,220,0,0,0,0,0,0
2501,L49680,0,299.1,308.9,169.33184402848985,32.3,223,0,0,0,0,0,0
2502,M17361,1,299.1,308.9,154.5663585566178,42.7,225,0,0,0,0,0,0
2503,L49682,0,299.2,309.0,158.65042900628455,48.9,228,1,0,0,0,1,0
2504,L49683,0,299.2,309.0,147.44541520848094,47.2,0,0,0,0,0,0,0
2505,L49684,0,299.2,309.1,153.72860051566056,45.6,2,0,0,0,0,0,0
2506,L49685,0,299.2,309.1,145.24630035096808,48.7,4,0,0,0,0,0,0
2507,M17366,1,299.2,309.1,157.39379194484863,34.7,6,0,0,0,0,0,0
2508,H31921,2,299.2,309.1,147.6548547187203,47.1,9,0,0,0,0,0,0
2509,L49688,0,299.0,308.9,169.1224045182505,30.6,14,0,0,0,0,0,0
2510,L49689,0,299.0,308.9,158.2315499858059,35.9,16,0,0,0,0,0,0
2511,L49690,0,299.1,309.0,147.131255943122,53.8,18,0,0,0,0,0,0
2512,M17371,1,299.0,308.9,159.80234631260083,41.1,20,0,0,0,0,0,0
2513,L49692,0,298.9,308.8,160.22122533307945,38.3,23,0,0,0,0,0,0
2514,L49693,0,299.0,308.7,165.77137235442143,32.5,25,0,0,0,0,0,0
2515,L49694,0,298.9,308.6,216.66517334257605,18.7,27,0,0,0,0,0,0
2516,L49695,0,298.8,308.5,156.03243512829306,35.0,29,0,0,0,0,0,0
2517,L49696,0,298.8,308.5,181.79349488772934,29.0,31,0,0,0,0,0,0
2518,L49697,0,298.8,308.5,146.08405839192537,44.4,33,0,0,0,0,0,0
2519,M17378,1,298.9,308.6,149.22565104551515,49.6,35,0,0,0,0,0,0
2520,L49699,0,298.8,308.6,170.79792060016507,32.4,38,0,0,0,0,0,0
2521,L49700,0,298.8,308.6,160.74482410867773,41.2,40,0,0,0,0,0,0
2522,L49701,0,298.8,308.6,165.87609210954108,34.4,42,0,0,0,0,0,0
2523,M17382,1,298.8,308.7,161.58258214963502,38.2,44,0,0,0,0,0,0
2524,L49703,0,298.8,308.7,171.2167996206437,35.2,47,0,0,0,0,0,0
2525,M17384,1,298.8,308.7,151.42476590302803,45.5,49,0,0,0,0,0,0
2526,M17385,1,298.8,308.6,167.3421686812163,35.1,52,0,0,0,0,0,0
2527,L49706,0,298.8,308.6,157.1843524346093,35.0,55,0,0,0,0,0,0
2528,L49707,0,298.8,308.5,151.84364492350664,50.8,57,0,0,0,0,0,0
2529,L49708,0,298.8,308.6,181.1651763570114,25.9,59,0,0,0,0,0,0
2530,M17389,1,298.8,308.6,164.51473529298548,33.7,61,0,0,0,0,0,0
2531,L49710,0,298.9,308.7,150.58700786207075,51.7,64,0,0,0,0,0,0
2532,M17391,1,298.8,308.5,158.12683023068624,38.7,66,0,0,0,0,0,0
2533,L49712,0,298.9,308.7,145.4557398612074,44.9,69,0,0,0,0,0,0
2534,L49713,0,298.8,308.7,156.03243512829306,33.6,71,0,0,0,0,0,0
2535,L49714,0,298.9,308.7,181.06045660189176,26.6,73,0,0,0,0,0,0
2536,L49715,0,299.0,308.8,156.55603390389135,38.4,75,0,0,0,0,0,0
2537,L49716,0,298.9,308.8,134.14600630828417,53.9,77,0,0,0,0,0,0
2538,H31951,2,298.9,308.7,141.68582867689966,48.1,79,0,0,0,0,0,0
2539,L49718,0,299.1,308.8,149.64453006599382,50.1,84,0,0,0,0,0,0
2540,L49719,0,299.1,308.8,147.96901398407925,42.1,86,0,0,0,0,0,0
2541,L49720,0,299.1,308.8,157.28907218972896,38.3,88,0,0,0,0,0,0
2542,H31955,2,299.1,308.8,162.62977970083162,32.6,90,0,0,0,0,0,0
2543,H31956,2,299.2,308.9,179.28022076485752,26.4,95,0,0,0,0,0,0
2544,L49723,0,299.3,309.0,187.02948264371236,23.5,100,0,0,0,0,0,0
2545,L49724,0,299.2,309.0,204.30824223845622,21.4,102,0,0,0,0,0,0
2546,M17405,1,299.2,309.0,161.3731426393957,36.3,104,0,0,0,0,0,0
2547,L49726,0,299.2,309.1,168.07520696705393,34.3,107,0,0,0,0,0,0
2548,L49727,0,299.2,309.1,165.24777357882311,38.1,109,0,0,0,0,0,0
2549,M17408,1,299.3,309.2,150.79644737231007,37.5,111,0,0,0,0,0,0
2550,L49729,0,299.4,309.2,155.92771537317338,42.3,114,0,0,0,0,0,0
2551,L49730,0,299.4,309.3,143.04718549345526,48.4,116,0,0,0,0,0,0
2552,L49731,0,299.3,309.2,161.3731426393957,37.2,118,0,0,0,0,0,0
2553,H31966,2,299.3,309.1,162.52505994571194,40.7,120,0,0,0,0,0,0
2554,L49733,0,299.3,309.1,154.25219929125885,40.3,125,0,0,0,0,0,0
2555,L49734,0,299.3,309.1,160.32594508819912,37.9,127,0,0,0,0,0,0
2556,L49735,0,299.3,309.2,158.2315499858059,37.2,129,0,0,0,0,0,0
2557,M17416,1,299.3,309.1,151.73892516838703,47.9,131,0,0,0,0,0,0
2558,M17417,1,299.4,309.1,150.79644737231007,50.0,134,0,0,0,0,0,0
2559,M17418,1,299.2,309.0,196.97785938008005,23.9,137,0,0,0,0,0,0
2561,M17420,1,299.4,309.1,138.85839528866885,62.0,142,0,0,0,0,0,0
2562,L49741,0,299.4,309.2,168.28464647729325,31.7,145,0,0,0,0,0,0
2563,L49742,0,299.3,309.1,162.42034019059233,39.1,147,0,0,0,0,0,0
2564,L49743,0,299.3,309.1,156.66075365901102,37.2,149,0,0,0,0,0,0
2565,L49744,0,299.3,309.1,156.34659439365205,38.0,151,0,0,0,0,0,0
2566,L49745,0,299.4,309.1,136.55456067603632,50.5,153,0,0,0,0,0,0
2567,M17426,1,299.3,309.0,148.70205226991686,41.6,155,0,0,0,0,0,0
2568,L49747,0,299.4,309.1,184.93508754131915,24.6,158,0,0,0,0,0,0
2569,L49748,0,299.6,309.2,151.84364492350664,43.1,160,0,0,0,0,0,0
2570,H31983,2,299.5,309.2,196.0353815840031,22.6,162,0,0,0,0,0,0
2571,L49750,0,299.6,309.2,179.3849405199772,26.5,167,0,0,0,0,0,0
2572,M17431,1,299.5,309.2,156.76547341413067,40.9,169,0,0,0,0,0,0
2573,M17432,1,299.4,309.1,141.58110892178001,44.7,172,0,0,0,0,0,0
2574,L49753,0,299.5,309.2,156.97491292437,41.5,175,0,0,0,0,0,0
2575,L49754,0,299.5,309.3,206.50735709596907,19.3,177,0,0,0,0,0,0
2576,L49755,0,299.5,309.3,148.91149178015618,49.2,179,0,0,0,0,0,0
2577,L49756,0,299.5,309.3,159.48818704724184,41.5,181,0,0,0,0,0,0
2578,L49757,0,299.5,309.4,163.67697725202822,41.5,183,0,0,0,0,0,0
2579,L49758,0,299.4,309.3,145.66517937144675,46.6,185,0,0,0,0,0,0
2580,L49759,0,299.3,309.1,187.97196043978929,24.7,187,0,0,0,0,0,0
2581,L49760,0,299.3,309.1,135.4026433697201,53.7,189,0,0,0,0,0,0
2582,L49761,0,299.2,309.1,140.84807063594238,60.7,191,1,0,0,0,1,0
2583,L49762,0,299.2,309.0,169.1224045182505,33.7,193,0,0,0,0,0,0
2584,L49763,0,299.2,308.9,140.53391137058338,50.8,195,0,0,0,0,0,0
2585,L49764,0,299.1,308.8,157.28907218972896,46.7,197,0,0,0,0,0,0
2586,M17445,1,299.0,308.7,169.64600329384882,35.4,199,0,0,0,0,0,0
2587,L49766,0,299.0,308.7,160.95426361891708,42.8,202,0,0,0,0,0,0
2588,L49767,0,299.0,308.7,235.41000950899516,16.8,204,0,0,0,0,0,0
2589,L49768,0,299.0,308.7,178.65190223413956,28.6,206,0,0,0,0,0,0
2590,L49769,0,299.0,308.7,235.61944901923448,16.6,208,0,0,0,0,0,0
2591,L49770,0,299.0,308.7,146.18877814704504,48.6,0,0,0,0,0,0,0
2592,L49771,0,298.9,308.6,159.38346729212216,46.4,2,0,0,0,0,0,0
2593,L49772,0,298.9,308.6,161.16370312915637,45.4,4,0,0,0,0,0,0
2594,H32007,2,298.9,308.5,148.17845349431857,54.0,6,0,0,0,0,0,0
2595,L49774,0,298.8,308.5,151.42476590302803,37.0,11,0,0,0,0,0,0
2596,M17455,1,298.8,308.6,155.61355610781442,41.1,13,0,0,0,0,0,0
2597,L49776,0,299.0,308.7,149.33037080063482,38.6,16,0,0,0,0,0,0
2598,L49777,0,299.0,308.7,151.73892516838703,38.9,18,0,0,0,0,0,0
2599,L49778,0,299.1,308.8,138.23007675795088,67.5,20,1,0,0,1,0,0
2600,M17459,1,299.2,308.9,151.52948565814768,39.6,22,0,0,0,0,0,0
2601,L49780,0,299.3,309.0,148.91149178015618,47.3,25,0,0,0,0,0,0
2602,L49781,0,299.3,309.1,146.50293741240404,52.1,27,0,0,0,0,0,0
2603,L49782,0,299.4,309.2,149.4350905557545,41.5,29,0,0,0,0,0,0
2604,M17463,1,299.3,309.2,139.69615332962613,46.3,31,0,0,0,0,0,0
2605,M17464,1,299.3,309.1,145.0368608407288,45.6,34,0,0,0,0,0,0
2606,L49785,0,299.4,309.2,162.52505994571194,37.4,37,0,0,0,0,0,0
2607,H32020,2,299.4,309.3,160.6401043535581,37.5,39,0,0,0,0,0,0
2608,L49787,0,299.4,309.3,151.63420541326735,48.6,44,0,0,0,0,0,0
2609,L49788,0,299.5,309.3,147.5501349636006,44.7,46,0,0,0,0,0,0
2610,L49789,0,299.4,309.2,169.7507230489685,34.5,48,0,0,0,0,0,0
2611,H32024,2,299.4,309.1,162.00146117011366,40.9,50,0,0,0,0,0,0
2612,L49791,0,299.4,309.1,204.93656076917418,22.1,55,0,0,0,0,0,0
2613,L49792,0,299.4,309.1,253.52652714469627,14.2,57,0,0,0,0,0,0
2614,M17473,1,299.3,309.1,164.51473529298548,38.3,59,0,0,0,0,0,0
2615,L49794,0,299.3,309.1,171.11207986552404,36.8,62,0,0,0,0,0,0
2616,L49795,0,299.3,309.0,158.7551487614042,38.7,64,0,0,0,0,0,0
2617,L49796,0,299.4,309.1,126.39674442942935,66.5,66,0,0,0,0,0,0
2618,L49797,0,299.4,309.1,174.8819910498318,35.9,68,0,0,0,0,0,0
2619,M17478,1,299.4,309.1,152.99556222982292,48.6,70,0,0,0,0,0,0
2620,L49799,0,299.4,309.2,164.30529578274619,40.8,73,0,0,0,0,0,0
2621,L49800,0,299.4,309.2,162.94393896619061,35.7,75,0,0,0,0,0,0
2622,M17481,1,299.5,309.3,157.70795121020763,41.5,77,0,0,0,0,0,0
2623,M17482,1,299.6,309.4,171.94983790648132,30.3,80,0,0,0,0,0,0
2624,M17483,1,299.6,309.4,134.3554458185235,62.1,83,0,0,0,0,0,0
2625,H32038,2,299.7,309.5,143.98966328953216,46.8,86,0,0,0,0,0,0
2626,L49805,0,299.7,309.4,146.50293741240404,39.9,91,0,0,0,0,0,0
2627,L49806,0,299.7,309.4,172.78759594743863,29.8,93,0,0,0,0,0,0
2628,M17487,1,299.8,309.6,140.95279039106205,53.2,95,0,0,0,0,0,0
2629,H32042,2,299.9,309.6,147.6548547187203,51.2,98,0,0,0,0,0,0
2630,L49809,0,300.0,309.7,166.0855316197804,37.8,103,0,0,0,0,0,0
2631,L49810,0,300.0,309.8,143.67550402417322,39.6,105,0,0,0,0,0,0
2632,H32045,2,300.0,309.7,160.1165055779598,42.4,107,0,0,0,0,0,0
2633,M17492,1,300.0,309.7,172.99703545767795,28.6,112,0,0,0,0,0,0
2634,L49813,0,300.1,309.8,160.43066484331877,39.8,115,0,0,0,0,0,0
2635,L49814,0,300.0,309.7,162.73449945595127,32.0,117,0,0,0,0,0,0
2636,H32049,2,299.9,309.6,153.1002819849426,51.0,119,0,0,0,0,0,0
2637,L49816,0,299.9,309.6,131.31857292005336,61.3,124,0,0,0,0,0,0
2638,L49817,0,299.9,309.6,135.50736312483974,49.7,126,0,0,0,0,0,0
2639,L49818,0,299.8,309.5,182.10765415308833,27.5,128,0,0,0,0,0,0
2640,M17499,1,299.8,309.4,147.86429422895958,47.8,130,0,0,0,0,0,0
2641,M17500,1,299.9,309.5,143.67550402417322,56.2,133,0,0,0,0,0,0
2642,H32055,2,299.8,309.5,148.70205226991686,46.7,136,0,0,0,0,0,0
2643,L49822,0,299.8,309.5,161.47786239451537,40.3,141,0,0,0,0,0,0
2644,M17503,1,299.8,309.4,146.71237692264333,48.1,143,0,0,0,0,0,0
2645,L49824,0,299.8,309.4,158.12683023068624,42.5,146,0,0,0,0,0,0
2646,H32059,2,299.9,309.5,162.00146117011366,38.5,148,0,0,0,0,0,0
2647,M17506,1,299.8,309.5,152.15780418886564,43.2,153,0,0,0,0,0,0
2648,L49827,0,299.8,309.4,147.44541520848094,45.6,156,0,0,0,0,0,0
2649,L49828,0,299.8,309.4,150.37756835183143,51.6,158,0,0,0,0,0,0
2650,M17509,1,299.9,309.5,165.66665259930176,38.2,160,0,0,0,0,0,0
2651,L49830,0,299.9,309.6,134.0412865531645,59.3,163,0,0,0,0,0,0
2652,L49831,0,299.9,309.5,210.27726828027684,20.4,165,0,0,0,0,0,0
2653,L49832,0,299.9,309.5,185.5634060720371,23.5,167,0,0,0,0,0,0
2654,L49833,0,299.9,309.5,186.29644435787475,26.1,169,0,0,0,0,0,0
2655,L49834,0,299.9,309.5,164.09585627250686,35.5,171,0,0,0,0,0,0
2656,M17515,1,299.8,309.4,183.36429121452426,27.0,173,0,0,0,0,0,0
2657,L49836,0,299.9,309.5,141.26694965642102,51.3,176,0,0,0,0,0,0
2658,M17517,1,300.0,309.5,149.22565104551515,40.8,178,0,0,0,0,0,0
2659,L49838,0,300.0,309.4,146.08405839192537,44.5,181,0,0,0,0,0,0
2660,H32073,2,299.8,309.3,167.02800941585735,32.1,183,0,0,0,0,0,0
2661,L49840,0,299.8,309.3,135.19320385948078,56.4,188,0,0,0,0,0,0
2662,M17521,1,299.9,309.4,158.0221104755666,42.8,190,0,0,0,0,0,0
2663,M17522,1,299.9,309.4,155.29939684245542,38.1,193,0,0,0,0,0,0
2664,L49843,0,299.9,309.3,169.64600329384882,31.1,196,0,0,0,0,0,0
2665,M17524,1,299.9,309.4,155.7182758629341,42.2,198,0,0,0,0,0,0
2666,L49845,0,299.8,309.4,236.2477675499524,15.9,201,0,0,0,0,0,0
2667,H32080,2,299.7,309.2,177.0811059073447,27.7,203,0,0,0,0,0,0
2668,M17527,1,299.8,309.3,174.1489527639942,35.2,208,0,0,0,0,0,0
2669,M17528,1,299.8,309.3,171.74039839624203,31.1,211,0,0,0,0,0,0
2670,H32083,2,299.7,309.3,156.4513141487717,37.8,214,0,0,0,0,0,0
2671,L49850,0,299.8,309.4,153.62388076054089,46.2,219,0,0,0,0,0,0
2672,M17531,1,299.7,309.3,146.50293741240404,41.9,221,1,1,0,0,0,0
2673,L49852,0,299.7,309.3,151.32004614790836,42.6,0,0,0,0,0,0,0
2674,L49853,0,299.8,309.4,154.98523757709646,40.9,2,0,0,0,0,0,0
2675,L49854,0,299.7,309.3,161.89674141499398,37.2,4,0,0,0,0,0,0
2676,L49855,0,299.7,309.3,164.82889455834447,35.8,6,0,0,0,0,0,0
2677,L49856,0,299.7,309.3,166.71385015049836,34.2,8,0,0,0,0,0,0
2678,L49857,0,299.8,309.5,156.55603390389135,39.6,10,0,0,0,0,0,0
2679,L49858,0,299.8,309.6,151.52948565814768,43.1,12,0,0,0,0,0,0
2680,L49859,0,299.8,309.5,154.5663585566178,44.4,14,0,0,0,0,0,0
2681,L49860,0,299.8,309.5,171.84511815136167,27.1,16,0,0,0,0,0,0
2682,L49861,0,299.8,309.5,161.79202165987437,32.2,18,0,0,0,0,0,0
2683,M17542,1,299.9,309.6,142.8377459832159,44.4,20,0,0,0,0,0,0
2684,L49863,0,299.8,309.5,166.504410640259,28.5,23,0,0,0,0,0,0
2685,L49864,0,299.8,309.4,152.89084247470328,37.4,25,0,0,0,0,0,0
2686,L49865,0,299.8,309.4,168.49408598753254,32.5,27,0,0,0,0,0,0
2687,L49866,0,299.8,309.4,171.00736011040442,27.5,29,0,0,0,0,0,0
2688,L49867,0,299.9,309.4,141.16222990130137,52.8,31,0,0,0,0,0,0
2689,L49868,0,299.9,309.4,138.43951626819023,53.9,33,0,0,0,0,0,0
2690,L49869,0,300.0,309.5,171.84511815136167,30.1,35,0,0,0,0,0,0
2691,L49870,0,300.0,309.5,180.95573684677208,26.0,37,0,0,0,0,0,0
2692,L49871,0,300.0,309.6,149.8539695762331,47.7,39,0,0,0,0,0,0
2693,L49872,0,300.1,309.7,171.84511815136167,30.4,41,0,0,0,0,0,0
2694,M17553,1,300.1,309.6,169.85544280408814,36.1,43,0,0,0,0,0,0
2695,M17554,1,300.1,309.6,170.16960206944714,38.0,46,0,0,0,0,0,0
2696,L49875,0,300.0,309.5,195.7212223186441,22.7,49,0,0,0,0,0,0
2697,L49876,0,300.0,309.6,152.053084433746,46.0,51,0,0,0,0,0,0
2698,L49877,0,300.0,309.6,169.4365637836095,28.7,53,0,0,0,0,0,0
2699,L49878,0,300.0,309.4,210.48670779051614,20.0,55,0,0,0,0,0,0
2700,L49879,0,299.9,309.4,142.73302622809626,60.9,57,0,0,0,0,0,0
2701,L49880,0,299.9,309.3,154.25219929125885,40.4,59,0,0,0,0,0,0
2702,L49881,0,299.9,309.2,139.59143357450648,50.8,61,0,0,0,0,0,0
2703,L49882,0,299.8,309.2,184.30676901060122,25.9,63,0,0,0,0,0,0
2704,M17563,1,299.8,309.2,143.67550402417322,58.2,65,0,0,0,0,0,0
2705,M17564,1,299.7,309.2,168.38936623241293,34.4,68,0,0,0,0,0,0
2706,L49885,0,299.7,309.2,138.85839528866885,64.8,71,0,0,0,0,0,0
2707,M17566,1,299.6,309.1,163.36281798666923,37.1,73,0,0,0,0,0,0
2708,M17567,1,299.6,309.0,161.16370312915637,36.1,76,0,0,0,0,0,0
2709,L49888,0,299.6,309.1,237.29496510114905,15.3,79,0,0,0,0,0,0
2710,L49889,0,299.6,309.1,171.84511815136167,35.8,81,0,0,0,0,0,0
2711,L49890,0,299.6,309.1,164.82889455834447,39.2,83,0,0,0,0,0,0
2712,L49891,0,299.6,309.1,147.3406954533613,50.6,85,0,0,0,0,0,0
2713,H32126,2,299.7,309.2,136.34512116579702,55.5,87,0,0,0,0,0,0
2714,M17573,1,299.6,309.2,172.89231570255828,30.8,92,0,0,0,0,0,0
2715,M17574,1,299.6,309.1,143.04718549345526,55.2,95,0,0,0,0,0,0
2716,M17575,1,299.5,309.0,178.12830345854127,28.6,98,0,0,0,0,0,0
2717,L49896,0,299.5,309.0,156.87019316925034,44.6,101,0,0,0,0,0,0
2718,M17577,1,299.5,309.1,148.91149178015618,45.3,103,0,0,0,0,0,0
2719,L49898,0,299.5,309.1,142.1047076973783,47.3,106,0,0,0,0,0,0
2720,L49899,0,299.5,309.2,176.97638615222502,29.2,108,0,0,0,0,0,0
2721,L49900,0,299.6,309.2,163.25809823154958,39.1,110,0,0,0,0,0,0
2722,M17581,1,299.6,309.3,162.62977970083162,32.4,112,0,0,0,0,0,0
2723,L49902,0,299.6,309.3,163.1533784764299,34.8,115,0,0,0,0,0,0
2724,L49903,0,299.7,309.4,142.6283064729766,51.9,117,0,0,0,0,0,0
2725,M17584,1,299.8,309.3,153.93804002589985,42.7,119,0,0,0,0,0,0
2726,L49905,0,299.8,309.4,162.83921921107094,34.8,122,0,0,0,0,0,0
2727,M17586,1,299.8,309.4,149.01621153527586,42.9,124,0,0,0,0,0,0
2728,L49907,0,299.7,309.3,150.1681288415921,38.5,127,0,0,0,0,0,0
2729,L49908,0,299.7,309.3,186.29644435787475,25.5,129,0,0,0,0,0,0
2730,L49909,0,299.7,309.3,148.3878930045579,54.6,131,0,0,0,0,0,0
2731,L49910,0,299.6,309.2,149.22565104551515,45.9,133,0,0,0,0,0,0
2732,M17591,1,299.7,309.2,167.23744892609665,32.9,135,0,0,0,0,0,0
2733,L49912,0,299.7,309.2,140.95279039106205,57.4,138,0,0,0,0,0,0
2734,L49913,0,299.7,309.2,148.91149178015618,40.4,140,0,0,0,0,0,0
2735,H32148,2,299.7,309.2,164.61945504810515,32.8,142,0,0,0,0,0,0
2736,L49915,0,299.7,309.2,147.86429422895958,45.4,147,0,0,0,0,0,0
2737,M17596,1,299.7,309.1,165.0383340685838,36.4,149,0,0,0,0,0,0
2738,M17597,1,299.7,309.1,157.91739072044692,41.2,152,0,0,0,0,0,0
2739,M17598,1,299.8,309.1,156.66075365901102,44.4,155,0,0,0,0,0,0
2740,L49919,0,299.8,309.2,164.61945504810515,35.4,158,0,0,0,0,0,0
2741,L49920,0,299.6,309.0,159.69762655748116,42.8,160,0,0,0,0,0,0
2742,L49921,0,299.6,309.0,144.30382255489116,51.9,162,0,0,0,0,0,0
2743,L49922,0,299.6,309.1,143.36134475881423,51.4,164,0,0,0,0,0,0
2744,L49923,0,299.6,309.1,154.5663585566178,45.3,166,0,0,0,0,0,0
2745,L49924,0,299.7,309.2,169.64600329384882,30.0,168,0,0,0,0,0,0
2746,M17605,1,299.7,309.1,167.8657674568146,38.5,170,0,0,0,0,0,0
2747,L49926,0,299.7,309.2,147.75957447383993,46.1,173,0,0,0,0,0,0
2748,L49927,0,299.7,309.2,169.22712427337018,31.6,175,0,0,0,0,0,0
2749,L49928,0,299.7,309.2,170.79792060016507,35.1,177,0,0,0,0,0,0
2751,H32164,2,299.7,309.2,152.47196345422464,40.6,182,0,0,0,0,0,0
2752,L49931,0,299.7,309.1,148.3878930045579,50.1,187,0,0,0,0,0,0
2753,M17612,1,299.7,309.1,193.83626672649024,24.7,189,0,0,0,0,0,0
2754,L49933,0,299.7,309.1,179.5943800302165,27.8,192,0,0,0,0,0,0
2755,H32168,2,299.6,309.1,170.69320084504542,32.3,194,0,0,0,0,0,0
2756,L49935,0,299.7,309.2,154.77579806685713,38.8,199,0,0,0,0,0,0
2757,L49936,0,299.7,309.2,186.50588386811404,29.6,201,0,0,0,0,0,0
2758,L49937,0,299.8,309.2,150.6917276171904,36.1,203,0,0,0,0,0,0
2759,M17618,1,299.7,309.2,147.86429422895958,45.3,205,0,0,0,0,0,0
2760,L49939,0,299.7,309.1,155.29939684245542,41.1,208,0,0,0,0,0,0
2761,L49940,0,299.8,309.2,146.60765716752366,42.6,210,0,0,0,0,0,0
2762,L49941,0,299.8,309.3,136.03096190043803,65.1,212,1,0,0,0,1,0
2763,L49942,0,299.8,309.2,154.8805178219768,44.4,214,0,0,0,0,0,0
2764,L49943,0,299.8,309.2,156.1371548834127,47.5,216,0,0,0,0,0,0
2765,M17624,1,299.9,309.3,145.4557398612074,52.8,0,0,0,0,0,0,0
2766,M17625,1,299.9,309.4,146.50293741240404,54.8,3,0,0,0,0,0,0
2767,M17626,1,299.9,309.4,197.8156174210373,26.0,6,0,0,0,0,0,0
2768,L49947,0,300.0,309.5,201.58552860534508,21.9,9,0,0,0,0,0,0
2769,L49948,0,300.0,309.5,175.40558982543013,30.2,11,0,0,0,0,0,0
2770,M17629,1,300.0,309.6,154.67107831173746,38.1,13,0,0,0,0,0,0
2771,L49950,0,300.0,309.6,142.8377459832159,45.9,16,0,0,0,0,0,0
2772,L49951,0,299.9,309.5,151.94836467862632,39.4,18,0,0,0,0,0,0
2773,L49952,0,299.9,309.4,153.62388076054089,41.2,20,0,0,0,0,0,0
2774,L49953,0,299.9,309.4,194.56930501232785,22.5,22,0,0,0,0,0,0
2775,L49954,0,300.1,309.4,163.25809823154958,39.7,24,0,0,0,0,0,0
2776,L49955,0,300.1,309.4,163.36281798666923,47.7,26,0,0,0,0,0,0
2777,L49956,0,300.1,309.4,152.15780418886564,47.6,28,0,0,0,0,0,0
2778,L49957,0,300.1,309.4,153.3097214951819,41.7,30,0,0,0,0,0,0
2779,L49958,0,300.0,309.4,136.973439696515,50.2,32,0,0,0,0,0,0
2780,L49959,0,300.1,309.5,141.68582867689966,50.9,34,0,0,0,0,0,0
2781,M17640,1,300.2,309.6,162.94393896619061,35.8,36,0,0,0,0,0,0
2782,L49961,0,300.2,309.5,228.60322542621728,17.8,39,0,0,0,0,0,0
2783,M17642,1,300.2,309.6,156.1371548834127,41.8,41,0,0,0,0,0,0
2784,M17643,1,300.2,309.6,160.01178582284012,35.1,44,0,0,0,0,0,0
2785,L49964,0,300.2,309.6,149.7492498211135,52.7,47,0,0,0,0,0,0
2786,L49965,0,300.2,309.5,156.55603390389135,32.6,49,0,0,0,0,0,0
2787,M17646,1,300.2,309.5,170.69320084504542,28.3,51,0,0,0,0,0,0
2788,M17647,1,300.3,309.6,159.59290680236148,38.4,54,0,0,0,0,0,0
2789,L49968,0,300.3,309.6,138.85839528866885,52.4,57,0,0,0,0,0,0
2790,H32203,2,300.3,309.5,150.58700786207075,44.0,59,0,0,0,0,0,0
2791,L49970,0,300.4,309.6,141.99998794225863,45.9,64,0,0,0,0,0,0
2792,H32205,2,300.4,309.6,148.28317324943825,43.3,66,0,0,0,0,0,0
2793,L49972,0,300.4,309.7,165.87609210954108,32.6,71,0,0,0,0,0,0
2794,L49973,0,300.3,309.6,167.23744892609665,31.8,73,0,0,0,0,0,0
2795,L49974,0,300.4,309.6,162.62977970083162,43.9,75,0,0,0,0,0,0
2796,M17655,1,300.3,309.5,147.131255943122,49.4,77,0,0,0,0,0,0
2797,L49976,0,300.2,309.5,161.16370312915637,35.3,80,0,0,0,0,0,0
2798,M17657,1,300.3,309.6,146.39821765728436,53.7,82,0,0,0,0,0,0
2799,L49978,0,300.3,309.6,164.2005760276265,39.6,85,0,0,0,0,0,0
2800,L49979,0,300.3,309.6,147.02653618800232,44.6,87,0,0,0,0,0,0
2801,M17660,1,300.2,309.5,157.07963267948966,45.7,89,0,0,0,0,0,0
2802,M17661,1,300.2,309.5,171.94983790648132,28.8,92,0,0,0,0,0,0
2803,M17662,1,300.3,309.6,158.0221104755666,46.6,95,0,0,0,0,0,0
2804,L49983,0,300.2,309.5,140.63863112570306,50.2,98,0,0,0,0,0,0
2805,L49984,0,300.1,309.5,151.84364492350664,40.1,100,0,0,0,0,0,0
2806,L49985,0,300.0,309.4,152.89084247470328,43.5,102,0,0,0,0,0,0
2807,L49986,0,300.0,309.3,142.8377459832159,41.2,104,0,0,0,0,0,0
2808,M17667,1,299.9,309.3,152.053084433746,41.9,106,0,0,0,0,0,0
2809,L49988,0,299.9,309.3,154.04275978101953,41.8,109,0,0,0,0,0,0
2810,L49989,0,299.9,309.2,167.3421686812163,34.6,111,0,0,0,0,0,0
2811,L49990,0,299.8,309.1,185.5634060720371,24.8,113,0,0,0,0,0,0
2812,L49991,0,299.9,309.2,184.41148876572083,25.6,115,0,0,0,0,0,0
2813,M17672,1,300.0,309.3,147.96901398407925,40.7,117,0,0,0,0,0,0
2814,L49993,0,300.0,309.3,197.60617791079798,22.6,120,0,0,0,0,0,0
2815,L49994,0,300.0,309.3,146.08405839192537,56.5,122,0,0,0,0,0,0
2816,M17675,1,300.1,309.4,164.30529578274619,31.6,124,0,0,0,0,0,0
2817,L49996,0,300.1,309.4,150.1681288415921,47.3,127,0,0,0,0,0,0
2818,L49997,0,300.2,309.5,148.3878930045579,41.1,129,0,0,0,0,0,0
2819,L49998,0,300.2,309.5,181.06045660189176,28.4,131,0,0,0,0,0,0
2820,L49999,0,300.2,309.5,141.99998794225863,51.1,133,0,0,0,0,0,0
2821,L50000,0,300.2,309.5,150.37756835183143,48.8,135,0,0,0,0,0,0
2822,M17681,1,300.3,309.6,148.59733251479722,42.5,137,0,0,0,0,0,0
2823,L50002,0,300.3,309.6,166.818569905618,38.1,140,0,0,0,0,0,0
2824,M17683,1,300.3,309.5,138.23007675795088,62.2,142,0,0,0,0,0,0
2825,M17684,1,300.3,309.5,151.63420541326735,42.4,145,0,0,0,0,0,0
2826,L50005,0,300.3,309.4,153.93804002589985,33.5,148,0,0,0,0,0,0
2827,M17686,1,300.3,309.4,168.80824525289154,33.1,150,0,0,0,0,0,0
2828,L50007,0,300.4,309.4,147.86429422895958,51.6,153,0,0,0,0,0,0
2829,M17688,1,300.4,309.4,196.34954084936209,23.9,155,0,0,0,0,0,0
2830,L50009,0,300.3,309.3,168.80824525289154,36.0,158,0,0,0,0,0,0
2831,M17690,1,300.4,309.3,147.75957447383993,41.6,160,0,0,0,0,0,0
2832,M17691,1,300.3,309.2,156.03243512829306,47.9,163,0,0,0,0,0,0
2833,M17692,1,300.4,309.3,153.62388076054089,40.3,166,0,0,0,0,0,0
2834,L50013,0,300.3,309.2,189.2285975012252,26.4,169,0,0,0,0,0,0
2835,L50014,0,300.3,309.1,143.25662500369455,46.0,171,0,0,0,0,0,0
2836,L50015,0,300.3,309.2,164.61945504810515,32.0,173,0,0,0,0,0,0
2837,M17696,1,300.3,309.1,152.68140296446393,44.3,175,0,0,0,0,0,0
2838,L50017,0,300.3,309.1,177.91886394830195,30.3,178,0,0,0,0,0,0
2839,L50018,0,300.3,309.3,154.77579806685713,39.5,180,0,0,0,0,0,0
2840,M17699,1,300.4,309.4,142.6283064729766,42.1,182,0,0,0,0,0,0
2841,H32254,2,300.4,309.4,155.7182758629341,38.9,185,0,0,0,0,0,0
2842,L50021,0,300.3,309.4,178.5471824790199,29.4,190,0,0,0,0,0,0
2843,L50022,0,300.3,309.3,140.84807063594238,53.5,192,0,0,0,0,0,0
2844,L50023,0,300.3,309.2,160.43066484331877,40.2,194,0,0,0,0,0,0
2845,L50024,0,300.3,309.2,172.78759594743863,35.2,196,0,0,0,0,0,0
2846,L50025,0,300.3,309.2,146.39821765728436,54.4,198,0,0,0,0,0,0
2847,L50026,0,300.3,309.2,147.86429422895958,44.8,200,0,0,0,0,0,0
2848,L50027,0,300.4,309.3,159.69762655748116,39.6,202,0,0,0,0,0,0
2849,M17708,1,300.3,309.3,145.66517937144675,57.9,204,0,0,0,0,0,0
2850,L50029,0,300.4,309.3,184.93508754131915,28.2,207,0,0,0,0,0,0
2851,L50030,0,300.4,309.3,174.98671080495149,35.0,209,0,0,0,0,0,0
2852,L50031,0,300.5,309.3,143.78022377929287,48.8,211,0,0,0,0,0,0
2853,M17712,1,300.5,309.4,141.05751014618173,50.1,213,0,0,0,0,0,0
2854,M17713,1,300.5,309.3,161.16370312915637,39.1,216,0,0,0,0,0,0
2855,L50034,0,300.5,309.3,153.93804002589985,40.8,219,0,0,0,0,0,0
2856,L50035,0,300.5,309.3,160.01178582284012,37.0,221,0,0,0,0,0,0
2857,H32270,2,300.5,309.3,154.04275978101953,45.2,223,0,0,0,0,0,0
2858,M17717,1,300.4,309.2,160.01178582284012,37.2,228,0,0,0,0,0,0
2859,L50038,0,300.5,309.3,148.3878930045579,51.5,231,1,0,0,0,1,0
2860,L50039,0,300.6,309.4,162.21090068035298,43.4,233,0,0,0,0,0,0
2861,H32274,2,300.6,309.4,153.20500174006224,49.2,235,0,0,0,0,0,0
2862,L50041,0,300.7,309.5,154.8805178219768,43.6,240,0,0,0,0,0,0
2863,L50042,0,300.6,309.5,195.5117828084048,23.0,242,0,0,0,0,0,0
2864,L50043,0,300.6,309.4,154.04275978101953,44.1,244,0,0,0,0,0,0
2865,H32278,2,300.6,309.4,144.5132620651305,47.6,246,1,1,0,0,0,0
2866,H32279,2,300.7,309.7,169.9601625592078,32.7,0,0,0,0,0,0,0
2867,L50046,0,300.8,309.7,209.12535097396056,20.7,5,0,0,0,0,0,0
2868,H32281,2,300.7,309.6,145.56045961632708,48.5,7,0,0,0,0,0,0
2869,L50048,0,300.8,309.7,148.49261275967757,46.6,12,0,0,0,0,0,0
2870,L50049,0,300.8,309.7,159.0693080267632,35.8,14,0,0,0,0,0,0
2871,M17730,1,300.8,309.7,159.0693080267632,39.7,16,0,0,0,0,0,0
2872,M17731,1,300.7,309.6,160.8495438637974,37.2,19,0,0,0,0,0,0
2873,L50052,0,300.8,309.6,175.92918860102841,28.7,22,0,0,0,0,0,0
2874,H32287,2,300.6,309.4,162.83921921107094,37.9,24,0,0,0,0,0,0
2875,L50054,0,300.6,309.5,154.04275978101953,49.6,29,0,0,0,0,0,0
2876,M17735,1,300.5,309.4,196.55898035960138,23.8,31,0,0,0,0,0,0
2877,M17736,1,300.5,309.3,165.24777357882311,30.5,34,0,0,0,0,0,0
2878,M17737,1,300.5,309.4,173.31119472303692,32.1,37,0,0,0,0,0,0
2879,H32292,2,300.5,309.4,157.28907218972896,34.3,40,0,0,0,0,0,0
2880,M17739,1,300.6,309.4,143.1519052485749,63.2,45,1,0,0,1,0,0
2881,L50060,0,300.7,309.5,161.3731426393957,37.2,48,0,0,0,0,0,0
2882,M17741,1,300.6,309.6,166.29497113001972,37.0,50,0,0,0,0,0,0
2883,L50062,0,300.6,309.6,176.34806762150706,32.8,53,0,0,0,0,0,0
2884,L50063,0,300.6,309.5,150.4822881069511,40.0,55,0,0,0,0,0,0
2885,L50064,0,300.6,309.6,147.5501349636006,42.4,57,0,0,0,0,0,0
2886,M17745,1,300.5,309.5,138.23007675795088,49.9,59,0,0,0,0,0,0
2887,H32300,2,300.5,309.5,171.2167996206437,34.2,62,0,0,0,0,0,0
2888,M17747,1,300.5,309.5,177.0811059073447,27.6,67,0,0,0,0,0,0
2889,M17748,1,300.6,309.6,142.94246573833559,50.0,70,0,0,0,0,0,0
2890,M17749,1,300.7,309.7,159.48818704724184,38.2,73,0,0,0,0,0,0
2891,L50070,0,300.6,309.7,166.818569905618,32.4,76,0,0,0,0,0,0
2892,L50071,0,300.6,309.6,176.13862811126774,30.7,78,0,0,0,0,0,0
2893,L50072,0,300.7,309.6,139.17255455402784,54.3,80,0,0,0,0,0,0
2894,M17753,1,300.7,309.6,164.2005760276265,35.2,82,0,0,0,0,0,0
2895,L50074,0,300.7,309.6,181.47933562237037,24.8,85,0,0,0,0,0,0
2896,M17755,1,300.7,309.6,154.25219929125885,48.1,87,0,0,0,0,0,0
2897,M17756,1,300.7,309.5,171.00736011040442,31.3,90,0,0,0,0,0,0
2898,M17757,1,300.6,309.5,160.22122533307945,40.2,93,0,0,0,0,0,0
2899,M17758,1,300.6,309.5,162.31562043547265,40.2,96,0,0,0,0,0,0
2900,L50079,0,300.6,309.4,147.6548547187203,40.6,99,0,0,0,0,0,0
2901,L50080,0,300.5,309.3,164.82889455834447,33.5,101,0,0,0,0,0,0
2902,L50081,0,300.6,309.4,149.22565104551515,40.3,103,0,0,0,0,0,0
2903,M17762,1,300.6,309.4,161.3731426393957,35.2,105,0,0,0,0,0,0
2904,M17763,1,300.7,309.5,181.47933562237037,26.7,108,0,0,0,0,0,0
2905,L50084,0,300.6,309.4,261.3805087786708,13.5,111,0,0,0,0,0,0
2906,L50085,0,300.6,309.4,162.52505994571194,36.4,113,0,0,0,0,0,0
2907,L50086,0,300.6,309.3,147.5501349636006,38.7,115,0,0,0,0,0,0
2908,M17767,1,300.6,309.4,165.5619328441821,35.7,117,0,0,0,0,0,0
2909,L50088,0,300.7,309.5,131.00441365469436,59.9,120,0,0,0,0,0,0
2910,L50089,0,300.7,309.6,157.07963267948966,44.1,122,0,0,0,0,0,0
2911,L50090,0,300.6,309.5,165.0383340685838,38.8,124,0,0,0,0,0,0
2912,M17771,1,300.7,309.5,141.58110892178001,44.0,126,0,0,0,0,0,0
2913,L50092,0,300.7,309.6,173.93951325375488,30.3,129,0,0,0,0,0,0
2914,L50093,0,300.7,309.6,161.3731426393957,34.6,131,0,0,0,0,0,0
2915,H32328,2,300.6,309.6,197.71089766591763,20.5,133,0,0,0,0,0,0
2916,L50095,0,300.5,309.5,131.423292675173,62.1,138,0,0,0,0,0,0
2917,L50096,0,300.6,309.6,147.75957447383993,41.6,140,0,0,0,0,0,0
2918,L50097,0,300.6,309.5,158.7551487614042,39.0,142,0,0,0,0,0,0
2919,M17778,1,300.6,309.5,156.24187463853238,34.0,144,0,0,0,0,0,0
2920,L50099,0,300.6,309.6,180.74629733653276,30.0,147,0,0,0,0,0,0
2921,L50100,0,300.7,309.7,167.3421686812163,33.7,149,0,0,0,0,0,0
2922,L50101,0,300.8,309.8,173.52063423327624,31.1,151,0,0,0,0,0,0
2923,L50102,0,300.8,309.7,155.08995733221613,38.1,153,0,0,0,0,0,0
2924,M17783,1,300.7,309.7,146.2934979021647,51.3,155,0,0,0,0,0,0
2925,L50104,0,300.8,309.7,152.99556222982292,44.3,158,0,0,0,0,0,0
2926,M17785,1,300.7,309.6,145.35102010608776,51.1,160,0,0,0,0,0,0
2927,L50106,0,300.7,309.7,157.8126709653273,52.4,163,0,0,0,0,0,0
2928,M17787,1,300.7,309.6,148.80677202503654,49.8,165,0,0,0,0,0,0
2929,M17788,1,300.8,309.7,131.737451940532,54.9,168,0,0,0,0,0,0
2930,M17789,1,300.8,309.7,155.19467708733578,39.0,171,0,0,0,0,0,0
2931,H32344,2,300.7,309.6,146.92181643288265,51.3,174,0,0,0,0,0,0
2932,L50111,0,300.8,309.7,143.78022377929287,45.4,179,0,0,0,0,0,0
2933,L50112,0,300.9,309.7,152.89084247470328,42.1,181,0,0,0,0,0,0
2934,M17793,1,300.8,309.7,183.36429121452426,27.9,183,0,0,0,0,0,0
2935,M17794,1,300.8,309.6,161.89674141499398,42.3,186,0,0,0,0,0,0
2936,M17795,1,300.8,309.7,175.92918860102841,28.2,189,0,0,0,0,0,0
2937,M17796,1,300.9,309.7,145.97933863680572,48.8,192,0,0,0,0,0,0
2938,L50117,0,300.7,309.6,189.54275676658418,26.0,195,0,0,0,0,0,0
2939,L50118,0,300.7,309.5,154.8805178219768,34.5,197,0,0,0,0,0,0
2940,L50119,0,300.9,309.7,149.8539695762331,41.4,199,0,0,0,0,0,0
2941,L50120,0,300.9,309.7,246.61502330679875,14.4,201,0,0,0,0,0,0
2942,M17801,1,300.7,309.6,209.0206312188409,19.8,203,1,1,0,0,0,0
2943,L50122,0,300.7,309.5,152.99556222982292,49.9,0,0,0,0,0,0,0
2944,H32357,2,300.7,309.5,210.17254852515717,19.7,2,0,0,0,0,0,0
2945,L50124,0,300.7,309.6,157.60323145508795,34.9,7,0,0,0,0,0,0
2946,H32359,2,300.7,309.6,201.58552860534508,20.5,9,0,0,0,0,0,0
2947,M17806,1,300.7,309.5,169.85544280408814,30.5,14,0,0,0,0,0,0
2948,L50127,0,300.7,309.5,166.71385015049836,29.0,17,0,0,0,0,0,0
2949,L50128,0,300.7,309.5,193.73154697137056,24.5,19,0,0,0,0,0,0
2950,M17809,1,300.7,309.5,153.93804002589985,48.7,21,0,0,0,0,0,0
2951,M17810,1,300.7,309.5,151.32004614790836,46.4,24,0,0,0,0,0,0
2952,L50131,0,300.7,309.5,176.4527873766267,31.1,27,0,0,0,0,0,0
2953,H32366,2,300.7,309.5,174.56783178447282,30.5,29,0,0,0,0,0,0
2954,L50133,0,300.7,309.5,165.24777357882311,35.4,34,0,0,0,0,0,0
2955,H32368,2,300.6,309.4,177.0811059073447,28.0,36,0,0,0,0,0,0
2956,M17815,1,300.7,309.5,150.6917276171904,43.8,41,0,0,0,0,0,0
2957,M17816,1,300.8,309.6,147.02653618800232,38.7,44,0,0,0,0,0,0
2958,L50137,0,300.8,309.6,156.87019316925034,45.8,47,0,0,0,0,0,0
2959,M17818,1,300.8,309.5,155.08995733221613,44.5,49,0,0,0,0,0,0
2960,M17819,1,300.7,309.4,166.3996908851394,35.0,52,0,0,0,0,0,0
2961,L50140,0,300.7,309.5,153.62388076054089,44.3,55,0,0,0,0,0,0
2962,L50141,0,300.6,309.4,173.20647496791725,32.8,57,0,0,0,0,0,0
2963,L50142,0,300.7,309.5,157.91739072044692,39.9,59,0,0,0,0,0,0
2964,M17823,1,300.7,309.6,150.6917276171904,43.0,61,0,0,0,0,0,0
2965,L50144,0,300.7,309.5,177.1858256624643,30.3,64,0,0,0,0,0,0
2966,M17825,1,300.7,309.5,192.47490990993464,24.9,66,0,0,0,0,0,0
2967,L50146,0,300.6,309.3,167.6563279465753,40.2,69,0,0,0,0,0,0
2968,L50147,0,300.6,309.4,143.36134475881423,51.6,71,0,0,0,0,0,0
2969,M17828,1,300.6,309.4,137.3923187169936,45.2,73,0,0,0,0,0,0
2970,L50149,0,300.6,309.4,153.72860051566056,44.1,76,0,0,0,0,0,0
2971,M17830,1,300.6,309.4,152.053084433746,39.4,78,0,0,0,0,0,0
2972,M17831,1,300.7,309.5,145.87461888168605,43.9,81,0,0,0,0,0,0
2973,M17832,1,300.6,309.4,149.9586893313528,44.2,84,0,0,0,0,0,0
2974,M17833,1,300.6,309.3,158.12683023068624,46.0,87,0,0,0,0,0,0
2975,M17834,1,300.6,309.4,159.2787475370025,37.2,90,0,0,0,0,0,0
2976,H32389,2,300.5,309.4,142.4188669627373,46.2,93,0,0,0,0,0,0
2977,M17836,1,300.5,309.3,196.97785938008005,25.5,98,0,0,0,0,0,0
2978,L50157,0,300.4,309.3,147.96901398407925,50.3,101,0,0,0,0,0,0
2979,H32392,2,300.5,309.4,171.94983790648132,36.2,103,0,0,0,0,0,0
2980,L50159,0,300.5,309.5,161.47786239451537,38.5,108,0,0,0,0,0,0
2981,L50160,0,300.4,309.5,151.52948565814768,39.3,110,0,0,0,0,0,0
2982,H32395,2,300.4,309.4,160.22122533307945,40.4,112,0,0,0,0,0,0
2983,L50162,0,300.5,309.5,187.97196043978929,27.7,117,0,0,0,0,0,0
2984,L50163,0,300.6,309.6,135.0884841043611,57.4,119,0,0,0,0,0,0
2985,L50164,0,300.6,309.7,171.63567864112238,30.4,121,0,0,0,0,0,0
2986,L50165,0,300.7,309.8,167.13272917097697,31.5,123,0,0,0,0,0,0
2987,L50166,0,300.6,309.8,152.36724369910496,48.0,125,0,0,0,0,0,0
2988,M17847,1,300.6,309.8,173.73007374351556,28.9,127,0,0,0,0,0,0
2989,M17848,1,300.6,309.8,160.43066484331877,42.5,130,0,0,0,0,0,0
2990,L50169,0,300.6,309.8,157.28907218972896,42.4,133,0,0,0,0,0,0
2991,L50170,0,300.6,309.8,176.7669466419857,28.6,135,0,0,0,0,0,0
2992,M17851,1,300.5,309.7,140.42919161546376,50.9,137,0,0,0,0,0,0
2993,M17852,1,300.5,309.7,176.4527873766267,29.4,140,0,0,0,0,0,0
2994,M17853,1,300.5,309.8,143.46606451393387,55.9,143,0,0,0,0,0,0
2995,L50174,0,300.5,309.8,152.99556222982292,52.5,146,0,0,0,0,0,0
2996,L50175,0,300.5,309.8,162.31562043547265,37.4,148,0,0,0,0,0,0
2997,M17856,1,300.5,309.8,157.91739072044692,37.8,150,0,0,0,0,0,0
2998,L50177,0,300.5,309.8,140.84807063594238,62.7,153,0,0,0,0,0,0
2999,L50178,0,300.5,309.7,169.22712427337018,34.5,155,0,0,0,0,0,0
3000,L50179,0,300.5,309.7,146.08405839192537,61.0,157,0,0,0,0,0,0
3001,H32414,2,300.5,309.8,138.64895577842952,72.8,159,1,0,0,1,0,0
3002,L50181,0,300.5,309.8,151.32004614790836,43.9,164,0,0,0,0,0,0
3003,M17862,1,300.5,309.8,162.83921921107094,38.9,166,0,0,0,0,0,0
3004,M17863,1,300.6,309.9,151.73892516838703,42.4,169,0,0,0,0,0,0
3005,M17864,1,300.5,309.9,153.5191610054212,53.2,172,0,0,0,0,0,0
3006,L50185,0,300.5,309.9,157.39379194484863,37.4,175,0,0,0,0,0,0
3007,L50186,0,300.4,309.7,155.8229956180537,35.7,177,0,0,0,0,0,0
3008,L50187,0,300.4,309.7,137.60175822723295,50.2,179,0,0,0,0,0,0
3009,M17868,1,300.4,309.7,162.00146117011366,38.0,181,0,0,0,0,0,0
3010,M17869,1,300.4,309.7,153.5191610054212,39.8,184,0,0,0,0,0,0
3011,L50190,0,300.3,309.6,160.95426361891708,37.1,187,0,0,0,0,0,0
3012,M17871,1,300.2,309.5,150.1681288415921,51.5,189,0,0,0,0,0,0
3013,L50192,0,300.4,309.6,149.9586893313528,44.7,192,0,0,0,0,0,0
3014,L50193,0,300.5,309.6,145.56045961632708,48.4,194,0,0,0,0,0,0
3015,L50194,0,300.5,309.7,165.45721308906244,42.8,196,0,0,0,0,0,0
3016,L50195,0,300.5,309.7,166.3996908851394,30.5,198,0,0,0,0,0,0
3017,L50196,0,300.5,309.8,150.90116712742974,48.8,200,0,0,0,0,0,0
3018,L50197,0,300.5,309.8,136.659280431156,51.7,202,0,0,0,0,0,0
3019,M17878,1,300.5,309.8,163.9911365173872,35.9,204,0,0,0,0,0,0
3020,L50199,0,300.5,309.8,144.40854231001083,54.2,207,1,0,0,0,1,0
3021,L50200,0,300.4,309.6,161.58258214963502,38.1,209,0,0,0,0,0,0
3022,L50201,0,300.5,309.8,148.80677202503654,49.6,211,0,0,0,0,0,0
3023,L50202,0,300.5,309.6,184.30676901060122,30.6,213,0,0,0,0,0,0
3024,L50203,0,300.4,309.5,179.17550100973784,29.2,215,0,0,0,0,0,0
3025,L50204,0,300.5,309.6,153.41444125030156,41.6,217,0,0,0,0,0,0
3026,L50205,0,300.5,309.6,143.04718549345526,50.2,219,0,0,0,0,0,0
3027,M17886,1,300.4,309.5,197.71089766591763,21.9,221,0,0,0,0,0,0
3028,L50207,0,300.5,309.5,186.0870048476354,23.6,0,0,0,0,0,0,0
3029,L50208,0,300.5,309.5,144.40854231001083,55.6,2,0,0,0,0,0,0
3030,L50209,0,300.4,309.5,159.69762655748116,51.3,4,0,0,0,0,0,0
3031,M17890,1,300.4,309.6,163.67697725202822,34.0,6,0,0,0,0,0,0
3032,M17891,1,300.5,309.7,145.4557398612074,43.3,9,0,0,0,0,0,0
3033,M17892,1,300.6,309.8,151.52948565814768,42.9,12,0,0,0,0,0,0
3034,M17893,1,300.6,309.7,202.52800640142198,22.8,15,0,0,0,0,0,0
3035,H32448,2,300.6,309.7,153.93804002589985,43.8,18,0,0,0,0,0,0
3036,M17895,1,300.6,309.7,149.53981031087415,42.6,23,0,0,0,0,0,0
3037,L50216,0,300.4,309.6,138.12535700283124,48.1,26,0,0,0,0,0,0
3038,L50217,0,300.5,309.7,197.60617791079798,24.3,28,0,0,0,0,0,0
3039,L50218,0,300.4,309.5,141.26694965642102,50.4,30,0,0,0,0,0,0
3040,M17899,1,300.3,309.5,174.35839227423352,31.4,32,0,0,0,0,0,0
3041,L50220,0,300.3,309.5,154.35691904637852,38.7,35,0,0,0,0,0,0
3042,L50221,0,300.4,309.5,161.58258214963502,38.9,37,0,0,0,0,0,0
3043,M17902,1,300.2,309.4,152.7861227195836,43.9,39,0,0,0,0,0,0
3044,L50223,0,300.3,309.5,162.42034019059233,37.9,42,0,0,0,0,0,0
3045,L50224,0,300.2,309.4,207.449834892046,21.4,44,0,0,0,0,0,0
3046,L50225,0,300.2,309.4,159.80234631260083,35.3,46,0,0,0,0,0,0
3047,M17906,1,300.2,309.4,157.1843524346093,40.0,48,0,0,0,0,0,0
3048,L50227,0,300.2,309.4,163.1533784764299,38.3,51,0,0,0,0,0,0
3049,L50228,0,300.2,309.3,160.43066484331877,43.2,53,0,0,0,0,0,0
3050,L50229,0,300.1,309.2,138.85839528866885,55.9,55,0,0,0,0,0,0
3051,L50230,0,300.2,309.2,149.8539695762331,51.3,57,0,0,0,0,0,0
3052,L50231,0,300.2,309.3,143.04718549345526,49.3,59,0,0,0,0,0,0
3053,L50232,0,300.1,309.2,148.80677202503654,42.5,61,0,0,0,0,0,0
3054,H32467,2,300.2,309.3,157.70795121020763,35.6,63,0,0,0,0,0,0
3055,H32468,2,300.2,309.3,140.53391137058338,48.7,68,0,0,0,0,0,0
3056,L50235,0,300.1,309.2,149.4350905557545,37.6,73,0,0,0,0,0,0
3057,L50236,0,300.2,309.2,174.56783178447282,29.9,75,0,0,0,0,0,0
3058,L50237,0,300.1,309.1,146.60765716752366,46.7,77,0,0,0,0,0,0
3059,L50238,0,300.0,309.0,178.96606149949855,32.1,79,0,0,0,0,0,0
3060,M17919,1,300.0,309.0,143.25662500369455,45.8,81,0,0,0,0,0,0
3061,L50240,0,300.0,309.1,197.08257913519967,23.8,84,0,0,0,0,0,0
3062,L50241,0,300.1,309.1,141.68582867689966,58.7,86,0,0,0,0,0,0
3063,L50242,0,299.9,309.0,162.62977970083162,40.0,88,0,0,0,0,0,0
3064,L50243,0,300.0,309.1,149.8539695762331,45.4,90,0,0,0,0,0,0
3065,M17924,1,300.1,309.1,181.26989611213105,30.4,92,0,0,0,0,0,0
3067,M17926,1,300.1,309.2,152.57668320934428,44.3,98,0,0,0,0,0,0
3068,L50247,0,300.1,309.2,160.5353845984384,37.0,101,0,0,0,0,0,0
3069,H32482,2,300.0,309.0,169.85544280408814,31.8,103,0,0,0,0,0,0
3070,L50249,0,300.0,309.1,187.55308141931064,28.2,108,0,0,0,0,0,0
3071,L50250,0,300.0,309.1,170.79792060016507,28.3,110,0,0,0,0,0,0
3072,L50251,0,300.0,309.0,227.66074763014032,16.9,112,0,0,0,0,0,0
3073,L50252,0,300.1,309.0,137.60175822723295,58.2,114,0,0,0,0,0,0
3074,L50253,0,300.1,309.1,154.77579806685713,46.9,116,0,0,0,0,0,0
3075,L50254,0,300.1,309.2,186.71532337835336,27.3,118,0,0,0,0,0,0
3076,M17935,1,300.1,309.2,145.0368608407288,46.1,120,0,0,0,0,0,0
3077,L50256,0,300.0,309.2,151.21532639278868,43.6,123,0,0,0,0,0,0
3078,L50257,0,300.1,309.3,192.78906917529363,23.0,125,0,0,0,0,0,0
3079,M17938,1,300.1,309.4,141.26694965642102,56.2,127,0,0,0,0,0,0
3080,L50259,0,300.1,309.3,140.3244718603441,56.0,130,0,0,0,0,0,0
3081,M17940,1,299.9,309.2,161.16370312915637,43.2,132,0,0,0,0,0,0
3082,M17941,1,300.0,309.3,202.31856689118268,21.8,135,0,0,0,0,0,0
3083,M17942,1,300.0,309.3,147.3406954533613,43.9,138,0,0,0,0,0,0
3084,L50263,0,300.1,309.3,179.28022076485752,28.5,141,0,0,0,0,0,0
3085,H32498,2,300.1,309.4,139.17255455402784,55.2,143,0,0,0,0,0,0
3086,L50265,0,300.1,309.2,150.90116712742974,42.9,148,0,0,0,0,0,0
3087,L50266,0,300.0,309.2,168.59880574265222,32.1,150,0,0,0,0,0,0
3088,M17947,1,300.0,309.1,154.35691904637852,45.2,152,0,0,0,0,0,0
3089,M17948,1,300.0,309.1,170.06488231432746,30.8,155,0,0,0,0,0,0
3090,H32503,2,300.1,309.3,159.17402778188284,38.2,158,0,0,0,0,0,0
3091,H32504,2,300.1,309.3,151.63420541326735,45.8,163,0,0,0,0,0,0
3092,L50271,0,300.0,309.3,163.1533784764299,29.7,168,0,0,0,0,0,0
3093,M17952,1,300.0,309.3,240.12239848937986,16.3,170,0,0,0,0,0,0
3094,L50273,0,300.0,309.3,146.2934979021647,51.2,173,0,0,0,0,0,0
3095,L50274,0,300.0,309.3,206.50735709596907,22.0,175,0,0,0,0,0,0
3096,M17955,1,299.9,309.2,164.82889455834447,36.5,177,0,0,0,0,0,0
3097,L50276,0,299.9,309.2,163.36281798666923,38.9,180,0,0,0,0,0,0
3098,M17957,1,299.9,309.2,141.68582867689966,49.8,182,0,0,0,0,0,0
3099,M17958,1,299.9,309.2,145.4557398612074,51.2,185,0,0,0,0,0,0
3100,M17959,1,299.9,309.1,158.44098949604523,43.8,188,0,0,0,0,0,0
3101,L50280,0,299.8,309.1,165.24777357882311,42.1,191,0,0,0,0,0,0
3102,H32515,2,299.8,309.0,153.62388076054089,37.3,193,0,0,0,0,0,0
3103,L50282,0,299.9,309.1,147.86429422895958,48.3,198,0,0,0,0,0,0
3104,L50283,0,299.8,309.1,174.6725515395925,30.3,200,0,0,0,0,0,0
3105,M17964,1,299.8,309.2,175.7197490907891,29.8,202,0,0,0,0,0,0
3106,L50285,0,299.8,309.1,168.80824525289154,35.4,205,0,0,0,0,0,0
3107,L50286,0,299.8,309.1,155.50883635269477,39.9,207,0,0,0,0,0,0
3108,M17967,1,299.8,309.1,152.47196345422464,39.4,209,0,0,0,0,0,0
3109,L50288,0,299.8,309.2,157.4985116999683,38.7,212,0,0,0,0,0,0
3110,L50289,0,299.9,309.2,156.1371548834127,44.3,214,0,0,0,0,0,0
3111,H32524,2,299.9,309.2,159.69762655748116,33.2,0,0,0,0,0,0,0
3112,L50291,0,300.0,309.2,184.20204925548154,27.9,5,0,0,0,0,0,0
3113,M17972,1,299.8,309.1,141.89526818713898,56.7,7,0,0,0,0,0,0
3114,M17973,1,299.9,309.1,140.84807063594238,56.8,10,0,0,0,0,0,0
3115,M17974,1,299.9,309.2,176.2433478663874,30.5,13,0,0,0,0,0,0
3116,L50295,0,299.9,309.2,173.62535398839591,34.8,16,0,0,0,0,0,0
3117,L50296,0,300.0,309.2,163.9911365173872,34.4,18,0,0,0,0,0,0
3118,M17977,1,300.1,309.3,153.83332027078018,43.9,20,0,0,0,0,0,0
3119,M17978,1,300.2,309.5,152.68140296446393,46.9,23,0,0,0,0,0,0
3120,L50299,0,300.1,309.4,194.56930501232785,23.6,26,0,0,0,0,0,0
3121,H32534,2,300.1,309.4,163.67697725202822,40.8,28,0,0,0,0,0,0
3122,L50301,0,300.1,309.4,224.20499571119157,17.9,33,0,0,0,0,0,0
3123,L50302,0,300.0,309.3,154.25219929125885,46.0,35,0,0,0,0,0,0
3124,H32537,2,300.0,309.4,156.87019316925034,38.5,37,0,0,0,0,0,0
3125,L50304,0,300.1,309.4,164.2005760276265,39.7,42,0,0,0,0,0,0
3126,L50305,0,300.1,309.4,177.39526517270366,27.4,44,0,0,0,0,0,0
3127,L50306,0,300.0,309.4,156.97491292437,35.7,46,0,0,0,0,0,0
3128,L50307,0,300.0,309.5,179.8038195404558,28.3,48,0,0,0,0,0,0
3129,M17988,1,300.1,309.5,153.1002819849426,42.8,50,0,0,0,0,0,0
3130,L50309,0,300.1,309.6,171.94983790648132,34.5,53,0,0,0,0,0,0
3131,L50310,0,300.1,309.6,184.30676901060122,25.4,55,0,0,0,0,0,0
3132,L50311,0,300.1,309.5,173.8347934986352,32.7,57,0,0,0,0,0,0
3133,L50312,0,300.1,309.5,163.04865872131026,40.6,59,0,0,0,0,0,0
3134,H32547,2,300.2,309.6,151.0058868825494,49.2,61,0,0,0,0,0,0
3135,L50314,0,300.2,309.6,142.31414720761762,51.5,66,0,0,0,0,0,0
3136,L50315,0,300.4,309.8,140.53391137058338,52.5,68,0,0,0,0,0,0
3137,L50316,0,300.4,309.9,150.27284859671178,54.8,70,0,0,0,0,0,0
3138,L50317,0,300.4,309.9,164.09585627250686,36.5,72,0,0,0,0,0,0
3139,L50318,0,300.4,309.9,144.09438304465183,43.5,74,0,0,0,0,0,0
3140,H32553,2,300.4,309.9,158.44098949604523,38.7,76,0,0,0,0,0,0
3141,H32554,2,300.4,309.9,268.396732371688,12.8,81,1,0,0,1,0,0
3142,L50321,0,300.5,310.0,159.2787475370025,45.1,86,0,0,0,0,0,0
3143,L50322,0,300.6,310.0,173.62535398839591,34.7,88,0,0,0,0,0,0
3144,H32557,2,300.6,310.0,148.59733251479722,42.4,90,0,0,0,0,0,0
3145,M18004,1,300.6,310.0,154.77579806685713,36.3,95,0,0,0,0,0,0
3146,M18005,1,300.5,310.0,148.17845349431857,43.5,98,0,0,0,0,0,0
3147,M18006,1,300.5,309.9,186.40116411299437,26.5,101,0,0,0,0,0,0
3148,M18007,1,300.4,309.7,150.79644737231007,42.8,104,0,0,0,0,0,0
3149,H32562,2,300.4,309.8,151.63420541326735,39.7,107,0,0,0,0,0,0
3150,H32563,2,300.4,309.7,157.07963267948966,35.2,112,0,0,0,0,0,0
3151,L50330,0,300.4,309.8,158.44098949604523,32.9,117,0,0,0,0,0,0
3152,L50331,0,300.5,309.8,149.53981031087415,43.8,119,0,0,0,0,0,0
3153,M18012,1,300.5,309.8,154.25219929125885,42.3,121,0,0,0,0,0,0
3154,M18013,1,300.5,309.9,155.29939684245542,49.3,124,0,0,0,0,0,0
3155,L50334,0,300.4,309.7,160.6401043535581,42.5,127,0,0,0,0,0,0
3156,L50335,0,300.5,309.8,143.1519052485749,54.0,129,0,0,0,0,0,0
3157,L50336,0,300.4,309.7,153.62388076054089,36.9,131,0,0,0,0,0,0
3158,M18017,1,300.4,309.7,155.8229956180537,42.2,133,0,0,0,0,0,0
3159,L50338,0,300.4,309.7,175.82446884590874,30.1,136,0,0,0,0,0,0
3160,H32573,2,300.4,309.8,147.5501349636006,47.5,138,0,0,0,0,0,0
3161,M18020,1,300.4,309.7,143.1519052485749,51.2,143,0,0,0,0,0,0
3162,L50341,0,300.4,309.8,137.60175822723295,63.1,146,0,0,0,0,0,0
3163,L50342,0,300.5,309.9,154.98523757709646,40.0,148,0,0,0,0,0,0
3164,L50343,0,300.4,309.8,162.21090068035298,38.9,150,0,0,0,0,0,0
3165,L50344,0,300.4,309.7,176.4527873766267,31.3,152,0,0,0,0,0,0
3166,L50345,0,300.4,309.6,160.8495438637974,34.5,154,0,0,0,0,0,0
3167,M18026,1,300.4,309.7,161.16370312915637,37.7,156,0,0,0,0,0,0
3168,L50347,0,300.4,309.7,144.93214108560912,45.1,159,0,0,0,0,0,0
3169,M18028,1,300.4,309.6,169.0176847631309,30.3,161,0,0,0,0,0,0
3170,M18029,1,300.4,309.6,175.40558982543013,35.5,164,0,0,0,0,0,0
3171,M18030,1,300.4,309.7,176.4527873766267,32.3,167,0,0,0,0,0,0
3172,L50351,0,300.4,309.6,145.14158059584844,56.9,170,0,0,0,0,0,0
3173,M18032,1,300.3,309.6,155.8229956180537,41.3,172,0,0,0,0,0,0
3174,L50353,0,300.3,309.6,170.06488231432746,32.6,175,0,0,0,0,0,0
3175,L50354,0,300.3,309.6,167.55160819145564,34.6,177,0,0,0,0,0,0
3176,L50355,0,300.3,309.6,153.72860051566056,44.7,179,0,0,0,0,0,0
3177,L50356,0,300.3,309.6,150.27284859671178,45.4,181,0,0,0,0,0,0
3178,M18037,1,300.2,309.5,163.7816970071479,33.4,183,0,0,0,0,0,0
3179,M18038,1,300.2,309.4,139.17255455402784,53.6,186,0,0,0,0,0,0
3180,L50359,0,300.1,309.3,164.41001553786586,36.8,189,0,0,0,0,0,0
3181,M18040,1,300.2,309.4,150.06340908647243,48.8,191,0,0,0,0,0,0
3182,L50361,0,300.2,309.4,159.90706606772045,37.0,194,0,0,0,0,0,0
3183,M18042,1,300.1,309.3,151.11060663766906,50.3,196,0,0,0,0,0,0
3184,L50363,0,300.1,309.3,169.22712427337018,32.0,199,0,0,0,0,0,0
3185,L50364,0,300.1,309.3,173.20647496791725,31.0,201,0,0,0,0,0,0
3186,L50365,0,300.1,309.3,176.4527873766267,27.1,203,0,0,0,0,0,0
3187,M18046,1,300.2,309.4,152.47196345422464,48.8,205,0,0,0,0,0,0
3188,M18047,1,300.2,309.4,183.46901096964393,27.8,208,0,0,0,0,0,0
3189,M18048,1,300.1,309.2,150.58700786207075,51.0,211,0,0,0,0,0,0
3190,L50369,0,300.1,309.1,162.42034019059233,33.7,214,0,0,0,0,0,0
3191,L50370,0,300.1,309.2,167.44688843633597,30.1,216,0,0,0,0,0,0
3192,M18051,1,300.1,309.2,181.37461586725072,33.7,218,0,0,0,0,0,0
3193,M18052,1,300.1,309.2,148.49261275967757,39.8,221,0,0,0,0,0,0
3194,L50373,0,300.0,309.1,146.71237692264333,44.5,0,0,0,0,0,0,0
3195,L50374,0,300.0,309.0,152.26252394398531,51.7,2,0,0,0,0,0,0
3196,M18055,1,300.0,309.2,171.2167996206437,32.4,4,0,0,0,0,0,0
3197,L50376,0,300.0,309.1,155.92771537317338,40.3,7,0,0,0,0,0,0
3198,L50377,0,300.0,309.1,153.41444125030156,40.6,9,0,0,0,0,0,0
3199,M18058,1,300.0,309.1,153.20500174006224,45.7,11,0,0,0,0,0,0
3200,H32613,2,300.1,309.1,163.36281798666923,35.4,14,0,0,0,0,0,0
3201,M18060,1,300.1,309.2,152.26252394398531,44.4,19,0,0,0,0,0,0
3202,L50381,0,300.2,309.1,154.8805178219768,47.0,22,0,0,0,0,0,0
3203,L50382,0,300.2,309.2,149.7492498211135,43.4,24,0,0,0,0,0,0
3204,M18063,1,300.1,309.1,160.5353845984384,38.0,26,0,0,0,0,0,0
3205,L50384,0,300.1,309.0,147.02653618800232,54.8,29,0,0,0,0,0,0
3206,M18065,1,300.1,308.9,162.10618092523333,38.4,31,0,0,0,0,0,0
3207,M18066,1,300.1,309.0,168.80824525289154,33.0,34,0,0,0,0,0,0
3208,M18067,1,300.2,309.0,171.94983790648132,31.2,37,0,0,0,0,0,0
3209,M18068,1,300.2,309.1,147.23597569824162,42.2,40,0,0,0,0,0,0
3210,L50389,0,300.3,309.2,166.19025137490004,31.4,43,0,0,0,0,0,0
3211,M18070,1,300.3,309.2,142.8377459832159,47.6,45,0,0,0,0,0,0
3212,L50391,0,300.3,309.2,153.1002819849426,51.4,48,0,0,0,0,0,0
3213,L50392,0,300.3,309.2,172.68287619231896,32.4,50,0,0,0,0,0,0
3214,L50393,0,300.4,309.2,183.46901096964393,29.0,52,0,0,0,0,0,0
3215,H32628,2,300.4,309.3,146.18877814704504,51.2,54,0,0,0,0,0,0
3216,M18075,1,300.5,309.4,228.18434640573864,16.3,59,0,0,0,0,0,0
3217,L50396,0,300.5,309.5,173.10175521279757,27.6,62,0,0,0,0,0,0
3218,L50397,0,300.6,309.5,212.05750411731103,21.4,64,0,0,0,0,0,0
3219,L50398,0,300.6,309.6,149.33037080063482,53.6,66,0,0,0,0,0,0
3220,M18079,1,300.6,309.6,157.39379194484863,38.4,68,0,0,0,0,0,0
3221,M18080,1,300.7,309.6,159.69762655748116,36.5,71,0,0,0,0,0,0
3222,L50401,0,300.6,309.6,149.01621153527586,49.1,74,0,0,0,0,0,0
3223,M18082,1,300.7,309.7,150.27284859671178,44.7,76,0,0,0,0,0,0
3224,H32637,2,300.6,309.5,156.55603390389135,36.5,79,0,0,0,0,0,0
3225,M18084,1,300.6,309.5,163.04865872131026,33.8,84,0,0,0,0,0,0
3226,L50405,0,300.6,309.4,154.35691904637852,40.7,87,0,0,0,0,0,0
3227,L50406,0,300.5,309.3,153.41444125030156,46.0,89,0,0,0,0,0,0
3228,M18087,1,300.5,309.3,166.3996908851394,34.9,91,0,0,0,0,0,0
3229,L50408,0,300.5,309.3,154.46163880149817,46.8,94,0,0,0,0,0,0
3230,L50409,0,300.6,309.4,151.0058868825494,43.2,96,0,0,0,0,0,0
3231,L50410,0,300.6,309.4,162.94393896619061,36.0,98,0,0,0,0,0,0
3232,L50411,0,300.7,309.3,149.22565104551515,45.3,100,0,0,0,0,0,0
3233,L50412,0,300.7,309.3,165.45721308906244,38.3,102,0,0,0,0,0,0
3234,H32647,2,300.8,309.4,154.35691904637852,40.7,104,0,0,0,0,0,0
3235,L50414,0,300.8,309.4,155.92771537317338,38.4,109,0,0,0,0,0,0
3236,L50415,0,300.8,309.4,203.7846434628579,20.5,111,0,0,0,0,0,0
3237,M18096,1,300.8,309.4,140.53391137058338,62.4,113,1,0,1,0,0,0
3238,M18097,1,300.9,309.5,184.09732950036187,26.8,116,0,0,0,0,0,0
3239,M18098,1,300.9,309.4,180.53685782629344,25.6,119,0,0,0,0,0,0
3240,L50419,0,301.0,309.5,149.7492498211135,48.5,122,0,0,0,0,0,0
3241,L50420,0,300.9,309.5,168.80824525289154,35.2,124,0,0,0,0,0,0
3242,H32655,2,300.9,309.5,153.83332027078018,43.4,126,0,0,0,0,0,0
3243,L50422,0,300.9,309.6,144.93214108560912,42.4,131,0,0,0,0,0,0
3244,L50423,0,301.0,309.6,180.53685782629344,28.1,133,0,0,0,0,0,0
3245,M18104,1,301.0,309.6,146.2934979021647,48.0,135,0,0,0,0,0,0
3246,M18105,1,301.0,309.6,166.29497113001972,32.7,138,0,0,0,0,0,0
3247,L50426,0,301.0,309.7,153.72860051566056,42.0,141,0,0,0,0,0,0
3248,M18107,1,301.0,309.8,166.92328966073768,31.1,143,0,0,0,0,0,0
3249,M18108,1,301.0,309.7,158.2315499858059,39.3,146,0,0,0,0,0,0
3250,L50429,0,301.1,309.8,156.34659439365205,38.9,149,0,0,0,0,0,0
3251,H32664,2,301.2,309.8,178.96606149949855,27.0,151,0,0,0,0,0,0
3252,L50431,0,301.1,309.6,157.1843524346093,36.1,156,0,0,0,0,0,0
3253,L50432,0,301.1,309.7,174.6725515395925,30.8,158,0,0,0,0,0,0
3254,L50433,0,301.1,309.6,157.28907218972896,48.9,160,0,0,0,0,0,0
3255,M18114,1,301.0,309.7,134.87904459412178,58.4,162,0,0,0,0,0,0
3256,L50435,0,301.0,309.7,156.1371548834127,42.9,165,0,0,0,0,0,0
3257,L50436,0,301.1,309.8,159.0693080267632,39.6,167,0,0,0,0,0,0
3258,L50437,0,301.2,309.9,207.76399415740497,19.7,169,0,0,0,0,0,0
3259,L50438,0,301.2,309.9,172.054557661601,32.9,171,0,0,0,0,0,0
3260,M18119,1,301.2,310.0,170.16960206944714,31.6,173,0,0,0,0,0,0
3261,M18120,1,301.3,310.0,216.5604535874564,17.8,176,0,0,0,0,0,0
3262,H32675,2,301.3,310.1,153.83332027078018,39.7,179,0,0,0,0,0,0
3263,L50442,0,301.3,310.1,163.1533784764299,36.3,184,0,0,0,0,0,0
3264,L50443,0,301.3,310.0,140.74335088082273,54.8,186,0,0,0,0,0,0
3265,H32678,2,301.3,310.1,152.36724369910496,44.1,188,0,0,0,0,0,0
3266,L50445,0,301.3,310.1,141.89526818713898,53.6,193,0,0,0,0,0,0
3267,L50446,0,301.3,310.1,132.88936924684825,56.8,195,1,0,0,0,1,0
3268,L50447,0,301.3,310.0,162.31562043547265,41.5,197,0,0,0,0,0,0
3269,M18128,1,301.3,310.1,159.69762655748116,37.8,199,0,0,0,0,0,0
3270,M18129,1,301.3,310.0,177.60470468294298,32.4,202,0,0,0,0,0,0
3271,L50450,0,301.4,310.1,202.84216566678097,21.8,205,0,0,0,0,0,0
3272,M18131,1,301.4,310.0,176.87166639710534,32.1,207,0,0,0,0,0,0
3273,M18132,1,301.3,310.0,166.818569905618,30.8,210,0,0,0,0,0,0
3274,M18133,1,301.3,309.9,163.88641676226752,36.0,213,0,0,0,0,0,0
3275,L50454,0,301.3,310.0,174.35839227423352,31.4,0,0,0,0,0,0,0
3276,H32689,2,301.3,310.0,160.43066484331877,36.3,2,0,0,0,0,0,0
3277,L50456,0,301.3,310.0,150.58700786207075,40.9,7,0,0,0,0,0,0
3278,L50457,0,301.3,310.1,160.32594508819912,41.6,9,0,0,0,0,0,0
3279,L50458,0,301.3,310.0,157.70795121020763,40.8,11,0,0,0,0,0,0
3280,L50459,0,301.2,309.9,144.7227015753698,52.4,13,0,0,0,0,0,0
3281,M18140,1,301.2,309.9,152.47196345422464,50.8,15,0,0,0,0,0,0
3282,M18141,1,301.2,310.0,151.32004614790836,45.6,18,0,0,0,0,0,0
3283,L50462,0,301.2,309.9,158.65042900628455,40.9,21,0,0,0,0,0,0
3284,L50463,0,301.2,309.9,151.73892516838703,45.5,23,0,0,0,0,0,0
3285,H32698,2,301.2,309.9,142.6283064729766,50.7,25,0,0,0,0,0,0
3286,L50465,0,301.2,309.9,176.66222688686602,29.7,30,0,0,0,0,0,0
3287,L50466,0,301.2,310.0,169.4365637836095,37.6,32,0,0,0,0,0,0
3288,M18147,1,301.2,310.1,163.1533784764299,32.6,34,0,0,0,0,0,0
3289,L50468,0,301.3,310.1,174.04423300887453,31.0,37,0,0,0,0,0,0
3290,M18149,1,301.2,310.1,135.6120828799594,56.6,39,0,0,0,0,0,0
3291,L50470,0,301.2,310.2,145.0368608407288,42.3,42,0,0,0,0,0,0
3292,M18151,1,301.2,310.1,154.8805178219768,45.5,44,0,0,0,0,0,0
3293,L50472,0,301.3,310.3,146.60765716752366,44.3,47,0,0,0,0,0,0
3294,M18153,1,301.2,310.3,142.1047076973783,54.5,49,0,0,0,0,0,0
3295,L50474,0,301.1,310.2,173.52063423327624,34.1,52,0,0,0,0,0,0
3296,L50475,0,301.1,310.2,156.66075365901102,43.4,54,0,0,0,0,0,0
3297,M18156,1,301.2,310.3,144.40854231001083,43.2,56,0,0,0,0,0,0
3298,L50477,0,301.2,310.3,162.10618092523333,38.6,59,0,0,0,0,0,0
3299,L50478,0,301.2,310.3,156.97491292437,38.1,61,0,0,0,0,0,0
3300,L50479,0,301.3,310.5,145.56045961632708,45.8,63,0,0,0,0,0,0
3301,H32714,2,301.3,310.4,161.05898337403673,38.4,65,0,0,0,0,0,0
3302,L50481,0,301.3,310.5,142.94246573833559,47.7,70,0,0,0,0,0,0
3303,L50482,0,301.3,310.5,157.39379194484863,48.6,72,0,0,0,0,0,0
3304,L50483,0,301.2,310.4,145.56045961632708,49.9,74,0,0,0,0,0,0
3305,L50484,0,301.2,310.3,156.76547341413067,45.7,76,0,0,0,0,0,0
3306,M18165,1,301.3,310.4,165.14305382370344,48.3,78,0,0,0,0,0,0
3307,L50486,0,301.4,310.5,149.9586893313528,54.3,81,0,0,0,0,0,0
3308,M18167,1,301.4,310.5,163.67697725202822,39.9,83,0,0,0,0,0,0
3309,L50488,0,301.4,310.4,150.06340908647243,43.4,86,0,0,0,0,0,0
3310,L50489,0,301.3,310.4,144.93214108560912,50.1,88,0,0,0,0,0,0
3311,L50490,0,301.3,310.4,140.95279039106205,46.7,90,0,0,0,0,0,0
3312,L50491,0,301.3,310.4,152.7861227195836,44.7,92,0,0,0,0,0,0
3313,L50492,0,301.4,310.4,171.63567864112238,28.9,94,0,0,0,0,0,0
3314,L50493,0,301.4,310.4,181.898214642849,31.9,96,0,0,0,0,0,0
3315,L50494,0,301.4,310.5,155.92771537317338,43.5,98,0,0,0,0,0,0
3316,M18175,1,301.5,310.6,156.24187463853238,43.0,100,0,0,0,0,0,0
3317,M18176,1,301.4,310.5,127.44394198062594,60.6,103,0,0,0,0,0,0
3318,L50497,0,301.5,310.5,171.3215193757634,28.7,106,0,0,0,0,0,0
3319,L50498,0,301.4,310.4,150.37756835183143,49.7,108,0,0,0,0,0,0
3320,L50499,0,301.4,310.4,176.87166639710534,30.6,110,0,0,0,0,0,0
3321,L50500,0,301.5,310.5,239.7035194689012,16.4,112,0,0,0,0,0,0
3322,L50501,0,301.5,310.6,159.38346729212216,41.0,114,0,0,0,0,0,0
3323,L50502,0,301.5,310.5,141.47638916666034,52.9,116,0,0,0,0,0,0
3324,L50503,0,301.5,310.5,166.3996908851394,36.7,118,0,0,0,0,0,0
3325,L50504,0,301.5,310.6,165.24777357882311,34.1,120,0,0,0,0,0,0
3326,L50505,0,301.5,310.6,166.19025137490004,33.7,122,0,0,0,0,0,0
3327,L50506,0,301.5,310.6,205.46015954477247,20.2,124,0,0,0,0,0,0
3328,M18187,1,301.5,310.6,254.67844445101255,14.2,126,0,0,0,0,0,0
3329,L50508,0,301.6,310.6,148.49261275967757,43.9,129,0,0,0,0,0,0
3330,L50509,0,301.6,310.7,176.2433478663874,29.7,131,0,0,0,0,0,0
3331,L50510,0,301.7,310.8,145.0368608407288,50.7,133,0,0,0,0,0,0
3332,L50511,0,301.7,310.8,163.25809823154958,44.5,135,0,0,0,0,0,0
3333,M18192,1,301.7,310.8,174.98671080495149,31.6,137,0,0,0,0,0,0
3334,M18193,1,301.6,310.8,140.63863112570306,49.5,140,0,0,0,0,0,0
3335,M18194,1,301.6,310.8,162.10618092523333,34.2,143,0,0,0,0,0,0
3336,L50515,0,301.7,310.9,178.5471824790199,31.2,146,0,0,0,0,0,0
3337,L50516,0,301.6,310.8,160.74482410867773,35.4,148,0,0,0,0,0,0
3338,L50517,0,301.6,310.8,163.7816970071479,34.1,150,0,0,0,0,0,0
3339,M18198,1,301.6,310.9,158.12683023068624,40.9,152,0,0,0,0,0,0
3340,L50519,0,301.6,310.9,156.24187463853238,45.2,155,0,0,0,0,0,0
3341,M18200,1,301.5,310.8,152.053084433746,44.1,157,0,0,0,0,0,0
3342,H32755,2,301.4,310.7,139.17255455402784,52.0,160,0,0,0,0,0,0
3343,L50522,0,301.5,310.8,144.7227015753698,52.4,165,0,0,0,0,0,0
3344,M18203,1,301.5,310.8,170.4837613348061,36.4,167,0,0,0,0,0,0
3345,L50524,0,301.4,310.7,178.65190223413956,27.9,170,0,0,0,0,0,0
3346,L50525,0,301.3,310.7,166.92328966073768,34.1,172,0,0,0,0,0,0
3347,L50526,0,301.3,310.7,184.41148876572083,24.3,174,0,0,0,0,0,0
3348,L50527,0,301.3,310.6,160.1165055779598,41.8,176,0,0,0,0,0,0
3349,M18208,1,301.3,310.7,160.43066484331877,40.7,178,0,0,0,0,0,0
3350,L50529,0,301.4,310.7,175.19615031519078,27.8,181,0,0,0,0,0,0
3351,L50530,0,301.4,310.8,134.56488532876278,62.6,183,1,0,0,0,1,0
3352,L50531,0,301.4,310.8,175.92918860102841,31.4,185,0,0,0,0,0,0
3353,L50532,0,301.4,310.8,168.59880574265222,34.6,187,0,0,0,0,0,0
3354,L50533,0,301.6,310.9,170.90264035528475,31.6,189,0,0,0,0,0,0
3355,L50534,0,301.6,310.9,163.25809823154958,40.2,191,0,0,0,0,0,0
3356,L50535,0,301.5,310.8,143.1519052485749,49.0,193,0,0,0,0,0,0
3357,L50536,0,301.6,310.8,141.89526818713898,57.8,195,1,0,0,0,1,0
3358,H32771,2,301.6,310.7,148.0737337391989,51.7,197,0,0,0,0,0,0
3359,L50538,0,301.5,310.6,159.38346729212216,36.6,202,0,0,0,0,0,0
3360,L50539,0,301.5,310.6,159.69762655748116,41.9,204,0,0,0,0,0,0
3361,L50540,0,301.5,310.6,145.97933863680572,46.5,206,0,0,0,0,0,0
3362,L50541,0,301.5,310.6,159.0693080267632,40.7,208,0,0,0,0,0,0
3363,L50542,0,301.4,310.6,151.32004614790836,43.9,210,0,0,0,0,0,0
3364,L50543,0,301.4,310.6,162.83921921107094,43.3,212,0,0,0,0,0,0
3365,L50544,0,301.4,310.5,171.00736011040442,39.5,0,0,0,0,0,0,0
3366,M18225,1,301.4,310.6,170.69320084504542,30.3,2,0,0,0,0,0,0
3367,M18226,1,301.4,310.7,177.1858256624643,32.3,5,0,0,0,0,0,0
3368,H32781,2,301.5,310.7,187.448361664191,26.2,8,0,0,0,0,0,0
3369,L50548,0,301.5,310.8,141.3716694115407,58.5,13,0,0,0,0,0,0
3370,L50549,0,301.5,310.9,289.026524130261,8.0,15,1,0,0,1,0,0
3371,L50550,0,301.4,310.7,165.87609210954108,32.2,17,0,0,0,0,0,0
3372,L50551,0,301.4,310.7,208.28759293300325,21.8,19,0,0,0,0,0,0
3373,L50552,0,301.4,310.8,149.8539695762331,44.3,21,0,0,0,0,0,0
3374,L50553,0,301.4,310.7,164.2005760276265,35.2,23,0,0,0,0,0,0
3375,L50554,0,301.4,310.7,144.09438304465183,50.6,25,0,0,0,0,0,0
3376,M18235,1,301.4,310.6,152.7861227195836,46.9,27,0,0,0,0,0,0
3377,M18236,1,301.5,310.8,145.0368608407288,47.5,30,0,0,0,0,0,0
3378,H32791,2,301.5,310.8,166.60913039537868,29.6,33,0,0,0,0,0,0
3379,L50558,0,301.5,310.7,164.2005760276265,33.1,38,0,0,0,0,0,0
3380,M18239,1,301.4,310.7,152.7861227195836,37.7,40,0,0,0,0,0,0
3381,L50560,0,301.4,310.7,166.504410640259,36.3,43,0,0,0,0,0,0
3382,L50561,0,301.3,310.6,144.09438304465183,47.6,45,0,0,0,0,0,0
3383,L50562,0,301.3,310.6,158.12683023068624,38.5,47,0,0,0,0,0,0
3384,H32797,2,301.4,310.6,175.30087007031045,33.6,49,0,0,0,0,0,0
3385,L50564,0,301.3,310.6,149.33037080063482,40.7,54,0,0,0,0,0,0
3386,L50565,0,301.5,310.7,153.5191610054212,43.6,56,0,0,0,0,0,0
3387,H32800,2,301.5,310.8,154.35691904637852,38.7,58,0,0,0,0,0,0
3388,M18247,1,301.6,310.8,135.0884841043611,65.3,63,0,0,0,0,0,0
3389,M18248,1,301.7,310.9,150.27284859671178,48.0,66,0,0,0,0,0,0
3390,M18249,1,301.5,310.7,148.28317324943825,53.2,69,0,0,0,0,0,0
3391,H32804,2,301.5,310.7,167.44688843633597,40.4,72,0,0,0,0,0,0
3392,L50571,0,301.5,310.7,153.5191610054212,47.3,77,0,0,0,0,0,0
3393,L50572,0,301.5,310.7,147.44541520848094,47.3,79,0,0,0,0,0,0
3394,L50573,0,301.5,310.6,156.03243512829306,48.1,81,0,0,0,0,0,0
3395,L50574,0,301.5,310.6,147.131255943122,42.3,83,0,0,0,0,0,0
3396,L50575,0,301.4,310.5,172.47343668207964,33.3,85,0,0,0,0,0,0
3397,M18256,1,301.4,310.6,152.7861227195836,35.0,87,0,0,0,0,0,0
3398,L50577,0,301.4,310.6,172.57815643719928,30.7,90,0,0,0,0,0,0
3399,L50578,0,301.4,310.7,175.40558982543013,30.7,92,0,0,0,0,0,0
3400,L50579,0,301.4,310.7,168.07520696705393,34.2,94,0,0,0,0,0,0
3401,H32814,2,301.4,310.7,160.8495438637974,44.4,96,0,0,0,0,0,0
3402,M18261,1,301.4,310.7,169.33184402848985,34.3,101,0,0,0,0,0,0
3403,L50582,0,301.4,310.6,141.05751014618173,53.3,104,0,0,0,0,0,0
3404,L50583,0,301.3,310.5,140.0103125949851,52.7,106,0,0,0,0,0,0
3405,L50584,0,301.3,310.4,177.4999849278233,30.9,108,0,0,0,0,0,0
3406,M18265,1,301.3,310.4,171.2167996206437,32.5,110,0,0,0,0,0,0
3407,L50586,0,301.2,310.4,153.93804002589985,44.0,113,0,0,0,0,0,0
3408,L50587,0,301.2,310.4,144.61798182025012,49.8,115,0,0,0,0,0,0
3409,M18268,1,301.2,310.4,144.7227015753698,41.6,117,0,0,0,0,0,0
3410,M18269,1,301.2,310.4,177.70942443806265,30.0,120,0,0,0,0,0,0
3411,L50590,0,301.2,310.3,151.94836467862632,39.7,123,0,0,0,0,0,0
3412,L50591,0,301.3,310.3,148.59733251479722,55.7,125,0,0,0,0,0,0
3413,L50592,0,301.3,310.3,137.49703847211327,55.6,127,0,0,0,0,0,0
3414,L50593,0,301.3,310.3,163.36281798666923,36.3,129,0,0,0,0,0,0
3415,L50594,0,301.3,310.3,162.83921921107094,41.2,131,0,0,0,0,0,0
3416,L50595,0,301.4,310.4,165.35249333394276,36.9,133,0,0,0,0,0,0
3417,L50596,0,301.5,310.5,150.27284859671178,44.6,135,0,0,0,0,0,0
3418,L50597,0,301.6,310.6,169.7507230489685,33.7,137,0,0,0,0,0,0
3419,H32832,2,301.6,310.6,162.83921921107094,40.4,139,0,0,0,0,0,0
3420,L50599,0,301.5,310.5,168.7035254977719,33.8,144,0,0,0,0,0,0
3421,L50600,0,301.6,310.6,192.05603088945603,23.5,146,0,0,0,0,0,0
3422,M18281,1,301.5,310.5,168.80824525289154,29.8,148,0,0,0,0,0,0
3423,L50602,0,301.5,310.4,170.58848108992575,34.1,151,0,0,0,0,0,0
3424,L50603,0,301.4,310.4,156.66075365901102,35.2,153,0,0,0,0,0,0
3425,L50604,0,301.5,310.5,166.818569905618,32.9,155,0,0,0,0,0,0
3426,M18285,1,301.5,310.5,169.9601625592078,33.5,157,0,0,0,0,0,0
3427,L50606,0,301.5,310.5,144.5132620651305,48.7,160,0,0,0,0,0,0
3428,L50607,0,301.6,310.6,163.57225749690858,34.4,162,0,0,0,0,0,0
3429,L50608,0,301.6,310.6,145.66517937144675,49.4,164,0,0,0,0,0,0
3430,H32843,2,301.5,310.5,162.42034019059233,34.3,166,0,0,0,0,0,0
3431,H32844,2,301.6,310.6,190.69467407290043,26.2,171,0,0,0,0,0,0
3432,L50611,0,301.6,310.7,149.64453006599382,43.6,176,0,0,0,0,0,0
3433,M18292,1,301.6,310.7,210.69614730075546,20.7,178,0,0,0,0,0,0
3434,M18293,1,301.6,310.6,201.4808088502254,23.6,181,0,0,0,0,0,0
3435,M18294,1,301.5,310.5,147.86429422895958,44.1,184,0,0,0,0,0,0
3436,L50615,0,301.5,310.5,145.4557398612074,54.9,187,0,0,0,0,0,0
3437,L50616,0,301.5,310.5,153.5191610054212,48.1,189,0,0,0,0,0,0
3438,L50617,0,301.5,310.5,240.5412775098585,15.8,191,0,0,0,0,0,0
3439,L50618,0,301.4,310.4,154.04275978101953,37.5,193,0,0,0,0,0,0
3440,L50619,0,301.4,310.3,156.24187463853238,41.4,195,0,0,0,0,0,0
3441,L50620,0,301.3,310.3,152.89084247470328,41.5,197,0,0,0,0,0,0
3442,L50621,0,301.4,310.4,163.25809823154958,39.4,199,0,0,0,0,0,0
3443,M18302,1,301.4,310.5,156.55603390389135,52.5,201,0,0,0,0,0,0
3444,L50623,0,301.5,310.5,160.74482410867773,39.0,204,0,0,0,0,0,0
3445,L50624,0,301.5,310.6,144.61798182025012,50.7,206,0,0,0,0,0,0
3446,M18305,1,301.6,310.6,167.44688843633597,36.1,208,0,0,0,0,0,0
3447,H32860,2,301.6,310.6,146.60765716752366,49.5,211,0,0,0,0,0,0
3448,L50627,0,301.7,310.6,170.06488231432746,34.5,216,0,0,0,0,0,0
3449,L50628,0,301.6,310.6,154.77579806685713,36.6,218,0,0,0,0,0,0
3450,L50629,0,301.7,310.7,168.07520696705393,33.3,220,0,0,0,0,0,0
3451,L50630,0,301.6,310.6,157.70795121020763,43.4,222,0,0,0,0,0,0
3452,L50631,0,301.6,310.6,152.36724369910496,43.9,0,0,0,0,0,0,0
3454,L50633,0,301.5,310.4,149.22565104551515,54.4,7,0,0,0,0,0,0
3455,L50634,0,301.5,310.4,200.85249031950744,21.8,9,0,0,0,0,0,0
3456,H32869,2,301.4,310.3,168.7035254977719,41.5,11,0,0,0,0,0,0
3457,H32870,2,301.4,310.4,168.59880574265222,38.6,16,0,0,0,0,0,0
3458,M18317,1,301.5,310.4,276.35543376078215,12.0,21,1,0,0,1,0,0
3459,L50638,0,301.5,310.4,139.17255455402784,46.6,24,0,0,0,0,0,0
3460,L50639,0,301.5,310.4,132.9940890019679,54.2,26,0,0,0,0,0,0
3461,L50640,0,301.5,310.3,148.17845349431857,41.6,28,0,0,0,0,0,0
3462,H32875,2,301.6,310.4,139.2772743091475,49.5,30,0,0,0,0,0,0
3463,H32876,2,301.6,310.5,187.02948264371236,27.1,35,0,0,0,0,0,0
3464,L50643,0,301.6,310.5,189.43803701146453,25.5,40,0,0,0,0,0,0
3465,L50644,0,301.7,310.6,136.44984092091667,59.7,42,0,0,0,0,0,0
3466,M18325,1,301.8,310.7,144.82742133048947,45.7,44,0,0,0,0,0,0
3467,L50646,0,301.7,310.6,151.52948565814768,56.9,47,0,0,0,0,0,0
3468,L50647,0,301.8,310.7,152.99556222982292,44.2,49,0,0,0,0,0,0
3469,L50648,0,301.8,310.7,219.07372771032823,18.6,51,0,0,0,0,0,0
3470,M18329,1,301.8,310.7,149.64453006599382,47.9,53,0,0,0,0,0,0
3471,L50650,0,301.8,310.8,181.79349488772934,26.5,56,0,0,0,0,0,0
3472,L50651,0,301.8,310.7,150.90116712742974,49.3,58,0,0,0,0,0,0
3473,L50652,0,301.8,310.7,159.48818704724184,43.3,60,0,0,0,0,0,0
3474,M18333,1,301.8,310.8,177.0811059073447,33.4,62,0,0,0,0,0,0
3475,M18334,1,301.9,310.8,163.04865872131026,35.3,65,0,0,0,0,0,0
3476,L50655,0,301.8,310.7,172.15927741672067,33.4,68,0,0,0,0,0,0
3477,L50656,0,301.8,310.6,159.38346729212216,43.8,70,0,0,0,0,0,0
3478,L50657,0,301.8,310.7,162.00146117011366,41.7,72,0,0,0,0,0,0
3479,L50658,0,301.8,310.7,167.23744892609665,30.8,74,0,0,0,0,0,0
3480,M18339,1,301.8,310.8,169.54128353872918,31.0,76,0,0,0,0,0,0
3481,L50660,0,301.9,310.8,146.60765716752366,58.2,79,0,0,0,0,0,0
3482,L50661,0,302.0,310.9,174.1489527639942,31.5,81,0,0,0,0,0,0
3483,L50662,0,301.9,310.8,161.26842288427605,37.6,83,0,0,0,0,0,0
3484,H32897,2,301.9,310.8,152.36724369910496,42.7,85,0,0,0,0,0,0
3485,L50664,0,301.9,310.8,159.0693080267632,39.0,90,0,0,0,0,0,0
3486,L50665,0,301.9,310.8,149.4350905557545,47.7,92,0,0,0,0,0,0
3487,L50666,0,301.9,310.8,172.78759594743863,29.8,94,0,0,0,0,0,0
3488,M18347,1,301.8,310.8,157.91739072044692,38.8,96,0,0,0,0,0,0
3489,L50668,0,301.9,310.9,144.40854231001083,54.8,99,0,0,0,0,0,0
3490,L50669,0,301.9,310.9,161.47786239451537,36.7,101,0,0,0,0,0,0
3491,M18350,1,301.9,310.9,184.62092827596018,28.4,103,0,0,0,0,0,0
3492,H32905,2,301.9,310.9,166.504410640259,34.3,106,0,0,0,0,0,0
3493,H32906,2,301.9,311.0,139.90559283986545,63.6,111,0,0,0,0,0,0
3494,M18353,1,301.9,311.0,171.5309588860027,35.4,116,0,0,0,0,0,0
3495,L50674,0,301.9,311.0,141.99998794225863,45.7,119,0,0,0,0,0,0
3496,M18355,1,301.9,311.0,144.93214108560912,47.4,121,0,0,0,0,0,0
3497,L50676,0,301.9,310.9,137.07815945163463,48.0,124,0,0,0,0,0,0
3498,L50677,0,301.9,311.0,171.94983790648132,33.1,126,0,0,0,0,0,0
3499,L50678,0,301.9,311.0,134.98376434924143,54.9,128,0,0,0,0,0,0
3500,L50679,0,301.9,311.0,141.68582867689966,43.8,130,0,0,0,0,0,0
3501,H32914,2,301.9,311.0,195.93066182888342,26.0,132,0,0,0,0,0,0
3502,H32915,2,301.9,311.0,135.19320385948078,63.6,137,0,0,0,0,0,0
3503,M18362,1,301.8,310.9,140.95279039106205,44.6,142,0,0,0,0,0,0
3504,L50683,0,301.7,310.8,156.34659439365205,47.6,145,0,0,0,0,0,0
3505,M18364,1,301.7,310.8,159.59290680236148,41.3,147,0,0,0,0,0,0
3506,L50685,0,301.6,310.8,180.74629733653276,26.7,150,0,0,0,0,0,0
3507,H32920,2,301.6,310.8,150.27284859671178,47.2,152,0,0,0,0,0,0
3508,M18367,1,301.7,310.8,157.28907218972896,34.4,157,0,0,0,0,0,0
3509,L50688,0,301.7,310.9,168.38936623241293,33.0,160,0,0,0,0,0,0
3510,L50689,0,301.8,311.0,185.45868631691746,27.2,162,0,0,0,0,0,0
3511,L50690,0,301.7,311.0,154.35691904637852,42.6,164,0,0,0,0,0,0
3512,L50691,0,301.8,311.0,138.43951626819023,53.0,166,0,0,0,0,0,0
3513,M18372,1,301.8,311.0,145.87461888168605,49.5,168,0,0,0,0,0,0
3514,M18373,1,301.9,311.1,148.3878930045579,52.5,171,0,0,0,0,0,0
3515,H32928,2,301.9,311.0,149.7492498211135,49.8,174,0,0,0,0,0,0
3516,M18375,1,301.9,311.1,168.07520696705393,40.0,179,0,0,0,0,0,0
3517,L50696,0,302.0,311.1,146.817096677763,47.8,182,0,0,0,0,0,0
3518,L50697,0,302.0,311.0,162.31562043547265,35.2,184,0,0,0,0,0,0
3519,L50698,0,301.9,311.0,144.09438304465183,44.9,186,0,0,0,0,0,0
3520,M18379,1,301.9,310.9,164.30529578274619,32.5,188,0,0,0,0,0,0
3521,L50700,0,301.9,311.0,174.77727129471216,32.2,191,0,0,0,0,0,0
3522,L50701,0,301.9,311.0,161.3731426393957,38.9,193,0,0,0,0,0,0
3523,L50702,0,301.8,311.0,172.89231570255828,32.5,195,0,0,0,0,0,0
3524,L50703,0,301.8,310.9,159.2787475370025,39.3,197,0,0,0,0,0,0
3525,M18384,1,301.8,310.8,142.94246573833559,48.2,199,0,0,0,0,0,0
3526,L50705,0,301.8,310.9,168.49408598753254,31.7,202,0,0,0,0,0,0
3527,H32940,2,301.8,310.8,153.93804002589985,37.6,204,0,0,0,0,0,0
3528,M18387,1,301.9,310.9,164.72417480322483,38.9,209,0,0,0,0,0,0
3529,L50708,0,302.0,310.9,144.30382255489116,53.1,212,1,0,0,0,1,0
3530,L50709,0,301.9,310.9,164.09585627250686,39.0,214,1,1,0,0,0,0
3531,M18390,1,301.9,310.9,150.90116712742974,43.7,0,0,0,0,0,0,0
3532,M18391,1,301.9,310.9,171.84511815136167,33.2,3,0,0,0,0,0,0
3533,L50712,0,301.9,310.9,155.61355610781442,40.3,6,0,0,0,0,0,0
3534,L50713,0,302.0,311.0,163.67697725202822,36.2,8,0,0,0,0,0,0
3535,M18394,1,302.0,311.1,185.24924680667812,26.0,10,0,0,0,0,0,0
3536,H32949,2,301.9,311.0,175.09143056007116,29.9,13,0,0,0,0,0,0
3537,L50716,0,302.0,311.0,170.90264035528475,34.2,18,0,0,0,0,0,0
3538,M18397,1,302.0,311.0,207.34511513692635,21.5,20,0,0,0,0,0,0
3539,L50718,0,302.0,311.1,171.2167996206437,36.0,23,0,0,0,0,0,0
3540,L50719,0,302.0,311.0,176.55750713174638,32.5,25,0,0,0,0,0,0
3541,L50720,0,301.9,310.9,164.82889455834447,31.4,27,0,0,0,0,0,0
3542,L50721,0,301.8,310.8,161.89674141499398,43.4,29,0,0,0,0,0,0
3543,L50722,0,301.8,310.9,198.8628149722339,24.7,31,0,0,0,0,0,0
3544,L50723,0,301.8,310.9,151.73892516838703,36.5,33,0,0,0,0,0,0
3545,M18404,1,301.9,310.9,155.29939684245542,37.0,35,0,0,0,0,0,0
3546,L50725,0,301.8,310.8,165.0383340685838,38.6,38,0,0,0,0,0,0
3547,M18406,1,301.9,310.9,137.91591749259192,51.9,40,0,0,0,0,0,0
3548,M18407,1,301.9,311.0,153.62388076054089,48.1,43,0,0,0,0,0,0
3549,L50728,0,301.9,310.9,169.22712427337018,34.5,46,0,0,0,0,0,0
3550,M18409,1,301.8,310.9,136.03096190043803,60.4,48,0,0,0,0,0,0
3551,M18410,1,301.9,311.0,149.9586893313528,41.5,51,0,0,0,0,0,0
3552,L50731,0,301.9,310.9,188.3908394602679,24.2,54,0,0,0,0,0,0
3553,M18412,1,301.8,310.9,142.20942745249798,52.3,56,0,0,0,0,0,0
3554,M18413,1,301.8,310.8,169.4365637836095,37.8,59,0,0,0,0,0,0
3555,L50734,0,301.9,310.8,159.69762655748116,43.2,62,0,0,0,0,0,0
3556,L50735,0,301.8,310.7,162.42034019059233,37.7,64,0,0,0,0,0,0
3557,L50736,0,301.9,310.8,181.68877513260972,31.5,66,0,0,0,0,0,0
3558,M18417,1,301.8,310.7,137.07815945163463,43.3,68,0,0,0,0,0,0
3559,L50738,0,301.7,310.6,182.52653317356697,26.2,71,0,0,0,0,0,0
3560,M18419,1,301.7,310.7,173.73007374351556,29.9,73,0,0,0,0,0,0
3561,L50740,0,301.8,310.7,175.92918860102841,32.4,76,0,0,0,0,0,0
3562,L50741,0,301.7,310.6,155.61355610781442,38.5,78,0,0,0,0,0,0
3563,L50742,0,301.7,310.6,154.04275978101953,43.8,80,0,0,0,0,0,0
3564,M18423,1,301.8,310.7,153.41444125030156,35.8,82,0,0,0,0,0,0
3565,M18424,1,301.7,310.6,156.24187463853238,42.2,85,0,0,0,0,0,0
3566,M18425,1,301.8,310.7,148.70205226991686,52.0,88,0,0,0,0,0,0
3567,L50746,0,301.8,310.6,135.6120828799594,62.3,91,0,0,0,0,0,0
3568,L50747,0,301.8,310.5,162.10618092523333,34.1,93,0,0,0,0,0,0
3569,L50748,0,301.8,310.6,143.67550402417322,54.7,95,0,0,0,0,0,0
3570,M18429,1,301.8,310.6,162.52505994571194,35.9,97,0,0,0,0,0,0
3571,H32984,2,301.8,310.6,150.90116712742974,46.3,100,0,0,0,0,0,0
3572,M18431,1,301.7,310.6,177.0811059073447,27.7,105,0,0,0,0,0,0
3573,L50752,0,301.8,310.6,151.94836467862632,50.7,108,0,0,0,0,0,0
3574,L50753,0,301.8,310.6,152.053084433746,48.4,110,0,0,0,0,0,0
3575,L50754,0,301.7,310.6,147.23597569824162,46.0,112,0,0,0,0,0,0
3576,L50755,0,301.7,310.5,164.09585627250686,39.1,114,0,0,0,0,0,0
3577,L50756,0,301.6,310.4,167.44688843633597,41.7,116,0,0,0,0,0,0
3578,M18437,1,301.6,310.4,152.36724369910496,39.0,118,0,0,0,0,0,0
3579,M18438,1,301.7,310.5,170.16960206944714,35.9,121,0,0,0,0,0,0
3580,L50759,0,301.8,310.6,279.8111856797309,11.8,124,1,0,0,1,0,0
3581,L50760,0,301.8,310.6,172.78759594743863,31.9,126,0,0,0,0,0,0
3582,M18441,1,301.8,310.6,152.7861227195836,40.2,128,0,0,0,0,0,0
3583,L50762,0,301.8,310.6,146.08405839192537,50.5,131,0,0,0,0,0,0
3584,L50763,0,301.8,310.7,183.36429121452426,29.3,133,0,0,0,0,0,0
3585,L50764,0,301.8,310.6,124.82594810263444,68.9,135,0,0,0,0,0,0
3586,L50765,0,301.9,310.7,203.88936321797758,25.0,137,0,0,0,0,0,0
3587,L50766,0,301.8,310.5,166.818569905618,34.9,139,0,0,0,0,0,0
3588,H33001,2,301.8,310.5,154.77579806685713,38.6,141,0,0,0,0,0,0
3589,M18448,1,301.7,310.6,157.60323145508795,44.5,146,0,0,0,0,0,0
3590,L50769,0,301.7,310.5,258.13419636996133,13.7,149,0,0,0,0,0,0
3591,L50770,0,301.8,310.6,146.92181643288265,46.8,151,0,0,0,0,0,0
3592,M18451,1,301.7,310.5,152.68140296446393,41.4,153,0,0,0,0,0,0
3593,H33006,2,301.6,310.4,143.36134475881423,45.4,156,0,0,0,0,0,0
3594,M18453,1,301.6,310.4,144.1991027997715,44.9,161,0,0,0,0,0,0
3595,M18454,1,301.6,310.4,152.053084433746,45.7,164,0,0,0,0,0,0
3596,L50775,0,301.6,310.4,158.85986851652387,41.1,167,0,0,0,0,0,0
3597,L50776,0,301.7,310.5,141.79054843201934,50.0,169,0,0,0,0,0,0
3598,M18457,1,301.7,310.5,180.53685782629344,33.0,171,0,0,0,0,0,0
3599,L50778,0,301.7,310.5,146.50293741240404,53.2,174,0,0,0,0,0,0
3600,H33013,2,301.7,310.5,145.35102010608776,50.5,176,0,0,0,0,0,0
3601,L50780,0,301.7,310.5,159.48818704724184,34.7,181,0,0,0,0,0,0
3602,L50781,0,301.7,310.5,144.1991027997715,43.1,183,0,0,0,0,0,0
3603,M18462,1,301.7,310.6,148.3878930045579,45.2,185,0,0,0,0,0,0
3604,L50783,0,301.7,310.7,161.47786239451537,40.0,188,0,0,0,0,0,0
3605,L50784,0,301.8,310.8,163.04865872131026,33.3,190,0,0,0,0,0,0
3606,L50785,0,301.7,310.7,171.84511815136167,31.9,192,0,0,0,0,0,0
3607,L50786,0,301.7,310.7,138.02063724771156,55.0,194,0,0,0,0,0,0
3608,L50787,0,301.6,310.7,171.5309588860027,33.8,196,0,0,0,0,0,0
3609,M18468,1,301.7,310.8,204.62240150381518,21.6,198,0,0,0,0,0,0
3610,M18469,1,301.7,310.9,172.15927741672067,32.5,201,0,0,0,0,0,0
3611,M18470,1,301.7,310.8,166.92328966073768,32.4,204,0,0,0,0,0,0
3612,L50791,0,301.7,310.9,147.131255943122,46.4,207,1,1,0,0,0,1
3613,L50792,0,301.7,310.8,169.85544280408814,37.8,0,0,0,0,0,0,0
3614,L50793,0,301.7,310.9,163.04865872131026,39.4,2,0,0,0,0,0,0
3615,L50794,0,301.8,311.0,168.1799267221736,33.3,4,0,0,0,0,0,0
3616,M18475,1,301.8,311.1,172.47343668207964,31.6,6,0,0,0,0,0,0
3617,M18476,1,301.8,311.1,147.96901398407925,42.2,9,0,0,0,0,0,0
3618,L50797,0,301.8,311.0,160.1165055779598,41.6,12,0,0,0,0,0,0
3619,L50798,0,301.9,311.1,151.63420541326735,46.3,14,0,0,0,0,0,0
3620,L50799,0,301.9,311.2,150.27284859671178,44.2,16,0,0,0,0,0,0
3621,H33034,2,301.9,311.2,154.35691904637852,41.8,18,0,0,0,0,0,0
3622,L50801,0,301.9,311.2,173.52063423327624,29.1,23,0,0,0,0,0,0
3623,L50802,0,302.0,311.3,158.0221104755666,39.9,25,0,0,0,0,0,0
3624,M18483,1,302.0,311.3,160.22122533307945,36.4,27,0,0,0,0,0,0
3625,M18484,1,302.0,311.4,166.19025137490004,35.9,30,0,0,0,0,0,0
3626,M18485,1,302.1,311.4,153.62388076054089,43.4,33,0,0,0,0,0,0
3627,M18486,1,302.2,311.5,142.4188669627373,53.0,36,0,0,0,0,0,0
3628,L50807,0,302.2,311.5,166.29497113001972,30.6,39,0,0,0,0,0,0
3629,L50808,0,302.2,311.4,168.49408598753254,32.1,41,0,0,0,0,0,0
3630,L50809,0,302.1,311.3,148.17845349431857,44.1,43,0,0,0,0,0,0
3631,L50810,0,302.0,311.2,193.20794819577227,27.3,45,0,0,0,0,0,0
3632,M18491,1,302.1,311.4,148.59733251479722,36.2,47,0,0,0,0,0,0
3633,L50812,0,302.1,311.3,171.11207986552404,30.6,50,0,0,0,0,0,0
3634,M18493,1,302.2,311.3,159.2787475370025,40.6,52,0,0,0,0,0,0
3635,L50814,0,302.2,311.4,156.97491292437,37.7,55,0,0,0,0,0,0
3636,M18495,1,302.1,311.2,169.22712427337018,35.1,57,0,0,0,0,0,0
3637,L50816,0,302.2,311.4,151.73892516838703,46.5,60,0,0,0,0,0,0
3638,M18497,1,302.2,311.4,170.27432182456678,31.6,62,0,0,0,0,0,0
3639,M18498,1,302.3,311.5,151.32004614790836,44.8,65,0,0,0,0,0,0
3640,L50819,0,302.4,311.6,169.85544280408814,35.0,68,0,0,0,0,0,0
3641,H33054,2,302.4,311.6,161.6873019047547,39.1,70,0,0,0,0,0,0
3642,L50821,0,302.3,311.6,155.8229956180537,41.8,75,0,0,0,0,0,0
3643,L50822,0,302.3,311.6,137.07815945163463,57.6,77,0,0,0,0,0,0
3644,L50823,0,302.3,311.6,186.82004313347304,26.4,79,0,0,0,0,0,0
3645,L50824,0,302.2,311.5,162.10618092523333,32.4,81,0,0,0,0,0,0
3646,L50825,0,302.2,311.5,147.96901398407925,43.5,83,0,0,0,0,0,0
3647,M18506,1,302.2,311.5,195.09290378792613,25.7,85,0,0,0,0,0,0
3648,L50827,0,302.2,311.5,149.4350905557545,43.8,88,0,0,0,0,0,0
3649,M18508,1,302.2,311.5,151.11060663766906,47.0,90,0,0,0,0,0,0
3650,L50829,0,302.2,311.5,155.08995733221613,40.4,93,0,0,0,0,0,0
3651,L50830,0,302.1,311.4,151.42476590302803,39.7,95,0,0,0,0,0,0
3652,L50831,0,302.1,311.5,151.21532639278868,44.9,97,0,0,0,0,0,0
3653,M18512,1,302.1,311.5,140.42919161546376,50.8,99,0,0,0,0,0,0
3654,L50833,0,302.1,311.4,158.96458827164355,37.4,102,0,0,0,0,0,0
3655,L50834,0,302.1,311.4,167.8657674568146,35.9,104,0,0,0,0,0,0
3656,L50835,0,302.1,311.4,176.55750713174638,30.9,106,0,0,0,0,0,0
3657,M18516,1,302.1,311.5,144.82742133048947,53.6,108,0,0,0,0,0,0
3658,L50837,0,302.1,311.5,154.67107831173746,45.4,111,0,0,0,0,0,0
3659,M18518,1,302.2,311.5,151.73892516838703,44.5,113,0,0,0,0,0,0
3660,M18519,1,302.2,311.5,181.58405537749005,25.0,116,0,0,0,0,0,0
3661,L50840,0,302.3,311.6,146.39821765728436,49.1,119,0,0,0,0,0,0
3662,M18521,1,302.3,311.7,171.63567864112238,36.6,121,0,0,0,0,0,0
3663,M18522,1,302.3,311.7,158.85986851652387,37.6,124,0,0,0,0,0,0
3664,M18523,1,302.3,311.7,151.0058868825494,41.7,127,0,0,0,0,0,0
3665,M18524,1,302.3,311.7,176.4527873766267,30.8,130,0,0,0,0,0,0
3666,M18525,1,302.4,311.8,142.20942745249798,50.6,133,0,0,0,0,0,0
3667,M18526,1,302.3,311.6,168.38936623241293,39.9,136,0,0,0,0,0,0
3668,L50847,0,302.3,311.6,174.35839227423352,34.3,139,0,0,0,0,0,0
3669,L50848,0,302.3,311.7,158.12683023068624,38.7,141,0,0,0,0,0,0
3670,L50849,0,302.4,311.8,153.41444125030156,40.2,143,0,0,0,0,0,0
3671,L50850,0,302.3,311.7,178.12830345854127,27.5,145,0,0,0,0,0,0
3672,M18531,1,302.3,311.7,155.61355610781442,39.6,147,0,0,0,0,0,0
3673,L50852,0,302.3,311.6,173.62535398839591,32.3,150,0,0,0,0,0,0
3674,H33087,2,302.3,311.7,151.73892516838703,44.5,152,0,0,0,0,0,0
3675,L50854,0,302.2,311.5,140.95279039106205,52.4,157,0,0,0,0,0,0
3676,M18535,1,302.1,311.5,195.40706305328513,23.1,159,0,0,0,0,0,0
3677,M18536,1,302.2,311.5,163.57225749690858,38.0,162,0,0,0,0,0,0
3678,M18537,1,302.3,311.7,143.25662500369455,53.6,165,0,0,0,0,0,0
3679,L50858,0,302.2,311.5,164.09585627250686,33.1,168,0,0,0,0,0,0
3680,L50859,0,302.2,311.5,180.6415775814131,34.0,170,0,0,0,0,0,0
3681,L50860,0,302.2,311.5,182.63125292868662,31.2,172,0,0,0,0,0,0
3682,M18541,1,302.1,311.3,152.15780418886564,45.1,174,0,0,0,0,0,0
3683,L50862,0,302.1,311.2,162.31562043547265,34.8,177,0,0,0,0,0,0
3684,M18543,1,302.0,311.2,163.1533784764299,39.1,179,0,0,0,0,0,0
3685,L50864,0,302.0,311.2,132.9940890019679,65.3,182,1,0,0,0,1,0
3686,M18545,1,301.9,311.1,144.5132620651305,51.6,184,0,0,0,0,0,0
3687,L50866,0,302.0,311.1,147.23597569824162,50.5,187,0,0,0,0,0,0
3688,M18547,1,302.0,311.2,170.16960206944714,30.7,189,0,0,0,0,0,0
3689,L50868,0,302.0,311.2,148.70205226991686,45.8,192,0,0,0,0,0,0
3690,L50869,0,302.1,311.4,197.8156174210373,22.7,194,0,0,0,0,0,0
3691,L50870,0,302.1,311.3,154.67107831173746,43.6,196,0,0,0,0,0,0
3692,L50871,0,302.1,311.2,152.89084247470328,46.9,198,0,0,0,0,0,0
3693,L50872,0,302.1,311.3,184.09732950036187,24.4,200,0,0,0,0,0,0
3694,L50873,0,302.1,311.3,159.2787475370025,31.5,202,0,0,0,0,0,0
3695,M18554,1,302.1,311.3,158.2315499858059,45.0,204,0,0,0,0,0,0
3696,L50875,0,302.2,311.3,160.22122533307945,37.3,207,1,1,0,0,0,0
3697,L50876,0,302.1,311.2,152.26252394398531,46.8,0,0,0,0,0,0,0
3698,L50877,0,302.2,311.2,201.89968787070404,23.1,2,0,0,0,0,0,0
3699,H33112,2,302.2,311.3,184.09732950036187,26.4,4,0,0,0,0,0,0
3700,L50879,0,302.2,311.2,172.68287619231896,33.2,9,0,0,0,0,0,0
3701,L50880,0,302.1,311.2,151.52948565814768,50.3,11,0,0,0,0,0,0
3702,L50881,0,302.1,311.2,148.3878930045579,48.0,13,0,0,0,0,0,0
3703,L50882,0,302.0,311.2,150.1681288415921,44.9,15,0,0,0,0,0,0
3704,M18563,1,302.0,311.2,148.49261275967757,49.5,17,0,0,0,0,0,0
3705,M18564,1,302.0,311.2,146.60765716752366,49.5,20,0,0,0,0,0,0
3706,M18565,1,302.0,311.3,180.6415775814131,27.7,23,0,0,0,0,0,0
3707,L50886,0,302.0,311.3,164.09585627250686,41.1,26,0,0,0,0,0,0
3708,M18567,1,302.1,311.3,156.76547341413067,38.4,28,0,0,0,0,0,0
3709,L50888,0,302.1,311.4,162.21090068035298,44.6,31,0,0,0,0,0,0
3710,L50889,0,302.2,311.4,183.67845047988325,26.9,33,0,0,0,0,0,0
3711,L50890,0,302.2,311.5,155.92771537317338,38.3,35,0,0,0,0,0,0
3712,L50891,0,302.2,311.5,161.58258214963502,38.5,37,0,0,0,0,0,0
3713,L50892,0,302.3,311.5,161.58258214963502,33.1,39,0,0,0,0,0,0
3714,L50893,0,302.3,311.5,163.88641676226752,35.6,41,0,0,0,0,0,0
3715,M18574,1,302.3,311.4,194.25514574696888,23.9,43,0,0,0,0,0,0
3716,M18575,1,302.4,311.4,154.46163880149817,45.2,46,0,0,0,0,0,0
3717,L50896,0,302.3,311.4,168.49408598753254,32.3,49,0,0,0,0,0,0
3718,H33131,2,302.3,311.4,151.11060663766906,44.1,51,0,0,0,0,0,0
3719,L50898,0,302.4,311.4,151.84364492350664,44.1,56,0,0,0,0,0,0
3720,L50899,0,302.4,311.5,166.504410640259,39.9,58,0,0,0,0,0,0
3721,M18580,1,302.4,311.4,157.91739072044692,41.2,60,0,0,0,0,0,0
3722,M18581,1,302.2,311.2,161.6873019047547,43.6,63,0,0,0,0,0,0
3723,L50902,0,302.2,311.2,151.94836467862632,41.8,66,0,0,0,0,0,0
3724,L50903,0,302.3,311.2,184.09732950036187,24.4,68,0,0,0,0,0,0
3725,M18584,1,302.3,311.2,157.8126709653273,47.7,70,0,0,0,0,0,0
3726,H33139,2,302.3,311.1,161.58258214963502,37.5,73,0,0,0,0,0,0
3727,M18586,1,302.3,311.2,157.60323145508795,36.7,78,0,0,0,0,0,0
3728,L50907,0,302.3,311.2,187.02948264371236,24.3,81,0,0,0,0,0,0
3729,L50908,0,302.3,311.3,152.57668320934428,44.5,83,0,0,0,0,0,0
3730,M18589,1,302.4,311.3,137.3923187169936,61.5,85,0,0,0,0,0,0
3731,M18590,1,302.3,311.2,147.131255943122,47.7,88,0,0,0,0,0,0
3732,M18591,1,302.2,311.2,144.1991027997715,43.0,91,0,0,0,0,0,0
3733,M18592,1,302.2,311.2,141.05751014618173,49.8,94,0,0,0,0,0,0
3734,L50913,0,302.2,311.1,153.93804002589985,39.6,97,0,0,0,0,0,0
3735,M18594,1,302.2,311.2,196.14010133912277,24.0,99,0,0,0,0,0,0
3736,M18595,1,302.2,311.1,150.1681288415921,58.6,102,0,0,0,0,0,0
3737,H33150,2,302.2,311.1,170.4837613348061,30.6,105,0,0,0,0,0,0
3738,L50917,0,302.2,311.1,141.47638916666034,48.6,110,0,0,0,0,0,0
3739,M18598,1,302.3,311.2,152.26252394398531,43.8,112,0,0,0,0,0,0
3740,M18599,1,302.2,311.2,174.1489527639942,29.6,115,0,0,0,0,0,0
3741,L50920,0,302.3,311.2,146.71237692264333,49.7,118,0,0,0,0,0,0
3742,L50921,0,302.4,311.3,157.39379194484863,38.2,120,0,0,0,0,0,0
3743,L50922,0,302.4,311.4,163.7816970071479,35.0,122,0,0,0,0,0,0
3744,L50923,0,302.5,311.4,184.20204925548154,24.6,124,0,0,0,0,0,0
3745,L50924,0,302.5,311.4,147.5501349636006,53.1,126,0,0,0,0,0,0
3746,L50925,0,302.6,311.4,182.0029343979687,25.8,128,0,0,0,0,0,0
3747,H33160,2,302.5,311.3,145.87461888168605,47.5,130,0,0,0,0,0,0
3748,L50927,0,302.5,311.1,156.97491292437,38.8,135,0,0,0,0,0,0
3749,L50928,0,302.5,311.1,156.34659439365205,39.0,137,0,0,0,0,0,0
3750,L50929,0,302.4,311.1,172.99703545767795,33.9,139,0,0,0,0,0,0
3751,L50930,0,302.3,311.1,166.3996908851394,29.9,141,0,0,0,0,0,0
3752,L50931,0,302.4,311.1,159.17402778188284,42.2,143,0,0,0,0,0,0
3753,H33166,2,302.3,311.1,152.36724369910496,40.3,145,0,0,0,0,0,0
3754,L50933,0,302.2,311.0,153.20500174006224,46.8,150,0,0,0,0,0,0
3755,L50934,0,302.3,311.0,151.0058868825494,43.7,152,0,0,0,0,0,0
3756,L50935,0,302.3,311.0,139.17255455402784,51.5,154,0,0,0,0,0,0
3757,L50936,0,302.3,311.1,161.89674141499398,33.1,156,0,0,0,0,0,0
3758,M18617,1,302.2,311.1,158.7551487614042,33.7,158,0,0,0,0,0,0
3759,M18618,1,302.2,311.0,154.5663585566178,47.4,161,0,0,0,0,0,0
3760,L50939,0,302.3,311.0,147.86429422895958,47.0,164,0,0,0,0,0,0
3761,L50940,0,302.3,310.9,144.1991027997715,46.8,166,1,0,1,0,0,0
3762,M18621,1,302.4,311.0,156.03243512829306,37.1,168,0,0,0,0,0,0
3763,M18622,1,302.3,311.0,159.80234631260083,37.7,171,0,0,0,0,0,0
3764,L50943,0,302.3,311.0,149.53981031087415,47.9,174,0,0,0,0,0,0
3765,L50944,0,302.4,311.0,139.17255455402784,54.6,176,0,0,0,0,0,0
3766,M18625,1,302.4,311.1,151.11060663766906,51.8,178,0,0,0,0,0,0
3767,L50946,0,302.3,311.1,143.78022377929287,53.0,181,0,0,0,0,0,0
3768,L50947,0,302.3,311.1,170.69320084504542,35.6,183,0,0,0,0,0,0
3769,L50948,0,302.2,311.0,162.83921921107094,34.2,185,0,0,0,0,0,0
3770,M18629,1,302.2,311.0,150.37756835183143,47.0,187,0,0,0,0,0,0
3771,L50950,0,302.3,311.0,168.49408598753254,31.0,190,0,0,0,0,0,0
3772,M18631,1,302.3,311.0,144.93214108560912,49.7,192,0,0,0,0,0,0
3773,L50952,0,302.4,311.1,151.63420541326735,44.8,195,0,0,0,0,0,0
3774,M18633,1,302.4,311.1,197.60617791079798,22.4,197,0,0,0,0,0,0
3775,M18634,1,302.4,311.1,154.98523757709646,45.7,200,0,0,0,0,0,0
3776,H33189,2,302.5,311.1,193.73154697137056,23.3,203,0,0,0,0,0,0
3777,L50956,0,302.5,311.1,161.05898337403673,36.8,208,0,0,0,0,0,0
3778,M18637,1,302.4,311.1,180.22269856093448,30.1,210,0,0,0,0,0,0
3779,M18638,1,302.4,311.1,143.04718549345526,54.4,0,0,0,0,0,0,0
3780,L50959,0,302.3,311.0,173.52063423327624,31.1,3,0,0,0,0,0,0
3781,L50960,0,302.4,311.1,151.42476590302803,42.9,5,0,0,0,0,0,0
3782,L50961,0,302.3,310.8,153.41444125030156,43.8,7,0,0,0,0,0,0
3783,L50962,0,302.2,310.8,191.3229926036184,23.8,9,0,0,0,0,0,0
3784,H33197,2,302.2,310.8,146.2934979021647,47.6,11,0,0,0,0,0,0
3785,L50964,0,302.2,310.8,182.63125292868662,29.7,16,0,0,0,0,0,0
3786,L50965,0,302.3,310.9,161.79202165987437,36.7,18,0,0,0,0,0,0
3787,L50966,0,302.3,310.9,166.19025137490004,36.6,20,0,0,0,0,0,0
3788,L50967,0,302.3,310.8,144.1991027997715,47.3,22,1,0,1,0,0,0
3789,L50968,0,302.3,310.8,158.2315499858059,48.1,24,0,0,0,0,0,0
3790,L50969,0,302.3,310.8,172.78759594743863,32.4,26,0,0,0,0,0,0
3791,L50970,0,302.3,310.9,147.86429422895958,48.9,28,0,0,0,0,0,0
3792,L50971,0,302.3,311.0,160.01178582284012,43.1,30,0,0,0,0,0,0
3793,L50972,0,302.3,310.9,152.7861227195836,35.0,32,0,0,0,0,0,0
3794,L50973,0,302.3,310.9,144.40854231001083,49.3,34,1,0,1,0,0,0
3795,M18654,1,302.2,310.8,141.99998794225863,48.3,36,0,0,0,0,0,0
3796,M18655,1,302.1,310.8,147.5501349636006,41.3,39,0,0,0,0,0,0
3797,M18656,1,302.1,310.8,157.4985116999683,37.5,42,0,0,0,0,0,0
3798,L50977,0,302.1,310.8,169.85544280408814,36.8,45,0,0,0,0,0,0
3799,L50978,0,302.1,310.8,187.02948264371236,25.7,47,0,0,0,0,0,0
3800,L50979,0,302.2,310.9,157.70795121020763,34.0,49,0,0,0,0,0,0
3801,M18660,1,302.1,310.9,200.64305080926812,23.1,51,0,0,0,0,0,0
3802,M18661,1,302.2,310.9,185.45868631691746,27.6,54,0,0,0,0,0,0
3803,M18662,1,302.2,310.9,155.8229956180537,44.2,57,0,0,0,0,0,0
3804,L50983,0,302.2,310.9,160.32594508819912,37.5,60,0,0,0,0,0,0
3805,L50984,0,302.3,310.9,160.1165055779598,33.4,62,0,0,0,0,0,0
3806,M18665,1,302.4,311.0,165.45721308906244,36.5,64,0,0,0,0,0,0
3807,M18666,1,302.3,310.9,142.4188669627373,44.0,67,1,0,1,0,0,0
3808,M18667,1,302.3,311.0,161.89674141499398,35.5,70,0,0,0,0,0,0
3809,M18668,1,302.3,310.9,184.5162085208405,24.5,73,0,0,0,0,0,0
3810,L50989,0,302.2,310.8,141.3716694115407,56.6,76,0,0,0,0,0,0
3811,M18670,1,302.2,310.8,163.57225749690858,38.1,78,0,0,0,0,0,0
3812,M18671,1,302.1,310.7,168.38936623241293,30.3,81,0,0,0,0,0,0
3813,L50992,0,302.0,310.6,145.7698991265664,50.0,84,0,0,0,0,0,0
3814,L50993,0,302.0,310.6,153.62388076054089,44.9,86,0,0,0,0,0,0
3815,M18674,1,302.1,310.6,138.85839528866885,59.1,88,1,0,1,0,0,0
3816,L50995,0,302.2,310.7,185.24924680667812,24.9,91,0,0,0,0,0,0
3817,L50996,0,302.1,310.6,152.7861227195836,47.6,93,0,0,0,0,0,0
3818,M18677,1,302.1,310.6,148.80677202503654,52.0,95,0,0,0,0,0,0
3819,L50998,0,302.1,310.7,156.1371548834127,42.8,98,0,0,0,0,0,0
3820,L50999,0,302.2,310.7,164.09585627250686,36.4,100,0,0,0,0,0,0
3821,L51000,0,302.3,310.8,148.80677202503654,41.4,102,0,0,0,0,0,0
3822,L51001,0,302.3,310.9,167.13272917097697,33.5,104,0,0,0,0,0,0
3823,M18682,1,302.4,311.0,153.3097214951819,44.2,106,0,0,0,0,0,0
3824,M18683,1,302.3,310.9,165.5619328441821,36.1,109,0,0,0,0,0,0
3825,L51004,0,302.3,310.9,169.64600329384882,30.3,112,0,0,0,0,0,0
3826,H33239,2,302.2,310.7,147.96901398407925,48.9,114,0,0,0,0,0,0
3827,H33240,2,302.3,310.8,150.58700786207075,43.8,119,0,0,0,0,0,0
3828,M18687,1,302.4,310.9,153.83332027078018,41.6,124,0,0,0,0,0,0
3829,M18688,1,302.3,310.8,184.5162085208405,27.8,127,0,0,0,0,0,0
3830,H33243,2,302.3,310.9,143.04718549345526,48.4,130,1,0,1,0,0,0
3831,L51010,0,302.3,310.9,198.02505693127662,22.7,135,0,0,0,0,0,0
3832,M18691,1,302.3,310.9,182.4218134184473,29.7,137,0,0,0,0,0,0
3833,M18692,1,302.2,310.9,153.41444125030156,43.5,140,0,0,0,0,0,0
3834,M18693,1,302.3,311.0,161.3731426393957,36.6,143,0,0,0,0,0,0
3835,M18694,1,302.3,311.1,135.6120828799594,57.1,146,0,0,0,0,0,0
3836,M18695,1,302.3,311.1,150.27284859671178,43.1,149,0,0,0,0,0,0
3837,L51016,0,302.4,311.2,153.5191610054212,43.9,152,0,0,0,0,0,0
3838,L51017,0,302.4,311.2,151.84364492350664,47.9,154,0,0,0,0,0,0
3839,L51018,0,302.4,311.1,196.87313962496037,24.5,156,0,0,0,0,0,0
3840,M18699,1,302.3,311.0,165.24777357882311,33.5,158,0,0,0,0,0,0
3841,L51020,0,302.4,311.0,168.59880574265222,33.1,161,0,0,0,0,0,0
3842,L51021,0,302.4,311.1,163.88641676226752,42.8,163,0,0,0,0,0,0
3843,L51022,0,302.5,311.2,161.79202165987437,40.1,165,0,0,0,0,0,0
3844,L51023,0,302.5,311.2,128.49113953182254,60.1,167,0,0,0,0,0,0
3845,L51024,0,302.4,311.1,155.4041165975751,45.9,169,0,0,0,0,0,0
3846,L51025,0,302.3,311.0,166.60913039537868,32.7,171,0,0,0,0,0,0
3847,L51026,0,302.3,310.9,146.92181643288265,47.2,173,0,0,0,0,0,0
3848,M18707,1,302.3,311.0,151.84364492350664,45.7,175,0,0,0,0,0,0
3849,L51028,0,302.3,310.9,180.1179788058148,28.1,178,0,0,0,0,0,0
3850,L51029,0,302.3,311.0,163.4675377417889,37.2,180,0,0,0,0,0,0
3851,M18710,1,302.3,311.0,148.80677202503654,41.3,182,0,0,0,0,0,0
3852,H33265,2,302.2,310.9,148.17845349431857,48.4,185,0,0,0,0,0,0
3853,L51032,0,302.3,310.9,212.99998191338796,19.7,190,0,0,0,0,0,0
3854,L51033,0,302.4,311.0,155.61355610781442,40.4,192,0,0,0,0,0,0
3855,L51034,0,302.4,311.0,140.11503235010477,67.6,194,1,0,0,1,1,0
3856,H33269,2,302.4,311.1,165.24777357882311,32.3,196,0,0,0,0,0,0
3857,M18716,1,302.4,311.2,139.2772743091475,58.6,201,0,0,0,0,0,0
3858,H33271,2,302.4,311.2,157.70795121020763,40.8,204,0,0,0,0,0,0
3859,L51038,0,302.5,311.4,163.25809823154958,37.6,209,0,0,0,0,0,0
3860,L51039,0,302.6,311.5,167.44688843633597,37.0,211,0,0,0,0,0,0
3861,L51040,0,302.6,311.5,149.4350905557545,38.9,213,0,0,0,0,0,0
3862,M18721,1,302.5,311.5,155.08995733221613,41.1,215,0,0,0,0,0,0
3863,H33276,2,302.5,311.5,156.66075365901102,43.8,218,0,0,0,0,0,0
3864,L51043,0,302.5,311.4,175.30087007031045,27.0,223,0,0,0,0,0,0
3865,M18724,1,302.5,311.4,170.58848108992575,31.7,225,0,0,0,0,0,0
3866,H33279,2,302.6,311.5,170.58848108992575,34.4,228,1,1,0,0,0,0
3867,L51046,0,302.6,311.6,137.28759896187395,53.2,0,0,0,0,0,0,0
3868,M18727,1,302.7,311.6,283.68581661915835,9.7,2,1,0,0,1,0,0
3869,M18728,1,302.7,311.7,184.20204925548154,29.9,5,0,0,0,0,0,0
3870,L51049,0,302.7,311.7,154.98523757709646,45.2,8,0,0,0,0,0,0
3871,L51050,0,302.7,311.8,152.99556222982292,46.1,10,0,0,0,0,0,0
3872,M18731,1,302.7,311.8,180.95573684677208,30.0,12,0,0,0,0,0,0
3873,L51052,0,302.7,311.9,145.4557398612074,46.5,15,0,0,0,0,0,0
3874,L51053,0,302.6,311.8,171.5309588860027,35.1,17,0,0,0,0,0,0
3875,L51054,0,302.6,311.7,131.31857292005336,54.1,19,0,0,0,0,0,0
3876,L51055,0,302.6,311.8,149.4350905557545,50.1,21,0,0,0,0,0,0
3877,L51056,0,302.6,311.8,170.37904157968646,31.8,23,0,0,0,0,0,0
3878,H33291,2,302.6,311.7,154.04275978101953,48.3,25,0,0,0,0,0,0
3879,L51058,0,302.6,311.7,185.66812582715679,27.1,30,0,0,0,0,0,0
3880,M18739,1,302.6,311.7,149.7492498211135,51.7,32,0,0,0,0,0,0
3881,L51060,0,302.5,311.6,167.02800941585735,29.5,35,0,0,0,0,0,0
3882,L51061,0,302.5,311.5,159.2787475370025,44.1,37,0,0,0,0,0,0
3883,L51062,0,302.5,311.6,148.59733251479722,43.7,39,0,0,0,0,0,0
3884,M18743,1,302.4,311.4,160.6401043535581,40.1,41,0,0,0,0,0,0
3885,H33298,2,302.5,311.5,170.27432182456678,36.0,44,0,0,0,0,0,0
3886,L51065,0,302.5,311.5,175.61502933566945,29.2,49,0,0,0,0,0,0
3887,L51066,0,302.4,311.3,145.7698991265664,50.5,51,0,0,0,0,0,0
3888,L51067,0,302.4,311.2,151.63420541326735,50.5,53,0,0,0,0,0,0
3889,L51068,0,302.3,311.2,199.28169399271255,22.9,55,0,0,0,0,0,0
3890,L51069,0,302.4,311.2,147.02653618800232,52.0,57,0,0,0,0,0,0
3891,L51070,0,302.3,311.2,145.14158059584844,53.5,59,0,0,0,0,0,0
3892,L51071,0,302.2,311.1,148.49261275967757,47.0,61,0,0,0,0,0,0
3893,M18752,1,302.3,311.1,140.11503235010477,53.3,63,0,0,0,0,0,0
3894,L51073,0,302.3,311.2,162.21090068035298,40.6,66,0,0,0,0,0,0
3895,M18754,1,302.3,311.2,149.9586893313528,42.7,68,0,0,0,0,0,0
3896,M18755,1,302.3,311.2,161.89674141499398,40.0,71,0,0,0,0,0,0
3897,M18756,1,302.2,311.2,170.37904157968646,33.2,74,0,0,0,0,0,0
3898,M18757,1,302.2,311.1,171.74039839624203,32.8,77,0,0,0,0,0,0
3899,M18758,1,302.1,311.1,149.01621153527586,36.8,80,0,0,0,0,0,0
3900,M18759,1,302.1,311.0,179.17550100973784,28.7,83,0,0,0,0,0,0
3901,M18760,1,302.1,311.1,151.84364492350664,51.6,86,0,0,0,0,0,0
3902,H33315,2,302.2,311.1,162.62977970083162,34.1,89,0,0,0,0,0,0
3903,L51082,0,302.2,311.1,170.69320084504542,34.6,94,0,0,0,0,0,0
3904,H33317,2,302.2,311.1,154.5663585566178,39.6,96,0,0,0,0,0,0
3905,H33318,2,302.2,311.1,149.33037080063482,50.6,101,0,0,0,0,0,0
3906,M18765,1,302.2,311.2,163.4675377417889,34.9,106,0,0,0,0,0,0
3907,L51086,0,302.3,311.2,135.82152239019874,62.5,109,0,0,0,0,0,0
3908,M18767,1,302.3,311.2,192.8937889304133,23.9,111,0,0,0,0,0,0
3909,L51088,0,302.3,311.2,171.00736011040442,36.4,114,0,0,0,0,0,0
3910,H33323,2,302.3,311.3,182.63125292868662,30.3,116,0,0,0,0,0,0
3911,L51090,0,302.4,311.4,191.74187162409703,26.9,121,0,0,0,0,0,0
3912,M18771,1,302.3,311.3,140.21975210522444,50.8,123,0,0,0,0,0,0
3913,L51092,0,302.4,311.4,154.46163880149817,40.4,126,0,0,0,0,0,0
3914,M18773,1,302.4,311.4,175.40558982543013,29.6,128,0,0,0,0,0,0
3915,L51094,0,302.5,311.5,156.34659439365205,35.1,131,0,0,0,0,0,0
3916,L51095,0,302.5,311.5,178.0235837034216,29.5,133,0,0,0,0,0,0
3917,L51096,0,302.6,311.6,152.15780418886564,37.0,135,0,0,0,0,0,0
3918,L51097,0,302.6,311.7,161.47786239451537,34.1,137,0,0,0,0,0,0
3919,M18778,1,302.5,311.5,142.20942745249798,52.7,139,0,0,0,0,0,0
3920,H33333,2,302.5,311.5,173.31119472303692,32.3,142,0,0,0,0,0,0
3921,L51100,0,302.6,311.5,197.39673840055866,27.5,147,0,0,0,0,0,0
3922,L51101,0,302.7,311.5,156.4513141487717,41.4,149,0,0,0,0,0,0
3923,M18782,1,302.6,311.4,183.99260974524222,29.5,151,0,0,0,0,0,0
3924,M18783,1,302.6,311.4,179.90853929557548,31.2,154,0,0,0,0,0,0
3925,M18784,1,302.5,311.4,171.3215193757634,35.0,157,0,0,0,0,0,0
3926,L51105,0,302.6,311.6,171.5309588860027,29.6,160,0,0,0,0,0,0
3927,L51106,0,302.6,311.5,168.49408598753254,36.0,162,0,0,0,0,0,0
3928,H33341,2,302.7,311.5,162.94393896619061,35.0,164,0,0,0,0,0,0
3929,L51108,0,302.6,311.5,151.0058868825494,59.8,169,1,0,0,1,0,0
3930,M18789,1,302.7,311.6,157.1843524346093,38.8,171,0,0,0,0,0,0
3931,M18790,1,302.6,311.6,213.7330201992256,19.2,174,0,0,0,0,0,0
3932,M18791,1,302.7,311.7,186.82004313347304,25.1,177,0,0,0,0,0,0
3933,L51112,0,302.6,311.6,204.51768174869554,22.4,180,0,0,0,0,0,0
3934,L51113,0,302.6,311.6,165.0383340685838,34.7,182,0,0,0,0,0,0
3935,M18794,1,302.6,311.6,158.96458827164355,39.0,184,0,0,0,0,0,0
3936,M18795,1,302.6,311.6,128.49113953182254,68.2,187,1,0,0,0,1,0
3937,L51116,0,302.5,311.5,207.86871391252464,18.8,190,0,0,0,0,0,0
3938,L51117,0,302.5,311.5,188.7049987256269,26.4,192,0,0,0,0,0,0
3939,L51118,0,302.5,311.5,167.8657674568146,32.4,194,0,0,0,0,0,0
3940,L51119,0,302.5,311.6,146.60765716752366,54.0,196,0,0,0,0,0,0
3941,L51120,0,302.3,311.5,146.08405839192537,54.2,198,0,0,0,0,0,0
3942,L51121,0,302.2,311.4,208.07815342276396,19.9,200,0,0,0,0,0,0
3943,M18802,1,302.2,311.4,146.39821765728436,47.2,202,0,0,0,0,0,0
3944,L51123,0,302.3,311.4,139.59143357450648,66.7,205,1,0,0,1,1,0
3945,L51124,0,302.2,311.2,144.61798182025012,49.4,207,0,0,0,0,0,0
3946,L51125,0,302.2,311.3,164.41001553786586,36.1,0,0,0,0,0,0,0
3947,M18806,1,302.2,311.3,173.62535398839591,31.0,2,0,0,0,0,0,0
3948,H33361,2,302.2,311.3,183.15485170428494,29.2,5,0,0,0,0,0,0
3949,M18808,1,302.2,311.3,158.12683023068624,37.1,10,0,0,0,0,0,0
3950,L51129,0,302.3,311.5,144.93214108560912,50.8,13,0,0,0,0,0,0
3951,L51130,0,302.3,311.4,164.41001553786586,37.2,15,0,0,0,0,0,0
3952,M18811,1,302.3,311.4,164.51473529298548,32.7,17,0,0,0,0,0,0
3953,L51132,0,302.3,311.4,154.5663585566178,37.3,20,0,0,0,0,0,0
3954,M18813,1,302.3,311.4,155.4041165975751,39.5,22,0,0,0,0,0,0
3955,M18814,1,302.3,311.4,199.91001252343048,23.2,25,0,0,0,0,0,0
3956,L51135,0,302.3,311.5,151.63420541326735,49.6,28,0,0,0,0,0,0
3957,M18816,1,302.3,311.4,157.07963267948966,40.2,30,0,0,0,0,0,0
3958,L51137,0,302.2,311.4,158.12683023068624,44.9,33,0,0,0,0,0,0
3959,L51138,0,302.2,311.3,144.30382255489116,55.5,35,0,0,0,0,0,0
3960,M18819,1,302.2,311.4,161.05898337403673,37.4,37,0,0,0,0,0,0
3961,L51140,0,302.2,311.4,145.56045961632708,48.1,40,0,0,0,0,0,0
3962,M18821,1,302.2,311.4,171.94983790648132,32.1,42,0,0,0,0,0,0
3963,L51142,0,302.4,311.5,186.9247628885927,24.8,45,0,0,0,0,0,0
3964,H33377,2,302.3,311.5,159.80234631260083,38.2,47,0,0,0,0,0,0
3965,M18824,1,302.3,311.6,174.6725515395925,33.2,52,0,0,0,0,0,0
3966,L51145,0,302.3,311.5,157.8126709653273,37.5,55,0,0,0,0,0,0
3967,L51146,0,302.3,311.5,160.22122533307945,37.8,57,0,0,0,0,0,0
3968,M18827,1,302.3,311.4,154.8805178219768,45.6,59,0,0,0,0,0,0
3969,M18828,1,302.3,311.4,148.49261275967757,41.3,62,0,0,0,0,0,0
3970,L51149,0,302.3,311.4,157.4985116999683,38.7,65,0,0,0,0,0,0
3971,M18830,1,302.3,311.4,140.84807063594238,47.6,67,0,0,0,0,0,0
3972,H33385,2,302.2,311.4,170.16960206944714,35.4,70,0,0,0,0,0,0
3973,L51152,0,302.3,311.4,158.2315499858059,34.7,75,0,0,0,0,0,0
3974,L51153,0,302.3,311.4,160.74482410867773,41.8,77,0,0,0,0,0,0
3975,L51154,0,302.4,311.5,157.60323145508795,37.9,79,0,0,0,0,0,0
3976,H33389,2,302.4,311.5,161.26842288427605,43.7,81,0,0,0,0,0,0
3977,H33390,2,302.3,311.4,143.67550402417322,46.0,86,0,0,0,0,0,0
3978,M18837,1,302.2,311.3,158.12683023068624,36.6,91,0,0,0,0,0,0
3979,L51158,0,302.2,311.3,144.7227015753698,46.4,94,0,0,0,0,0,0
3980,L51159,0,302.3,311.3,150.6917276171904,41.8,96,0,0,0,0,0,0
3981,M18840,1,302.2,311.3,143.98966328953216,47.0,98,0,0,0,0,0,0
3982,M18841,1,302.2,311.3,202.21384713606304,21.9,101,0,0,0,0,0,0
3983,L51162,0,302.2,311.3,154.46163880149817,48.6,104,0,0,0,0,0,0
3984,L51163,0,302.2,311.3,145.4557398612074,46.9,106,0,0,0,0,0,0
3985,L51164,0,302.3,311.3,172.99703545767795,32.8,108,0,0,0,0,0,0
3986,L51165,0,302.3,311.2,145.14158059584844,50.3,110,0,0,0,0,0,0
3987,M18846,1,302.2,311.3,165.14305382370344,29.8,112,0,0,0,0,0,0
3988,M18847,1,302.3,311.3,151.21532639278868,43.1,115,0,0,0,0,0,0
3989,L51168,0,302.2,311.3,162.73449945595127,40.2,118,0,0,0,0,0,0
3990,L51169,0,302.2,311.3,167.76104770169496,32.8,120,0,0,0,0,0,0
3991,H33404,2,302.2,311.2,177.1858256624643,28.2,122,0,0,0,0,0,0
3992,L51171,0,302.3,311.3,176.13862811126774,34.4,127,0,0,0,0,0,0
3993,L51172,0,302.3,311.3,169.0176847631309,34.1,129,0,0,0,0,0,0
3994,L51173,0,302.3,311.3,138.64895577842952,47.8,131,0,0,0,0,0,0
3995,L51174,0,302.3,311.4,150.1681288415921,40.3,133,0,0,0,0,0,0
3996,L51175,0,302.3,311.3,169.7507230489685,31.6,135,0,0,0,0,0,0
3997,M18856,1,302.3,311.3,170.16960206944714,33.1,137,0,0,0,0,0,0
3998,L51177,0,302.2,311.1,145.97933863680572,53.7,140,0,0,0,0,0,0
3999,L51178,0,302.1,311.0,166.0855316197804,35.1,142,0,0,0,0,0,0
4000,L51179,0,302.0,311.0,148.70205226991686,45.9,144,0,0,0,0,0,0
4001,L51180,0,302.1,311.2,148.91149178015618,50.3,146,0,0,0,0,0,0
4002,H33415,2,302.1,311.2,167.3421686812163,37.9,148,0,0,0,0,0,0
4003,L51182,0,302.1,311.2,152.26252394398531,59.2,153,1,0,0,1,0,0
4004,L51183,0,302.1,311.2,159.0693080267632,39.3,155,0,0,0,0,0,0
4005,L51184,0,302.0,311.1,143.78022377929287,55.7,157,0,0,0,0,0,0
4006,M18865,1,302.0,311.1,147.23597569824162,48.8,159,0,0,0,0,0,0
4007,L51186,0,302.1,311.2,156.24187463853238,45.0,162,0,0,0,0,0,0
4008,L51187,0,302.1,311.2,143.36134475881423,50.8,164,0,0,0,0,0,0
4009,M18868,1,302.2,311.2,154.04275978101953,41.9,166,0,0,0,0,0,0
4010,L51189,0,302.2,311.2,170.69320084504542,36.0,169,0,0,0,0,0,0
4011,M18870,1,302.1,311.1,168.07520696705393,37.6,171,0,0,0,0,0,0
4012,L51191,0,302.2,311.1,151.52948565814768,52.1,174,0,0,0,0,0,0
4013,M18872,1,302.2,311.2,142.4188669627373,52.8,176,0,0,0,0,0,0
4014,M18873,1,302.2,311.1,180.95573684677208,34.0,179,0,0,0,0,0,0
4015,L51194,0,302.1,311.0,182.212373908208,30.8,182,0,0,0,0,0,0
4016,L51195,0,302.1,310.9,154.67107831173746,41.4,184,0,0,0,0,0,0
4017,L51196,0,302.1,310.9,173.62535398839591,30.3,186,0,0,0,0,0,0
4018,L51197,0,302.0,310.8,199.17697423759287,23.4,188,0,0,0,0,0,0
4019,M18878,1,302.0,310.8,186.71532337835336,23.1,190,0,0,0,0,0,0
4020,M18879,1,302.0,310.9,163.1533784764299,45.3,193,0,0,0,0,0,0
4021,L51200,0,302.1,311.0,141.47638916666034,49.5,196,0,0,0,0,0,0
4022,H33435,2,302.1,310.9,152.053084433746,42.5,198,0,0,0,0,0,0
4023,L51202,0,302.1,310.9,174.46311202935317,30.7,203,0,0,0,0,0,0
4024,L51203,0,302.1,311.0,142.8377459832159,50.0,205,0,0,0,0,0,0
4025,M18884,1,302.1,311.0,141.47638916666034,60.3,207,1,0,0,0,1,0
4026,H33439,2,302.1,311.0,181.06045660189176,26.1,210,0,0,0,0,0,0
4027,M18886,1,302.1,311.0,164.82889455834447,34.1,215,0,0,0,0,0,0
4028,L51207,0,302.0,311.0,163.9911365173872,37.8,218,0,0,0,0,0,0
4029,L51208,0,302.0,310.9,152.36724369910496,43.2,220,0,0,0,0,0,0
4030,H33443,2,302.0,310.9,175.82446884590874,29.0,222,0,0,0,0,0,0
4031,L51210,0,302.0,310.8,224.41443522143086,17.3,227,0,0,0,0,0,0
4032,L51211,0,302.0,310.8,151.52948565814768,42.7,229,0,0,0,0,0,0
4033,L51212,0,302.0,310.8,144.82742133048947,50.3,231,1,0,0,0,1,0
4034,L51213,0,302.1,310.8,185.5634060720371,27.1,233,0,0,0,0,0,0
4035,L51214,0,302.0,310.8,169.1224045182505,29.0,235,1,1,0,0,0,0
4036,L51215,0,302.0,310.8,152.26252394398531,36.6,0,0,0,0,0,0,0
4037,L51216,0,302.0,310.8,151.32004614790836,49.1,2,0,0,0,0,0,0
4038,M18897,1,302.0,310.8,168.49408598753254,35.2,4,0,0,0,0,0,0
4039,L51218,0,302.0,310.9,161.89674141499398,34.4,7,0,0,0,0,0,0
4040,L51219,0,301.9,310.8,164.09585627250686,39.3,9,0,0,0,0,0,0
4041,L51220,0,302.0,310.8,185.03980729643882,27.4,11,0,0,0,0,0,0
4042,L51221,0,302.0,310.9,161.16370312915637,34.2,13,0,0,0,0,0,0
4043,L51222,0,302.0,310.9,163.7816970071479,39.0,15,0,0,0,0,0,0
4044,M18903,1,302.0,310.8,151.32004614790836,46.3,17,0,0,0,0,0,0
4046,M18905,1,301.8,310.9,196.97785938008005,20.9,23,0,0,0,0,0,0
4047,M18906,1,301.9,310.9,148.80677202503654,46.2,26,0,0,0,0,0,0
4048,L51227,0,301.9,311.0,152.36724369910496,46.0,29,0,0,0,0,0,0
4049,L51228,0,301.9,311.0,281.80086102700443,12.1,31,1,0,0,1,0,0
4050,L51229,0,301.8,310.8,157.60323145508795,41.2,33,0,0,0,0,0,0
4051,L51230,0,301.8,310.8,152.47196345422464,46.6,35,0,0,0,0,0,0
4052,L51231,0,301.8,310.8,144.82742133048947,46.4,37,0,0,0,0,0,0
4053,M18912,1,301.9,310.8,163.67697725202822,39.2,39,0,0,0,0,0,0
4054,M18913,1,301.9,310.9,241.3790355508158,16.1,42,0,0,0,0,0,0
4055,M18914,1,301.9,310.9,152.47196345422464,43.6,45,0,0,0,0,0,0
4056,L51235,0,302.0,311.0,195.30234329816545,22.7,48,0,0,0,0,0,0
4057,L51236,0,301.9,310.9,167.23744892609665,36.9,50,0,0,0,0,0,0
4058,L51237,0,302.0,310.9,156.55603390389135,38.6,52,0,0,0,0,0,0
4059,M18918,1,302.0,310.9,152.47196345422464,47.2,54,0,0,0,0,0,0
4060,L51239,0,301.9,310.8,153.41444125030156,44.3,57,0,0,0,0,0,0
4061,M18920,1,302.0,310.9,141.58110892178001,55.5,59,0,0,0,0,0,0
4062,L51241,0,301.9,310.8,199.59585325807154,21.7,62,0,0,0,0,0,0
4063,L51242,0,302.0,310.9,151.42476590302803,44.0,64,0,0,0,0,0,0
4064,L51243,0,302.0,310.8,203.99408297309722,19.7,66,0,0,0,0,0,0
4065,L51244,0,301.9,310.7,154.98523757709646,47.1,68,0,0,0,0,0,0
4066,M18925,1,301.9,310.7,158.2315499858059,37.6,70,0,0,0,0,0,0
4067,M18926,1,301.9,310.7,154.14747953613917,47.0,73,0,0,0,0,0,0
4068,L51247,0,301.9,310.7,149.64453006599382,51.0,76,0,0,0,0,0,0
4069,L51248,0,301.9,310.7,147.131255943122,48.8,78,0,0,0,0,0,0
4070,M18929,1,301.9,310.7,147.131255943122,47.9,80,0,0,0,0,0,0
4071,L51250,0,302.0,310.7,141.16222990130137,58.1,83,0,0,0,0,0,0
4072,L51251,0,301.9,310.6,139.38199406426713,68.6,85,1,0,0,1,0,0
4073,L51252,0,301.9,310.6,168.59880574265222,33.4,87,0,0,0,0,0,0
4074,M18933,1,301.9,310.6,147.86429422895958,46.5,89,0,0,0,0,0,0
4075,L51254,0,302.0,310.7,152.15780418886564,42.7,92,0,0,0,0,0,0
4076,L51255,0,302.0,310.6,165.77137235442143,38.9,94,0,0,0,0,0,0
4077,M18936,1,302.0,310.6,161.16370312915637,37.4,96,0,0,0,0,0,0
4078,L51257,0,302.0,310.5,171.2167996206437,39.8,99,0,0,0,0,0,0
4079,H33492,2,302.1,310.7,135.50736312483974,62.4,101,1,0,1,0,0,0
4080,L51259,0,302.0,310.5,207.135675626687,22.0,106,0,0,0,0,0,0
4081,L51260,0,302.0,310.4,142.1047076973783,58.0,108,1,0,1,0,0,0
4082,L51261,0,302.0,310.4,139.90559283986545,58.2,110,1,0,1,0,0,0
4083,L51262,0,302.0,310.4,164.2005760276265,39.2,112,0,0,0,0,0,0
4084,M18943,1,302.0,310.4,164.09585627250686,36.4,114,0,0,0,0,0,0
4085,L51264,0,302.0,310.4,168.7035254977719,35.6,117,0,0,0,0,0,0
4086,H33499,2,302.0,310.5,192.78906917529363,23.6,119,0,0,0,0,0,0
4087,L51266,0,302.0,310.5,164.09585627250686,36.1,124,0,0,0,0,0,0
4088,L51267,0,301.9,310.4,144.09438304465183,54.9,126,1,0,1,0,0,0
4089,L51268,0,301.9,310.5,154.67107831173746,42.4,128,0,0,0,0,0,0
4090,M18949,1,301.9,310.5,166.504410640259,40.3,130,0,0,0,0,0,0
4091,L51270,0,302.0,310.5,230.06930199789252,15.8,133,0,0,0,0,0,0
4092,M18951,1,302.0,310.4,167.02800941585735,32.9,135,0,0,0,0,0,0
4093,H33506,2,302.0,310.5,189.7521962768235,24.4,138,0,0,0,0,0,0
4094,M18953,1,302.0,310.5,164.72417480322483,32.1,143,0,0,0,0,0,0
4095,L51274,0,302.0,310.5,172.89231570255828,30.9,146,0,0,0,0,0,0
4096,H33509,2,302.0,310.5,152.7861227195836,43.2,148,0,0,0,0,0,0
4097,L51276,0,301.9,310.4,143.46606451393387,51.7,153,1,0,1,0,0,0
4098,L51277,0,301.9,310.4,158.96458827164355,34.1,155,0,0,0,0,0,0
4099,L51278,0,302.0,310.3,172.57815643719928,29.6,157,0,0,0,0,0,0
4100,L51279,0,302.0,310.4,153.3097214951819,47.2,159,0,0,0,0,0,0
4101,L51280,0,302.0,310.4,198.44393595175526,23.2,161,0,0,0,0,0,0
4102,L51281,0,301.9,310.4,197.29201864543901,23.4,163,0,0,0,0,0,0
4103,L51282,0,302.0,310.4,151.84364492350664,46.6,165,0,0,0,0,0,0
4104,L51283,0,302.0,310.4,151.63420541326735,43.4,167,0,0,0,0,0,0
4105,L51284,0,302.1,310.5,145.4557398612074,49.6,169,0,0,0,0,0,0
4106,L51285,0,302.0,310.6,165.77137235442143,35.2,171,0,0,0,0,0,0
4107,L51286,0,301.9,310.5,149.22565104551515,51.1,173,0,0,0,0,0,0
4108,L51287,0,302.0,310.5,189.43803701146453,27.1,175,0,0,0,0,0,0
4109,L51288,0,301.9,310.5,198.1297766863963,21.8,177,0,0,0,0,0,0
4110,M18969,1,301.9,310.6,154.46163880149817,47.8,179,0,0,0,0,0,0
4111,L51290,0,302.0,310.6,142.52358671785697,46.7,182,0,0,0,0,0,0
4112,M18971,1,302.0,310.6,163.67697725202822,41.0,184,0,0,0,0,0,0
4113,H33526,2,301.9,310.5,154.14747953613917,39.7,187,0,0,0,0,0,0
4114,L51293,0,302.0,310.6,138.7536755335492,55.3,192,0,0,0,0,0,0
4115,L51294,0,302.0,310.6,142.20942745249798,53.1,194,0,0,0,0,0,0
4116,H33529,2,302.0,310.6,140.95279039106205,54.7,196,0,0,0,0,0,0
4117,M18976,1,302.0,310.5,144.61798182025012,58.4,201,0,0,0,0,0,0
4118,L51297,0,301.9,310.5,140.3244718603441,55.7,204,1,0,0,0,1,0
4119,L51298,0,302.0,310.6,143.04718549345526,47.7,206,0,0,0,0,0,0
4120,L51299,0,302.1,310.7,138.7536755335492,45.1,208,1,0,1,0,0,0
4121,M18980,1,302.1,310.7,144.09438304465183,46.3,210,1,0,1,0,0,0
4122,M18981,1,302.1,310.7,142.8377459832159,47.8,213,1,0,1,0,0,0
4123,L51302,0,302.2,310.6,153.1002819849426,43.6,0,0,0,0,0,0,0
4124,M18983,1,302.1,310.6,158.85986851652387,38.9,2,0,0,0,0,0,0
4125,L51304,0,302.1,310.6,145.0368608407288,53.6,5,0,0,0,0,0,0
4126,L51305,0,302.1,310.6,150.6917276171904,40.0,7,0,0,0,0,0,0
4127,M18986,1,302.0,310.6,169.9601625592078,34.3,9,0,0,0,0,0,0
4128,H33541,2,302.0,310.6,150.58700786207075,43.2,12,0,0,0,0,0,0
4129,L51308,0,301.9,310.4,178.8613417443789,24.8,17,0,0,0,0,0,0
4130,M18989,1,301.8,310.3,174.46311202935317,32.7,19,0,0,0,0,0,0
4131,L51310,0,301.9,310.4,134.66960508388246,62.8,22,1,0,1,0,0,0
4132,L51311,0,301.9,310.3,155.50883635269477,46.3,24,0,0,0,0,0,0
4133,M18992,1,301.8,310.3,147.5501349636006,52.5,26,0,0,0,0,0,0
4134,L51313,0,301.8,310.3,184.8303677861995,27.3,29,0,0,0,0,0,0
4135,L51314,0,301.8,310.3,176.7669466419857,28.8,31,0,0,0,0,0,0
4136,M18995,1,301.7,310.3,187.134202398832,26.7,33,0,0,0,0,0,0
4137,L51316,0,301.7,310.1,155.7182758629341,48.0,36,0,0,0,0,0,0
4138,L51317,0,301.7,310.1,144.93214108560912,50.5,38,0,0,0,0,0,0
4139,L51318,0,301.7,310.2,137.28759896187395,57.4,40,1,0,1,0,0,0
4140,H33553,2,301.7,310.2,169.64600329384882,30.8,42,0,0,0,0,0,0
4141,L51320,0,301.7,310.2,139.38199406426713,61.2,47,1,0,1,0,0,0
4142,H33555,2,301.7,310.1,153.1002819849426,38.3,49,0,0,0,0,0,0
4143,L51322,0,301.7,310.1,149.12093129039553,50.2,54,0,0,0,0,0,0
4144,L51323,0,301.7,310.1,157.07963267948966,39.6,56,0,0,0,0,0,0
4145,L51324,0,301.8,310.1,182.0029343979687,28.0,58,0,0,0,0,0,0
4146,M19005,1,301.8,310.3,153.41444125030156,46.5,60,0,0,0,0,0,0
4147,L51326,0,301.8,310.3,155.19467708733578,41.4,63,0,0,0,0,0,0
4148,L51327,0,301.9,310.3,146.39821765728436,44.0,65,0,0,0,0,0,0
4149,L51328,0,301.9,310.3,206.50735709596907,21.3,67,0,0,0,0,0,0
4150,L51329,0,301.9,310.4,167.8657674568146,37.6,69,0,0,0,0,0,0
4151,L51330,0,301.9,310.4,168.59880574265222,34.8,71,0,0,0,0,0,0
4152,M19011,1,301.9,310.4,143.78022377929287,48.0,73,1,0,1,0,0,0
4153,M19012,1,302.0,310.5,149.22565104551515,44.7,76,0,0,0,0,0,0
4154,M19013,1,302.0,310.4,126.92034320502763,55.6,79,1,0,1,0,0,0
4155,M19014,1,302.0,310.4,191.42771235873806,26.3,82,0,0,0,0,0,0
4156,L51335,0,302.0,310.5,143.46606451393387,44.4,85,1,0,1,0,0,0
4157,M19016,1,302.0,310.5,190.90411358313978,25.1,87,0,0,0,0,0,0
4158,L51337,0,302.0,310.5,132.26105071613028,60.6,90,1,0,1,0,0,0
4159,L51338,0,301.9,310.4,197.8156174210373,21.5,92,0,0,0,0,0,0
4160,M19019,1,302.0,310.5,171.63567864112238,32.9,94,0,0,0,0,0,0
4161,M19020,1,302.0,310.4,168.38936623241293,33.1,97,0,0,0,0,0,0
4162,H33575,2,301.9,310.3,173.10175521279757,32.4,100,0,0,0,0,0,0
4163,L51342,0,302.0,310.4,166.60913039537868,29.8,105,0,0,0,0,0,0
4164,L51343,0,302.1,310.5,177.60470468294298,30.9,107,0,0,0,0,0,0
4165,L51344,0,302.2,310.6,140.95279039106205,47.5,109,1,0,1,0,0,0
4166,M19025,1,302.2,310.5,157.8126709653273,40.4,111,0,0,0,0,0,0
4167,H33580,2,302.3,310.6,159.69762655748116,48.7,114,0,0,0,0,0,0
4168,M19027,1,302.3,310.7,163.25809823154958,33.9,119,0,0,0,0,0,0
4169,L51348,0,302.2,310.6,170.90264035528475,30.5,122,0,0,0,0,0,0
4170,L51349,0,302.1,310.5,163.25809823154958,36.0,124,0,0,0,0,0,0
4171,M19030,1,302.2,310.6,141.89526818713898,51.5,126,1,0,1,0,0,0
4172,M19031,1,302.2,310.5,191.84659137921668,23.7,129,0,0,0,0,0,0
4173,L51352,0,302.2,310.6,145.14158059584844,50.0,132,0,0,0,0,0,0
4174,M19033,1,302.2,310.6,140.95279039106205,49.2,134,1,0,1,0,0,0
4175,L51354,0,302.3,310.7,156.97491292437,37.8,137,0,0,0,0,0,0
4176,L51355,0,302.3,310.7,168.80824525289154,33.4,139,0,0,0,0,0,0
4177,M19036,1,302.3,310.7,161.6873019047547,39.7,141,0,0,0,0,0,0
4178,L51357,0,302.5,310.9,154.67107831173746,39.2,144,0,0,0,0,0,0
4179,L51358,0,302.5,310.9,170.06488231432746,34.4,146,0,0,0,0,0,0
4180,L51359,0,302.4,310.9,141.26694965642102,46.1,148,1,0,1,0,0,0
4181,L51360,0,302.4,310.8,176.55750713174638,28.8,150,0,0,0,0,0,0
4182,M19041,1,302.4,310.7,159.2787475370025,40.4,152,0,0,0,0,0,0
4183,L51362,0,302.4,310.7,142.6283064729766,54.8,155,1,0,1,0,0,0
4184,L51363,0,302.3,310.7,146.817096677763,50.9,157,0,0,0,0,0,0
4185,L51364,0,302.2,310.6,139.69615332962613,53.2,159,1,0,1,0,0,0
4186,L51365,0,302.2,310.6,141.16222990130137,48.4,161,1,0,1,0,0,0
4187,M19046,1,302.2,310.6,164.41001553786586,34.6,163,0,0,0,0,0,0
4188,M19047,1,302.2,310.7,167.6563279465753,33.0,166,0,0,0,0,0,0
4189,M19048,1,302.3,310.8,168.7035254977719,31.8,169,0,0,0,0,0,0
4190,L51369,0,302.4,310.9,163.36281798666923,31.8,172,0,0,0,0,0,0
4191,H33604,2,302.4,310.9,151.21532639278868,40.7,174,0,0,0,0,0,0
4192,L51371,0,302.4,311.0,137.91591749259192,59.4,179,0,0,0,0,0,0
4193,M19052,1,302.5,311.0,153.20500174006224,43.1,181,0,0,0,0,0,0
4194,L51373,0,302.4,311.1,171.11207986552404,34.2,184,0,0,0,0,0,0
4195,L51374,0,302.4,311.0,149.01621153527586,46.2,186,0,0,0,0,0,0
4196,L51375,0,302.5,311.0,162.10618092523333,38.4,188,0,0,0,0,0,0
4197,M19056,1,302.5,311.0,163.67697725202822,35.6,190,0,0,0,0,0,0
4198,L51377,0,302.4,311.0,164.72417480322483,36.5,193,0,0,0,0,0,0
4199,M19058,1,302.4,311.1,149.9586893313528,44.5,195,0,0,0,0,0,0
4200,M19059,1,302.5,311.1,171.5309588860027,32.0,198,0,0,0,0,0,0
4201,L51380,0,302.5,311.1,164.51473529298548,34.2,201,0,0,0,0,0,0
4202,L51381,0,302.4,311.0,231.53537856956777,15.4,203,0,0,0,0,0,0
4203,L51382,0,302.4,311.0,162.83921921107094,40.6,205,0,0,0,0,0,0
4204,M19063,1,302.3,310.9,163.1533784764299,31.9,207,0,0,0,0,0,0
4205,M19064,1,302.3,310.9,159.48818704724184,43.2,210,0,0,0,0,0,0
4206,L51385,0,302.3,310.8,180.43213807117377,26.3,213,0,0,0,0,0,0
4207,M19066,1,302.3,310.8,180.22269856093448,28.4,215,0,0,0,0,0,0
4208,M19067,1,302.3,310.9,179.07078125461823,30.4,218,1,1,0,0,0,0
4209,M19068,1,302.3,310.9,170.37904157968646,32.3,0,0,0,0,0,0,0
4210,M19069,1,302.2,310.8,148.91149178015618,47.0,3,0,0,0,0,0,0
4211,L51390,0,302.1,310.8,163.88641676226752,35.3,6,0,0,0,0,0,0
4212,L51391,0,302.1,310.7,137.60175822723295,52.8,8,1,0,1,0,0,0
4213,M19072,1,302.0,310.6,145.7698991265664,60.5,10,0,0,0,0,0,0
4214,L51393,0,302.1,310.7,153.41444125030156,40.7,13,0,0,0,0,0,0
4215,L51394,0,301.9,310.6,164.72417480322483,36.6,15,0,0,0,0,0,0
4216,M19075,1,302.0,310.7,225.8805117931061,17.8,17,0,0,0,0,0,0
4217,L51396,0,301.9,310.7,143.46606451393387,50.3,20,0,0,0,0,0,0
4218,L51397,0,301.9,310.6,153.1002819849426,38.8,22,0,0,0,0,0,0
4219,M19078,1,302.0,310.6,154.8805178219768,40.5,24,0,0,0,0,0,0
4220,L51399,0,301.9,310.7,179.8038195404558,26.8,27,0,0,0,0,0,0
4221,M19080,1,301.9,310.6,131.94689145077132,65.9,29,0,0,0,0,0,0
4222,L51401,0,301.9,310.6,153.62388076054089,39.3,32,0,0,0,0,0,0
4223,M19082,1,302.0,310.6,160.74482410867773,38.6,34,0,0,0,0,0,0
4224,L51403,0,302.0,310.7,173.52063423327624,31.9,37,0,0,0,0,0,0
4225,L51404,0,302.0,310.7,177.81414419318227,28.1,39,0,0,0,0,0,0
4226,L51405,0,302.1,310.7,142.31414720761762,49.3,41,1,0,1,0,0,0
4227,L51406,0,302.1,310.8,167.13272917097697,37.1,43,0,0,0,0,0,0
4228,L51407,0,302.2,310.8,144.82742133048947,46.9,45,0,0,0,0,0,0
4229,L51408,0,302.2,310.8,230.69762052861049,16.6,47,0,0,0,0,0,0
4230,M19089,1,302.2,310.8,147.44541520848094,46.8,49,0,0,0,0,0,0
4231,L51410,0,302.2,310.8,175.19615031519078,32.9,52,0,0,0,0,0,0
4232,L51411,0,302.2,310.8,140.3244718603441,47.8,54,0,0,0,0,0,0
4233,L51412,0,302.2,310.9,152.053084433746,42.3,56,0,0,0,0,0,0
4234,M19093,1,302.2,310.9,136.34512116579702,53.4,58,0,0,0,0,0,0
4235,H33648,2,302.2,310.9,159.38346729212216,35.9,61,0,0,0,0,0,0
4236,L51415,0,302.2,310.8,150.58700786207075,41.4,66,0,0,0,0,0,0
4237,L51416,0,302.2,310.9,167.97048721193426,40.5,68,0,0,0,0,0,0
4238,L51417,0,302.2,311.0,191.84659137921668,23.2,70,0,0,0,0,0,0
4239,M19098,1,302.3,311.0,159.2787475370025,34.8,72,0,0,0,0,0,0
4240,L51419,0,302.3,311.0,151.42476590302803,37.6,75,0,0,0,0,0,0
4241,L51420,0,302.4,311.1,199.49113350295187,20.9,77,0,0,0,0,0,0
4242,L51421,0,302.4,311.0,154.46163880149817,47.9,79,0,0,0,0,0,0
4243,L51422,0,302.4,311.0,153.1002819849426,48.5,81,0,0,0,0,0,0
4244,M19103,1,302.4,310.9,150.27284859671178,42.3,83,0,0,0,0,0,0
4245,L51424,0,302.4,310.9,153.83332027078018,39.6,86,0,0,0,0,0,0
4246,M19105,1,302.6,311.1,159.17402778188284,43.0,88,0,0,0,0,0,0
4247,L51426,0,302.6,311.0,160.95426361891708,35.5,91,0,0,0,0,0,0
4248,L51427,0,302.6,311.0,143.36134475881423,60.0,93,1,0,1,0,0,0
4249,L51428,0,302.6,311.0,157.70795121020763,37.2,95,0,0,0,0,0,0
4250,L51429,0,302.5,310.9,139.2772743091475,56.9,97,1,0,1,0,0,0
4251,L51430,0,302.6,311.0,173.8347934986352,38.0,99,0,0,0,0,0,0
4252,H33665,2,302.5,310.9,141.99998794225863,55.5,101,1,0,1,0,0,0
4253,H33666,2,302.6,311.0,150.58700786207075,51.0,106,0,0,0,0,0,0
4254,M19113,1,302.6,311.0,139.17255455402784,48.6,111,1,0,1,0,0,0
4255,L51434,0,302.6,311.0,134.46016557364314,68.0,114,1,0,1,1,0,0
4256,M19115,1,302.5,311.0,145.24630035096808,52.1,116,0,0,0,0,0,0
4257,M19116,1,302.6,311.0,166.60913039537868,33.9,119,0,0,0,0,0,0
4258,M19117,1,302.6,311.0,166.3996908851394,39.0,122,0,0,0,0,0,0
4259,M19118,1,302.7,311.1,135.82152239019874,60.7,125,1,0,1,0,0,0
4260,L51439,0,302.7,311.2,161.79202165987437,35.1,128,0,0,0,0,0,0
4261,H33674,2,302.7,311.1,148.49261275967757,43.4,130,0,0,0,0,0,0
4262,L51441,0,302.7,311.1,181.1651763570114,28.1,135,0,0,0,0,0,0
4263,L51442,0,302.6,311.0,209.5442299944392,20.7,137,0,0,0,0,0,0
4264,L51443,0,302.6,311.0,169.64600329384882,36.2,139,0,0,0,0,0,0
4265,M19124,1,302.6,311.0,161.47786239451537,39.7,141,0,0,0,0,0,0
4266,L51445,0,302.6,311.0,149.12093129039553,38.0,144,0,0,0,0,0,0
4267,L51446,0,302.7,311.1,150.79644737231007,39.5,146,0,0,0,0,0,0
4268,L51447,0,302.6,311.0,159.17402778188284,42.8,148,0,0,0,0,0,0
4269,L51448,0,302.7,311.0,177.39526517270366,29.8,150,0,0,0,0,0,0
4270,L51449,0,302.6,311.0,168.59880574265222,39.2,152,0,0,0,0,0,0
4271,L51450,0,302.6,310.9,139.38199406426713,52.0,154,1,0,1,0,0,0
4272,L51451,0,302.6,310.8,153.93804002589985,41.2,156,0,0,0,0,0,0
4273,L51452,0,302.5,310.8,165.14305382370344,36.9,158,0,0,0,0,0,0
4274,L51453,0,302.6,310.8,155.61355610781442,36.4,160,0,0,0,0,0,0
4275,L51454,0,302.4,310.6,151.32004614790836,40.3,162,0,0,0,0,0,0
4276,M19135,1,302.4,310.5,157.07963267948966,36.7,164,0,0,0,0,0,0
4277,M19136,1,302.2,310.4,152.47196345422464,47.5,167,0,0,0,0,0,0
4278,L51457,0,302.2,310.4,182.52653317356697,28.1,170,0,0,0,0,0,0
4279,L51458,0,302.0,310.1,147.5501349636006,50.4,172,0,0,0,0,0,0
4280,L51459,0,302.0,310.1,142.52358671785697,45.4,174,1,0,1,0,0,0
4281,L51460,0,302.1,310.1,183.57373072476358,28.9,176,0,0,0,0,0,0
4282,L51461,0,302.0,310.0,191.84659137921668,22.9,178,0,0,0,0,0,0
4283,L51462,0,301.9,309.9,143.8849435344125,48.5,180,1,0,1,0,0,0
4284,M19143,1,301.8,309.9,139.69615332962613,61.0,182,1,0,1,0,0,0
4285,L51464,0,301.8,310.0,156.34659439365205,40.3,185,0,0,0,0,0,0
4286,L51465,0,301.7,309.9,137.91591749259192,49.0,187,1,0,1,0,0,0
4287,M19146,1,301.7,309.9,150.1681288415921,47.9,189,0,0,0,0,0,0
4288,M19147,1,301.7,309.9,152.57668320934428,39.2,192,0,0,0,0,0,0
4289,M19148,1,301.7,310.0,145.66517937144675,50.6,195,0,0,0,0,0,0
4290,M19149,1,301.8,310.0,186.50588386811404,23.9,198,0,0,0,0,0,0
4291,L51470,0,301.8,310.0,171.94983790648132,32.6,201,0,0,0,0,0,0
4292,L51471,0,301.8,310.0,212.79054240314866,19.0,203,0,0,0,0,0,0
4293,M19152,1,301.8,310.1,248.39525914383296,13.9,205,1,0,0,1,0,0
4294,L51473,0,301.8,310.0,145.87461888168605,44.9,208,0,0,0,0,0,0
4295,M19154,1,301.7,310.1,182.52653317356697,27.3,210,0,0,0,0,0,0
4296,L51475,0,301.8,310.2,152.57668320934428,40.4,213,0,0,0,0,0,0
4297,L51476,0,301.8,310.2,295.83330821303883,5.8,215,1,0,0,1,0,0
4298,M19157,1,301.8,310.2,168.49408598753254,34.2,217,0,0,0,0,0,0
4299,M19158,1,301.8,310.2,150.4822881069511,42.3,0,0,0,0,0,0,0
4300,L51479,0,301.7,310.1,146.817096677763,50.1,3,0,0,0,0,0,0
4301,M19160,1,301.7,310.1,172.15927741672067,34.6,5,0,0,0,0,0,0
4302,L51481,0,301.7,310.2,154.04275978101953,51.1,8,0,0,0,0,0,0
4303,L51482,0,301.7,310.1,282.21974004748307,12.6,10,0,0,0,0,0,0
4304,L51483,0,301.7,310.2,150.27284859671178,48.1,12,0,0,0,0,0,0
4305,L51484,0,301.6,310.1,177.39526517270366,26.3,14,0,0,0,0,0,0
4306,L51485,0,301.6,310.1,176.66222688686602,26.6,16,0,0,0,0,0,0
4307,L51486,0,301.6,310.0,195.7212223186441,22.9,18,0,0,0,0,0,0
4308,L51487,0,301.4,309.9,131.84217169565164,63.9,20,1,0,1,0,0,0
4309,H33722,2,301.4,309.9,152.89084247470328,47.2,22,0,0,0,0,0,0
4310,M19169,1,301.3,309.9,157.1843524346093,39.5,27,0,0,0,0,0,0
4311,L51490,0,301.4,310.0,185.98228509251575,25.6,30,0,0,0,0,0,0
4312,M19171,1,301.5,310.1,153.72860051566056,40.8,32,0,0,0,0,0,0
4313,L51492,0,301.5,310.1,149.7492498211135,46.5,35,0,0,0,0,0,0
4314,L51493,0,301.4,310.1,157.28907218972896,46.6,37,0,0,0,0,0,0
4315,H33728,2,301.4,310.1,169.9601625592078,32.3,39,0,0,0,0,0,0
4316,M19175,1,301.4,310.0,172.89231570255828,29.8,44,0,0,0,0,0,0
4317,L51496,0,301.5,310.1,171.63567864112238,33.4,47,0,0,0,0,0,0
4318,M19177,1,301.5,310.0,148.3878930045579,44.6,49,0,0,0,0,0,0
4319,L51498,0,301.5,310.1,161.3731426393957,42.2,52,0,0,0,0,0,0
4320,M19179,1,301.6,310.2,147.75957447383993,45.1,54,0,0,0,0,0,0
4321,L51500,0,301.7,310.3,146.2934979021647,44.6,57,0,0,0,0,0,0
4322,L51501,0,301.7,310.2,176.55750713174638,28.9,59,0,0,0,0,0,0
4323,M19182,1,301.7,310.1,149.8539695762331,44.0,61,0,0,0,0,0,0
4324,L51503,0,301.8,310.3,140.42919161546376,50.5,64,1,0,1,0,0,0
4325,L51504,0,301.7,310.2,155.61355610781442,43.0,66,0,0,0,0,0,0
4326,L51505,0,301.6,310.2,144.93214108560912,57.1,68,0,0,0,0,0,0
4327,L51506,0,301.6,310.1,142.6283064729766,55.8,70,1,0,1,0,0,0
4328,H33741,2,301.7,310.1,173.8347934986352,29.3,72,0,0,0,0,0,0
4329,L51508,0,301.6,310.1,138.85839528866885,48.2,77,1,0,1,0,0,0
4330,L51509,0,301.6,310.0,163.9911365173872,30.3,79,0,0,0,0,0,0
4331,L51510,0,301.5,309.8,162.21090068035298,38.5,81,0,0,0,0,0,0
4332,M19191,1,301.6,309.9,182.84069243892597,31.1,83,0,0,0,0,0,0
4333,M19192,1,301.7,309.9,152.053084433746,41.5,86,0,0,0,0,0,0
4334,L51513,0,301.6,309.8,166.29497113001972,33.9,89,0,0,0,0,0,0
4335,L51514,0,301.6,309.8,154.14747953613917,42.5,91,0,0,0,0,0,0
4336,L51515,0,301.7,309.9,168.28464647729325,37.7,93,0,0,0,0,0,0
4337,H33750,2,301.6,309.9,149.01621153527586,53.6,95,0,0,0,0,0,0
4338,L51517,0,301.6,309.9,150.79644737231007,43.4,100,0,0,0,0,0,0
4339,L51518,0,301.6,309.9,146.2934979021647,43.7,102,0,0,0,0,0,0
4340,L51519,0,301.7,309.9,159.59290680236148,46.6,104,0,0,0,0,0,0
4341,M19200,1,301.7,309.9,160.5353845984384,40.9,106,0,0,0,0,0,0
4342,L51521,0,301.7,309.8,146.39821765728436,46.0,109,0,0,0,0,0,0
4343,M19202,1,301.7,309.8,134.46016557364314,68.2,111,1,0,1,1,0,0
4344,L51523,0,301.7,309.8,156.1371548834127,39.3,114,0,0,0,0,0,0
4345,H33758,2,301.8,309.9,148.49261275967757,51.3,116,0,0,0,0,0,0
4346,M19205,1,301.8,309.8,161.89674141499398,39.8,121,0,0,0,0,0,0
4347,L51526,0,301.8,309.7,167.3421686812163,30.4,124,0,0,0,0,0,0
4348,H33761,2,301.9,309.8,180.53685782629344,27.5,126,0,0,0,0,0,0
4349,L51528,0,301.9,309.8,157.8126709653273,44.7,131,0,0,0,0,0,0
4350,L51529,0,301.9,309.7,167.02800941585735,31.4,133,0,0,0,0,0,0
4351,M19210,1,301.9,309.7,164.2005760276265,37.5,135,0,0,0,0,0,0
4352,L51531,0,301.8,309.6,149.9586893313528,43.7,138,0,0,0,0,0,0
4353,L51532,0,301.9,309.7,149.12093129039553,42.8,140,0,0,0,0,0,0
4354,M19213,1,302.0,309.7,145.14158059584844,62.7,142,1,0,0,1,0,0
4355,L51534,0,302.0,309.8,152.47196345422464,58.1,145,0,0,0,0,0,0
4356,H33769,2,302.0,309.8,134.0412865531645,57.3,147,1,0,1,0,0,0
4357,L51536,0,302.0,309.8,172.68287619231896,31.0,152,0,0,0,0,0,0
4358,L51537,0,302.0,309.9,147.3406954533613,52.8,154,0,0,0,0,0,0
4359,H33772,2,302.0,309.9,168.1799267221736,34.5,156,0,0,0,0,0,0
4360,M19219,1,302.1,310.0,160.32594508819912,38.0,161,0,0,0,0,0,0
4361,L51540,0,302.1,310.1,161.58258214963502,35.8,164,0,0,0,0,0,0
4362,M19221,1,302.1,310.1,144.40854231001083,48.2,166,1,0,1,0,0,0
4363,L51542,0,302.1,310.1,151.52948565814768,46.6,169,0,0,0,0,0,0
4364,H33777,2,302.1,310.1,193.1032284406526,24.6,171,0,0,0,0,0,0
4365,H33778,2,302.1,310.1,169.1224045182505,29.9,176,0,0,0,0,0,0
4366,L51545,0,302.0,310.0,151.73892516838703,48.8,181,0,0,0,0,0,0
4367,L51546,0,302.0,309.9,145.35102010608776,51.4,183,0,0,0,0,0,0
4368,H33781,2,302.0,309.9,151.52948565814768,42.8,185,0,0,0,0,0,0
4369,L51548,0,302.0,310.0,174.25367251911388,28.6,190,0,0,0,0,0,0
4370,H33783,2,302.0,309.9,181.68877513260972,27.2,192,0,0,0,0,0,0
4371,L51550,0,302.0,309.9,136.973439696515,57.6,197,1,0,1,0,1,0
4372,L51551,0,302.0,309.8,154.98523757709646,40.0,199,0,0,0,0,0,0
4373,M19232,1,301.9,309.6,150.6917276171904,41.7,201,0,0,0,0,0,0
4374,M19233,1,301.9,309.7,160.5353845984384,35.9,204,0,0,0,0,0,0
4375,L51554,0,302.0,309.7,162.42034019059233,34.8,207,0,0,0,0,0,0
4376,L51555,0,302.0,309.7,148.0737337391989,36.3,209,0,0,0,0,0,0
4377,M19236,1,301.9,309.6,162.42034019059233,34.6,211,0,0,0,0,0,0
4378,M19237,1,301.8,309.6,150.37756835183143,49.0,214,0,0,0,0,0,0
4379,M19238,1,301.9,309.6,145.0368608407288,45.8,217,0,0,0,0,0,0
4380,M19239,1,301.8,309.5,181.37461586725072,30.1,220,0,0,0,0,0,0
4381,L51560,0,301.9,309.6,147.6548547187203,49.0,223,0,0,0,0,0,0
4382,L51561,0,301.9,309.6,151.42476590302803,43.2,225,0,0,0,0,0,0
4383,L51562,0,301.8,309.5,159.69762655748116,39.6,227,0,0,0,0,0,0
4384,L51563,0,301.7,309.5,135.92624214531838,65.5,229,1,0,1,0,1,0
4385,L51564,0,301.8,309.6,151.11060663766906,42.7,231,0,0,0,0,0,0
4386,L51565,0,301.8,309.7,151.0058868825494,45.3,233,1,1,0,0,0,0
4387,L51566,0,301.9,309.7,180.01325905069515,31.9,0,0,0,0,0,0,0
4388,L51567,0,302.0,309.8,160.43066484331877,39.4,2,0,0,0,0,0,0
4389,L51568,0,302.0,309.8,178.12830345854127,27.2,4,0,0,0,0,0,0
4390,M19249,1,302.1,310.0,141.89526818713898,45.1,6,1,0,1,0,0,0
4391,M19250,1,302.2,310.1,148.80677202503654,45.4,9,0,0,0,0,0,0
4392,M19251,1,302.2,310.1,143.25662500369455,51.6,12,1,0,1,0,0,0
4393,L51572,0,302.2,310.1,152.68140296446393,45.1,15,0,0,0,0,0,0
4394,M19253,1,302.2,310.1,164.61945504810515,34.6,17,0,0,0,0,0,0
4395,L51574,0,302.2,310.0,155.29939684245542,48.7,20,0,0,0,0,0,0
4396,L51575,0,302.3,310.1,158.44098949604523,40.4,22,0,0,0,0,0,0
4397,H33810,2,302.3,310.1,144.82742133048947,42.9,24,0,0,0,0,0,0
4398,L51577,0,302.4,310.2,161.16370312915637,37.7,29,0,0,0,0,0,0
4399,M19258,1,302.3,310.1,163.67697725202822,37.8,31,0,0,0,0,0,0
4400,L51579,0,302.3,310.1,173.10175521279757,29.7,34,0,0,0,0,0,0
4401,L51580,0,302.3,310.1,141.68582867689966,50.9,36,1,0,1,0,0,0
4402,H33815,2,302.2,310.0,153.72860051566056,43.6,38,0,0,0,0,0,0
4403,H33816,2,302.3,310.2,157.70795121020763,33.8,43,0,0,0,0,0,0
4404,L51583,0,302.3,310.1,145.35102010608776,49.9,48,0,0,0,0,0,0
4405,M19264,1,302.4,310.2,155.50883635269477,45.9,50,0,0,0,0,0,0
4406,L51585,0,302.4,310.2,139.38199406426713,45.5,53,1,0,1,0,0,0
4407,L51586,0,302.5,310.3,138.85839528866885,58.5,55,1,0,1,0,0,0
4408,L51587,0,302.3,310.2,145.97933863680572,55.4,57,0,0,0,0,0,0
4409,L51588,0,302.4,310.1,210.38198803539646,18.9,59,0,0,0,0,0,0
4410,M19269,1,302.4,310.1,142.20942745249798,54.6,61,1,0,1,0,0,0
4411,L51590,0,302.5,310.2,166.0855316197804,32.2,64,0,0,0,0,0,0
4412,L51591,0,302.5,310.3,176.7669466419857,31.6,66,0,0,0,0,0,0
4413,L51592,0,302.6,310.5,151.84364492350664,43.2,68,0,0,0,0,0,0
4414,M19273,1,302.7,310.5,146.39821765728436,47.3,70,0,0,0,0,0,0
4415,L51594,0,302.7,310.5,159.17402778188284,39.3,73,0,0,0,0,0,0
4416,L51595,0,302.6,310.4,158.54570925116488,42.7,75,0,0,0,0,0,0
4417,M19276,1,302.6,310.4,160.43066484331877,36.1,77,0,0,0,0,0,0
4418,L51597,0,302.6,310.4,142.94246573833559,66.8,80,1,0,1,1,0,0
4419,L51598,0,302.6,310.3,171.94983790648132,33.2,82,0,0,0,0,0,0
4420,M19279,1,302.6,310.2,280.23006470020954,10.8,84,1,0,0,1,0,0
4421,H33834,2,302.6,310.2,196.14010133912277,21.3,87,0,0,0,0,0,0
4422,L51601,0,302.6,310.2,138.7536755335492,62.4,92,1,0,1,0,0,0
4423,M19282,1,302.6,310.2,225.8805117931061,17.2,94,0,0,0,0,0,0
4424,M19283,1,302.6,310.2,163.67697725202822,39.0,97,0,0,0,0,0,0
4425,M19284,1,302.6,310.2,170.79792060016507,31.0,100,0,0,0,0,0,0
4426,L51605,0,302.5,310.2,162.00146117011366,36.9,103,0,0,0,0,0,0
4427,L51606,0,302.6,310.3,154.8805178219768,40.4,105,0,0,0,0,0,0
4428,M19287,1,302.4,310.1,144.40854231001083,48.9,107,1,0,1,0,0,0
4429,L51608,0,302.4,310.1,199.59585325807154,21.2,110,0,0,0,0,0,0
4430,M19289,1,302.3,310.1,181.26989611213105,33.4,112,0,0,0,0,0,0
4431,H33844,2,302.3,310.1,176.7669466419857,30.4,115,0,0,0,0,0,0
4432,H33845,2,302.3,310.2,151.11060663766906,54.6,120,0,0,0,0,0,0
4433,L51612,0,302.4,310.2,151.32004614790836,46.4,125,0,0,0,0,0,0
4434,H33847,2,302.4,310.2,150.27284859671178,44.9,127,0,0,0,0,0,0
4435,L51614,0,302.4,310.1,162.94393896619061,32.9,132,0,0,0,0,0,0
4436,L51615,0,302.3,310.1,138.33479651307056,52.7,134,1,0,1,0,0,0
4437,M19296,1,302.4,310.1,165.14305382370344,35.8,136,0,0,0,0,0,0
4438,L51617,0,302.4,310.2,165.24777357882311,31.2,139,0,0,0,0,0,0
4439,L51618,0,302.4,310.1,148.49261275967757,52.3,141,0,0,0,0,0,0
4440,M19299,1,302.4,310.2,145.7698991265664,55.8,143,0,0,0,0,0,0
4441,L51620,0,302.5,310.3,151.42476590302803,44.0,146,0,0,0,0,0,0
4442,L51621,0,302.5,310.2,139.17255455402784,50.6,148,1,0,1,0,0,0
4443,L51622,0,302.5,310.2,163.67697725202822,34.8,150,0,0,0,0,0,0
4444,L51623,0,302.5,310.3,147.131255943122,57.4,152,0,0,0,0,0,0
4445,L51624,0,302.4,310.2,232.8967353861233,16.0,154,0,0,0,0,0,0
4446,L51625,0,302.5,310.2,179.6990997853362,29.9,156,0,0,0,0,0,0
4447,L51626,0,302.5,310.3,165.87609210954108,35.5,158,0,0,0,0,0,0
4448,M19307,1,302.5,310.3,155.8229956180537,41.8,160,0,0,0,0,0,0
4449,L51628,0,302.4,310.3,143.8849435344125,51.2,163,1,0,1,0,0,0
4450,M19309,1,302.4,310.3,144.30382255489116,54.3,165,1,0,1,0,0,0
4451,L51630,0,302.5,310.3,162.42034019059233,37.3,168,0,0,0,0,0,0
4452,L51631,0,302.5,310.3,162.21090068035298,40.9,170,0,0,0,0,0,0
4453,M19312,1,302.5,310.3,151.52948565814768,39.2,172,0,0,0,0,0,0
4454,L51633,0,302.4,310.2,146.60765716752366,53.7,175,0,0,0,0,0,0
4455,L51634,0,302.4,310.1,146.71237692264333,48.8,177,0,0,0,0,0,0
4456,H33869,2,302.4,310.1,167.23744892609665,28.9,179,0,0,0,0,0,0
4457,L51636,0,302.3,310.1,155.7182758629341,46.0,184,0,0,0,0,0,0
4458,M19317,1,302.5,310.3,179.07078125461823,27.3,186,0,0,0,0,0,0
4459,L51638,0,302.6,310.4,154.77579806685713,47.7,189,0,0,0,0,0,0
4460,L51639,0,302.6,310.4,182.52653317356697,26.3,191,0,0,0,0,0,0
4461,L51640,0,302.6,310.5,167.13272917097697,32.8,193,0,0,0,0,0,0
4462,L51641,0,302.7,310.5,171.94983790648132,30.8,195,0,0,0,0,0,0
4463,L51642,0,302.7,310.5,132.26105071613028,67.8,197,1,0,1,0,1,0
4464,L51643,0,302.8,310.6,211.1150263212341,19.9,199,0,0,0,0,0,0
4465,L51644,0,302.8,310.6,174.98671080495149,30.5,201,0,0,0,0,0,0
4466,L51645,0,302.8,310.6,147.02653618800232,43.2,203,0,0,0,0,0,0
4467,L51646,0,302.8,310.6,153.93804002589985,41.1,205,0,0,0,0,0,0
4468,L51647,0,302.8,310.6,169.33184402848985,37.9,207,0,0,0,0,0,0
4469,L51648,0,302.7,310.5,180.6415775814131,29.0,209,0,0,0,0,0,0
4470,L51649,0,302.7,310.5,151.42476590302803,40.9,211,1,1,0,0,0,0
4471,L51650,0,302.7,310.6,163.7816970071479,34.3,0,0,0,0,0,0,0
4472,L51651,0,302.8,310.6,174.8819910498318,29.1,2,0,0,0,0,0,0
4473,L51652,0,302.7,310.6,157.1843524346093,48.7,4,0,0,0,0,0,0
4474,L51653,0,302.7,310.5,162.42034019059233,35.9,6,0,0,0,0,0,0
4475,L51654,0,302.7,310.5,163.67697725202822,35.0,8,0,0,0,0,0,0
4476,L51655,0,302.7,310.5,141.47638916666034,41.8,10,1,0,1,0,0,0
4477,L51656,0,302.6,310.4,148.17845349431857,52.1,12,0,0,0,0,0,0
4478,L51657,0,302.6,310.3,172.47343668207964,34.2,14,0,0,0,0,0,0
4479,L51658,0,302.5,310.2,154.67107831173746,41.6,16,0,0,0,0,0,0
4480,L51659,0,302.6,310.2,201.37608909510573,21.5,18,0,0,0,0,0,0
4481,H33894,2,302.7,310.4,136.659280431156,55.2,20,1,0,1,0,0,0
4482,M19341,1,302.6,310.4,161.6873019047547,35.1,25,0,0,0,0,0,0
4483,H33896,2,302.7,310.5,164.2005760276265,36.9,28,0,0,0,0,0,0
4484,L51663,0,302.7,310.4,155.92771537317338,42.7,33,0,0,0,0,0,0
4485,M19344,1,302.6,310.4,151.94836467862632,43.1,35,0,0,0,0,0,0
4486,L51665,0,302.7,310.4,161.47786239451537,35.7,38,0,0,0,0,0,0
4487,M19346,1,302.6,310.5,205.77431881013143,20.2,40,0,0,0,0,0,0
4488,L51667,0,302.5,310.5,150.37756835183143,36.5,43,0,0,0,0,0,0
4489,M19348,1,302.5,310.4,158.0221104755666,37.6,45,0,0,0,0,0,0
4490,L51669,0,302.5,310.4,155.7182758629341,40.2,48,0,0,0,0,0,0
4491,L51670,0,302.5,310.4,205.98375832037075,20.3,50,0,0,0,0,0,0
4492,H33905,2,302.6,310.4,147.5501349636006,53.3,52,0,0,0,0,0,0
4493,M19352,1,302.6,310.5,148.70205226991686,56.4,57,0,0,0,0,0,0
4494,L51673,0,302.7,310.5,158.2315499858059,37.7,60,0,0,0,0,0,0
4495,H33908,2,302.6,310.4,172.68287619231896,30.1,62,0,0,0,0,0,0
4496,L51675,0,302.6,310.4,142.31414720761762,57.2,67,1,0,1,0,0,0
4497,M19356,1,302.5,310.4,168.07520696705393,36.0,69,0,0,0,0,0,0
4498,L51677,0,302.5,310.3,159.48818704724184,36.0,72,0,0,0,0,0,0
4499,H33912,2,302.6,310.4,169.0176847631309,36.0,74,0,0,0,0,0,0
4500,H33913,2,302.6,310.3,180.22269856093448,27.4,79,0,0,0,0,0,0
4501,L51680,0,302.6,310.4,171.5309588860027,36.2,84,0,0,0,0,0,0
4502,L51681,0,302.5,310.2,136.8687199413953,54.0,86,1,0,1,0,0,0
4503,L51682,0,302.4,310.2,171.94983790648132,28.3,88,0,0,0,0,0,0
4504,M19363,1,302.5,310.2,183.36429121452426,30.5,90,0,0,0,0,0,0
4505,L51684,0,302.4,310.1,172.26399717184032,31.6,93,0,0,0,0,0,0
4506,L51685,0,302.4,310.1,149.33037080063482,46.8,95,0,0,0,0,0,0
4507,M19366,1,302.4,310.1,159.17402778188284,36.6,97,0,0,0,0,0,0
4508,L51687,0,302.4,310.1,178.96606149949855,31.8,100,0,0,0,0,0,0
4509,L51688,0,302.4,310.0,149.33037080063482,46.6,102,0,0,0,0,0,0
4510,L51689,0,302.4,310.1,149.64453006599382,43.7,104,0,0,0,0,0,0
4511,L51690,0,302.4,310.2,140.95279039106205,62.4,106,1,0,1,0,0,0
4512,L51691,0,302.5,310.2,152.26252394398531,43.0,108,0,0,0,0,0,0
4513,M19372,1,302.5,310.3,147.75957447383993,49.5,110,0,0,0,0,0,0
4514,L51693,0,302.4,310.3,198.96753472735358,24.4,113,0,0,0,0,0,0
4515,L51694,0,302.4,310.3,154.8805178219768,36.2,115,0,0,0,0,0,0
4516,L51695,0,302.5,310.4,148.17845349431857,48.2,117,0,0,0,0,0,0
4517,L51696,0,302.5,310.3,161.16370312915637,39.0,119,0,0,0,0,0,0
4518,L51697,0,302.4,310.3,159.17402778188284,31.6,121,0,0,0,0,0,0
4519,L51698,0,302.4,310.3,154.98523757709646,45.8,123,0,0,0,0,0,0
4520,L51699,0,302.4,310.4,174.46311202935317,29.7,125,0,0,0,0,0,0
4521,L51700,0,302.4,310.4,152.47196345422464,47.6,127,0,0,0,0,0,0
4522,L51701,0,302.4,310.4,195.30234329816545,23.9,129,0,0,0,0,0,0
4523,M19382,1,302.5,310.5,200.85249031950744,21.6,131,0,0,0,0,0,0
4524,L51703,0,302.5,310.4,155.8229956180537,48.4,134,0,0,0,0,0,0
4525,M19384,1,302.5,310.5,159.90706606772045,38.8,136,0,0,0,0,0,0
4526,M19385,1,302.4,310.4,153.20500174006224,42.2,139,0,0,0,0,0,0
4527,L51706,0,302.4,310.4,159.2787475370025,38.5,142,0,0,0,0,0,0
4528,M19387,1,302.4,310.5,143.67550402417322,45.7,144,1,0,1,0,0,0
4529,L51708,0,302.5,310.5,157.8126709653273,39.5,147,0,0,0,0,0,0
4530,M19389,1,302.4,310.4,166.0855316197804,34.3,149,0,0,0,0,0,0
4531,L51710,0,302.5,310.4,155.7182758629341,42.0,152,0,0,0,0,0,0
4532,L51711,0,302.5,310.5,159.17402778188284,41.2,154,0,0,0,0,0,0
4533,H33946,2,302.5,310.4,148.91149178015618,41.9,156,0,0,0,0,0,0
4534,M19393,1,302.4,310.3,143.98966328953216,52.5,161,1,0,1,0,0,0
4535,L51714,0,302.4,310.2,171.00736011040442,28.0,164,0,0,0,0,0,0
4536,L51715,0,302.4,310.2,157.39379194484863,36.2,166,0,0,0,0,0,0
4537,L51716,0,302.4,310.2,141.47638916666034,45.1,168,1,0,1,0,0,0
4538,L51717,0,302.3,310.2,162.10618092523333,35.3,170,0,0,0,0,0,0
4539,L51718,0,302.4,310.3,201.37608909510573,23.3,172,0,0,0,0,0,0
4540,L51719,0,302.5,310.3,166.71385015049836,32.6,174,0,0,0,0,0,0
4541,M19400,1,302.5,310.4,165.45721308906244,35.6,176,0,0,0,0,0,0
4542,L51721,0,302.5,310.4,149.4350905557545,46.8,179,0,0,0,0,0,0
4543,M19402,1,302.5,310.4,165.5619328441821,32.7,181,0,0,0,0,0,0
4544,M19403,1,302.6,310.5,161.47786239451537,39.9,184,0,0,0,0,0,0
4545,L51724,0,302.5,310.4,141.26694965642102,55.1,187,1,0,1,0,0,0
4546,L51725,0,302.5,310.5,153.20500174006224,43.0,189,0,0,0,0,0,0
4547,M19406,1,302.5,310.4,149.64453006599382,43.2,191,0,0,0,0,0,0
4548,M19407,1,302.5,310.4,151.94836467862632,53.6,194,0,0,0,0,0,0
4549,L51728,0,302.6,310.5,158.2315499858059,37.2,197,0,0,0,0,0,0
4550,L51729,0,302.6,310.6,162.21090068035298,37.5,199,0,0,0,0,0,0
4551,M19410,1,302.5,310.5,157.8126709653273,40.2,201,0,0,0,0,0,0
4552,M19411,1,302.6,310.5,159.59290680236148,33.7,204,0,0,0,0,0,0
4553,M19412,1,302.7,310.5,196.87313962496037,22.7,207,0,0,0,0,0,0
4554,L51733,0,302.6,310.5,152.99556222982292,45.4,0,0,0,0,0,0,0
4555,L51734,0,302.6,310.5,183.0501319491653,28.2,2,0,0,0,0,0,0
4556,L51735,0,302.7,310.6,176.97638615222502,26.7,4,0,0,0,0,0,0
4557,M19416,1,302.7,310.6,141.26694965642102,51.2,6,1,0,1,0,0,0
4558,L51737,0,302.7,310.6,176.55750713174638,26.3,9,0,0,0,0,0,0
4559,L51738,0,302.7,310.7,143.36134475881423,47.5,11,1,0,1,0,0,0
4560,L51739,0,302.7,310.7,150.06340908647243,43.7,13,0,0,0,0,0,0
4561,L51740,0,302.7,310.7,167.23744892609665,41.9,15,0,0,0,0,0,0
4562,L51741,0,302.9,310.8,168.59880574265222,32.2,17,0,0,0,0,0,0
4563,L51742,0,302.7,310.7,146.39821765728436,57.7,19,0,0,0,0,0,0
4564,L51743,0,302.7,310.7,207.03095587156736,20.0,21,0,0,0,0,0,0
4565,L51744,0,302.8,310.8,158.7551487614042,39.5,23,0,0,0,0,0,0
4566,H33979,2,302.7,310.8,133.5176877775662,55.0,25,1,0,1,0,0,0
4567,L51746,0,302.8,310.8,146.817096677763,50.5,30,0,0,0,0,0,0
4568,M19427,1,302.8,310.8,151.94836467862632,44.7,32,0,0,0,0,0,0
4569,M19428,1,302.7,310.8,162.83921921107094,36.1,35,0,0,0,0,0,0
4570,L51749,0,302.8,310.9,171.3215193757634,35.0,38,0,0,0,0,0,0
4571,L51750,0,302.8,310.9,137.3923187169936,52.2,40,1,0,1,0,0,0
4572,L51751,0,302.8,310.9,178.8613417443789,29.8,42,0,0,0,0,0,0
4573,M19432,1,302.9,311.0,162.94393896619061,36.5,44,0,0,0,0,0,0
4574,H33987,2,302.8,311.0,150.37756835183143,43.5,47,0,0,0,0,0,0
4575,M19434,1,302.9,311.0,146.817096677763,40.7,52,0,0,0,0,0,0
4576,M19435,1,302.9,311.0,150.4822881069511,49.9,55,0,0,0,0,0,0
4577,M19436,1,302.9,311.1,201.6902483604647,21.8,58,0,0,0,0,0,0
4578,L51757,0,303.0,311.2,188.49555921538757,23.7,61,0,0,0,0,0,0
4579,L51758,0,303.0,311.2,171.84511815136167,32.6,63,0,0,0,0,0,0
4580,L51759,0,303.0,311.2,143.8849435344125,48.2,65,1,0,1,0,0,0
4581,L51760,0,303.0,311.2,156.4513141487717,37.0,67,0,0,0,0,0,0
4582,L51761,0,303.0,311.2,167.6563279465753,32.9,69,0,0,0,0,0,0
4583,L51762,0,302.9,311.2,171.11207986552404,36.9,71,0,0,0,0,0,0
4584,M19443,1,302.9,311.2,153.62388076054089,37.7,73,0,0,0,0,0,0
4585,L51764,0,302.8,311.1,162.31562043547265,32.3,76,0,0,0,0,0,0
4586,L51765,0,302.8,311.1,163.67697725202822,32.2,78,0,0,0,0,0,0
4587,L51766,0,302.7,310.9,146.08405839192537,48.3,80,0,0,0,0,0,0
4588,M19447,1,302.8,311.0,157.8126709653273,33.4,82,0,0,0,0,0,0
4589,L51768,0,302.8,311.0,163.7816970071479,38.5,85,0,0,0,0,0,0
4590,L51769,0,302.8,311.1,180.22269856093448,30.0,87,0,0,0,0,0,0
4591,L51770,0,302.8,311.1,152.47196345422464,36.1,89,0,0,0,0,0,0
4592,H34005,2,302.9,311.2,220.12092526152483,17.8,91,0,0,0,0,0,0
4593,L51772,0,302.9,311.1,162.83921921107094,33.9,96,0,0,0,0,0,0
4594,L51773,0,303.0,311.2,147.5501349636006,41.9,98,0,0,0,0,0,0
4595,M19454,1,303.0,311.2,145.24630035096808,41.4,100,0,0,0,0,0,0
4596,M19455,1,303.0,311.2,152.89084247470328,43.9,103,0,0,0,0,0,0
4597,L51776,0,303.0,311.2,142.52358671785697,47.6,106,1,0,1,0,0,0
4598,M19457,1,303.0,311.1,156.03243512829306,43.0,108,0,0,0,0,0,0
4599,L51778,0,303.1,311.2,146.50293741240404,49.2,111,0,0,0,0,0,0
4600,L51779,0,303.1,311.1,148.70205226991686,55.8,113,0,0,0,0,0,0
4601,L51780,0,303.0,311.0,142.31414720761762,44.2,115,1,0,1,0,0,0
4602,M19461,1,303.0,311.1,143.67550402417322,54.3,117,1,0,1,0,0,0
4603,M19462,1,303.0,311.0,147.5501349636006,41.7,120,0,0,0,0,0,0
4604,H34017,2,302.9,311.0,152.053084433746,58.3,123,0,0,0,0,0,0
4605,L51784,0,302.9,311.0,190.58995431778078,24.6,128,0,0,0,0,0,0
4606,H34019,2,302.9,311.0,153.83332027078018,48.7,130,0,0,0,0,0,0
4607,L51786,0,302.9,311.1,162.94393896619061,45.3,135,0,0,0,0,0,0
4608,L51787,0,303.0,311.1,207.34511513692635,20.2,137,0,0,0,0,0,0
4609,M19468,1,303.0,311.2,159.0693080267632,38.0,139,0,0,0,0,0,0
4610,L51789,0,303.0,311.2,152.47196345422464,44.0,142,0,0,0,0,0,0
4611,L51790,0,303.1,311.2,145.97933863680572,45.3,144,0,0,0,0,0,0
4612,L51791,0,303.0,311.3,142.94246573833559,56.2,146,1,0,1,0,0,0
4613,L51792,0,303.0,311.3,229.75514273253353,16.5,148,0,0,0,0,0,0
4614,L51793,0,303.1,311.3,146.92181643288265,55.6,150,0,0,0,0,0,0
4615,H34028,2,303.0,311.2,157.39379194484863,37.0,152,0,0,0,0,0,0
4616,L51795,0,303.0,311.3,187.76252092954996,29.3,157,0,0,0,0,0,0
4617,L51796,0,303.1,311.4,191.53243211385774,24.5,159,0,0,0,0,0,0
4618,M19477,1,303.1,311.4,191.74187162409703,23.3,161,0,0,0,0,0,0
4619,M19478,1,303.0,311.3,139.8008730847458,53.6,164,1,0,1,0,0,0
4620,H34033,2,303.1,311.3,215.30381652602048,19.7,167,0,0,0,0,0,0
4621,L51800,0,303.1,311.3,139.90559283986545,52.6,172,1,0,1,0,0,0
4622,L51801,0,303.0,311.2,140.42919161546376,51.0,174,1,0,1,0,0,0
4623,M19482,1,303.0,311.1,159.80234631260083,37.3,176,0,0,0,0,0,0
4624,L51803,0,303.0,311.1,159.69762655748116,40.7,179,0,0,0,0,0,0
4625,M19484,1,303.0,311.1,149.53981031087415,39.8,181,0,0,0,0,0,0
4626,L51805,0,303.0,311.2,158.2315499858059,45.7,184,0,0,0,0,0,0
4627,L51806,0,303.0,311.2,174.25367251911388,29.8,186,0,0,0,0,0,0
4628,M19487,1,303.0,311.2,166.71385015049836,38.9,188,0,0,0,0,0,0
4629,M19488,1,303.0,311.1,167.23744892609665,36.7,191,0,0,0,0,0,0
4630,L51809,0,303.0,311.2,181.68877513260972,26.1,194,0,0,0,0,0,0
4631,L51810,0,302.9,311.2,183.36429121452426,23.8,196,0,0,0,0,0,0
4632,L51811,0,303.0,311.2,144.82742133048947,44.6,198,0,0,0,0,0,0
4633,M19492,1,302.9,311.2,139.2772743091475,53.7,200,1,0,1,0,0,0
4634,L51813,0,303.0,311.2,144.7227015753698,50.5,203,0,0,0,0,0,0
4635,L51814,0,303.0,311.2,183.78317023500287,30.4,205,0,0,0,0,0,0
4636,M19495,1,303.0,311.2,169.0176847631309,35.7,207,0,0,0,0,0,0
4637,L51816,0,303.0,311.3,153.5191610054212,43.0,210,0,0,0,0,0,0
4638,M19497,1,303.1,311.3,193.4173877060116,24.7,212,0,0,0,0,0,0
4639,L51818,0,303.1,311.3,154.35691904637852,34.8,215,0,0,0,0,0,0
4640,L51819,0,303.1,311.3,173.52063423327624,31.8,217,0,0,0,0,0,0
4641,L51820,0,303.1,311.2,150.27284859671178,40.1,219,0,0,0,0,0,0
4642,H34055,2,303.1,311.3,156.4513141487717,42.7,221,0,0,0,0,0,0
4643,L51822,0,303.2,311.4,129.6430568381388,54.6,226,1,0,1,0,1,0
4644,L51823,0,303.2,311.4,138.64895577842952,54.2,228,1,0,1,0,1,0
4645,L51824,0,303.2,311.4,158.54570925116488,41.2,230,0,0,0,0,0,0
4646,L51825,0,303.3,311.4,181.37461586725072,25.6,232,0,0,0,0,0,0
4647,L51826,0,303.3,311.4,156.76547341413067,46.0,234,1,1,0,0,0,0
4648,L51827,0,303.3,311.4,205.04128052429382,21.5,0,0,0,0,0,0,0
4649,L51828,0,303.3,311.4,170.69320084504542,32.5,2,0,0,0,0,0,0
4650,M19509,1,303.3,311.4,146.08405839192537,59.1,4,0,0,0,0,0,0
4651,L51830,0,303.3,311.4,173.62535398839591,30.5,7,0,0,0,0,0,0
4652,L51831,0,303.2,311.4,141.26694965642102,51.1,9,1,0,1,0,0,0
4653,L51832,0,303.1,311.2,152.053084433746,52.9,11,0,0,0,0,0,0
4654,M19513,1,303.1,311.1,166.92328966073768,35.5,13,0,0,0,0,0,0
4655,M19514,1,303.1,311.0,158.12683023068624,47.6,16,0,0,0,0,0,0
4656,L51835,0,303.1,311.1,194.1504259918492,22.6,19,0,0,0,0,0,0
4657,L51836,0,303.1,311.2,170.27432182456678,32.3,21,0,0,0,0,0,0
4658,L51837,0,303.1,311.2,170.4837613348061,35.2,23,0,0,0,0,0,0
4659,L51838,0,303.1,311.2,175.82446884590874,34.8,25,0,0,0,0,0,0
4660,M19519,1,303.1,311.2,155.92771537317338,44.5,27,0,0,0,0,0,0
4661,L51840,0,303.2,311.2,150.6917276171904,43.9,30,0,0,0,0,0,0
4662,L51841,0,303.3,311.3,141.3716694115407,48.1,32,1,0,1,0,0,0
4663,H34076,2,303.3,311.2,168.28464647729325,31.7,34,0,0,0,0,0,0
4664,L51843,0,303.3,311.3,145.4557398612074,53.9,39,0,0,0,0,0,0
4665,M19524,1,303.3,311.3,163.9911365173872,46.1,41,0,0,0,0,0,0
4666,M19525,1,303.4,311.4,136.8687199413953,54.0,44,1,0,1,0,0,0
4667,M19526,1,303.3,311.5,164.30529578274619,36.6,47,0,0,0,0,0,0
4668,H34081,2,303.3,311.4,172.89231570255828,30.6,50,0,0,0,0,0,0
4669,H34082,2,303.3,311.4,177.1858256624643,27.9,55,0,0,0,0,0,0
4670,M19529,1,303.3,311.5,143.78022377929287,47.3,60,1,0,1,0,0,0
4671,L51850,0,303.2,311.4,168.59880574265222,35.5,63,0,0,0,0,0,0
4672,L51851,0,303.3,311.4,158.2315499858059,43.4,65,0,0,0,0,0,0
4673,L51852,0,303.3,311.5,147.86429422895958,55.6,67,0,0,0,0,0,0
4674,L51853,0,303.4,311.5,157.1843524346093,36.2,69,0,0,0,0,0,0
4675,L51854,0,303.4,311.5,148.0737337391989,44.8,71,0,0,0,0,0,0
4676,H34089,2,303.5,311.5,170.58848108992575,33.5,73,0,0,0,0,0,0
4677,L51856,0,303.4,311.5,196.7684198698407,21.3,78,0,0,0,0,0,0
4678,H34091,2,303.5,311.6,153.5191610054212,47.0,80,0,0,0,0,0,0
4679,H34092,2,303.6,311.7,154.5663585566178,40.1,85,0,0,0,0,0,0
4680,L51859,0,303.6,311.8,177.4999849278233,30.7,90,0,0,0,0,0,0
4681,L51860,0,303.6,311.7,156.1371548834127,39.8,92,0,0,0,0,0,0
4682,M19541,1,303.6,311.8,173.73007374351556,34.7,94,0,0,0,0,0,0
4683,L51862,0,303.6,311.8,164.09585627250686,31.7,97,0,0,0,0,0,0
4684,L51863,0,303.6,311.8,181.79349488772934,32.9,99,0,0,0,0,0,0
4686,M19545,1,303.6,311.8,170.37904157968646,30.8,104,0,0,0,0,0,0
4687,M19546,1,303.5,311.6,163.57225749690858,34.2,107,0,0,0,0,0,0
4688,L51867,0,303.5,311.6,228.60322542621728,17.0,110,0,0,0,0,0,0
4689,L51868,0,303.5,311.6,165.14305382370344,38.1,112,0,0,0,0,0,0
4690,M19549,1,303.4,311.5,163.36281798666923,36.4,114,0,0,0,0,0,0
4691,M19550,1,303.4,311.5,155.29939684245542,43.0,117,0,0,0,0,0,0
4692,L51871,0,303.5,311.5,160.74482410867773,33.3,120,0,0,0,0,0,0
4693,M19552,1,303.4,311.4,168.1799267221736,29.6,122,0,0,0,0,0,0
4694,M19553,1,303.4,311.5,190.2757950524218,24.7,125,0,0,0,0,0,0
4695,L51874,0,303.4,311.5,149.12093129039553,50.8,128,0,0,0,0,0,0
4696,L51875,0,303.3,311.6,158.54570925116488,34.7,130,0,0,0,0,0,0
4697,L51876,0,303.4,311.6,151.73892516838703,41.7,132,0,0,0,0,0,0
4698,M19557,1,303.5,311.6,164.72417480322483,34.0,134,0,0,0,0,0,0
4699,L51878,0,303.4,311.6,163.7816970071479,41.9,137,0,0,0,0,0,0
4700,L51879,0,303.5,311.6,149.53981031087415,46.2,139,0,0,0,0,0,0
4701,L51880,0,303.5,311.7,169.64600329384882,31.0,141,0,0,0,0,0,0
4702,H34115,2,303.5,311.7,165.87609210954108,32.7,143,0,0,0,0,0,0
4703,L51882,0,303.6,311.8,127.96754075622424,66.8,148,1,0,1,0,0,0
4704,M19563,1,303.6,311.8,149.9586893313528,42.5,150,0,0,0,0,0,0
4705,L51884,0,303.7,311.9,163.4675377417889,33.3,153,0,0,0,0,0,0
4706,L51885,0,303.6,311.8,169.0176847631309,33.2,155,0,0,0,0,0,0
4707,L51886,0,303.5,311.7,205.14600027941347,22.3,157,0,0,0,0,0,0
4708,L51887,0,303.5,311.8,203.5752039526186,23.5,159,0,0,0,0,0,0
4709,L51888,0,303.4,311.7,187.76252092954996,25.8,161,0,0,0,0,0,0
4710,M19569,1,303.4,311.6,151.42476590302803,50.0,163,0,0,0,0,0,0
4711,L51890,0,303.4,311.7,175.19615031519078,32.2,166,0,0,0,0,0,0
4712,M19571,1,303.4,311.7,158.65042900628455,44.2,168,0,0,0,0,0,0
4713,L51892,0,303.4,311.8,163.7816970071479,35.9,171,0,0,0,0,0,0
4714,L51893,0,303.5,311.8,151.94836467862632,45.2,173,0,0,0,0,0,0
4715,H34128,2,303.4,311.8,177.29054541758398,28.3,175,0,0,0,0,0,0
4716,L51895,0,303.4,311.7,154.5663585566178,42.3,180,0,0,0,0,0,0
4717,L51896,0,303.4,311.6,179.28022076485752,30.1,182,0,0,0,0,0,0
4718,M19577,1,303.4,311.6,149.22565104551515,45.4,184,0,0,0,0,0,0
4719,L51898,0,303.3,311.6,140.0103125949851,56.8,187,1,0,1,0,0,0
4720,M19579,1,303.4,311.7,176.97638615222502,34.9,189,0,0,0,0,0,0
4721,M19580,1,303.4,311.7,141.68582867689966,44.1,192,1,0,1,0,0,0
4722,L51901,0,303.5,311.8,201.79496811558437,21.9,195,0,0,0,0,0,0
4723,M19582,1,303.4,311.8,145.66517937144675,42.7,197,0,0,0,0,0,0
4724,L51903,0,303.4,311.8,143.04718549345526,50.9,200,1,0,1,0,0,0
4725,L51904,0,303.4,311.9,185.45868631691746,31.6,202,0,0,0,0,0,0
4726,M19585,1,303.4,311.8,158.65042900628455,42.6,204,0,0,0,0,0,0
4727,M19586,1,303.4,311.8,223.3672376702343,18.3,207,0,0,0,0,0,0
4728,M19587,1,303.4,311.8,140.42919161546376,47.0,210,1,0,1,0,0,0
4729,L51908,0,303.4,311.7,147.23597569824162,47.1,213,0,0,0,0,0,0
4730,L51909,0,303.4,311.8,136.76400018627567,61.0,215,1,0,1,0,1,0
4731,L51910,0,303.3,311.7,157.91739072044692,35.5,217,0,0,0,0,0,0
4732,L51911,0,303.3,311.6,136.24040141067735,45.1,219,1,0,1,0,0,0
4733,L51912,0,303.3,311.7,161.16370312915637,38.5,221,0,0,0,0,0,0
4734,L51913,0,303.3,311.6,155.4041165975751,44.6,223,0,0,0,0,0,0
4735,L51914,0,303.2,311.5,157.8126709653273,39.2,225,0,0,0,0,0,0
4736,L51915,0,303.2,311.5,161.6873019047547,42.5,227,0,0,0,0,0,0
4737,L51916,0,303.2,311.5,158.44098949604523,37.9,0,0,0,0,0,0,0
4738,M19597,1,303.2,311.5,139.90559283986545,58.2,2,1,0,1,0,0,0
4739,M19598,1,303.2,311.4,220.12092526152483,19.0,5,0,0,0,0,0,0
4740,L51919,0,303.2,311.4,141.47638916666034,53.8,8,1,0,1,0,0,0
4741,L51920,0,303.3,311.5,167.6563279465753,35.2,10,0,0,0,0,0,0
4742,L51921,0,303.2,311.3,145.87461888168605,52.9,12,0,0,0,0,0,0
4743,L51922,0,303.3,311.3,166.71385015049836,33.7,14,0,0,0,0,0,0
4744,L51923,0,303.3,311.3,147.5501349636006,51.8,16,0,0,0,0,0,0
4745,L51924,0,303.3,311.3,145.87461888168605,47.4,18,0,0,0,0,0,0
4746,H34159,2,303.2,311.2,154.46163880149817,43.1,20,0,0,0,0,0,0
4747,L51926,0,303.2,311.2,149.4350905557545,45.6,25,0,0,0,0,0,0
4748,L51927,0,303.3,311.2,184.62092827596018,27.3,27,0,0,0,0,0,0
4749,L51928,0,303.2,311.2,142.73302622809626,46.7,29,1,0,1,0,0,0
4750,L51929,0,303.2,311.2,147.02653618800232,50.9,31,0,0,0,0,0,0
4751,M19610,1,303.2,311.2,176.7669466419857,31.9,33,0,0,0,0,0,0
4752,L51931,0,303.3,311.4,158.12683023068624,37.3,36,0,0,0,0,0,0
4753,H34166,2,303.3,311.3,157.28907218972896,39.5,38,0,0,0,0,0,0
4754,H34167,2,303.2,311.4,168.28464647729325,36.6,43,0,0,0,0,0,0
4755,M19614,1,303.3,311.5,144.93214108560912,54.8,48,0,0,0,0,0,0
4756,L51935,0,303.4,311.7,135.6120828799594,51.3,51,1,0,1,0,0,0
4757,H34170,2,303.4,311.7,208.4970324432426,19.0,53,0,0,0,0,0,0
4758,L51937,0,303.4,311.6,156.76547341413067,42.8,58,0,0,0,0,0,0
4759,L51938,0,303.5,311.6,153.41444125030156,48.7,60,0,0,0,0,0,0
4760,L51939,0,303.5,311.6,142.52358671785697,46.5,62,1,0,1,0,0,0
4761,L51940,0,303.6,311.7,161.89674141499398,38.5,64,0,0,0,0,0,0
4762,H34175,2,303.7,311.9,139.4867138193868,52.7,66,1,0,1,0,0,0
4763,M19622,1,303.7,312.0,278.86870788365394,11.4,71,1,0,0,1,0,0
4764,L51943,0,303.7,312.1,151.11060663766906,45.9,74,0,0,0,0,0,0
4765,M19624,1,303.7,312.0,146.817096677763,48.6,76,0,0,0,0,0,0
4766,L51945,0,303.7,312.0,198.1297766863963,22.5,79,0,0,0,0,0,0
4767,M19626,1,303.6,312.0,172.26399717184032,35.7,81,0,0,0,0,0,0
4768,L51947,0,303.6,311.9,154.25219929125885,50.1,84,0,0,0,0,0,0
4769,L51948,0,303.6,312.0,137.07815945163463,52.9,86,1,0,1,0,0,0
4770,H34183,2,303.6,311.9,161.6873019047547,37.1,88,0,0,0,0,0,0
4771,L51950,0,303.5,311.9,140.74335088082273,49.3,93,1,0,1,0,0,0
4772,M19631,1,303.6,311.9,169.33184402848985,36.0,95,0,0,0,0,0,0
4773,M19632,1,303.6,312.0,150.27284859671178,37.9,98,0,0,0,0,0,0
4774,L51953,0,303.6,312.0,145.66517937144675,50.3,101,0,0,0,0,0,0
4775,L51954,0,303.6,312.0,191.3229926036184,23.3,103,0,0,0,0,0,0
4776,L51955,0,303.5,312.0,184.41148876572083,25.8,105,0,0,0,0,0,0
4777,L51956,0,303.5,312.1,159.38346729212216,36.4,107,0,0,0,0,0,0
4778,M19637,1,303.5,312.2,190.3805148075415,23.6,109,0,0,0,0,0,0
4779,H34192,2,303.6,312.2,143.57078426905355,54.6,112,1,0,1,0,0,0
4780,L51959,0,303.7,312.3,158.2315499858059,38.9,117,0,0,0,0,0,0
4781,L51960,0,303.7,312.4,147.02653618800232,46.6,119,0,0,0,0,0,0
4782,L51961,0,303.7,312.3,144.93214108560912,45.9,121,0,0,0,0,0,0
4783,L51962,0,303.8,312.5,143.25662500369455,52.6,123,0,0,0,0,0,0
4784,L51963,0,303.7,312.5,171.84511815136167,36.0,125,0,0,0,0,0,0
4785,L51964,0,303.9,312.6,171.94983790648132,32.3,127,0,0,0,0,0,0
4786,H34199,2,303.9,312.7,146.71237692264333,50.0,129,0,0,0,0,0,0
4787,L51966,0,303.8,312.6,165.14305382370344,41.3,134,0,0,0,0,0,0
4788,L51967,0,303.7,312.6,146.18877814704504,44.1,136,0,0,0,0,0,0
4789,H34202,2,303.7,312.6,158.54570925116488,35.5,138,0,0,0,0,0,0
4790,L51969,0,303.8,312.8,172.36871692696,35.8,143,0,0,0,0,0,0
4791,L51970,0,303.8,312.8,151.11060663766906,40.7,145,0,0,0,0,0,0
4792,M19651,1,303.7,312.7,153.83332027078018,48.5,147,0,0,0,0,0,0
4793,H34206,2,303.7,312.7,163.7816970071479,40.2,150,0,0,0,0,0,0
4794,H34207,2,303.6,312.6,156.87019316925034,40.2,155,0,0,0,0,0,0
4795,L51974,0,303.6,312.6,177.91886394830195,27.9,160,0,0,0,0,0,0
4796,L51975,0,303.6,312.5,149.8539695762331,49.0,162,0,0,0,0,0,0
4797,L51976,0,303.5,312.4,145.56045961632708,47.3,164,0,0,0,0,0,0
4798,L51977,0,303.5,312.5,144.5132620651305,46.1,166,0,0,0,0,0,0
4799,L51978,0,303.5,312.5,152.57668320934428,46.4,168,0,0,0,0,0,0
4800,L51979,0,303.5,312.5,148.49261275967757,42.2,170,0,0,0,0,0,0
4801,M19660,1,303.5,312.5,141.68582867689966,51.0,172,0,0,0,0,0,0
4802,L51981,0,303.5,312.4,164.82889455834447,32.7,175,0,0,0,0,0,0
4803,M19662,1,303.5,312.4,138.02063724771156,54.2,177,0,0,0,0,0,0
4804,L51983,0,303.6,312.5,179.07078125461823,31.4,180,0,0,0,0,0,0
4805,L51984,0,303.7,312.6,169.7507230489685,38.8,182,0,0,0,0,0,0
4806,L51985,0,303.6,312.6,168.1799267221736,33.6,184,0,0,0,0,0,0
4807,H34220,2,303.6,312.5,143.98966328953216,54.0,186,0,0,0,0,0,0
4808,L51987,0,303.5,312.4,157.39379194484863,36.5,191,0,0,0,0,0,0
4809,L51988,0,303.5,312.3,147.02653618800232,48.6,193,0,0,0,0,0,0
4810,L51989,0,303.4,312.2,173.41591447815657,32.7,195,0,0,0,0,0,0
4811,M19670,1,303.4,312.1,156.97491292437,39.4,197,0,0,0,0,0,0
4812,M19671,1,303.4,312.0,183.0501319491653,28.4,200,0,0,0,0,0,0
4813,L51992,0,303.4,311.9,160.32594508819912,37.9,203,0,0,0,0,0,0
4814,M19673,1,303.3,311.8,160.8495438637974,40.6,205,0,0,0,0,0,0
4815,L51994,0,303.4,311.8,146.71237692264333,53.0,208,1,0,0,0,1,0
4816,H34229,2,303.4,311.9,160.6401043535581,33.2,210,0,0,0,0,0,0
4817,L51996,0,303.4,312.0,159.2787475370025,35.9,215,1,1,0,0,0,0
4818,L51997,0,303.5,312.1,175.30087007031045,30.8,0,0,0,0,0,0,0
4819,M19678,1,303.6,312.1,205.98375832037075,20.9,2,0,0,0,0,0,0
4820,L51999,0,303.6,312.2,177.60470468294298,30.7,5,0,0,0,0,0,0
4821,M19680,1,303.6,312.1,170.37904157968646,32.5,7,0,0,0,0,0,0
4822,L52001,0,303.5,311.9,147.131255943122,45.6,10,0,0,0,0,0,0
4823,L52002,0,303.5,311.9,163.88641676226752,38.9,12,0,0,0,0,0,0
4824,L52003,0,303.5,311.9,156.34659439365205,38.7,14,0,0,0,0,0,0
4825,L52004,0,303.4,311.8,156.97491292437,45.0,16,0,0,0,0,0,0
4826,L52005,0,303.3,311.8,177.1858256624643,30.6,18,0,0,0,0,0,0
4827,L52006,0,303.4,311.8,237.50440461138837,15.8,20,0,0,0,0,0,0
4828,L52007,0,303.4,311.8,150.58700786207075,58.9,22,0,0,0,0,0,0
4829,L52008,0,303.5,311.9,158.65042900628455,39.2,24,0,0,0,0,0,0
4830,L52009,0,303.4,311.9,156.1371548834127,38.2,26,0,0,0,0,0,0
4831,L52010,0,303.5,312.0,183.88788999012255,29.7,28,0,0,0,0,0,0
4832,L52011,0,303.5,312.0,143.04718549345526,54.5,30,1,0,1,0,0,0
4833,L52012,0,303.5,312.0,150.37756835183143,45.1,32,0,0,0,0,0,0
4834,L52013,0,303.4,311.9,144.1991027997715,41.6,34,1,0,1,0,0,0
4835,M19694,1,303.4,311.9,158.12683023068624,42.2,36,0,0,0,0,0,0
4836,M19695,1,303.4,311.9,148.59733251479722,50.9,39,0,0,0,0,0,0
4837,L52016,0,303.3,311.8,137.7064779823526,62.0,42,1,0,1,0,0,0
4838,H34251,2,303.3,311.8,189.12387774610553,27.7,44,0,0,0,0,0,0
4839,H34252,2,303.3,311.8,172.68287619231896,29.4,49,0,0,0,0,0,0
4840,H34253,2,303.4,311.9,146.817096677763,50.0,54,0,0,0,0,0,0
4841,L52020,0,303.4,311.9,135.92624214531838,63.9,59,1,0,1,0,0,0
4842,M19701,1,303.3,311.8,150.90116712742974,44.9,61,0,0,0,0,0,0
4843,M19702,1,303.3,311.8,155.92771537317338,49.4,64,0,0,0,0,0,0
4844,L52023,0,303.3,311.8,192.8937889304133,24.5,67,0,0,0,0,0,0
4845,M19704,1,303.4,311.8,137.81119773747227,50.9,69,1,0,1,0,0,0
4846,M19705,1,303.3,311.8,165.77137235442143,33.3,72,0,0,0,0,0,0
4847,M19706,1,303.3,311.8,162.10618092523333,33.5,75,0,0,0,0,0,0
4848,L52027,0,303.4,311.9,150.1681288415921,44.6,78,0,0,0,0,0,0
4849,H34262,2,303.5,312.0,146.2934979021647,52.9,80,0,0,0,0,0,0
4850,M19709,1,303.5,312.0,154.46163880149817,42.9,85,0,0,0,0,0,0
4851,L52030,0,303.5,312.0,150.90116712742974,56.8,88,0,0,0,0,0,0
4852,L52031,0,303.7,312.1,142.73302622809626,51.8,90,1,0,1,0,0,0
4853,L52032,0,303.7,312.2,169.54128353872918,34.9,92,0,0,0,0,0,0
4854,L52033,0,303.7,312.2,155.7182758629341,34.0,94,0,0,0,0,0,0
4855,L52034,0,303.7,312.2,164.2005760276265,33.8,96,0,0,0,0,0,0
4856,L52035,0,303.7,312.3,143.98966328953216,46.2,98,0,0,0,0,0,0
4857,M19716,1,303.6,312.3,177.81414419318227,31.3,100,0,0,0,0,0,0
4858,L52037,0,303.7,312.3,168.1799267221736,37.4,103,0,0,0,0,0,0
4859,L52038,0,303.7,312.3,141.26694965642102,51.0,105,0,0,0,0,0,0
4860,L52039,0,303.7,312.4,160.74482410867773,38.6,107,0,0,0,0,0,0
4861,M19720,1,303.6,312.4,157.4985116999683,49.5,109,0,0,0,0,0,0
4862,L52041,0,303.5,312.3,203.7846434628579,21.1,112,0,0,0,0,0,0
4863,L52042,0,303.5,312.1,138.85839528866885,55.7,114,0,0,0,0,0,0
4864,M19723,1,303.6,312.3,200.53833105414844,22.3,116,0,0,0,0,0,0
4865,L52044,0,303.6,312.3,151.94836467862632,43.4,119,0,0,0,0,0,0
4866,M19725,1,303.5,312.3,170.06488231432746,34.8,121,0,0,0,0,0,0
4867,L52046,0,303.6,312.4,186.50588386811404,28.7,124,0,0,0,0,0,0
4868,L52047,0,303.6,312.5,140.84807063594238,54.1,126,0,0,0,0,0,0
4869,L52048,0,303.6,312.4,148.49261275967757,46.0,128,0,0,0,0,0,0
4870,L52049,0,303.7,312.4,179.90853929557548,26.5,130,0,0,0,0,0,0
4871,M19730,1,303.7,312.4,170.79792060016507,28.5,132,0,0,0,0,0,0
4872,L52051,0,303.7,312.4,158.44098949604523,40.1,135,0,0,0,0,0,0
4873,L52052,0,303.7,312.4,137.81119773747227,59.3,137,0,0,0,0,0,0
4874,M19733,1,303.7,312.4,154.35691904637852,38.8,139,0,0,0,0,0,0
4875,L52054,0,303.8,312.5,169.54128353872918,30.9,142,0,0,0,0,0,0
4876,L52055,0,303.7,312.4,178.23302321366094,31.2,144,0,0,0,0,0,0
4877,M19736,1,303.7,312.4,161.26842288427605,37.4,146,0,0,0,0,0,0
4878,M19737,1,303.7,312.4,161.89674141499398,33.7,149,0,0,0,0,0,0
4879,L52058,0,303.7,312.4,141.16222990130137,51.0,152,0,0,0,0,0,0
4880,H34293,2,303.7,312.5,159.17402778188284,35.6,154,0,0,0,0,0,0
4881,M19740,1,303.8,312.6,159.90706606772045,41.9,159,0,0,0,0,0,0
4882,M19741,1,303.8,312.6,147.23597569824162,47.1,162,0,0,0,0,0,0
4883,L52062,0,303.7,312.5,153.1002819849426,46.2,165,0,0,0,0,0,0
4884,M19743,1,303.8,312.6,176.34806762150706,29.3,167,0,0,0,0,0,0
4885,H34298,2,303.8,312.5,173.31119472303692,28.0,170,0,0,0,0,0,0
4886,H34299,2,303.8,312.5,183.0501319491653,25.1,175,0,0,0,0,0,0
4887,L52066,0,303.8,312.5,143.67550402417322,45.7,180,0,0,0,0,0,0
4888,L52067,0,303.7,312.5,155.08995733221613,33.3,182,0,0,0,0,0,0
4889,L52068,0,303.7,312.4,158.3362697409256,39.2,184,0,0,0,0,0,0
4890,L52069,0,303.7,312.5,170.90264035528475,36.6,186,0,0,0,0,0,0
4891,L52070,0,303.7,312.4,159.69762655748116,43.9,188,0,0,0,0,0,0
4892,M19751,1,303.7,312.3,183.88788999012255,26.4,190,0,0,0,0,0,0
4893,L52072,0,303.7,312.3,201.27136933998608,23.1,193,0,0,0,0,0,0
4894,M19753,1,303.8,312.5,151.63420541326735,44.3,195,0,0,0,0,0,0
4895,H34308,2,303.8,312.5,151.52948565814768,46.6,198,0,0,0,0,0,0
4896,M19755,1,303.8,312.4,167.23744892609665,33.4,203,0,0,0,0,0,0
4897,M19756,1,303.7,312.4,171.94983790648132,32.3,206,0,0,0,0,0,0
4898,H34311,2,303.8,312.5,159.69762655748116,38.0,209,0,0,0,0,0,0
4899,H34312,2,303.6,312.4,152.89084247470328,53.7,214,0,0,0,0,0,0
4900,L52079,0,303.6,312.3,227.03242909942236,17.7,219,0,0,0,0,0,0
4901,L52080,0,303.6,312.4,145.35102010608776,41.9,221,0,0,0,0,0,0
4902,M19761,1,303.6,312.3,170.69320084504542,32.4,223,0,0,0,0,0,0
4903,L52082,0,303.6,312.3,169.22712427337018,29.3,226,0,0,0,0,0,0
4904,L52083,0,303.6,312.4,233.7344934270806,16.8,0,0,0,0,0,0,0
4905,H34318,2,303.6,312.4,154.98523757709646,50.7,2,0,0,0,0,0,0
4906,L52085,0,303.6,312.4,142.73302622809626,53.1,7,0,0,0,0,0,0
4907,H34320,2,303.6,312.4,150.37756835183143,45.6,9,0,0,0,0,0,0
4908,M19767,1,303.6,312.5,168.28464647729325,33.7,14,0,0,0,0,0,0
4909,M19768,1,303.6,312.5,152.7861227195836,48.2,17,0,0,0,0,0,0
4910,L52089,0,303.5,312.4,155.08995733221613,43.7,20,0,0,0,0,0,0
4911,M19770,1,303.5,312.4,168.1799267221736,31.7,22,0,0,0,0,0,0
4912,L52091,0,303.5,312.3,176.03390835614806,29.8,25,0,0,0,0,0,0
4913,L52092,0,303.5,312.2,158.2315499858059,37.1,27,0,0,0,0,0,0
4914,M19773,1,303.5,312.3,166.818569905618,35.2,29,0,0,0,0,0,0
4915,M19774,1,303.5,312.3,160.43066484331877,41.7,32,0,0,0,0,0,0
4916,H34329,2,303.5,312.3,145.14158059584844,49.0,35,0,0,0,0,0,0
4917,H34330,2,303.4,312.3,185.24924680667812,27.9,40,0,0,0,0,0,0
4918,M19777,1,303.4,312.2,163.4675377417889,38.2,45,0,0,0,0,0,0
4919,L52098,0,303.3,312.2,152.57668320934428,40.7,48,0,0,0,0,0,0
4920,L52099,0,303.3,312.2,157.70795121020763,40.0,50,0,0,0,0,0,0
4921,L52100,0,303.4,312.2,140.0103125949851,69.4,52,1,0,0,1,0,0
4922,L52101,0,303.4,312.3,134.77432483900213,54.8,54,0,0,0,0,0,0
4923,M19782,1,303.4,312.2,169.1224045182505,35.7,56,0,0,0,0,0,0
4924,M19783,1,303.4,312.2,206.50735709596907,23.5,59,0,0,0,0,0,0
4925,H34338,2,303.4,312.3,159.38346729212216,42.1,62,0,0,0,0,0,0
4926,L52105,0,303.4,312.3,175.92918860102841,30.6,67,0,0,0,0,0,0
4927,L52106,0,303.4,312.3,157.28907218972896,36.0,69,0,0,0,0,0,0
4928,M19787,1,303.5,312.3,161.58258214963502,33.3,71,0,0,0,0,0,0
4929,L52108,0,303.5,312.3,165.87609210954108,35.2,74,0,0,0,0,0,0
4930,L52109,0,303.5,312.4,140.3244718603441,44.5,76,0,0,0,0,0,0
4931,L52110,0,303.4,312.3,174.1489527639942,33.9,78,0,0,0,0,0,0
4932,M19791,1,303.3,312.1,177.29054541758398,30.0,80,0,0,0,0,0,0
4933,L52112,0,303.3,312.1,148.49261275967757,44.7,83,0,0,0,0,0,0
4934,H34347,2,303.4,312.2,162.73449945595127,36.8,85,0,0,0,0,0,0
4935,L52114,0,303.4,312.2,165.45721308906244,35.8,90,0,0,0,0,0,0
4936,L52115,0,303.4,312.3,154.8805178219768,42.8,92,0,0,0,0,0,0
4937,L52116,0,303.5,312.4,134.46016557364314,70.6,94,1,0,0,1,0,0
4938,L52117,0,303.4,312.3,161.26842288427605,38.7,96,0,0,0,0,0,0
4939,M19798,1,303.5,312.4,168.1799267221736,30.1,98,0,0,0,0,0,0
4940,L52119,0,303.6,312.5,134.66960508388246,62.4,101,0,0,0,0,0,0
4941,L52120,0,303.6,312.6,157.28907218972896,39.5,103,0,0,0,0,0,0
4942,M19801,1,303.6,312.7,177.91886394830195,31.5,105,0,0,0,0,0,0
4943,L52122,0,303.5,312.6,167.76104770169496,34.2,108,0,0,0,0,0,0
4944,H34357,2,303.6,312.6,150.37756835183143,42.0,110,0,0,0,0,0,0
4945,M19804,1,303.6,312.7,184.8303677861995,27.5,115,0,0,0,0,0,0
4946,L52125,0,303.6,312.7,148.49261275967757,44.1,118,0,0,0,0,0,0
4947,M19806,1,303.7,312.7,174.77727129471216,31.7,120,0,0,0,0,0,0
4948,L52127,0,303.7,312.7,146.08405839192537,53.9,123,0,0,0,0,0,0
4949,M19808,1,303.8,312.7,157.07963267948966,41.7,125,0,0,0,0,0,0
4950,M19809,1,303.8,312.7,162.83921921107094,33.4,128,0,0,0,0,0,0
4951,M19810,1,303.8,312.7,200.9572100746271,20.2,131,0,0,0,0,0,0
4952,L52131,0,303.8,312.7,167.13272917097697,36.6,134,0,0,0,0,0,0
4953,M19812,1,303.8,312.7,143.8849435344125,53.6,136,0,0,0,0,0,0
4954,L52133,0,303.7,312.5,174.8819910498318,26.1,139,0,0,0,0,0,0
4955,L52134,0,303.7,312.6,178.23302321366094,29.1,141,0,0,0,0,0,0
4956,M19815,1,303.8,312.5,143.04718549345526,45.1,143,0,0,0,0,0,0
4957,M19816,1,303.8,312.5,245.4631060004825,15.2,146,0,0,0,0,0,0
4958,M19817,1,303.8,312.6,185.14452705155847,23.9,149,0,0,0,0,0,0
4959,L52138,0,303.8,312.5,159.48818704724184,47.0,152,0,0,0,0,0,0
4960,L52139,0,303.8,312.6,181.68877513260972,25.9,154,0,0,0,0,0,0
4961,L52140,0,303.9,312.7,140.21975210522444,62.3,156,0,0,0,0,0,0
4962,L52141,0,303.9,312.7,188.49555921538757,24.3,158,0,0,0,0,0,0
4963,M19822,1,304.0,312.7,152.47196345422464,51.2,160,0,0,0,0,0,0
4964,L52143,0,303.9,312.7,187.34364190907132,24.4,163,0,0,0,0,0,0
4965,L52144,0,303.9,312.7,167.76104770169496,33.9,165,0,0,0,0,0,0
4966,M19825,1,303.8,312.7,142.8377459832159,49.3,167,0,0,0,0,0,0
4967,L52146,0,303.8,312.6,187.76252092954996,28.1,170,0,0,0,0,0,0
4968,L52147,0,303.9,312.6,149.33037080063482,53.4,172,0,0,0,0,0,0
4969,M19828,1,303.9,312.7,155.50883635269477,43.3,174,0,0,0,0,0,0
4970,L52149,0,303.9,312.7,160.01178582284012,38.4,177,0,0,0,0,0,0
4971,L52150,0,303.8,312.6,163.88641676226752,36.0,179,0,0,0,0,0,0
4972,L52151,0,303.8,312.7,192.47490990993464,27.8,181,0,0,0,0,0,0
4973,H34386,2,303.8,312.6,189.64747652170385,24.9,183,0,0,0,0,0,0
4974,L52153,0,303.8,312.7,152.99556222982292,38.2,188,0,0,0,0,0,0
4975,L52154,0,303.8,312.7,148.0737337391989,41.7,190,0,0,0,0,0,0
4976,L52155,0,303.7,312.7,149.33037080063482,45.5,192,0,0,0,0,0,0
4977,L52156,0,303.7,312.7,142.31414720761762,56.8,194,1,0,0,0,1,0
4978,L52157,0,303.7,312.7,161.26842288427605,44.8,196,0,0,0,0,0,0
4979,L52158,0,303.6,312.7,149.64453006599382,47.7,198,0,0,0,0,0,0
4980,M19839,1,303.7,312.7,168.80824525289154,36.3,200,0,0,0,0,0,0
4981,M19840,1,303.7,312.8,176.4527873766267,31.8,203,0,0,0,0,0,0
4982,M19841,1,303.7,312.8,163.1533784764299,37.7,206,0,0,0,0,0,0
4983,L52162,0,303.7,313.0,189.64747652170385,24.3,209,0,0,0,0,0,0
4984,L52163,0,303.8,313.1,195.7212223186441,25.8,211,0,0,0,0,0,0
4985,L52164,0,303.8,313.1,131.52801243029268,58.7,213,1,0,0,0,1,0
4986,M19845,1,303.8,313.0,187.34364190907132,23.5,215,0,0,0,0,0,0
4987,L52166,0,303.7,312.9,157.28907218972896,40.5,0,0,0,0,0,0,0
4988,M19847,1,303.7,313.0,136.44984092091667,54.4,2,0,0,0,0,0,0
4989,L52168,0,303.8,313.1,261.48522853379046,13.0,5,1,0,0,1,0,0
4990,L52169,0,303.9,313.2,156.97491292437,37.4,7,0,0,0,0,0,0
4991,L52170,0,303.9,313.2,145.87461888168605,46.5,9,0,0,0,0,0,0
4992,M19851,1,303.9,313.0,154.46163880149817,41.0,11,0,0,0,0,0,0
4993,L52172,0,303.8,312.9,164.72417480322483,34.6,14,0,0,0,0,0,0
4994,L52173,0,303.8,312.9,190.4852345626611,23.7,16,0,0,0,0,0,0
4995,M19854,1,303.5,312.6,171.94983790648132,29.4,18,0,0,0,0,0,0
4996,L52175,0,303.6,312.6,161.26842288427605,39.8,21,0,0,0,0,0,0
4997,M19856,1,303.6,312.8,146.60765716752366,43.2,23,0,0,0,0,0,0
4998,M19857,1,303.6,312.8,278.4498288631753,11.4,26,1,0,0,1,0,0
4999,M19858,1,303.6,312.8,191.11355309337907,25.2,29,0,0,0,0,0,0
5000,M19859,1,303.7,312.9,160.43066484331877,41.3,32,0,0,0,0,0,0
5001,L52180,0,303.7,312.8,191.84659137921668,23.6,35,0,0,0,0,0,0
5002,M19861,1,303.6,312.7,227.66074763014032,17.6,37,0,0,0,0,0,0
5003,L52182,0,303.7,312.8,170.37904157968646,31.7,40,0,0,0,0,0,0
5004,L52183,0,303.7,312.8,150.4822881069511,51.3,42,0,0,0,0,0,0
5005,L52184,0,303.7,312.8,142.8377459832159,46.3,44,0,0,0,0,0,0
5006,M19865,1,303.7,312.9,151.21532639278868,52.7,46,0,0,0,0,0,0
5007,M19866,1,303.7,312.8,143.04718549345526,47.3,49,0,0,0,0,0,0
5008,L52187,0,303.8,312.9,151.0058868825494,48.3,52,0,0,0,0,0,0
5009,H34422,2,303.7,312.8,155.8229956180537,42.8,54,0,0,0,0,0,0
5010,L52189,0,303.7,312.8,159.48818704724184,40.7,59,0,0,0,0,0,0
5011,L52190,0,303.7,312.8,161.58258214963502,38.3,61,0,0,0,0,0,0
5012,M19871,1,303.7,312.8,171.11207986552404,33.8,63,0,0,0,0,0,0
5013,M19872,1,303.8,312.9,190.0663555421825,27.8,66,0,0,0,0,0,0
5014,M19873,1,303.8,312.9,166.92328966073768,35.2,69,0,0,0,0,0,0
5015,L52194,0,303.8,313.0,152.053084433746,38.6,72,0,0,0,0,0,0
5016,L52195,0,303.9,313.0,184.20204925548154,28.4,74,0,0,0,0,0,0
5017,L52196,0,303.9,313.0,147.44541520848094,47.5,76,0,0,0,0,0,0
5018,L52197,0,303.9,313.0,155.29939684245542,45.0,78,0,0,0,0,0,0
5019,M19878,1,303.9,313.0,169.64600329384882,36.6,80,0,0,0,0,0,0
5020,M19879,1,304.0,313.1,153.5191610054212,39.5,83,0,0,0,0,0,0
5021,L52200,0,304.1,313.1,162.94393896619061,36.3,86,0,0,0,0,0,0
5022,L52201,0,304.0,313.0,141.3716694115407,61.1,88,0,0,0,0,0,0
5023,L52202,0,304.0,313.1,147.02653618800232,47.1,90,0,0,0,0,0,0
5024,M19883,1,304.0,313.0,164.93361431346415,34.5,92,0,0,0,0,0,0
5025,L52204,0,303.9,313.1,171.63567864112238,29.0,95,0,0,0,0,0,0
5026,M19885,1,303.9,313.1,154.25219929125885,42.8,97,0,0,0,0,0,0
5027,L52206,0,303.9,313.2,155.08995733221613,40.0,100,0,0,0,0,0,0
5028,L52207,0,304.0,313.3,135.50736312483974,54.6,102,0,0,0,0,0,0
5029,M19888,1,303.9,313.2,170.69320084504542,29.3,104,0,0,0,0,0,0
5030,M19889,1,303.9,313.2,170.06488231432746,39.8,107,0,0,0,0,0,0
5031,M19890,1,303.9,313.1,150.4822881069511,48.3,110,0,0,0,0,0,0
5032,M19891,1,303.8,313.0,158.54570925116488,45.0,113,0,0,0,0,0,0
5033,M19892,1,304.0,313.1,177.39526517270366,31.4,116,0,0,0,0,0,0
5034,L52213,0,304.0,313.1,163.7816970071479,50.9,119,0,0,0,0,0,0
5035,M19894,1,303.9,313.1,158.54570925116488,41.1,121,0,0,0,0,0,0
5036,M19895,1,304.0,313.2,157.07963267948966,40.6,124,0,0,0,0,0,0
5037,L52216,0,304.0,313.2,169.1224045182505,37.8,127,0,0,0,0,0,0
5038,M19897,1,304.1,313.2,166.0855316197804,41.1,129,0,0,0,0,0,0
5039,L52218,0,304.1,313.3,181.37461586725072,28.5,132,0,0,0,0,0,0
5040,H34453,2,304.1,313.3,176.87166639710534,32.5,134,0,0,0,0,0,0
5041,H34454,2,304.1,313.2,166.0855316197804,34.6,139,0,0,0,0,0,0
5042,L52221,0,304.0,313.2,137.60175822723295,47.1,144,0,0,0,0,0,0
5043,L52222,0,304.1,313.2,164.30529578274619,35.8,146,0,0,0,0,0,0
5044,L52223,0,304.1,313.2,153.72860051566056,39.4,148,0,0,0,0,0,0
5045,L52224,0,304.1,313.2,147.86429422895958,47.5,150,0,0,0,0,0,0
5046,M19905,1,304.1,313.2,158.12683023068624,46.9,152,0,0,0,0,0,0
5047,M19906,1,304.1,313.2,147.6548547187203,42.4,155,0,0,0,0,0,0
5048,M19907,1,304.1,313.3,175.92918860102841,29.3,158,0,0,0,0,0,0
5049,H34462,2,304.0,313.2,133.09880875708757,68.6,161,1,0,0,1,0,0
5050,H34463,2,304.0,313.1,154.14747953613917,45.5,166,0,0,0,0,0,0
5051,H34464,2,304.0,313.0,178.12830345854127,30.4,171,0,0,0,0,0,0
5052,L52231,0,303.9,313.0,154.98523757709646,39.9,176,0,0,0,0,0,0
5053,L52232,0,303.9,313.0,150.06340908647243,48.4,178,0,0,0,0,0,0
5054,L52233,0,303.8,312.9,158.54570925116488,34.3,180,0,0,0,0,0,0
5055,L52234,0,303.8,312.9,169.54128353872918,35.7,182,0,0,0,0,0,0
5056,H34469,2,303.8,312.9,144.30382255489116,45.6,184,0,0,0,0,0,0
5057,M19916,1,303.9,312.9,149.7492498211135,53.5,189,0,0,0,0,0,0
5058,L52237,0,303.8,312.9,143.1519052485749,49.9,192,0,0,0,0,0,0
5059,L52238,0,303.9,312.9,159.80234631260083,42.5,194,0,0,0,0,0,0
5060,L52239,0,303.9,312.8,148.59733251479722,47.9,196,0,0,0,0,0,0
5061,L52240,0,304.0,312.8,161.47786239451537,42.7,198,0,0,0,0,0,0
5062,L52241,0,304.0,312.9,142.73302622809626,62.5,200,1,0,0,0,1,0
5063,L52242,0,304.0,312.9,137.49703847211327,53.9,202,0,0,0,0,0,0
5064,H34477,2,304.0,312.9,156.55603390389135,46.6,0,0,0,0,0,0,0
5065,L52244,0,304.0,313.0,147.3406954533613,42.1,5,0,0,0,0,0,0
5066,L52245,0,304.1,313.0,163.9911365173872,37.2,7,0,0,0,0,0,0
5067,L52246,0,304.1,313.1,162.31562043547265,30.9,9,0,0,0,0,0,0
5068,M19927,1,304.2,313.2,146.18877814704504,50.5,11,0,0,0,0,0,0
5069,M19928,1,304.3,313.3,161.26842288427605,39.0,14,0,0,0,0,0,0
5070,M19929,1,304.2,313.2,144.5132620651305,48.7,17,0,0,0,0,0,0
5071,M19930,1,304.2,313.1,168.38936623241293,31.1,20,0,0,0,0,0,0
5072,H34485,2,304.2,313.0,151.0058868825494,40.9,23,0,0,0,0,0,0
5073,L52252,0,304.1,313.0,147.44541520848094,45.3,28,0,0,0,0,0,0
5074,M19933,1,304.0,313.0,152.26252394398531,46.8,30,0,0,0,0,0,0
5075,L52254,0,304.1,313.1,174.46311202935317,34.6,33,0,0,0,0,0,0
5076,L52255,0,304.1,313.2,143.04718549345526,46.6,35,0,0,0,0,0,0
5077,L52256,0,304.2,313.2,153.3097214951819,44.9,37,0,0,0,0,0,0
5078,L52257,0,304.3,313.3,185.87756533739608,24.9,39,0,0,0,0,0,0
5079,M19938,1,304.3,313.4,155.19467708733578,43.8,41,0,0,0,0,0,0
5080,M19939,1,304.2,313.4,147.75957447383993,54.8,44,0,0,0,0,0,0
5081,L52260,0,304.2,313.3,147.6548547187203,51.6,47,0,0,0,0,0,0
5082,M19941,1,304.1,313.3,156.4513141487717,39.0,49,0,0,0,0,0,0
5083,H34496,2,304.1,313.2,166.504410640259,43.4,52,0,0,0,0,0,0
5084,L52263,0,304.1,313.1,138.96311504378852,54.1,57,0,0,0,0,0,0
5085,L52264,0,304.1,313.1,206.1931978306101,20.8,59,0,0,0,0,0,0
5086,M19945,1,304.0,313.0,144.1991027997715,56.0,61,0,0,0,0,0,0
5087,L52266,0,304.0,313.0,161.3731426393957,45.9,64,0,0,0,0,0,0
5088,M19947,1,304.0,313.0,176.4527873766267,28.2,66,0,0,0,0,0,0
5089,L52268,0,304.0,313.1,153.41444125030156,41.0,69,0,0,0,0,0,0
5090,M19949,1,303.9,313.1,155.29939684245542,47.2,71,0,0,0,0,0,0
5091,M19950,1,303.9,313.2,164.41001553786586,40.7,74,0,0,0,0,0,0
5092,L52271,0,303.9,313.2,140.84807063594238,48.2,77,0,0,0,0,0,0
5093,M19952,1,303.9,313.2,168.38936623241293,40.6,79,0,0,0,0,0,0
5094,M19953,1,304.0,313.3,148.17845349431857,52.8,82,0,0,0,0,0,0
5095,M19954,1,304.1,313.5,153.93804002589985,45.8,85,0,0,0,0,0,0
5096,M19955,1,304.1,313.5,149.53981031087415,39.9,88,0,0,0,0,0,0
5097,H34510,2,304.2,313.5,170.37904157968646,32.2,91,0,0,0,0,0,0
5098,L52277,0,304.2,313.4,152.57668320934428,49.4,96,0,0,0,0,0,0
5099,L52278,0,304.2,313.4,154.46163880149817,40.2,98,0,0,0,0,0,0
5100,L52279,0,304.2,313.5,150.58700786207075,50.1,100,0,0,0,0,0,0
5101,M19960,1,304.2,313.5,150.4822881069511,47.2,102,0,0,0,0,0,0
5102,M19961,1,304.1,313.4,158.96458827164355,42.4,105,0,0,0,0,0,0
5103,M19962,1,304.1,313.5,166.19025137490004,33.6,108,0,0,0,0,0,0
5104,L52283,0,304.1,313.4,146.50293741240404,43.7,111,0,0,0,0,0,0
5105,L52284,0,304.1,313.5,153.83332027078018,44.6,113,0,0,0,0,0,0
5106,L52285,0,304.1,313.4,143.8849435344125,56.6,115,0,0,0,0,0,0
5107,L52286,0,304.0,313.3,159.0693080267632,36.7,117,0,0,0,0,0,0
5108,L52287,0,303.9,313.2,161.26842288427605,44.4,119,0,0,0,0,0,0
5109,L52288,0,303.9,313.3,145.97933863680572,51.6,121,0,0,0,0,0,0
5110,M19969,1,304.0,313.4,145.4557398612074,45.8,123,0,0,0,0,0,0
5111,M19970,1,304.0,313.5,181.37461586725072,26.2,126,0,0,0,0,0,0
5112,L52291,0,304.1,313.6,162.94393896619061,37.4,129,0,0,0,0,0,0
5113,M19972,1,304.1,313.6,150.90116712742974,43.7,131,0,0,0,0,0,0
5114,L52293,0,304.1,313.6,144.7227015753698,46.7,134,0,0,0,0,0,0
5115,M19974,1,304.2,313.8,155.08995733221613,44.9,136,0,0,0,0,0,0
5116,M19975,1,304.2,313.7,221.27284256784108,18.4,139,0,0,0,0,0,0
5117,L52296,0,304.2,313.8,146.71237692264333,53.9,142,0,0,0,0,0,0
5118,L52297,0,304.1,313.6,168.7035254977719,31.4,144,0,0,0,0,0,0
5119,M19978,1,304.2,313.6,158.3362697409256,33.4,146,0,0,0,0,0,0
5120,L52299,0,304.2,313.6,147.75957447383993,46.0,149,0,0,0,0,0,0
5121,M19980,1,304.2,313.6,149.12093129039553,43.7,151,0,0,0,0,0,0
5122,L52301,0,304.2,313.6,153.83332027078018,40.0,154,0,0,0,0,0,0
5123,H34536,2,304.2,313.5,176.34806762150706,29.8,156,0,0,0,0,0,0
5124,M19983,1,304.2,313.5,160.43066484331877,41.3,161,0,0,0,0,0,0
5125,M19984,1,304.2,313.5,163.04865872131026,37.3,164,0,0,0,0,0,0
5126,M19985,1,304.3,313.5,148.28317324943825,48.1,167,0,0,0,0,0,0
5127,L52306,0,304.3,313.5,188.7049987256269,25.4,170,0,0,0,0,0,0
5128,M19987,1,304.3,313.5,235.09585024363616,15.1,172,0,0,0,0,0,0
5129,L52308,0,304.2,313.4,150.1681288415921,42.5,175,0,0,0,0,0,0
5130,M19989,1,304.1,313.3,180.6415775814131,28.3,177,0,0,0,0,0,0
5131,L52310,0,304.2,313.3,174.6725515395925,35.7,180,0,0,0,0,0,0
5132,L52311,0,304.1,313.3,152.053084433746,43.9,182,0,0,0,0,0,0
5133,L52312,0,304.1,313.3,148.17845349431857,50.0,184,0,0,0,0,0,0
5134,L52313,0,304.1,313.2,191.00883333825942,25.8,186,0,0,0,0,0,0
5135,L52314,0,304.1,313.3,150.58700786207075,45.5,188,0,0,0,0,0,0
5136,L52315,0,304.1,313.3,197.18729889031934,24.5,190,0,0,0,0,0,0
5137,L52316,0,304.2,313.4,181.68877513260972,28.9,192,0,0,0,0,0,0
5138,L52317,0,304.3,313.5,153.3097214951819,36.7,194,0,0,0,0,0,0
5139,M19998,1,304.3,313.6,155.92771537317338,40.3,196,0,0,0,0,0,0
5140,M19999,1,304.4,313.6,158.12683023068624,38.9,199,0,0,0,0,0,0
5141,M20000,1,304.3,313.6,165.98081186466072,32.1,202,0,0,0,0,0,0
5142,L52321,0,304.4,313.7,158.0221104755666,35.0,205,1,1,0,0,0,0
5143,L52322,0,304.4,313.6,164.2005760276265,39.1,0,0,0,0,0,0,0
5144,M20003,1,304.3,313.5,159.69762655748116,42.0,2,0,0,0,0,0,0
5145,L52324,0,304.4,313.7,168.28464647729325,33.5,5,0,0,0,0,0,0
5146,L52325,0,304.5,313.7,174.8819910498318,32.9,7,0,0,0,0,0,0
5147,L52326,0,304.4,313.6,165.98081186466072,38.9,9,0,0,0,0,0,0
5148,L52327,0,304.4,313.6,164.30529578274619,38.4,11,0,0,0,0,0,0
5149,L52328,0,304.4,313.6,157.8126709653273,43.1,13,0,0,0,0,0,0
5150,L52329,0,304.3,313.5,152.053084433746,41.5,15,0,0,0,0,0,0
5151,L52330,0,304.3,313.5,166.504410640259,29.8,17,0,0,0,0,0,0
5152,L52331,0,304.3,313.6,147.5501349636006,56.0,19,0,0,0,0,0,0
5153,L52332,0,304.3,313.5,276.7743127812608,12.7,21,0,0,0,0,0,0
5154,L52333,0,304.2,313.4,172.15927741672067,31.7,23,0,0,0,0,0,0
5155,L52334,0,304.2,313.4,164.2005760276265,37.6,25,0,0,0,0,0,0
5156,H34569,2,304.2,313.3,170.16960206944714,37.3,27,0,0,0,0,0,0
5157,L52336,0,304.2,313.4,155.19467708733578,41.4,32,0,0,0,0,0,0
5158,H34571,2,304.1,313.3,146.2934979021647,49.6,34,0,0,0,0,0,0
5159,L52338,0,304.1,313.3,152.7861227195836,50.3,39,0,0,0,0,0,0
5160,L52339,0,304.2,313.4,156.03243512829306,44.0,41,0,0,0,0,0,0
5161,L52340,0,304.1,313.2,150.1681288415921,50.1,43,0,0,0,0,0,0
5162,M20021,1,304.1,313.2,212.37166338267,18.9,45,0,0,0,0,0,0
5163,L52342,0,304.2,313.3,153.3097214951819,45.9,48,0,0,0,0,0,0
5164,M20023,1,304.2,313.4,179.3849405199772,23.5,50,0,0,0,0,0,0
5165,M20024,1,304.3,313.4,170.06488231432746,32.1,53,0,0,0,0,0,0
5166,L52345,0,304.2,313.4,148.80677202503654,43.4,56,0,0,0,0,0,0
5167,H34580,2,304.2,313.5,161.89674141499398,41.4,58,0,0,0,0,0,0
5168,L52347,0,304.2,313.4,171.63567864112238,32.7,63,0,0,0,0,0,0
5169,H34582,2,304.1,313.4,177.60470468294298,29.6,65,0,0,0,0,0,0
5170,L52349,0,304.1,313.3,153.93804002589985,39.9,70,0,0,0,0,0,0
5171,M20030,1,304.1,313.3,154.98523757709646,38.4,72,0,0,0,0,0,0
5172,M20031,1,304.2,313.4,139.17255455402784,54.5,75,0,0,0,0,0,0
5173,L52352,0,304.2,313.4,182.212373908208,28.2,78,0,0,0,0,0,0
5174,M20033,1,304.2,313.5,182.10765415308833,28.1,80,0,0,0,0,0,0
5175,M20034,1,304.2,313.5,145.56045961632708,47.8,83,0,0,0,0,0,0
5176,L52355,0,304.2,313.4,182.212373908208,23.7,86,0,0,0,0,0,0
5177,M20036,1,304.0,313.3,193.1032284406526,27.1,88,0,0,0,0,0,0
5178,H34591,2,304.0,313.1,145.35102010608776,53.2,91,0,0,0,0,0,0
5179,H34592,2,304.0,313.2,158.85986851652387,43.1,96,0,0,0,0,0,0
5180,M20039,1,304.0,313.1,151.84364492350664,42.8,101,0,0,0,0,0,0
5181,L52360,0,304.0,313.2,165.87609210954108,38.7,104,0,0,0,0,0,0
5182,L52361,0,304.0,313.1,180.1179788058148,28.7,106,0,0,0,0,0,0
5183,L52362,0,303.9,313.1,166.0855316197804,31.9,108,0,0,0,0,0,0
5184,M20043,1,303.9,313.0,199.0722544824732,22.5,110,0,0,0,0,0,0
5185,L52364,0,304.0,313.0,146.2934979021647,42.4,113,0,0,0,0,0,0
5186,L52365,0,304.0,313.0,210.69614730075546,21.1,115,0,0,0,0,0,0
5187,L52366,0,304.0,313.0,246.5103035516791,15.0,117,0,0,0,0,0,0
5188,L52367,0,304.0,313.1,172.57815643719928,35.7,119,0,0,0,0,0,0
5189,L52368,0,304.0,313.2,170.90264035528475,30.6,121,0,0,0,0,0,0
5190,M20049,1,304.1,313.2,149.4350905557545,46.9,123,0,0,0,0,0,0
5191,L52370,0,304.1,313.2,152.053084433746,48.0,126,0,0,0,0,0,0
5192,L52371,0,304.0,313.2,148.28317324943825,46.0,128,0,0,0,0,0,0
5193,L52372,0,303.9,313.1,137.1828792067543,62.9,130,0,0,0,0,0,0
5194,H34607,2,304.0,313.1,147.44541520848094,39.8,132,0,0,0,0,0,0
5195,M20054,1,303.9,313.1,174.6725515395925,34.4,137,0,0,0,0,0,0
5196,L52375,0,303.9,313.0,162.42034019059233,36.8,140,0,0,0,0,0,0
5197,H34610,2,303.9,313.0,158.85986851652387,36.0,142,0,0,0,0,0,0
5198,H34611,2,303.8,312.9,164.41001553786586,35.8,147,0,0,0,0,0,0
5199,L52378,0,303.8,312.8,149.53981031087415,53.3,152,0,0,0,0,0,0
5200,L52379,0,303.8,312.8,157.39379194484863,40.0,154,0,0,0,0,0,0
5201,L52380,0,303.8,312.8,148.28317324943825,58.7,156,0,0,0,0,0,0
5202,M20061,1,303.7,312.7,146.18877814704504,47.3,158,0,0,0,0,0,0
5203,L52382,0,303.7,312.7,139.8008730847458,51.1,161,0,0,0,0,0,0
5204,M20063,1,303.7,312.6,174.98671080495149,30.5,163,0,0,0,0,0,0
5205,L52384,0,303.7,312.7,208.28759293300325,22.4,166,0,0,0,0,0,0
5206,L52385,0,303.7,312.7,153.72860051566056,43.3,168,0,0,0,0,0,0
5207,H34620,2,303.7,312.6,179.17550100973784,27.6,170,0,0,0,0,0,0
5208,M20067,1,303.8,312.7,155.8229956180537,41.3,175,0,0,0,0,0,0
5209,L52388,0,303.8,312.7,174.25367251911388,29.3,178,0,0,0,0,0,0
5210,M20069,1,303.8,312.7,157.8126709653273,38.5,180,0,0,0,0,0,0
5211,L52390,0,303.7,312.6,153.5191610054212,42.5,183,0,0,0,0,0,0
5212,L52391,0,303.7,312.5,150.06340908647243,53.6,185,0,0,0,0,0,0
5213,L52392,0,303.7,312.5,146.2934979021647,45.7,187,0,0,0,0,0,0
5214,M20073,1,303.7,312.6,149.64453006599382,43.3,189,0,0,0,0,0,0
5215,L52394,0,303.7,312.7,164.61945504810515,37.2,192,0,0,0,0,0,0
5216,M20075,1,303.7,312.7,160.43066484331877,42.7,194,0,0,0,0,0,0
5217,M20076,1,303.7,312.7,137.81119773747227,51.8,197,0,0,0,0,0,0
5218,M20077,1,303.8,312.8,148.70205226991686,47.9,200,0,0,0,0,0,0
5219,L52398,0,303.8,312.9,166.3996908851394,37.2,203,0,0,0,0,0,0
5220,L52399,0,303.8,313.0,142.94246573833559,59.9,205,1,0,0,0,1,0
5221,L52400,0,303.8,313.0,171.00736011040442,32.9,207,0,0,0,0,0,0
5222,L52401,0,303.9,313.0,170.27432182456678,31.4,209,0,0,0,0,0,0
5223,L52402,0,303.9,313.1,174.35839227423352,29.6,0,0,0,0,0,0,0
5224,M20083,1,303.9,313.2,141.3716694115407,47.2,2,0,0,0,0,0,0
5225,L52404,0,303.9,313.2,166.504410640259,31.9,5,0,0,0,0,0,0
5226,M20085,1,304.0,313.2,150.4822881069511,53.9,7,0,0,0,0,0,0
5227,L52406,0,303.9,313.0,146.92181643288265,48.3,10,0,0,0,0,0,0
5228,L52407,0,303.9,313.1,150.79644737231007,41.1,12,0,0,0,0,0,0
5229,M20088,1,303.9,313.1,140.63863112570306,61.4,14,0,0,0,0,0,0
5230,H34643,2,303.9,313.1,187.448361664191,26.7,17,0,0,0,0,0,0
5231,M20090,1,303.8,313.1,221.69172158831972,18.6,22,0,0,0,0,0,0
5232,L52411,0,303.8,313.1,152.68140296446393,42.2,25,0,0,0,0,0,0
5233,L52412,0,303.6,312.9,144.61798182025012,57.8,27,0,0,0,0,0,0
5234,L52413,0,303.6,312.9,151.84364492350664,45.3,29,0,0,0,0,0,0
5235,L52414,0,303.7,312.9,152.99556222982292,50.1,31,0,0,0,0,0,0
5236,M20095,1,303.7,312.9,158.2315499858059,41.0,33,0,0,0,0,0,0
5237,L52416,0,303.8,313.1,145.97933863680572,45.4,36,0,0,0,0,0,0
5238,L52417,0,303.8,313.0,156.97491292437,42.3,38,0,0,0,0,0,0
5239,L52418,0,303.7,313.0,152.57668320934428,44.1,40,0,0,0,0,0,0
5240,L52419,0,303.7,313.0,183.57373072476358,29.0,42,0,0,0,0,0,0
5241,L52420,0,303.7,313.0,177.39526517270366,28.0,44,0,0,0,0,0,0
5242,L52421,0,303.7,313.1,176.2433478663874,28.4,46,0,0,0,0,0,0
5243,L52422,0,303.7,313.1,156.66075365901102,47.4,48,0,0,0,0,0,0
5244,L52423,0,303.7,313.1,180.22269856093448,34.8,50,0,0,0,0,0,0
5245,L52424,0,303.6,313.0,166.818569905618,31.6,52,0,0,0,0,0,0
5246,L52425,0,303.6,313.0,164.93361431346415,38.3,54,0,0,0,0,0,0
5247,L52426,0,303.5,313.0,153.41444125030156,41.0,56,0,0,0,0,0,0
5248,L52427,0,303.6,313.1,147.131255943122,38.3,58,0,0,0,0,0,0
5249,M20108,1,303.5,313.0,199.17697423759287,21.6,60,0,0,0,0,0,0
5250,M20109,1,303.4,312.9,148.91149178015618,39.9,63,0,0,0,0,0,0
5251,L52430,0,303.5,312.9,139.4867138193868,52.9,66,0,0,0,0,0,0
5252,M20111,1,303.4,312.9,136.8687199413953,54.3,68,0,0,0,0,0,0
5253,L52432,0,303.5,313.0,138.43951626819023,59.5,71,0,0,0,0,0,0
5254,L52433,0,303.5,313.0,162.00146117011366,40.3,73,0,0,0,0,0,0
5255,L52434,0,303.5,313.1,198.65337546199459,23.6,75,0,0,0,0,0,0
5256,M20115,1,303.5,313.0,146.92181643288265,51.9,77,0,0,0,0,0,0
5257,L52436,0,303.5,313.0,145.87461888168605,51.6,80,0,0,0,0,0,0
5258,L52437,0,303.5,313.0,155.19467708733578,38.5,82,0,0,0,0,0,0
5259,M20118,1,303.5,312.9,164.61945504810515,44.7,84,0,0,0,0,0,0
5260,L52439,0,303.5,312.9,161.6873019047547,36.9,87,0,0,0,0,0,0
5261,M20120,1,303.5,313.0,156.24187463853238,46.1,89,0,0,0,0,0,0
5262,L52441,0,303.4,312.8,158.44098949604523,35.8,92,0,0,0,0,0,0
5263,L52442,0,303.4,312.8,151.73892516838703,43.9,94,0,0,0,0,0,0
5264,L52443,0,303.5,312.8,196.55898035960138,22.3,96,0,0,0,0,0,0
5265,L52444,0,303.4,312.8,144.09438304465183,53.4,98,0,0,0,0,0,0
5266,M20125,1,303.5,312.9,197.18729889031934,23.3,100,0,0,0,0,0,0
5267,M20126,1,303.4,312.8,158.96458827164355,38.7,103,0,0,0,0,0,0
5268,M20127,1,303.5,312.9,150.58700786207075,42.8,106,0,0,0,0,0,0
5269,L52448,0,303.4,312.9,145.4557398612074,54.1,109,0,0,0,0,0,0
5270,L52449,0,303.5,312.9,157.4985116999683,44.8,111,0,0,0,0,0,0
5271,L52450,0,303.5,312.9,133.5176877775662,64.4,113,0,0,0,0,0,0
5272,L52451,0,303.6,313.0,160.6401043535581,39.7,115,0,0,0,0,0,0
5273,M20132,1,303.6,313.0,146.18877814704504,38.2,117,0,0,0,0,0,0
5274,L52453,0,303.6,313.1,146.08405839192537,44.1,120,0,0,0,0,0,0
5275,L52454,0,303.6,313.0,169.33184402848985,30.9,122,0,0,0,0,0,0
5276,L52455,0,303.7,313.1,149.01621153527586,41.2,124,0,0,0,0,0,0
5277,L52456,0,303.5,313.0,168.1799267221736,34.0,126,0,0,0,0,0,0
5278,L52457,0,303.5,312.9,157.1843524346093,44.0,128,0,0,0,0,0,0
5279,M20138,1,303.5,312.9,169.4365637836095,30.4,130,0,0,0,0,0,0
5280,L52459,0,303.6,313.0,159.38346729212216,35.8,133,0,0,0,0,0,0
5281,L52460,0,303.6,312.9,154.98523757709646,41.4,135,0,0,0,0,0,0
5282,M20141,1,303.7,313.0,153.83332027078018,39.9,137,0,0,0,0,0,0
5283,H34696,2,303.8,313.2,144.61798182025012,52.4,140,0,0,0,0,0,0
5284,L52463,0,303.8,313.2,159.69762655748116,41.9,145,0,0,0,0,0,0
5285,M20144,1,303.8,313.2,181.37461586725072,29.6,147,0,0,0,0,0,0
5286,L52465,0,303.8,313.1,159.48818704724184,39.8,150,0,0,0,0,0,0
5287,L52466,0,303.8,313.1,148.91149178015618,42.4,152,0,0,0,0,0,0
5288,H34701,2,303.8,313.2,157.70795121020763,46.9,154,0,0,0,0,0,0
5289,L52468,0,303.8,313.2,160.32594508819912,39.4,159,0,0,0,0,0,0
5290,M20149,1,303.9,313.3,157.8126709653273,34.3,161,0,0,0,0,0,0
5291,L52470,0,303.9,313.3,159.80234631260083,40.7,164,0,0,0,0,0,0
5292,L52471,0,303.8,313.3,147.23597569824162,52.1,166,0,0,0,0,0,0
5293,M20152,1,303.9,313.3,164.09585627250686,35.0,168,0,0,0,0,0,0
5294,M20153,1,303.9,313.4,153.3097214951819,49.1,171,0,0,0,0,0,0
5295,L52474,0,303.9,313.4,151.0058868825494,48.5,174,0,0,0,0,0,0
5296,L52475,0,303.8,313.2,139.90559283986545,47.8,176,0,0,0,0,0,0
5297,H34710,2,303.8,313.2,144.40854231001083,50.2,178,0,0,0,0,0,0
5298,L52477,0,303.7,313.1,147.23597569824162,48.6,183,0,0,0,0,0,0
5299,M20158,1,303.7,313.1,223.0530784048753,18.1,185,0,0,0,0,0,0
5300,L52479,0,303.7,313.1,141.89526818713898,49.1,188,0,0,0,0,0,0
5301,M20160,1,303.8,313.2,179.07078125461823,26.5,190,0,0,0,0,0,0
5302,L52481,0,303.8,313.1,137.07815945163463,55.8,193,0,0,0,0,0,0
5303,L52482,0,303.9,313.1,156.1371548834127,37.2,195,0,0,0,0,0,0
5304,L52483,0,303.9,313.2,155.08995733221613,44.1,197,0,0,0,0,0,0
5305,L52484,0,303.9,313.1,149.22565104551515,49.3,199,0,0,0,0,0,0
5306,H34719,2,303.9,313.2,175.92918860102841,29.1,201,0,0,0,0,0,0
5307,H34720,2,304.0,313.2,168.80824525289154,31.7,206,0,0,0,0,0,0
5308,L52487,0,304.0,313.3,160.22122533307945,34.8,211,0,0,0,0,0,0
5309,L52488,0,304.0,313.2,155.08995733221613,42.6,213,0,0,0,0,0,0
5310,M20169,1,303.9,313.2,148.91149178015618,48.0,215,1,1,0,0,0,0
5311,L52490,0,303.8,313.0,149.4350905557545,43.0,0,0,0,0,0,0,0
5312,H34725,2,303.7,312.9,152.89084247470328,49.8,2,0,0,0,0,0,0
5313,L52492,0,303.6,312.9,196.14010133912277,23.5,7,0,0,0,0,0,0
5314,M20173,1,303.7,312.9,163.9911365173872,32.6,9,0,0,0,0,0,0
5315,L52494,0,303.6,312.8,178.12830345854127,30.8,12,0,0,0,0,0,0
5316,L52495,0,303.6,312.8,179.07078125461823,27.2,14,0,0,0,0,0,0
5317,M20176,1,303.6,312.8,176.87166639710534,33.1,16,0,0,0,0,0,0
5318,L52497,0,303.6,312.7,171.42623913088303,32.9,19,0,0,0,0,0,0
5319,L52498,0,303.5,312.6,156.66075365901102,39.0,21,0,0,0,0,0,0
5320,M20179,1,303.5,312.7,146.817096677763,47.0,23,0,0,0,0,0,0
5321,L52500,0,303.4,312.7,142.73302622809626,45.5,26,0,0,0,0,0,0
5322,M20181,1,303.4,312.7,165.0383340685838,49.9,28,0,0,0,0,0,0
5323,M20182,1,303.4,312.7,142.1047076973783,55.3,31,0,0,0,0,0,0
5324,M20183,1,303.4,312.7,146.50293741240404,48.4,34,0,0,0,0,0,0
5325,M20184,1,303.4,312.8,159.80234631260083,30.8,37,0,0,0,0,0,0
5326,L52505,0,303.5,312.7,177.39526517270366,27.3,40,0,0,0,0,0,0
5327,M20186,1,303.5,312.7,148.70205226991686,49.1,42,0,0,0,0,0,0
5328,M20187,1,303.5,312.7,221.58700183320005,16.7,45,0,0,0,0,0,0
5329,M20188,1,303.7,312.9,147.23597569824162,41.9,48,0,0,0,0,0,0
5330,L52509,0,303.7,313.0,152.47196345422464,45.5,51,0,0,0,0,0,0
5331,L52510,0,303.6,312.9,166.29497113001972,31.9,53,0,0,0,0,0,0
5332,L52511,0,303.7,312.8,151.63420541326735,44.5,55,0,0,0,0,0,0
5333,H34746,2,303.6,312.7,146.92181643288265,46.2,57,0,0,0,0,0,0
5334,M20193,1,303.5,312.6,147.131255943122,51.6,62,0,0,0,0,0,0
5335,M20194,1,303.4,312.6,283.3716573537993,9.8,65,1,0,0,1,0,0
5336,M20195,1,303.3,312.4,157.60323145508795,38.9,68,0,0,0,0,0,0
5337,L52516,0,303.2,312.4,174.1489527639942,33.7,71,0,0,0,0,0,0
5338,M20197,1,303.3,312.6,155.19467708733578,44.4,73,0,0,0,0,0,0
5339,M20198,1,303.3,312.5,175.30087007031045,32.7,76,0,0,0,0,0,0
5340,M20199,1,303.4,312.7,166.92328966073768,32.8,79,0,0,0,0,0,0
5341,L52520,0,303.5,312.7,145.87461888168605,49.3,82,0,0,0,0,0,0
5342,H34755,2,303.5,312.8,147.02653618800232,55.8,84,0,0,0,0,0,0
5343,M20202,1,303.5,312.8,143.98966328953216,45.7,89,0,0,0,0,0,0
5344,L52523,0,303.5,312.8,168.28464647729325,38.4,92,0,0,0,0,0,0
5345,L52524,0,303.4,312.8,142.4188669627373,50.8,94,0,0,0,0,0,0
5346,L52525,0,303.5,312.8,159.59290680236148,39.4,96,0,0,0,0,0,0
5347,L52526,0,303.4,312.7,160.6401043535581,35.5,98,0,0,0,0,0,0
5348,L52527,0,303.3,312.7,132.15633096101064,63.8,100,0,0,0,0,0,0
5349,L52528,0,303.3,312.6,169.9601625592078,34.6,102,0,0,0,0,0,0
5350,M20209,1,303.3,312.7,171.94983790648132,33.6,104,0,0,0,0,0,0
5351,M20210,1,303.4,312.8,169.85544280408814,35.1,107,0,0,0,0,0,0
5352,M20211,1,303.5,312.9,160.22122533307945,34.5,110,0,0,0,0,0,0
5353,M20212,1,303.4,312.8,166.504410640259,36.3,113,0,0,0,0,0,0
5354,L52533,0,303.4,312.7,166.3996908851394,34.0,116,0,0,0,0,0,0
5355,L52534,0,303.4,312.6,153.1002819849426,37.5,118,0,0,0,0,0,0
5356,H34769,2,303.3,312.5,139.0678347989082,49.8,120,0,0,0,0,0,0
5357,H34770,2,303.3,312.6,177.1858256624643,29.0,125,0,0,0,0,0,0
5358,L52537,0,303.3,312.5,206.08847807549043,20.6,130,0,0,0,0,0,0
5359,H34772,2,303.3,312.6,191.3229926036184,24.2,132,0,0,0,0,0,0
5360,M20219,1,303.3,312.6,146.2934979021647,47.1,137,0,0,0,0,0,0
5361,L52540,0,303.3,312.6,153.20500174006224,44.0,140,0,0,0,0,0,0
5362,L52541,0,303.3,312.7,172.054557661601,30.7,142,0,0,0,0,0,0
5363,L52542,0,303.2,312.6,134.14600630828417,57.0,144,0,0,0,0,0,0
5364,L52543,0,303.2,312.5,158.96458827164355,39.9,146,0,0,0,0,0,0
5365,L52544,0,303.2,312.6,167.6563279465753,35.3,148,0,0,0,0,0,0
5366,L52545,0,303.1,312.6,162.10618092523333,36.4,150,0,0,0,0,0,0
5367,H34780,2,303.1,312.6,147.02653618800232,40.6,152,0,0,0,0,0,0
5368,M20227,1,303.1,312.5,184.93508754131915,26.7,157,0,0,0,0,0,0
5369,M20228,1,303.1,312.5,174.56783178447282,30.0,160,0,0,0,0,0,0
5370,H34783,2,303.0,312.5,157.8126709653273,37.9,163,0,0,0,0,0,0
5371,H34784,2,303.0,312.4,170.37904157968646,37.1,168,0,0,0,0,0,0
5372,L52551,0,302.9,312.3,150.27284859671178,47.7,173,0,0,0,0,0,0
5373,H34786,2,302.9,312.3,158.0221104755666,46.8,175,0,0,0,0,0,0
5374,M20233,1,302.9,312.3,189.43803701146453,25.0,180,0,0,0,0,0,0
5375,L52554,0,302.9,312.3,158.65042900628455,40.8,183,0,0,0,0,0,0
5376,L52555,0,302.9,312.3,160.22122533307945,34.9,185,0,0,0,0,0,0
5377,H34790,2,302.8,312.3,139.90559283986545,57.5,187,0,0,0,0,0,0
5378,L52557,0,302.9,312.4,212.58110289290934,19.1,192,0,0,0,0,0,0
5379,L52558,0,302.9,312.4,162.31562043547265,36.9,194,0,0,0,0,0,0
5380,L52559,0,302.9,312.4,151.42476590302803,41.7,196,0,0,0,0,0,0
5381,L52560,0,302.8,312.3,156.4513141487717,37.5,198,0,0,0,0,0,0
5382,L52561,0,302.8,312.4,172.89231570255828,27.0,200,0,0,0,0,0,0
5383,L52562,0,302.9,312.4,177.81414419318227,33.8,202,0,0,0,0,0,0
5384,L52563,0,302.8,312.3,157.4985116999683,40.3,204,0,0,0,0,0,0
5385,M20244,1,302.9,312.4,148.80677202503654,46.0,206,0,0,0,0,0,0
5386,H34799,2,302.9,312.3,183.67845047988325,26.9,209,0,0,0,0,0,0
5387,L52566,0,302.9,312.2,153.83332027078018,42.0,214,0,0,0,0,0,0
5388,L52567,0,302.8,312.2,150.06340908647243,50.0,216,0,0,0,0,0,0
5389,M20248,1,302.8,312.3,149.9586893313528,49.0,218,0,0,0,0,0,0
5390,L52569,0,302.8,312.3,143.04718549345526,49.1,221,0,0,0,0,0,0
5391,H34804,2,302.8,312.3,155.29939684245542,47.2,223,0,0,0,0,0,0
5392,L52571,0,302.7,312.2,164.61945504810515,34.4,228,0,0,0,0,0,0
5393,L52572,0,302.8,312.2,155.08995733221613,40.2,230,0,0,0,0,0,0
5394,L52573,0,302.8,312.3,154.25219929125885,42.6,232,0,0,0,0,0,0
5395,M20254,1,302.8,312.3,132.15633096101064,70.5,234,1,0,0,1,1,0
5396,L52575,0,302.8,312.4,160.1165055779598,36.8,237,0,0,0,0,0,0
5397,L52576,0,302.8,312.4,159.48818704724184,39.7,239,0,0,0,0,0,0
5398,M20257,1,302.8,312.3,148.28317324943825,42.7,241,0,0,0,0,0,0
5399,L52578,0,302.9,312.4,201.37608909510573,23.9,244,0,0,0,0,0,0
5400,H34813,2,302.8,312.4,147.75957447383993,53.8,246,1,0,0,0,1,0
5401,L52580,0,302.7,312.4,154.67107831173746,46.3,251,1,0,0,0,1,0
5402,M20261,1,302.6,312.3,152.26252394398531,54.8,253,1,1,0,0,1,0
5403,L52582,0,302.7,312.3,148.80677202503654,48.5,0,0,0,0,0,0,0
5404,L52583,0,302.7,312.3,194.56930501232785,25.4,2,0,0,0,0,0,0
5405,H34818,2,302.8,312.5,148.91149178015618,46.1,4,0,0,0,0,0,0
5406,L52585,0,302.7,312.4,151.21532639278868,48.7,9,0,0,0,0,0,0
5407,L52586,0,302.7,312.4,142.4188669627373,47.8,11,0,0,0,0,0,0
5408,L52587,0,302.7,312.4,204.62240150381518,24.8,13,0,0,0,0,0,0
5409,L52588,0,302.6,312.4,170.4837613348061,33.0,15,0,0,0,0,0,0
5410,L52589,0,302.7,312.4,150.06340908647243,44.2,17,0,0,0,0,0,0
5411,M20270,1,302.7,312.5,148.3878930045579,51.5,19,0,0,0,0,0,0
5412,L52591,0,302.8,312.6,153.1002819849426,39.4,22,0,0,0,0,0,0
5413,L52592,0,302.9,312.6,139.0678347989082,59.9,24,0,0,0,0,0,0
5414,H34827,2,302.7,312.5,159.90706606772045,36.4,26,0,0,0,0,0,0
5415,L52594,0,302.6,312.3,160.6401043535581,34.3,31,0,0,0,0,0,0
5416,M20275,1,302.6,312.4,147.6548547187203,50.3,33,0,0,0,0,0,0
5417,L52596,0,302.6,312.3,173.8347934986352,30.3,36,0,0,0,0,0,0
5418,L52597,0,302.6,312.4,145.14158059584844,45.8,38,0,0,0,0,0,0
5419,L52598,0,302.6,312.4,146.39821765728436,41.6,40,0,0,0,0,0,0
5420,L52599,0,302.6,312.3,138.33479651307056,53.4,42,0,0,0,0,0,0
5421,L52600,0,302.6,312.3,158.3362697409256,34.2,44,0,0,0,0,0,0
5422,M20281,1,302.6,312.3,163.9911365173872,36.6,46,0,0,0,0,0,0
5423,M20282,1,302.7,312.4,148.91149178015618,44.5,49,0,0,0,0,0,0
5424,L52603,0,302.6,312.3,172.47343668207964,31.8,52,0,0,0,0,0,0
5425,L52604,0,302.6,312.2,144.1991027997715,45.5,54,0,0,0,0,0,0
5426,L52605,0,302.5,312.2,185.87756533739608,27.9,56,0,0,0,0,0,0
5427,L52606,0,302.6,312.3,162.73449945595127,42.0,58,0,0,0,0,0,0
5428,L52607,0,302.7,312.4,149.01621153527586,51.9,60,0,0,0,0,0,0
5429,L52608,0,302.7,312.4,152.15780418886564,47.3,62,0,0,0,0,0,0
5430,L52609,0,302.8,312.4,166.504410640259,34.4,64,0,0,0,0,0,0
5431,L52610,0,302.8,312.5,177.39526517270366,28.4,66,0,0,0,0,0,0
5432,L52611,0,302.8,312.5,153.1002819849426,43.4,68,0,0,0,0,0,0
5433,L52612,0,302.8,312.4,145.7698991265664,46.2,70,0,0,0,0,0,0
5434,L52613,0,302.9,312.5,162.31562043547265,45.5,72,0,0,0,0,0,0
5435,L52614,0,302.9,312.5,170.58848108992575,30.4,74,0,0,0,0,0,0
5436,M20295,1,303.0,312.5,159.59290680236148,42.1,76,0,0,0,0,0,0
5437,M20296,1,302.9,312.5,175.82446884590874,30.9,79,0,0,0,0,0,0
5438,M20297,1,302.9,312.6,145.97933863680572,46.4,82,0,0,0,0,0,0
5439,L52618,0,302.9,312.5,176.2433478663874,32.1,85,0,0,0,0,0,0
5440,L52619,0,303.0,312.5,170.27432182456678,30.5,87,0,0,0,0,0,0
5441,H34854,2,303.0,312.5,177.81414419318227,30.0,89,0,0,0,0,0,0
5442,M20301,1,303.0,312.6,145.7698991265664,42.9,94,0,0,0,0,0,0
5443,L52622,0,303.1,312.7,141.68582867689966,51.8,97,0,0,0,0,0,0
5444,M20303,1,303.0,312.7,149.33037080063482,46.8,99,0,0,0,0,0,0
5445,L52624,0,303.0,312.7,211.95278436219138,19.9,102,0,0,0,0,0,0
5446,M20305,1,303.0,312.8,172.57815643719928,32.1,104,0,0,0,0,0,0
5447,L52626,0,303.1,312.9,158.2315499858059,40.1,107,0,0,0,0,0,0
5448,L52627,0,303.1,312.8,153.41444125030156,44.1,109,0,0,0,0,0,0
5449,L52628,0,303.0,312.7,162.42034019059233,41.8,111,0,0,0,0,0,0
5450,L52629,0,303.1,312.8,243.8923096736876,15.1,113,0,0,0,0,0,0
5451,H34864,2,303.1,312.8,150.27284859671178,41.9,115,0,0,0,0,0,0
5452,L52631,0,303.0,312.7,142.52358671785697,48.8,120,0,0,0,0,0,0
5453,M20312,1,303.0,312.7,162.62977970083162,35.8,122,0,0,0,0,0,0
5454,L52633,0,303.0,312.6,151.94836467862632,42.1,125,0,0,0,0,0,0
5455,L52634,0,303.0,312.5,152.99556222982292,40.2,127,0,0,0,0,0,0
5456,M20315,1,303.1,312.6,198.44393595175526,23.5,129,0,0,0,0,0,0
5457,M20316,1,303.1,312.6,164.09585627250686,32.9,132,0,0,0,0,0,0
5458,M20317,1,303.0,312.5,167.76104770169496,33.7,135,0,0,0,0,0,0
5459,L52638,0,303.1,312.6,158.54570925116488,42.1,138,0,0,0,0,0,0
5460,L52639,0,303.1,312.5,152.15780418886564,49.1,140,0,0,0,0,0,0
5461,M20320,1,303.0,312.4,159.80234631260083,36.1,142,0,0,0,0,0,0
5462,M20321,1,302.9,312.3,140.21975210522444,52.1,145,0,0,0,0,0,0
5463,L52642,0,302.9,312.3,197.8156174210373,22.8,148,0,0,0,0,0,0
5464,L52643,0,302.9,312.4,163.4675377417889,34.8,150,0,0,0,0,0,0
5465,M20324,1,302.9,312.4,173.73007374351556,33.1,152,0,0,0,0,0,0
5466,L52645,0,302.9,312.4,149.12093129039553,49.5,155,0,0,0,0,0,0
5467,M20326,1,302.9,312.3,149.33037080063482,44.7,157,0,0,0,0,0,0
5468,L52647,0,302.9,312.4,144.82742133048947,51.4,160,0,0,0,0,0,0
5469,L52648,0,302.8,312.3,184.72564803107983,29.9,162,0,0,0,0,0,0
5470,M20329,1,302.7,312.2,150.6917276171904,42.5,164,0,0,0,0,0,0
5471,M20330,1,302.7,312.2,165.98081186466072,35.5,167,0,0,0,0,0,0
5473,L52652,0,302.8,312.3,145.14158059584844,57.8,172,0,0,0,0,0,0
5474,L52653,0,302.7,312.2,143.36134475881423,51.8,174,0,0,0,0,0,0
5475,M20334,1,302.7,312.1,144.30382255489116,46.9,176,0,0,0,0,0,0
5476,L52655,0,302.7,312.2,139.90559283986545,46.8,179,0,0,0,0,0,0
5477,M20336,1,302.6,312.1,151.32004614790836,42.0,181,0,0,0,0,0,0
5478,L52657,0,302.7,312.1,184.62092827596018,26.5,184,0,0,0,0,0,0
5479,L52658,0,302.7,312.2,168.7035254977719,34.1,186,0,0,0,0,0,0
5480,M20339,1,302.7,312.1,163.7816970071479,32.1,188,0,0,0,0,0,0
5481,H34894,2,302.7,312.1,154.77579806685713,36.0,191,0,0,0,0,0,0
5482,L52661,0,302.6,312.0,186.50588386811404,28.5,196,0,0,0,0,0,0
5483,L52662,0,302.6,312.1,186.61060362323371,26.8,198,0,0,0,0,0,0
5484,M20343,1,302.6,312.1,209.43951023931953,21.9,200,0,0,0,0,0,0
5485,M20344,1,302.5,312.0,191.21827284849874,25.3,203,0,0,0,0,0,0
5486,L52665,0,302.6,312.1,140.74335088082273,51.0,206,0,0,0,0,0,0
5487,L52666,0,302.6,312.2,159.17402778188284,43.0,208,0,0,0,0,0,0
5488,M20347,1,302.6,312.1,168.7035254977719,39.9,210,0,0,0,0,0,0
5489,L52668,0,302.7,312.2,151.84364492350664,52.1,213,1,0,0,0,1,0
5491,L52670,0,302.6,312.1,134.87904459412178,68.5,0,1,0,0,1,0,0
5492,M20351,1,302.7,312.2,141.3716694115407,58.6,2,0,0,0,0,0,0
5493,M20352,1,302.9,312.4,139.69615332962613,50.9,5,0,0,0,0,0,0
5494,L52673,0,302.8,312.4,144.09438304465183,57.1,8,0,0,0,0,0,0
5495,L52674,0,302.8,312.4,143.25662500369455,49.5,10,0,0,0,0,0,0
5497,M20356,1,302.9,312.5,201.4808088502254,24.0,17,0,0,0,0,0,0
5498,M20357,1,302.9,312.5,162.42034019059233,40.0,20,0,0,0,0,0,0
5499,M20358,1,302.9,312.5,199.28169399271255,21.2,23,0,0,0,0,0,0
5500,H34913,2,302.9,312.3,148.3878930045579,48.7,26,0,0,0,0,0,0
5501,L52680,0,302.7,312.1,167.6563279465753,35.2,31,0,0,0,0,0,0
5502,L52681,0,302.7,312.1,161.58258214963502,37.5,33,0,0,0,0,0,0
5503,L52682,0,302.6,312.1,150.6917276171904,52.3,35,0,0,0,0,0,0
5504,H34917,2,302.6,312.0,173.52063423327624,29.3,37,0,0,0,0,0,0
5505,L52684,0,302.8,312.2,152.68140296446393,51.0,42,0,0,0,0,0,0
5506,L52685,0,302.8,312.2,182.84069243892597,27.4,44,0,0,0,0,0,0
5507,L52686,0,302.9,312.2,175.61502933566945,30.5,46,0,0,0,0,0,0
5508,L52687,0,302.8,312.1,159.17402778188284,39.9,48,0,0,0,0,0,0
5509,L52688,0,302.9,312.2,143.1519052485749,55.1,50,0,0,0,0,0,0
5511,L52690,0,302.8,312.1,148.49261275967757,51.4,54,0,0,0,0,0,0
5512,L52691,0,302.8,312.1,205.04128052429382,20.3,56,0,0,0,0,0,0
5513,L52692,0,302.8,312.2,176.13862811126774,30.9,58,0,0,0,0,0,0
5514,M20373,1,302.8,312.2,152.053084433746,50.3,60,0,0,0,0,0,0
5515,L52694,0,302.7,312.0,191.42771235873806,24.0,63,0,0,0,0,0,0
5516,H34929,2,302.7,312.0,155.4041165975751,41.5,65,0,0,0,0,0,0
5517,L52696,0,302.6,312.0,175.30087007031045,32.2,70,0,0,0,0,0,0
5518,L52697,0,302.6,311.9,151.63420541326735,49.5,72,0,0,0,0,0,0
5519,M20378,1,302.5,311.8,211.8480646070717,19.1,74,0,0,0,0,0,0
5520,L52699,0,302.5,311.9,152.053084433746,47.4,77,0,0,0,0,0,0
5521,M20380,1,302.6,312.0,156.66075365901102,45.0,79,0,0,0,0,0,0
5522,L52701,0,302.6,311.9,146.2934979021647,46.9,82,0,0,0,0,0,0
5523,L52702,0,302.6,311.9,152.15780418886564,39.1,84,0,0,0,0,0,0
5524,M20383,1,302.5,311.9,159.59290680236148,34.8,86,0,0,0,0,0,0
5525,L52704,0,302.6,311.9,171.00736011040442,30.9,89,0,0,0,0,0,0
5526,M20385,1,302.6,312.0,142.73302622809626,45.7,91,0,0,0,0,0,0
5527,L52706,0,302.5,311.9,159.17402778188284,44.9,94,0,0,0,0,0,0
5528,M20387,1,302.5,311.9,160.43066484331877,38.8,96,0,0,0,0,0,0
5529,L52708,0,302.4,311.8,144.93214108560912,50.9,99,0,0,0,0,0,0
5530,M20389,1,302.4,311.8,161.16370312915637,39.9,101,0,0,0,0,0,0
5531,M20390,1,302.3,311.8,141.89526818713898,50.1,104,0,0,0,0,0,0
5532,M20391,1,302.3,311.7,157.4985116999683,37.3,107,0,0,0,0,0,0
5533,L52712,0,302.4,311.8,154.5663585566178,46.6,110,0,0,0,0,0,0
5534,L52713,0,302.4,311.7,180.22269856093448,26.9,112,0,0,0,0,0,0
5535,M20394,1,302.3,311.7,156.4513141487717,37.1,114,0,0,0,0,0,0
5536,L52715,0,302.3,311.7,153.41444125030156,43.5,117,0,0,0,0,0,0
5538,L52717,0,302.4,311.8,172.57815643719928,30.0,122,0,0,0,0,0,0
5539,M20398,1,302.3,311.8,196.7684198698407,23.0,124,0,0,0,0,0,0
5540,H34953,2,302.3,311.7,155.19467708733578,39.0,127,0,0,0,0,0,0
5541,L52720,0,302.4,311.8,156.34659439365205,38.4,132,0,0,0,0,0,0
5542,L52721,0,302.4,311.8,150.06340908647243,42.2,134,0,0,0,0,0,0
5543,L52722,0,302.3,311.7,146.60765716752366,41.6,136,0,0,0,0,0,0
5544,L52723,0,302.4,311.8,131.423292675173,59.0,138,0,0,0,0,0,0
5545,L52724,0,302.2,311.7,154.04275978101953,45.6,140,0,0,0,0,0,0
5546,H34959,2,302.2,311.6,142.1047076973783,44.2,142,0,0,0,0,0,0
5547,L52726,0,302.3,311.7,152.15780418886564,41.2,147,0,0,0,0,0,0
5548,M20407,1,302.3,311.7,161.26842288427605,28.9,149,0,0,0,0,0,0
5549,L52728,0,302.3,311.8,168.07520696705393,35.2,152,0,0,0,0,0,0
5550,H34963,2,302.3,311.9,143.8849435344125,52.4,154,0,0,0,0,0,0
5551,M20410,1,302.3,311.9,157.91739072044692,42.3,159,0,0,0,0,0,0
5552,H34965,2,302.4,311.9,143.04718549345526,47.3,162,0,0,0,0,0,0
5553,H34966,2,302.5,312.0,165.35249333394276,35.7,167,0,0,0,0,0,0
5555,M20414,1,302.5,312.0,159.2787475370025,40.2,174,0,0,0,0,0,0
5556,L52735,0,302.5,312.0,147.75957447383993,44.2,177,0,0,0,0,0,0
5557,H34970,2,302.5,312.0,142.1047076973783,42.0,179,0,0,0,0,0,0
5558,M20417,1,302.5,312.0,150.37756835183143,43.5,184,0,0,0,0,0,0
5559,L52738,0,302.5,311.9,162.62977970083162,40.1,187,0,0,0,0,0,0
5560,M20419,1,302.5,312.0,151.94836467862632,43.2,189,0,0,0,0,0,0
5561,L52740,0,302.4,311.9,161.3731426393957,37.9,192,0,0,0,0,0,0
5562,M20421,1,302.3,311.7,140.42919161546376,46.3,194,0,0,0,0,0,0
5563,L52742,0,302.3,311.7,172.57815643719928,32.1,197,0,0,0,0,0,0
5564,M20423,1,302.3,311.7,171.74039839624203,31.5,199,0,0,0,0,0,0
5565,L52744,0,302.4,311.8,148.28317324943825,46.1,202,0,0,0,0,0,0
5566,L52745,0,302.4,311.9,174.98671080495149,29.9,204,0,0,0,0,0,0
5567,L52746,0,302.4,312.0,152.57668320934428,45.5,206,0,0,0,0,0,0
5568,M20427,1,302.5,312.0,151.32004614790836,54.8,0,0,0,0,0,0,0
5569,L52748,0,302.5,312.1,160.6401043535581,38.6,3,0,0,0,0,0,0
5570,L52749,0,302.4,312.0,157.91739072044692,36.9,5,0,0,0,0,0,0
5571,M20430,1,302.4,312.1,156.24187463853238,47.7,7,0,0,0,0,0,0
5572,L52751,0,302.4,312.0,163.57225749690858,37.9,10,0,0,0,0,0,0
5573,L52752,0,302.4,312.0,161.79202165987437,36.4,12,0,0,0,0,0,0
5574,L52753,0,302.5,312.2,182.0029343979687,25.3,14,0,0,0,0,0,0
5575,L52754,0,302.4,312.0,136.659280431156,49.1,16,0,0,0,0,0,0
5576,H34989,2,302.4,312.0,154.67107831173746,39.7,18,0,0,0,0,0,0
5577,H34990,2,302.4,312.0,152.57668320934428,43.4,23,0,0,0,0,0,0
5578,L52757,0,302.4,312.1,152.36724369910496,40.4,28,0,0,0,0,0,0
5579,L52758,0,302.5,312.2,164.82889455834447,38.7,30,0,0,0,0,0,0
5580,L52759,0,302.6,312.2,177.4999849278233,27.1,32,0,0,0,0,0,0
5581,M20440,1,302.6,312.2,152.68140296446393,38.8,34,0,0,0,0,0,0
5582,M20441,1,302.5,312.1,152.26252394398531,47.6,37,0,0,0,0,0,0
5583,L52762,0,302.5,312.0,214.88493750554187,18.9,40,0,0,0,0,0,0
5584,L52763,0,302.5,312.0,175.19615031519078,29.9,42,0,0,0,0,0,0
5585,L52764,0,302.4,311.9,165.24777357882311,29.9,44,0,0,0,0,0,0
5586,M20445,1,302.5,312.0,171.94983790648132,29.1,46,0,0,0,0,0,0
5587,M20446,1,302.4,311.8,163.04865872131026,31.5,49,0,0,0,0,0,0
5588,L52767,0,302.5,311.9,155.08995733221613,42.9,52,0,0,0,0,0,0
5589,M20448,1,302.5,311.8,163.9911365173872,37.6,54,0,0,0,0,0,0
5590,M20449,1,302.5,311.9,135.92624214531838,57.5,57,0,0,0,0,0,0
5591,M20450,1,302.5,311.9,140.3244718603441,59.4,60,0,0,0,0,0,0
5592,L52771,0,302.5,312.0,164.82889455834447,33.8,63,0,0,0,0,0,0
5593,L52772,0,302.5,311.9,150.4822881069511,46.7,65,0,0,0,0,0,0
5594,L52773,0,302.6,311.9,141.79054843201934,48.0,67,0,0,0,0,0,0
5595,L52774,0,302.6,311.9,167.3421686812163,35.5,69,0,0,0,0,0,0
5596,M20455,1,302.7,312.0,203.5752039526186,21.4,71,0,0,0,0,0,0
5597,M20456,1,302.7,312.0,161.05898337403673,36.7,74,0,0,0,0,0,0
5598,L52777,0,302.7,312.0,157.1843524346093,37.0,77,0,0,0,0,0,0
5599,L52778,0,302.8,312.1,150.90116712742974,52.1,79,0,0,0,0,0,0
5600,M20459,1,302.7,312.0,172.99703545767795,31.0,81,0,0,0,0,0,0
5601,L52780,0,302.8,312.1,155.7182758629341,36.6,84,0,0,0,0,0,0
5602,L52781,0,302.9,312.2,168.07520696705393,33.9,86,0,0,0,0,0,0
5603,L52782,0,302.9,312.1,139.69615332962613,54.7,88,0,0,0,0,0,0
5604,L52783,0,302.9,312.2,140.3244718603441,57.8,90,0,0,0,0,0,0
5605,L52784,0,302.9,312.2,158.44098949604523,37.8,92,0,0,0,0,0,0
5606,L52785,0,302.9,312.2,158.12683023068624,41.4,94,0,0,0,0,0,0
5607,L52786,0,302.9,312.2,181.06045660189176,23.6,96,0,0,0,0,0,0
5608,M20467,1,302.9,312.2,182.7359726838063,25.5,98,0,0,0,0,0,0
5609,M20468,1,303.1,312.3,169.9601625592078,31.6,101,0,0,0,0,0,0
5610,M20469,1,303.1,312.4,144.30382255489116,50.1,104,0,0,0,0,0,0
5611,L52790,0,303.1,312.4,147.3406954533613,41.2,107,0,0,0,0,0,0
5612,M20471,1,303.0,312.3,175.30087007031045,29.5,109,0,0,0,0,0,0
5613,L52792,0,303.0,312.3,155.61355610781442,42.4,112,0,0,0,0,0,0
5614,M20473,1,303.0,312.3,155.29939684245542,38.8,114,0,0,0,0,0,0
5615,H35028,2,303.0,312.2,170.06488231432746,28.8,117,0,0,0,0,0,0
5616,M20475,1,303.0,312.2,131.63273218541232,71.3,122,1,0,0,1,0,0
5617,L52796,0,303.0,312.3,154.98523757709646,41.4,125,0,0,0,0,0,0
5618,L52797,0,303.1,312.4,147.02653618800232,61.5,127,1,0,0,1,0,0
5619,M20478,1,303.0,312.4,172.26399717184032,29.6,129,0,0,0,0,0,0
5620,L52799,0,303.0,312.3,202.31856689118268,21.9,132,0,0,0,0,0,0
5621,L52800,0,303.0,312.3,160.5353845984384,38.5,134,0,0,0,0,0,0
5622,M20481,1,302.9,312.2,135.29792361460042,54.4,136,0,0,0,0,0,0
5623,L52802,0,302.9,312.2,164.51473529298548,40.6,139,0,0,0,0,0,0
5624,L52803,0,302.9,312.3,165.24777357882311,36.3,141,0,0,0,0,0,0
5625,M20484,1,302.8,312.2,153.83332027078018,36.9,143,0,0,0,0,0,0
5626,L52805,0,302.7,312.1,180.95573684677208,24.4,146,0,0,0,0,0,0
5627,H35040,2,302.7,312.1,167.8657674568146,32.5,148,0,0,0,0,0,0
5628,L52807,0,302.7,312.1,167.23744892609665,39.8,153,0,0,0,0,0,0
5629,L52808,0,302.7,312.1,176.7669466419857,32.0,155,0,0,0,0,0,0
5630,L52809,0,302.7,312.2,147.131255943122,51.4,157,0,0,0,0,0,0
5631,M20490,1,302.8,312.2,169.1224045182505,32.9,159,0,0,0,0,0,0
5632,L52811,0,302.8,312.2,158.65042900628455,36.8,162,0,0,0,0,0,0
5633,L52812,0,302.7,312.2,144.09438304465183,52.8,164,0,0,0,0,0,0
5634,L52813,0,302.7,312.2,151.52948565814768,47.5,166,0,0,0,0,0,0
5635,M20494,1,302.6,312.2,141.68582867689966,56.5,168,0,0,0,0,0,0
5636,L52815,0,302.6,312.1,157.28907218972896,47.3,171,0,0,0,0,0,0
5637,L52816,0,302.6,312.0,151.52948565814768,45.5,173,0,0,0,0,0,0
5638,M20497,1,302.5,312.0,155.7182758629341,46.1,175,0,0,0,0,0,0
5639,L52818,0,302.6,312.1,159.0693080267632,38.1,178,0,0,0,0,0,0
5641,L52820,0,302.6,312.1,148.70205226991686,51.6,182,0,0,0,0,0,0
5642,L52821,0,302.6,312.1,154.25219929125885,37.3,184,0,0,0,0,0,0
5643,L52822,0,302.5,312.0,156.55603390389135,38.8,186,0,0,0,0,0,0
5644,L52823,0,302.5,312.0,164.82889455834447,42.0,188,0,0,0,0,0,0
5645,L52824,0,302.5,312.0,144.82742133048947,51.3,190,0,0,0,0,0,0
5646,M20505,1,302.5,312.0,166.60913039537868,29.4,192,0,0,0,0,0,0
5647,M20506,1,302.4,311.8,172.15927741672067,37.2,195,0,0,0,0,0,0
5648,H35061,2,302.5,311.8,248.18581963359364,14.7,198,0,0,0,0,0,0
5649,L52828,0,302.5,311.9,146.71237692264333,44.9,203,0,0,0,0,0,0
5650,M20509,1,302.5,311.9,148.0737337391989,51.6,205,0,0,0,0,0,0
5651,L52830,0,302.5,312.0,152.47196345422464,46.3,208,0,0,0,0,0,0
5652,M20511,1,302.5,312.0,151.52948565814768,45.7,210,0,0,0,0,0,0
5653,L52832,0,302.4,311.8,180.85101709165244,26.5,213,0,0,0,0,0,0
5654,L52833,0,302.4,311.7,156.55603390389135,36.8,215,0,0,0,0,0,0
5655,L52834,0,302.3,311.6,161.6873019047547,34.3,0,0,0,0,0,0,0
5656,L52835,0,302.3,311.5,145.24630035096808,47.3,2,0,0,0,0,0,0
5657,M20516,1,302.3,311.5,137.81119773747227,47.2,4,0,0,0,0,0,0
5658,L52837,0,302.3,311.5,187.8672406846696,26.1,7,0,0,0,0,0,0
5659,M20518,1,302.2,311.4,143.67550402417322,55.1,9,0,0,0,0,0,0
5660,M20519,1,302.3,311.5,175.30087007031045,30.0,12,0,0,0,0,0,0
5661,L52840,0,302.2,311.4,154.67107831173746,41.7,15,0,0,0,0,0,0
5662,L52841,0,302.2,311.4,146.2934979021647,53.0,17,0,0,0,0,0,0
5663,L52842,0,302.2,311.5,169.22712427337018,34.0,19,0,0,0,0,0,0
5664,M20523,1,302.3,311.5,160.22122533307945,42.3,21,0,0,0,0,0,0
5665,M20524,1,302.2,311.4,161.16370312915637,35.1,24,0,0,0,0,0,0
5666,L52845,0,302.3,311.4,193.20794819577227,21.9,27,0,0,0,0,0,0
5667,L52846,0,302.2,311.4,149.7492498211135,43.1,29,0,0,0,0,0,0
5668,L52847,0,302.2,311.4,217.8170906488923,19.2,31,0,0,0,0,0,0
5669,M20528,1,302.2,311.4,149.9586893313528,45.3,33,0,0,0,0,0,0
5670,M20529,1,302.2,311.5,154.8805178219768,39.5,36,0,0,0,0,0,0
5671,L52850,0,302.2,311.5,149.12093129039553,45.2,39,0,0,0,0,0,0
5672,H35085,2,302.2,311.6,160.6401043535581,37.2,41,0,0,0,0,0,0
5673,H35086,2,302.1,311.6,178.12830345854127,26.2,46,0,0,0,0,0,0
5674,L52853,0,302.2,311.6,153.1002819849426,50.0,51,0,0,0,0,0,0
5675,M20534,1,302.2,311.7,145.87461888168605,42.5,53,0,0,0,0,0,0
5676,M20535,1,302.3,311.7,152.15780418886564,42.5,56,0,0,0,0,0,0
5677,L52856,0,302.3,311.8,163.88641676226752,37.8,59,0,0,0,0,0,0
5678,L52857,0,302.3,311.8,134.14600630828417,51.7,61,0,0,0,0,0,0
5679,M20538,1,302.2,311.7,165.87609210954108,36.2,63,0,0,0,0,0,0
5680,M20539,1,302.2,311.7,153.5191610054212,49.0,66,0,0,0,0,0,0
5681,M20540,1,302.2,311.6,145.14158059584844,50.5,69,0,0,0,0,0,0
5682,L52861,0,302.2,311.6,144.82742133048947,44.3,72,0,0,0,0,0,0
5683,H35096,2,302.3,311.6,150.90116712742974,53.9,74,0,0,0,0,0,0
5684,M20543,1,302.2,311.6,166.71385015049836,37.7,79,0,0,0,0,0,0
5685,H35098,2,302.2,311.6,166.92328966073768,36.8,82,0,0,0,0,0,0
5686,L52865,0,302.2,311.5,155.19467708733578,45.6,87,0,0,0,0,0,0
5687,L52866,0,302.2,311.6,173.62535398839591,31.4,89,0,0,0,0,0,0
5688,L52867,0,302.3,311.7,227.2418686096617,18.2,91,0,0,0,0,0,0
5689,M20548,1,302.3,311.7,149.01621153527586,44.6,93,0,0,0,0,0,0
5690,L52869,0,302.4,311.8,161.58258214963502,31.1,96,0,0,0,0,0,0
5691,L52870,0,302.3,311.8,150.27284859671178,44.8,98,0,0,0,0,0,0
5692,L52871,0,302.4,311.8,138.23007675795088,56.4,100,0,0,0,0,0,0
5693,M20552,1,302.4,311.9,137.49703847211327,55.7,102,0,0,0,0,0,0
5694,M20553,1,302.4,311.8,152.15780418886564,42.1,105,0,0,0,0,0,0
5695,L52874,0,302.4,311.8,157.91739072044692,45.7,108,0,0,0,0,0,0
5696,L52875,0,302.4,311.8,151.94836467862632,42.0,110,0,0,0,0,0,0
5697,H35110,2,302.5,311.9,167.02800941585735,34.6,112,0,0,0,0,0,0
5698,L52877,0,302.5,311.9,141.79054843201934,49.4,117,0,0,0,0,0,0
5699,L52878,0,302.5,311.9,132.4704902263696,59.8,119,0,0,0,0,0,0
5700,L52879,0,302.4,311.9,195.5117828084048,25.9,121,0,0,0,0,0,0
5701,L52880,0,302.5,311.9,156.76547341413067,41.6,123,0,0,0,0,0,0
5702,M20561,1,302.5,311.9,141.05751014618173,54.3,125,0,0,0,0,0,0
5703,L52882,0,302.3,311.7,161.6873019047547,43.2,128,0,0,0,0,0,0
5704,H35117,2,302.3,311.7,152.47196345422464,45.4,130,0,0,0,0,0,0
5705,L52884,0,302.5,311.8,139.8008730847458,52.7,135,0,0,0,0,0,0
5706,L52885,0,302.4,311.9,152.053084433746,43.1,137,0,0,0,0,0,0
5707,L52886,0,302.4,311.9,135.0884841043611,70.0,139,1,0,0,1,0,0
5708,L52887,0,302.4,311.8,151.63420541326735,43.4,141,0,0,0,0,0,0
5709,L52888,0,302.3,311.7,168.7035254977719,38.6,143,0,0,0,0,0,0
5710,L52889,0,302.2,311.7,162.94393896619061,38.6,145,0,0,0,0,0,0
5711,H35124,2,302.2,311.7,147.96901398407925,46.5,147,0,0,0,0,0,0
5712,L52891,0,302.2,311.6,161.79202165987437,35.9,152,0,0,0,0,0,0
5713,L52892,0,302.2,311.7,139.2772743091475,54.6,154,0,0,0,0,0,0
5714,L52893,0,302.2,311.9,167.13272917097697,38.0,156,0,0,0,0,0,0
5715,L52894,0,302.2,311.8,169.4365637836095,36.0,158,0,0,0,0,0,0
5716,H35129,2,302.2,311.9,167.23744892609665,35.8,160,0,0,0,0,0,0
5717,L52896,0,302.3,312.0,141.79054843201934,52.2,165,0,0,0,0,0,0
5718,L52897,0,302.3,312.0,182.84069243892597,28.1,167,0,0,0,0,0,0
5719,L52898,0,302.4,312.0,169.7507230489685,32.5,169,0,0,0,0,0,0
5720,L52899,0,302.3,312.0,146.39821765728436,43.3,171,0,0,0,0,0,0
5721,L52900,0,302.3,311.9,150.1681288415921,51.9,173,0,0,0,0,0,0
5722,M20581,1,302.3,311.8,151.11060663766906,43.4,175,0,0,0,0,0,0
5723,L52902,0,302.2,311.7,155.8229956180537,44.6,178,0,0,0,0,0,0
5724,M20583,1,302.3,311.8,154.46163880149817,48.0,180,0,0,0,0,0,0
5725,L52904,0,302.3,311.8,150.06340908647243,50.3,183,0,0,0,0,0,0
5726,M20585,1,302.3,311.8,163.04865872131026,34.1,185,0,0,0,0,0,0
5727,M20586,1,302.4,311.9,146.39821765728436,50.1,188,0,0,0,0,0,0
5728,M20587,1,302.3,311.8,163.25809823154958,34.4,191,0,0,0,0,0,0
5729,M20588,1,302.4,311.9,148.91149178015618,46.4,194,0,0,0,0,0,0
5730,M20589,1,302.3,311.8,153.20500174006224,35.7,197,0,0,0,0,0,0
5731,L52910,0,302.3,311.7,187.76252092954996,25.3,200,0,0,0,0,0,0
5732,L52911,0,302.2,311.6,196.0353815840031,20.4,202,0,0,0,0,0,0
5733,L52912,0,302.2,311.7,147.86429422895958,44.5,204,0,0,0,0,0,0
5734,L52913,0,302.3,311.8,155.7182758629341,43.2,206,0,0,0,0,0,0
5735,L52914,0,302.3,311.8,143.36134475881423,56.2,208,1,0,0,0,1,0
5736,L52915,0,302.4,311.8,175.19615031519078,30.1,210,0,0,0,0,0,0
5737,M20596,1,302.4,311.9,150.6917276171904,36.6,212,0,0,0,0,0,0
5738,L52917,0,302.3,311.8,164.82889455834447,42.8,215,0,0,0,0,0,0
5739,L52918,0,302.3,311.7,134.14600630828417,48.8,0,0,0,0,0,0,0
5740,M20599,1,302.2,311.7,173.10175521279757,31.4,2,0,0,0,0,0,0
5741,M20600,1,302.3,311.7,160.74482410867773,38.3,5,0,0,0,0,0,0
5742,M20601,1,302.3,311.7,155.29939684245542,40.5,8,0,0,0,0,0,0
5743,L52922,0,302.3,311.7,148.0737337391989,47.0,11,0,0,0,0,0,0
5744,M20603,1,302.2,311.6,144.40854231001083,42.9,13,0,0,0,0,0,0
5745,H35158,2,302.2,311.5,155.19467708733578,42.6,16,0,0,0,0,0,0
5746,L52925,0,302.1,311.5,208.07815342276396,20.1,21,0,0,0,0,0,0
5747,M20606,1,302.1,311.5,171.2167996206437,31.6,23,0,0,0,0,0,0
5748,L52927,0,302.1,311.5,160.5353845984384,39.4,26,0,0,0,0,0,0
5749,M20608,1,302.2,311.7,165.0383340685838,34.0,28,0,0,0,0,0,0
5750,H35163,2,302.2,311.8,139.2772743091475,62.4,31,0,0,0,0,0,0
5751,L52930,0,302.2,311.8,207.449834892046,21.8,36,0,0,0,0,0,0
5752,H35165,2,302.3,311.8,154.46163880149817,42.8,38,0,0,0,0,0,0
5753,H35166,2,302.3,311.8,188.91443823586624,25.0,43,0,0,0,0,0,0
5754,L52933,0,302.2,311.6,148.28317324943825,54.1,48,0,0,0,0,0,0
5755,L52934,0,302.1,311.5,180.85101709165244,27.7,50,0,0,0,0,0,0
5756,L52935,0,302.1,311.4,145.66517937144675,49.2,52,0,0,0,0,0,0
5757,M20616,1,302.0,311.5,143.04718549345526,52.3,54,0,0,0,0,0,0
5758,L52937,0,301.9,311.3,143.04718549345526,55.6,57,0,0,0,0,0,0
5759,L52938,0,301.9,311.3,157.1843524346093,40.8,59,0,0,0,0,0,0
5760,L52939,0,301.8,311.3,162.42034019059233,35.8,61,0,0,0,0,0,0
5761,M20620,1,301.9,311.3,159.38346729212216,35.6,63,0,0,0,0,0,0
5762,L52941,0,301.9,311.2,143.36134475881423,49.8,66,0,0,0,0,0,0
5763,L52942,0,301.8,311.2,139.69615332962613,52.3,68,0,0,0,0,0,0
5764,H35177,2,301.8,311.2,151.94836467862632,39.4,70,0,0,0,0,0,0
5765,L52944,0,301.7,311.2,166.3996908851394,37.9,75,0,0,0,0,0,0
5766,L52945,0,301.7,311.3,178.8613417443789,30.5,77,0,0,0,0,0,0
5767,M20626,1,301.7,311.2,147.96901398407925,42.6,79,0,0,0,0,0,0
5768,M20627,1,301.6,311.2,148.17845349431857,46.5,82,0,0,0,0,0,0
5769,L52948,0,301.7,311.3,148.80677202503654,45.9,85,0,0,0,0,0,0
5770,L52949,0,301.7,311.3,141.16222990130137,51.0,87,0,0,0,0,0,0
5771,L52950,0,301.6,311.2,147.44541520848094,42.9,89,0,0,0,0,0,0
5772,L52951,0,301.6,311.2,159.69762655748116,43.7,91,0,0,0,0,0,0
5773,L52952,0,301.6,311.3,178.65190223413956,29.9,93,0,0,0,0,0,0
5774,H35187,2,301.6,311.2,146.08405839192537,46.8,95,0,0,0,0,0,0
5775,L52954,0,301.5,311.1,167.76104770169496,34.3,100,0,0,0,0,0,0
5776,L52955,0,301.6,311.1,199.70057301319116,21.5,102,0,0,0,0,0,0
5777,L52956,0,301.6,311.1,138.7536755335492,49.2,104,0,0,0,0,0,0
5778,L52957,0,301.6,311.1,147.44541520848094,44.4,106,0,0,0,0,0,0
5779,M20638,1,301.7,311.1,155.92771537317338,41.4,108,0,0,0,0,0,0
5780,L52959,0,301.6,311.1,175.92918860102841,29.2,111,0,0,0,0,0,0
5781,L52960,0,301.7,311.2,158.85986851652387,42.4,113,0,0,0,0,0,0
5782,M20641,1,301.7,311.1,169.4365637836095,36.7,115,0,0,0,0,0,0
5783,L52962,0,301.7,311.1,152.36724369910496,39.8,118,0,0,0,0,0,0
5784,H35197,2,301.8,311.1,161.58258214963502,36.4,120,0,0,0,0,0,0
5785,M20644,1,301.8,311.1,146.50293741240404,41.8,125,0,0,0,0,0,0
5786,L52965,0,301.7,311.1,153.83332027078018,37.2,128,0,0,0,0,0,0
5787,L52966,0,301.7,311.2,159.2787475370025,36.7,130,0,0,0,0,0,0
5788,L52967,0,301.7,311.3,165.87609210954108,38.8,132,0,0,0,0,0,0
5789,L52968,0,301.8,311.5,151.11060663766906,43.3,134,0,0,0,0,0,0
5790,M20649,1,301.8,311.5,148.28317324943825,49.0,136,0,0,0,0,0,0
5791,M20650,1,301.7,311.2,163.67697725202822,34.5,139,0,0,0,0,0,0
5792,M20651,1,301.8,311.3,161.47786239451537,40.1,142,0,0,0,0,0,0
5793,M20652,1,301.8,311.3,170.06488231432746,31.6,145,0,0,0,0,0,0
5794,L52973,0,301.8,311.3,154.04275978101953,44.2,148,0,0,0,0,0,0
5795,M20654,1,301.9,311.5,156.24187463853238,40.8,150,0,0,0,0,0,0
5796,M20655,1,301.9,311.4,153.41444125030156,39.9,153,0,0,0,0,0,0
5797,L52976,0,301.7,311.1,146.50293741240404,55.1,156,0,0,0,0,0,0
5798,L52977,0,301.6,311.0,149.8539695762331,42.6,158,0,0,0,0,0,0
5799,L52978,0,301.5,310.9,167.55160819145564,39.0,160,0,0,0,0,0,0
5800,L52979,0,301.5,310.8,166.818569905618,34.5,162,0,0,0,0,0,0
5801,L52980,0,301.5,310.9,153.83332027078018,44.7,164,0,0,0,0,0,0
5802,L52981,0,301.5,310.8,147.96901398407925,44.6,166,0,0,0,0,0,0
5803,L52982,0,301.4,310.8,156.03243512829306,38.0,168,0,0,0,0,0,0
5804,L52983,0,301.5,310.9,174.98671080495149,31.1,170,0,0,0,0,0,0
5805,L52984,0,301.5,310.9,142.94246573833559,46.5,172,0,0,0,0,0,0
5806,M20665,1,301.4,310.9,163.04865872131026,39.3,174,0,0,0,0,0,0
5807,L52986,0,301.4,310.9,150.79644737231007,45.4,177,0,0,0,0,0,0
5808,M20667,1,301.4,310.9,155.92771537317338,38.9,179,0,0,0,0,0,0
5809,L52988,0,301.4,311.0,181.47933562237037,25.7,182,0,0,0,0,0,0
5810,H35223,2,301.3,311.0,165.45721308906244,36.6,184,0,0,0,0,0,0
5811,L52990,0,301.3,311.0,194.35986550208855,21.9,189,0,0,0,0,0,0
5812,L52991,0,301.3,311.1,152.26252394398531,40.3,191,0,0,0,0,0,0
5813,L52992,0,301.4,311.1,156.55603390389135,36.3,193,0,0,0,0,0,0
5814,L52993,0,301.2,311.0,184.41148876572083,29.1,195,0,0,0,0,0,0
5815,M20674,1,301.3,311.0,146.817096677763,47.5,197,0,0,0,0,0,0
5816,L52995,0,301.2,311.0,174.8819910498318,33.0,200,0,0,0,0,0,0
5817,L52996,0,301.3,311.0,165.66665259930176,35.6,202,0,0,0,0,0,0
5818,L52997,0,301.3,311.0,161.47786239451537,35.1,204,0,0,0,0,0,0
5819,L52998,0,301.3,311.0,161.16370312915637,36.9,206,0,0,0,0,0,0
5820,L52999,0,301.3,311.0,148.49261275967757,41.9,208,0,0,0,0,0,0
5821,L53000,0,301.3,311.1,180.43213807117377,27.6,210,0,0,0,0,0,0
5822,L53001,0,301.3,311.1,136.44984092091667,49.2,212,0,0,0,0,0,0
5823,M20682,1,301.3,311.0,153.20500174006224,50.2,214,0,0,0,0,0,0
5824,L53003,0,301.2,311.0,161.6873019047547,39.3,217,0,0,0,0,0,0
5825,L53004,0,301.2,311.0,167.13272917097697,37.2,219,0,0,0,0,0,0
5826,L53005,0,301.3,311.1,147.96901398407925,42.0,221,0,0,0,0,0,0
5827,M20686,1,301.3,311.1,156.24187463853238,41.2,223,0,0,0,0,0,0
5828,L53007,0,301.3,311.1,170.06488231432746,40.9,0,0,0,0,0,0,0
5829,L53008,0,301.3,311.1,157.4985116999683,39.1,2,0,0,0,0,0,0
5830,M20689,1,301.2,311.1,164.82889455834447,34.3,4,0,0,0,0,0,0
5831,M20690,1,301.3,311.2,150.58700786207075,42.4,7,0,0,0,0,0,0
5832,L53011,0,301.3,311.3,154.35691904637852,50.7,10,0,0,0,0,0,0
5833,L53012,0,301.3,311.2,175.40558982543013,32.1,12,0,0,0,0,0,0
5834,L53013,0,301.3,311.2,152.57668320934428,44.5,14,0,0,0,0,0,0
5835,L53014,0,301.3,311.3,150.1681288415921,49.8,16,0,0,0,0,0,0
5836,L53015,0,301.3,311.2,174.6725515395925,30.1,18,0,0,0,0,0,0
5837,L53016,0,301.2,311.1,162.31562043547265,39.7,20,0,0,0,0,0,0
5838,M20697,1,301.3,311.1,192.05603088945603,25.4,22,0,0,0,0,0,0
5839,M20698,1,301.4,311.2,154.5663585566178,36.5,25,0,0,0,0,0,0
5840,M20699,1,301.4,311.2,161.3731426393957,36.3,28,0,0,0,0,0,0
5841,M20700,1,301.3,311.1,165.5619328441821,30.9,31,0,0,0,0,0,0
5842,M20701,1,301.3,311.1,175.7197490907891,30.7,34,0,0,0,0,0,0
5843,L53022,0,301.4,311.2,141.89526818713898,50.6,37,0,0,0,0,0,0
5844,L53023,0,301.5,311.2,178.0235837034216,28.8,39,0,0,0,0,0,0
5845,L53024,0,301.4,311.1,153.1002819849426,37.1,41,0,0,0,0,0,0
5846,M20705,1,301.4,311.2,180.85101709165244,26.5,43,0,0,0,0,0,0
5847,L53026,0,301.4,311.3,175.30087007031045,33.3,46,0,0,0,0,0,0
5848,L53027,0,301.4,311.3,146.2934979021647,42.3,48,0,0,0,0,0,0
5849,L53028,0,301.4,311.3,243.26399114296964,15.9,50,0,0,0,0,0,0
5850,M20709,1,301.4,311.2,150.1681288415921,47.6,52,0,0,0,0,0,0
5851,L53030,0,301.3,311.1,163.36281798666923,35.3,55,0,0,0,0,0,0
5852,L53031,0,301.2,311.0,164.72417480322483,32.8,57,0,0,0,0,0,0
5853,H35266,2,301.2,310.9,188.28611970514828,22.3,59,0,0,0,0,0,0
5854,L53033,0,301.2,311.0,164.09585627250686,35.1,64,0,0,0,0,0,0
5855,L53034,0,301.2,310.9,148.28317324943825,53.3,66,0,0,0,0,0,0
5856,M20715,1,301.2,310.9,149.12093129039553,45.2,68,0,0,0,0,0,0
5857,H35270,2,301.2,310.9,167.3421686812163,35.9,71,0,0,0,0,0,0
5858,L53037,0,301.3,310.9,184.30676901060122,23.9,76,0,0,0,0,0,0
5859,L53038,0,301.3,311.0,141.16222990130137,44.5,78,0,0,0,0,0,0
5860,L53039,0,301.3,311.0,161.47786239451537,33.6,80,0,0,0,0,0,0
5861,L53040,0,301.3,310.9,163.9911365173872,33.1,82,0,0,0,0,0,0
5862,L53041,0,301.3,311.0,162.73449945595127,47.7,84,0,0,0,0,0,0
5863,L53042,0,301.4,311.0,153.93804002589985,40.6,86,0,0,0,0,0,0
5864,M20723,1,301.4,311.1,184.09732950036187,25.4,88,0,0,0,0,0,0
5865,M20724,1,301.4,311.0,155.61355610781442,36.5,91,0,0,0,0,0,0
5866,M20725,1,301.5,311.1,146.817096677763,40.0,94,0,0,0,0,0,0
5867,L53046,0,301.5,311.1,152.7861227195836,45.1,97,0,0,0,0,0,0
5868,L53047,0,301.5,311.0,156.4513141487717,45.3,99,0,0,0,0,0,0
5869,L53048,0,301.5,311.1,181.26989611213105,27.9,101,0,0,0,0,0,0
5870,L53049,0,301.5,311.1,217.3982116284137,18.7,103,0,0,0,0,0,0
5871,L53050,0,301.5,311.1,215.1990967709008,16.8,105,0,0,0,0,0,0
5872,L53051,0,301.5,311.1,153.83332027078018,49.5,107,0,0,0,0,0,0
5873,M20732,1,301.5,311.0,157.4985116999683,42.6,109,0,0,0,0,0,0
5874,M20733,1,301.5,311.1,146.18877814704504,43.5,112,0,0,0,0,0,0
5875,M20734,1,301.5,311.1,173.8347934986352,33.8,115,0,0,0,0,0,0
5876,M20735,1,301.5,311.0,165.14305382370344,39.7,118,0,0,0,0,0,0
5877,L53056,0,301.5,311.1,149.33037080063482,52.1,121,0,0,0,0,0,0
5878,L53057,0,301.5,311.1,152.68140296446393,41.4,123,0,0,0,0,0,0
5879,L53058,0,301.4,311.0,160.5353845984384,45.8,125,0,0,0,0,0,0
5880,L53059,0,301.4,311.0,178.12830345854127,28.4,127,0,0,0,0,0,0
5881,L53060,0,301.5,311.1,150.1681288415921,49.6,129,0,0,0,0,0,0
5882,L53061,0,301.4,311.1,204.41296199357586,22.7,131,0,0,0,0,0,0
5883,L53062,0,301.4,311.1,153.83332027078018,36.9,133,0,0,0,0,0,0
5884,L53063,0,301.4,311.1,188.49555921538757,26.0,135,0,0,0,0,0,0
5885,M20744,1,301.3,311.1,150.58700786207075,43.0,137,0,0,0,0,0,0
5886,L53065,0,301.3,311.1,172.47343668207964,28.2,140,0,0,0,0,0,0
5887,L53066,0,301.4,311.1,156.4513141487717,41.9,142,0,0,0,0,0,0
5888,H35301,2,301.4,311.1,151.32004614790836,41.4,144,0,0,0,0,0,0
5889,M20748,1,301.5,311.1,157.8126709653273,38.6,149,0,0,0,0,0,0
5890,M20749,1,301.4,311.0,129.22417781766015,55.8,152,0,0,0,0,0,0
5891,L53070,0,301.4,311.0,171.11207986552404,32.6,155,0,0,0,0,0,0
5892,L53071,0,301.4,311.0,139.69615332962613,53.3,157,0,0,0,0,0,0
5893,L53072,0,301.4,311.1,154.14747953613917,44.5,159,0,0,0,0,0,0
5894,M20753,1,301.3,311.0,147.6548547187203,52.7,161,0,0,0,0,0,0
5895,L53074,0,301.2,310.9,167.23744892609665,37.9,164,0,0,0,0,0,0
5896,M20755,1,301.2,310.9,152.89084247470328,46.7,166,0,0,0,0,0,0
5897,L53076,0,301.1,310.8,133.41296802244653,55.7,169,0,0,0,0,0,0
5898,M20757,1,301.0,310.7,158.85986851652387,40.2,171,0,0,0,0,0,0
5899,L53078,0,301.0,310.7,136.1356816555577,57.2,174,0,0,0,0,0,0
5900,H35313,2,300.9,310.6,176.55750713174638,27.7,176,0,0,0,0,0,0
5901,M20760,1,300.9,310.7,155.50883635269477,41.0,181,0,0,0,0,0,0
5902,L53081,0,301.0,310.7,153.3097214951819,45.8,184,0,0,0,0,0,0
5903,L53082,0,300.9,310.6,167.3421686812163,35.4,186,0,0,0,0,0,0
5904,L53083,0,300.9,310.5,198.33921619663562,21.9,188,0,0,0,0,0,0
5905,M20764,1,300.8,310.5,139.2772743091475,59.0,190,0,0,0,0,0,0
5906,H35319,2,300.8,310.5,165.66665259930176,31.1,193,0,0,0,0,0,0
5907,L53086,0,300.7,310.3,160.5353845984384,35.6,198,0,0,0,0,0,0
5908,H35321,2,300.8,310.4,148.59733251479722,46.4,200,0,0,0,0,0,0
5909,M20768,1,300.8,310.3,159.80234631260083,36.3,205,0,0,0,0,0,0
5910,H35323,2,300.7,310.2,142.8377459832159,65.3,208,1,1,0,1,1,0
5911,M20770,1,300.8,310.3,152.68140296446393,43.4,0,0,0,0,0,0,0
5912,M20771,1,300.8,310.4,134.87904459412178,64.0,3,0,0,0,0,0,0
5913,M20772,1,300.7,310.3,173.73007374351556,29.8,6,0,0,0,0,0,0
5914,H35327,2,300.7,310.2,154.8805178219768,52.3,9,0,0,0,0,0,0
5915,L53094,0,300.7,310.3,166.71385015049836,36.0,14,0,0,0,0,0,0
5916,M20775,1,300.6,310.2,160.43066484331877,38.7,16,0,0,0,0,0,0
5917,L53096,0,300.6,310.2,162.83921921107094,41.9,19,0,0,0,0,0,0
5918,L53097,0,300.6,310.2,140.42919161546376,52.6,21,0,0,0,0,0,0
5919,L53098,0,300.6,310.1,161.3731426393957,42.0,23,0,0,0,0,0,0
5920,L53099,0,300.6,310.3,148.0737337391989,50.6,25,0,0,0,0,0,0
5921,L53100,0,300.5,310.2,184.72564803107983,25.9,27,0,0,0,0,0,0
5922,L53101,0,300.5,310.3,139.90559283986545,57.1,29,0,0,0,0,0,0
5923,L53102,0,300.5,310.3,150.27284859671178,43.3,31,0,0,0,0,0,0
5924,M20783,1,300.4,310.3,160.95426361891708,35.0,33,0,0,0,0,0,0
5925,L53104,0,300.3,310.2,143.36134475881423,48.8,36,0,0,0,0,0,0
5926,M20785,1,300.2,310.1,169.54128353872918,31.3,38,0,0,0,0,0,0
5927,L53106,0,300.2,310.1,150.79644737231007,51.1,41,0,0,0,0,0,0
5928,L53107,0,300.2,310.1,172.68287619231896,30.5,43,0,0,0,0,0,0
5929,M20788,1,300.2,310.1,162.31562043547265,38.7,45,0,0,0,0,0,0
5930,L53109,0,300.3,310.2,154.04275978101953,45.2,48,0,0,0,0,0,0
5931,L53110,0,300.3,310.3,155.29939684245542,51.6,50,0,0,0,0,0,0
5932,L53111,0,300.3,310.4,139.90559283986545,54.4,52,0,0,0,0,0,0
5933,L53112,0,300.5,310.5,158.65042900628455,36.6,54,0,0,0,0,0,0
5934,L53113,0,300.5,310.5,143.78022377929287,47.4,56,0,0,0,0,0,0
5935,H35348,2,300.6,310.5,152.26252394398531,51.2,58,0,0,0,0,0,0
5936,L53115,0,300.5,310.5,172.36871692696,34.5,63,0,0,0,0,0,0
5937,M20796,1,300.5,310.4,162.10618092523333,37.3,65,0,0,0,0,0,0
5938,M20797,1,300.6,310.5,153.1002819849426,41.3,68,0,0,0,0,0,0
5939,L53118,0,300.5,310.4,178.23302321366094,33.1,71,0,0,0,0,0,0
5940,L53119,0,300.5,310.5,147.5501349636006,60.9,73,0,0,0,0,0,0
5941,M20800,1,300.6,310.6,149.4350905557545,52.8,75,0,0,0,0,0,0
5943,L53122,0,300.7,310.7,151.84364492350664,43.4,80,0,0,0,0,0,0
5944,L53123,0,300.7,310.7,161.3731426393957,41.3,82,0,0,0,0,0,0
5945,M20804,1,300.7,310.6,155.4041165975751,38.0,84,0,0,0,0,0,0
5946,M20805,1,300.8,310.8,148.17845349431857,44.5,87,0,0,0,0,0,0
5947,L53126,0,300.7,310.8,156.66075365901102,46.4,90,0,0,0,0,0,0
5948,M20807,1,300.7,310.8,153.41444125030156,45.2,92,0,0,0,0,0,0
5949,L53128,0,300.7,310.8,221.27284256784108,18.5,95,0,0,0,0,0,0
5950,M20809,1,300.7,310.8,157.70795121020763,44.0,97,0,0,0,0,0,0
5951,L53130,0,300.7,310.8,176.87166639710534,28.9,100,0,0,0,0,0,0
5952,L53131,0,300.7,310.9,172.78759594743863,29.4,102,0,0,0,0,0,0
5953,L53132,0,300.7,310.8,163.67697725202822,33.8,104,0,0,0,0,0,0
5954,M20813,1,300.7,310.9,155.61355610781442,38.9,106,0,0,0,0,0,0
5955,L53134,0,300.8,310.9,181.37461586725072,25.7,109,0,0,0,0,0,0
5956,L53135,0,300.7,310.8,173.10175521279757,31.6,111,0,0,0,0,0,0
5957,L53136,0,300.7,310.9,160.74482410867773,37.1,113,0,0,0,0,0,0
5958,L53137,0,300.7,310.9,171.42623913088303,37.2,115,0,0,0,0,0,0
5959,L53138,0,300.6,310.8,160.5353845984384,38.5,117,0,0,0,0,0,0
5960,L53139,0,300.6,310.8,144.30382255489116,51.2,119,0,0,0,0,0,0
5961,L53140,0,300.5,310.7,168.1799267221736,33.5,121,0,0,0,0,0,0
5962,L53141,0,300.3,310.7,161.16370312915637,32.3,123,0,0,0,0,0,0
5963,L53142,0,300.5,310.8,180.95573684677208,26.3,125,0,0,0,0,0,0
5964,H35377,2,300.4,310.7,173.41591447815657,36.3,127,0,0,0,0,0,0
5965,H35378,2,300.5,310.8,170.79792060016507,30.5,132,0,0,0,0,0,0
5966,H35379,2,300.5,310.9,151.52948565814768,46.5,137,0,0,0,0,0,0
5967,L53146,0,300.4,310.8,146.18877814704504,49.3,142,0,0,0,0,0,0
5968,L53147,0,300.4,310.8,145.56045961632708,52.5,144,0,0,0,0,0,0
5969,L53148,0,300.4,310.8,141.16222990130137,56.0,146,0,0,0,0,0,0
5970,M20829,1,300.4,310.8,156.1371548834127,35.9,148,0,0,0,0,0,0
5971,L53150,0,300.4,310.8,159.17402778188284,37.6,151,0,0,0,0,0,0
5972,L53151,0,300.5,310.8,158.0221104755666,33.0,153,0,0,0,0,0,0
5973,L53152,0,300.5,310.8,151.32004614790836,46.6,155,0,0,0,0,0,0
5974,L53153,0,300.5,310.8,141.79054843201934,51.8,157,0,0,0,0,0,0
5975,L53154,0,300.5,310.7,155.8229956180537,39.4,159,0,0,0,0,0,0
5976,H35389,2,300.5,310.7,173.20647496791725,28.6,161,0,0,0,0,0,0
5977,H35390,2,300.5,310.6,144.30382255489116,51.5,166,0,0,0,0,0,0
5978,L53157,0,300.6,310.7,183.25957145940458,30.6,171,0,0,0,0,0,0
5979,L53158,0,300.5,310.6,151.63420541326735,46.3,173,0,0,0,0,0,0
5980,H35393,2,300.6,310.7,157.1843524346093,45.3,175,0,0,0,0,0,0
5981,M20840,1,300.6,310.7,173.20647496791725,32.0,180,0,0,0,0,0,0
5982,M20841,1,300.7,310.7,141.05751014618173,46.5,183,0,0,0,0,0,0
5983,L53162,0,300.7,310.8,155.61355610781442,37.1,186,0,0,0,0,0,0
5984,H35397,2,300.8,310.8,153.5191610054212,45.2,188,0,0,0,0,0,0
5985,H35398,2,300.7,310.8,140.95279039106205,52.0,193,0,0,0,0,0,0
5986,L53165,0,300.7,310.7,137.60175822723295,42.4,198,0,0,0,0,0,0
5987,L53166,0,300.6,310.7,150.79644737231007,52.5,200,0,0,0,0,0,0
5988,L53167,0,300.7,310.8,168.38936623241293,39.5,202,0,0,0,0,0,0
5989,H35402,2,300.7,310.8,135.71680263507906,58.2,204,0,0,0,0,0,0
5990,L53169,0,300.7,310.7,157.8126709653273,46.1,209,0,0,0,0,0,0
5991,M20850,1,300.7,310.7,140.63863112570306,51.6,211,0,0,0,0,0,0
5992,L53171,0,300.7,310.7,148.28317324943825,40.4,214,0,0,0,0,0,0
5993,L53172,0,300.7,310.6,134.87904459412178,47.2,216,0,0,0,0,0,0
5994,M20853,1,300.7,310.6,147.3406954533613,42.4,218,0,0,0,0,0,0
5995,L53174,0,300.6,310.4,168.38936623241293,39.2,221,0,0,0,0,0,0
5996,L53175,0,300.6,310.3,201.06192982974673,22.3,223,0,0,0,0,0,0
5997,M20856,1,300.5,310.2,145.14158059584844,48.2,225,0,0,0,0,0,0
5998,M20857,1,300.5,310.2,164.51473529298548,34.6,228,0,0,0,0,0,0
5999,M20858,1,300.4,310.2,168.9129650080112,36.9,231,0,0,0,0,0,0
6000,M20859,1,300.4,310.2,174.98671080495149,30.5,234,1,1,0,0,0,0
6001,H35414,2,300.4,310.2,149.8539695762331,43.2,0,0,0,0,0,0,0
6002,M20861,1,300.4,310.2,144.5132620651305,47.3,5,0,0,0,0,0,0
6003,L53182,0,300.5,310.3,176.2433478663874,31.5,8,0,0,0,0,0,0
6004,L53183,0,300.4,310.2,160.1165055779598,36.2,10,0,0,0,0,0,0
6005,L53184,0,300.5,310.4,184.41148876572083,26.5,12,0,0,0,0,0,0
6006,L53185,0,300.6,310.5,164.41001553786586,38.3,14,0,0,0,0,0,0
6007,M20866,1,300.6,310.5,225.77579203798646,18.0,16,0,0,0,0,0,0
6008,M20867,1,300.7,310.6,141.26694965642102,54.5,19,0,0,0,0,0,0
6009,L53188,0,300.7,310.7,149.8539695762331,39.3,22,0,0,0,0,0,0
6010,L53189,0,300.6,310.6,202.21384713606304,22.0,24,0,0,0,0,0,0
6011,H35424,2,300.7,310.7,149.53981031087415,43.4,26,0,0,0,0,0,0
6012,L53191,0,300.8,310.8,163.7816970071479,36.2,31,0,0,0,0,0,0
6013,H35426,2,300.8,310.9,149.22565104551515,44.0,33,0,0,0,0,0,0
6014,L53193,0,300.7,310.8,167.23744892609665,30.5,38,0,0,0,0,0,0
6015,H35428,2,300.8,310.8,169.4365637836095,32.8,40,0,0,0,0,0,0
6016,M20875,1,300.8,310.8,159.17402778188284,38.0,45,0,0,0,0,0,0
6017,L53196,0,300.7,310.7,149.22565104551515,45.3,48,0,0,0,0,0,0
6018,L53197,0,300.8,310.9,146.39821765728436,38.2,50,0,0,0,0,0,0
6019,M20878,1,300.8,310.9,163.04865872131026,31.6,52,0,0,0,0,0,0
6020,L53199,0,300.7,310.8,159.0693080267632,43.9,55,0,0,0,0,0,0
6021,L53200,0,300.7,310.8,169.54128353872918,34.9,57,0,0,0,0,0,0
6022,L53201,0,300.7,310.8,189.96163578706282,21.4,59,0,0,0,0,0,0
6023,L53202,0,300.7,310.9,159.2787475370025,39.4,61,0,0,0,0,0,0
6024,M20883,1,300.7,310.9,143.36134475881423,51.2,63,0,0,0,0,0,0
6025,L53204,0,300.7,310.9,141.99998794225863,65.3,66,1,0,0,1,0,0
6026,L53205,0,300.7,311.0,139.90559283986545,53.3,68,0,0,0,0,0,0
6027,L53206,0,300.7,311.0,146.92181643288265,48.3,70,0,0,0,0,0,0
6028,M20887,1,300.7,311.0,147.96901398407925,44.3,72,0,0,0,0,0,0
6029,L53208,0,300.6,310.9,154.14747953613917,47.6,75,0,0,0,0,0,0
6030,M20889,1,300.7,310.8,152.053084433746,47.9,77,0,0,0,0,0,0
6031,L53210,0,300.6,310.7,146.2934979021647,53.7,80,0,0,0,0,0,0
6032,L53211,0,300.6,310.7,152.36724369910496,40.6,82,0,0,0,0,0,0
6033,L53212,0,300.7,310.8,183.67845047988325,27.7,84,0,0,0,0,0,0
6034,L53213,0,300.6,310.9,154.04275978101953,37.9,86,0,0,0,0,0,0
6035,M20894,1,300.6,310.8,145.4557398612074,48.1,88,0,0,0,0,0,0
6036,M20895,1,300.6,310.9,178.23302321366094,30.3,91,0,0,0,0,0,0
6037,M20896,1,300.6,311.0,146.71237692264333,54.6,94,0,0,0,0,0,0
6038,L53217,0,300.7,311.1,149.33037080063482,46.2,97,0,0,0,0,0,0
6039,L53218,0,300.7,311.0,156.66075365901102,38.3,99,0,0,0,0,0,0
6040,L53219,0,300.6,310.9,150.06340908647243,42.6,101,0,0,0,0,0,0
6041,M20900,1,300.7,311.1,150.58700786207075,46.6,103,0,0,0,0,0,0
6042,M20901,1,300.7,311.0,148.49261275967757,49.3,106,0,0,0,0,0,0
6043,M20902,1,300.8,311.0,165.45721308906244,36.6,109,0,0,0,0,0,0
6044,M20903,1,300.7,310.9,153.72860051566056,41.8,112,0,0,0,0,0,0
6045,M20904,1,300.8,310.9,159.38346729212216,41.7,115,0,0,0,0,0,0
6046,L53225,0,300.8,310.9,137.28759896187395,55.8,118,0,0,0,0,0,0
6047,L53226,0,300.9,311.0,137.81119773747227,56.5,120,0,0,0,0,0,0
6048,H35461,2,300.9,311.0,194.04570623672956,23.6,122,0,0,0,0,0,0
6049,M20908,1,300.9,311.0,162.94393896619061,38.8,127,0,0,0,0,0,0
6050,M20909,1,300.9,311.0,164.09585627250686,34.3,130,0,0,0,0,0,0
6051,M20910,1,300.9,311.1,161.89674141499398,37.7,133,0,0,0,0,0,0
6052,L53231,0,300.9,311.0,144.7227015753698,51.2,136,0,0,0,0,0,0
6053,L53232,0,300.9,311.0,209.7536695046785,20.2,138,0,0,0,0,0,0
6054,L53233,0,300.8,310.9,183.0501319491653,29.9,140,0,0,0,0,0,0
6055,H35468,2,300.7,310.8,158.96458827164355,40.1,142,0,0,0,0,0,0
6056,L53235,0,300.7,310.8,154.46163880149817,42.0,147,0,0,0,0,0,0
6057,L53236,0,300.8,310.8,171.11207986552404,29.2,149,0,0,0,0,0,0
6058,L53237,0,300.8,310.8,176.87166639710534,32.9,151,0,0,0,0,0,0
6059,M20918,1,300.9,310.9,171.3215193757634,35.3,153,0,0,0,0,0,0
6060,L53239,0,300.9,311.0,234.0486526924396,15.8,156,0,0,0,0,0,0
6061,L53240,0,301.0,311.1,169.1224045182505,35.6,158,0,0,0,0,0,0
6062,H35475,2,301.1,311.1,169.4365637836095,29.5,160,0,0,0,0,0,0
6063,M20922,1,301.1,311.2,147.3406954533613,53.0,165,0,0,0,0,0,0
6064,L53243,0,301.1,311.1,151.84364492350664,43.3,168,0,0,0,0,0,0
6065,L53244,0,301.1,311.1,197.8156174210373,23.8,170,0,0,0,0,0,0
6066,L53245,0,301.0,310.9,164.2005760276265,38.2,172,0,0,0,0,0,0
6067,L53246,0,301.0,311.0,188.91443823586624,25.8,174,0,0,0,0,0,0
6068,L53247,0,301.0,311.0,165.66665259930176,37.5,176,0,0,0,0,0,0
6069,M20928,1,301.0,310.9,214.36133872994353,17.9,178,0,0,0,0,0,0
6070,L53249,0,300.9,310.9,167.6563279465753,34.0,181,0,0,0,0,0,0
6071,L53250,0,300.9,310.9,169.1224045182505,32.0,183,0,0,0,0,0,0
6072,M20931,1,300.9,310.8,152.053084433746,43.6,185,0,0,0,0,0,0
6073,M20932,1,300.9,310.8,177.4999849278233,30.2,188,0,0,0,0,0,0
6074,M20933,1,300.9,310.8,187.448361664191,26.2,191,0,0,0,0,0,0
6075,M20934,1,301.0,310.8,160.5353845984384,39.3,194,0,0,0,0,0,0
6076,L53255,0,301.0,310.9,189.85691603194314,28.5,197,0,0,0,0,0,0
6077,L53256,0,301.0,310.9,156.24187463853238,36.7,199,0,0,0,0,0,0
6078,L53257,0,300.9,310.7,154.8805178219768,43.3,201,0,0,0,0,0,0
6079,L53258,0,300.8,310.7,140.21975210522444,59.1,203,1,0,0,0,1,0
6080,M20939,1,300.8,310.7,143.57078426905355,44.7,205,0,0,0,0,0,0
6081,L53260,0,300.9,310.7,153.72860051566056,36.2,208,0,0,0,0,0,0
6082,L53261,0,300.9,310.7,158.85986851652387,41.7,210,0,0,0,0,0,0
6083,L53262,0,300.9,310.7,141.58110892178001,46.4,212,0,0,0,0,0,0
6084,L53263,0,300.9,310.7,145.4557398612074,50.0,214,0,0,0,0,0,0
6085,M20944,1,300.8,310.6,157.60323145508795,36.2,0,0,0,0,0,0,0
6086,L53265,0,300.9,310.6,161.05898337403673,36.7,3,0,0,0,0,0,0
6087,L53266,0,300.9,310.8,155.19467708733578,37.0,5,0,0,0,0,0,0
6088,M20947,1,300.9,310.8,167.44688843633597,33.0,7,0,0,0,0,0,0
6089,L53268,0,300.9,310.8,154.5663585566178,39.0,10,0,0,0,0,0,0
6090,L53269,0,300.9,310.7,158.0221104755666,37.5,12,0,0,0,0,0,0
6091,L53270,0,300.9,310.8,178.8613417443789,29.1,14,0,0,0,0,0,0
6093,L53272,0,300.9,310.7,173.62535398839591,28.5,18,0,0,0,0,0,0
6094,L53273,0,301.0,310.8,143.98966328953216,57.2,20,0,0,0,0,0,0
6095,M20954,1,300.9,310.8,146.817096677763,48.1,22,0,0,0,0,0,0
6096,M20955,1,300.9,310.7,152.053084433746,47.3,25,0,0,0,0,0,0
6097,M20956,1,300.8,310.7,155.29939684245542,40.8,28,0,0,0,0,0,0
6098,H35511,2,300.9,310.8,154.67107831173746,38.4,31,0,0,0,0,0,0
6099,M20958,1,300.8,310.7,201.4808088502254,22.4,36,0,0,0,0,0,0
6100,H35513,2,300.9,310.7,168.49408598753254,28.7,39,0,0,0,0,0,0
6101,M20960,1,300.8,310.7,197.50145815567834,21.1,44,0,0,0,0,0,0
6102,L53281,0,300.7,310.6,169.22712427337018,29.6,47,0,0,0,0,0,0
6103,L53282,0,300.7,310.7,151.0058868825494,43.2,49,0,0,0,0,0,0
6104,L53283,0,300.8,310.8,147.3406954533613,45.1,51,0,0,0,0,0,0
6105,M20964,1,300.8,310.8,152.99556222982292,41.3,53,0,0,0,0,0,0
6106,M20965,1,300.8,310.9,159.38346729212216,46.2,56,0,0,0,0,0,0
6107,L53286,0,300.9,311.0,149.9586893313528,48.1,59,0,0,0,0,0,0
6108,L53287,0,300.9,311.0,150.58700786207075,49.0,61,0,0,0,0,0,0
6109,M20968,1,300.8,310.9,175.7197490907891,28.1,63,0,0,0,0,0,0
6110,M20969,1,300.8,310.9,158.54570925116488,38.7,66,0,0,0,0,0,0
6111,L53290,0,300.7,310.8,160.6401043535581,41.3,69,0,0,0,0,0,0
6112,M20971,1,300.7,310.8,155.61355610781442,41.2,71,0,0,0,0,0,0
6113,L53292,0,300.7,310.8,201.58552860534508,22.0,74,0,0,0,0,0,0
6114,M20973,1,300.7,310.8,180.53685782629344,30.0,76,0,0,0,0,0,0
6115,M20974,1,300.8,310.8,162.21090068035298,35.5,79,0,0,0,0,0,0
6116,L53295,0,300.8,310.9,152.57668320934428,47.7,82,0,0,0,0,0,0
6117,L53296,0,300.8,310.9,152.15780418886564,43.9,84,0,0,0,0,0,0
6118,L53297,0,300.8,311.0,165.24777357882311,44.4,86,0,0,0,0,0,0
6119,M20978,1,300.9,311.1,138.7536755335492,61.4,88,0,0,0,0,0,0
6120,L53299,0,300.9,311.1,154.04275978101953,39.3,91,0,0,0,0,0,0
6121,M20980,1,300.9,311.2,154.14747953613917,40.0,93,0,0,0,0,0,0
6122,L53301,0,300.9,311.1,152.57668320934428,37.4,96,0,0,0,0,0,0
6123,L53302,0,301.0,311.0,146.817096677763,55.3,98,0,0,0,0,0,0
6124,L53303,0,300.9,310.9,154.67107831173746,41.5,100,0,0,0,0,0,0
6125,M20984,1,300.9,310.9,180.85101709165244,30.1,102,0,0,0,0,0,0
6126,L53305,0,300.9,310.9,208.91591146372124,20.2,105,0,0,0,0,0,0
6127,L53306,0,300.9,310.9,143.46606451393387,52.5,107,0,0,0,0,0,0
6128,L53307,0,300.9,310.9,128.5958592869422,66.4,109,0,0,0,0,0,0
6129,L53308,0,300.9,311.0,156.97491292437,38.0,111,0,0,0,0,0,0
6130,M20989,1,301.0,311.0,157.91739072044692,46.9,113,0,0,0,0,0,0
6131,L53310,0,301.0,310.9,154.25219929125885,44.2,116,0,0,0,0,0,0
6132,H35545,2,301.0,311.0,171.74039839624203,37.6,118,0,0,0,0,0,0
6133,L53312,0,301.1,311.1,149.64453006599382,42.5,123,0,0,0,0,0,0
6134,L53313,0,301.1,311.1,153.93804002589985,40.9,125,0,0,0,0,0,0
6135,L53314,0,301.0,311.0,165.5619328441821,37.0,127,0,0,0,0,0,0
6136,L53315,0,301.0,310.9,182.212373908208,28.9,129,0,0,0,0,0,0
6137,H35550,2,300.9,310.8,145.56045961632708,40.6,131,0,0,0,0,0,0
6138,M20997,1,300.9,310.8,208.18287317788364,19.7,136,0,0,0,0,0,0
6139,M20998,1,300.8,310.7,152.053084433746,43.0,139,0,0,0,0,0,0
6140,L53319,0,300.8,310.7,166.0855316197804,33.4,142,0,0,0,0,0,0
6141,L53320,0,300.8,310.7,166.3996908851394,34.3,144,0,0,0,0,0,0
6142,L53321,0,300.8,310.8,155.61355610781442,45.7,146,0,0,0,0,0,0
6143,L53322,0,300.9,310.9,183.78317023500287,27.9,148,0,0,0,0,0,0
6144,M21003,1,301.0,310.9,164.93361431346415,34.6,150,0,0,0,0,0,0
6145,M21004,1,301.1,311.1,169.1224045182505,37.7,153,0,0,0,0,0,0
6146,M21005,1,301.1,311.1,150.37756835183143,41.8,156,0,0,0,0,0,0
6147,M21006,1,301.1,311.1,153.93804002589985,40.6,159,0,0,0,0,0,0
6148,M21007,1,301.1,311.1,218.75956844496926,19.8,162,0,0,0,0,0,0
6149,L53328,0,301.1,311.2,163.7816970071479,37.0,165,0,0,0,0,0,0
6150,M21009,1,301.0,311.1,148.70205226991686,47.4,167,0,0,0,0,0,0
6151,L53330,0,301.1,311.1,179.17550100973784,29.1,170,0,0,0,0,0,0
6152,L53331,0,301.1,311.2,162.83921921107094,35.3,172,0,0,0,0,0,0
6153,M21012,1,301.1,311.1,166.71385015049836,35.7,174,0,0,0,0,0,0
6154,L53333,0,301.0,311.1,129.43361732789947,64.4,177,1,0,0,0,1,0
6155,M21014,1,301.0,310.9,184.8303677861995,24.2,179,0,0,0,0,0,0
6156,L53335,0,301.0,311.0,171.11207986552404,31.2,182,0,0,0,0,0,0
6157,L53336,0,301.1,311.1,157.91739072044692,41.5,184,0,0,0,0,0,0
6158,L53337,0,301.1,311.2,185.77284558227643,29.6,186,0,0,0,0,0,0
6159,L53338,0,301.1,311.0,175.61502933566945,29.1,188,0,0,0,0,0,0
6160,L53339,0,301.0,311.0,146.50293741240404,58.0,190,1,0,0,0,1,0
6161,L53340,0,301.0,310.9,164.41001553786586,34.0,192,0,0,0,0,0,0
6162,L53341,0,301.0,310.9,154.8805178219768,44.3,194,0,0,0,0,0,0
6163,L53342,0,301.0,310.8,163.1533784764299,34.9,196,0,0,0,0,0,0
6164,L53343,0,300.8,310.7,142.20942745249798,48.1,198,0,0,0,0,0,0
6165,H35578,2,300.9,310.7,173.41591447815657,30.7,200,0,0,0,0,0,0
6166,L53345,0,300.9,310.7,159.48818704724184,35.8,205,0,0,0,0,0,0
6167,H35580,2,300.9,310.7,146.92181643288265,40.6,207,0,0,0,0,0,0
6168,M21027,1,300.9,310.7,142.6283064729766,51.6,212,0,0,0,0,0,0
6169,M21028,1,300.7,310.6,186.19172460275507,27.1,215,0,0,0,0,0,0
6170,L53349,0,300.7,310.5,151.63420541326735,38.2,218,0,0,0,0,0,0
6171,H35584,2,300.8,310.5,163.25809823154958,40.1,220,0,0,0,0,0,0
6172,L53351,0,300.8,310.6,148.28317324943825,42.2,225,0,0,0,0,0,0
6173,L53352,0,300.8,310.6,165.14305382370344,37.9,227,1,1,0,0,0,0
6174,L53353,0,300.8,310.7,171.00736011040442,27.8,0,0,0,0,0,0,0
6175,L53354,0,300.9,310.7,164.72417480322483,31.2,2,0,0,0,0,0,0
6176,L53355,0,300.9,310.8,158.85986851652387,44.3,4,0,0,0,0,0,0
6177,L53356,0,301.0,310.9,158.65042900628455,37.3,6,0,0,0,0,0,0
6178,L53357,0,301.0,310.8,159.90706606772045,45.3,8,0,0,0,0,0,0
6179,L53358,0,301.1,310.9,134.25072606340382,67.9,10,1,0,0,1,0,0
6180,M21039,1,301.1,310.9,146.18877814704504,45.1,12,0,0,0,0,0,0
6181,L53360,0,301.0,310.9,156.24187463853238,44.6,15,0,0,0,0,0,0
6182,L53361,0,301.0,310.8,206.82151636132807,19.7,17,0,0,0,0,0,0
6183,L53362,0,301.0,310.8,154.46163880149817,35.3,19,0,0,0,0,0,0
6184,H35597,2,301.0,310.9,156.55603390389135,37.3,21,0,0,0,0,0,0
6185,L53364,0,301.0,311.0,162.62977970083162,35.8,26,0,0,0,0,0,0
6186,L53365,0,301.1,311.0,200.85249031950744,21.7,28,0,0,0,0,0,0
6187,M21046,1,301.1,311.0,147.96901398407925,46.6,30,0,0,0,0,0,0
6188,L53367,0,301.0,311.0,150.4822881069511,56.0,33,0,0,0,0,0,0
6189,L53368,0,301.0,310.9,151.84364492350664,45.9,35,0,0,0,0,0,0
6190,M21049,1,301.0,310.9,200.01473227855016,21.9,37,0,0,0,0,0,0
6191,L53370,0,300.9,310.9,183.15485170428494,26.4,40,0,0,0,0,0,0
6192,H35605,2,301.0,310.9,200.64305080926812,22.0,42,0,0,0,0,0,0
6193,L53372,0,301.0,310.9,149.53981031087415,45.3,47,0,0,0,0,0,0
6194,L53373,0,301.0,310.9,165.24777357882311,38.4,49,0,0,0,0,0,0
6195,L53374,0,300.9,310.8,164.51473529298548,39.9,51,0,0,0,0,0,0
6196,L53375,0,300.9,310.8,181.06045660189176,30.2,53,0,0,0,0,0,0
6197,L53376,0,300.9,310.8,178.12830345854127,30.4,55,0,0,0,0,0,0
6198,L53377,0,300.9,310.8,156.34659439365205,45.8,57,0,0,0,0,0,0
6199,M21058,1,301.0,310.9,162.73449945595127,32.7,59,0,0,0,0,0,0
6200,L53379,0,300.9,310.9,156.76547341413067,43.2,62,0,0,0,0,0,0
6201,L53380,0,301.0,310.9,175.82446884590874,29.8,64,0,0,0,0,0,0
6202,M21061,1,301.0,310.9,158.12683023068624,44.5,66,0,0,0,0,0,0
6203,L53382,0,301.0,310.9,135.71680263507906,54.9,69,0,0,0,0,0,0
6204,L53383,0,301.0,310.9,147.02653618800232,41.8,71,0,0,0,0,0,0
6205,M21064,1,300.9,310.8,159.0693080267632,34.9,73,0,0,0,0,0,0
6206,M21065,1,300.9,310.7,177.60470468294298,27.3,76,0,0,0,0,0,0
6207,M21066,1,300.8,310.6,174.77727129471216,28.4,79,0,0,0,0,0,0
6208,L53387,0,300.7,310.6,151.52948565814768,40.7,82,0,0,0,0,0,0
6209,M21068,1,300.7,310.6,148.49261275967757,46.3,84,0,0,0,0,0,0
6210,L53389,0,300.7,310.6,147.3406954533613,40.5,87,0,0,0,0,0,0
6211,L53390,0,300.8,310.5,150.1681288415921,44.5,89,0,0,0,0,0,0
6212,L53391,0,300.8,310.6,142.4188669627373,48.8,91,0,0,0,0,0,0
6213,L53392,0,300.8,310.6,146.817096677763,53.7,93,0,0,0,0,0,0
6214,L53393,0,300.9,310.6,162.52505994571194,34.9,95,0,0,0,0,0,0
6215,L53394,0,300.9,310.7,145.7698991265664,44.2,97,0,0,0,0,0,0
6216,L53395,0,301.1,310.8,159.2787475370025,41.0,99,0,0,0,0,0,0
6217,L53396,0,301.1,310.8,180.53685782629344,27.5,101,0,0,0,0,0,0
6218,M21077,1,301.0,310.7,152.36724369910496,46.1,103,0,0,0,0,0,0
6219,H35632,2,301.0,310.6,143.04718549345526,50.6,106,0,0,0,0,0,0
6220,H35633,2,301.1,310.6,147.3406954533613,43.9,111,0,0,0,0,0,0
6221,L53400,0,301.1,310.8,153.93804002589985,49.3,116,0,0,0,0,0,0
6222,M21081,1,301.2,310.9,142.31414720761762,50.8,118,0,0,0,0,0,0
6223,H35636,2,301.1,310.8,187.65780117443032,25.8,121,0,0,0,0,0,0
6224,M21083,1,301.1,310.9,162.52505994571194,37.9,126,0,0,0,0,0,0
6225,L53404,0,301.2,311.0,168.80824525289154,32.9,129,0,0,0,0,0,0
6226,M21085,1,301.2,311.0,149.12093129039553,41.4,131,0,0,0,0,0,0
6227,H35640,2,301.3,311.0,140.42919161546376,59.3,134,0,0,0,0,0,0
6228,L53407,0,301.2,310.8,154.8805178219768,38.2,139,0,0,0,0,0,0
6229,L53408,0,301.2,310.9,147.96901398407925,50.1,141,0,0,0,0,0,0
6230,L53409,0,301.3,310.9,226.7182698340634,17.4,143,0,0,0,0,0,0
6231,M21090,1,301.3,311.0,171.84511815136167,33.0,145,0,0,0,0,0,0
6232,M21091,1,301.3,311.0,156.55603390389135,40.8,148,0,0,0,0,0,0
6233,L53412,0,301.3,311.0,165.0383340685838,30.4,151,0,0,0,0,0,0
6234,L53413,0,301.2,310.9,153.62388076054089,37.1,153,0,0,0,0,0,0
6235,L53414,0,301.2,310.8,154.8805178219768,41.2,155,0,0,0,0,0,0
6236,L53415,0,301.3,310.9,167.13272917097697,33.9,157,0,0,0,0,0,0
6237,M21096,1,301.3,310.9,158.3362697409256,36.9,159,0,0,0,0,0,0
6238,L53417,0,301.4,310.9,148.0737337391989,38.8,162,0,0,0,0,0,0
6239,L53418,0,301.3,310.8,145.56045961632708,57.4,164,0,0,0,0,0,0
6240,L53419,0,301.2,310.7,172.15927741672067,31.6,166,0,0,0,0,0,0
6241,M21100,1,301.2,310.7,145.97933863680572,42.8,168,0,0,0,0,0,0
6242,L53421,0,301.1,310.5,138.64895577842952,52.4,171,0,0,0,0,0,0
6243,L53422,0,301.0,310.4,154.5663585566178,43.6,173,0,0,0,0,0,0
6244,L53423,0,301.0,310.4,230.80234028373013,16.6,175,0,0,0,0,0,0
6245,M21104,1,301.0,310.4,174.35839227423352,30.9,177,0,0,0,0,0,0
6246,L53425,0,300.9,310.4,151.32004614790836,41.7,180,0,0,0,0,0,0
6247,H35660,2,300.8,310.3,152.57668320934428,46.8,182,0,0,0,0,0,0
6248,L53427,0,300.8,310.2,156.24187463853238,46.3,187,0,0,0,0,0,0
6249,L53428,0,300.8,310.1,147.131255943122,61.2,189,1,0,0,1,1,0
6250,L53429,0,300.7,310.1,161.47786239451537,35.5,191,0,0,0,0,0,0
6251,L53430,0,300.8,310.2,159.17402778188284,37.7,193,0,0,0,0,0,0
6252,M21111,1,300.8,310.2,167.3421686812163,36.5,195,0,0,0,0,0,0
6253,L53432,0,300.8,310.3,161.05898337403673,36.1,198,0,0,0,0,0,0
6254,L53433,0,300.9,310.4,169.1224045182505,30.9,200,0,0,0,0,0,0
6255,L53434,0,301.0,310.5,147.44541520848094,47.0,202,0,0,0,0,0,0
6256,L53435,0,301.0,310.5,144.40854231001083,57.3,204,1,0,0,0,1,0
6257,L53436,0,301.0,310.6,156.34659439365205,37.8,206,1,1,0,0,0,0
6258,L53437,0,301.1,310.7,144.09438304465183,49.1,0,0,0,0,0,0,0
6259,M21118,1,301.1,310.7,165.77137235442143,40.7,2,0,0,0,0,0,0
6260,M21119,1,301.2,310.8,146.18877814704504,47.4,5,0,0,0,0,0,0
6261,L53440,0,301.1,310.7,150.37756835183143,45.3,8,0,0,0,0,0,0
6262,L53441,0,301.1,310.6,148.3878930045579,47.6,10,0,0,0,0,0,0
6263,L53442,0,301.0,310.6,171.84511815136167,33.4,12,0,0,0,0,0,0
6264,M21123,1,301.0,310.6,177.81414419318227,27.3,14,0,0,0,0,0,0
6265,L53444,0,300.9,310.4,161.3731426393957,39.1,17,0,0,0,0,0,0
6266,L53445,0,300.8,310.3,144.82742133048947,46.6,19,0,0,0,0,0,0
6267,L53446,0,300.8,310.4,143.25662500369455,46.8,21,0,0,0,0,0,0
6268,L53447,0,300.8,310.4,164.41001553786586,35.2,23,0,0,0,0,0,0
6269,L53448,0,300.9,310.5,169.22712427337018,33.5,25,0,0,0,0,0,0
6270,M21129,1,300.9,310.5,151.21532639278868,43.2,27,0,0,0,0,0,0
6271,L53450,0,300.9,310.4,211.63862509683238,18.8,30,0,0,0,0,0,0
6272,M21131,1,300.9,310.5,178.23302321366094,29.3,32,0,0,0,0,0,0
6273,M21132,1,301.1,310.6,149.64453006599382,52.7,35,0,0,0,0,0,0
6274,L53453,0,301.2,310.8,179.17550100973784,28.9,38,0,0,0,0,0,0
6275,M21134,1,301.2,310.7,161.58258214963502,32.9,40,0,0,0,0,0,0
6276,L53455,0,301.3,310.8,170.4837613348061,32.2,43,0,0,0,0,0,0
6277,L53456,0,301.2,310.8,129.1194580625405,64.6,45,0,0,0,0,0,0
6278,L53457,0,301.2,310.8,152.99556222982292,40.6,47,0,0,0,0,0,0
6279,L53458,0,301.2,310.7,164.2005760276265,38.3,49,0,0,0,0,0,0
6280,L53459,0,301.3,310.8,149.9586893313528,54.4,51,0,0,0,0,0,0
6281,M21140,1,301.2,310.7,159.90706606772045,41.1,53,0,0,0,0,0,0
6282,M21141,1,301.3,310.8,152.36724369910496,41.2,56,0,0,0,0,0,0
6283,M21142,1,301.3,310.8,148.49261275967757,45.4,59,0,0,0,0,0,0
6284,L53463,0,301.3,310.8,180.01325905069515,29.5,62,0,0,0,0,0,0
6285,M21144,1,301.2,310.8,181.58405537749005,31.3,64,0,0,0,0,0,0
6286,M21145,1,301.2,310.7,149.33037080063482,46.1,67,0,0,0,0,0,0
6287,L53466,0,301.1,310.6,168.7035254977719,35.2,70,0,0,0,0,0,0
6288,M21147,1,301.1,310.6,154.8805178219768,41.1,72,0,0,0,0,0,0
6289,L53468,0,301.0,310.5,137.91591749259192,50.9,75,0,0,0,0,0,0
6290,L53469,0,301.0,310.5,130.6902543893354,61.4,77,0,0,0,0,0,0
6291,L53470,0,301.0,310.5,202.31856689118268,21.7,79,0,0,0,0,0,0
6292,M21151,1,301.1,310.5,162.00146117011366,35.8,81,0,0,0,0,0,0
6293,L53472,0,301.0,310.4,169.0176847631309,31.6,84,0,0,0,0,0,0
6294,H35707,2,301.0,310.4,158.3362697409256,44.9,86,0,0,0,0,0,0
6295,L53474,0,301.1,310.5,160.1165055779598,38.7,91,0,0,0,0,0,0
6296,H35709,2,301.1,310.6,186.61060362323371,24.9,93,0,0,0,0,0,0
6297,L53476,0,301.0,310.5,149.64453006599382,39.4,98,0,0,0,0,0,0
6298,M21157,1,301.1,310.5,137.07815945163463,60.7,100,0,0,0,0,0,0
6299,L53478,0,301.1,310.5,149.53981031087415,44.1,103,0,0,0,0,0,0
6300,L53479,0,301.2,310.6,145.0368608407288,49.2,105,0,0,0,0,0,0
6301,L53480,0,301.2,310.7,158.85986851652387,39.4,107,0,0,0,0,0,0
6302,M21161,1,301.2,310.6,165.0383340685838,39.6,109,0,0,0,0,0,0
6303,L53482,0,301.2,310.6,150.4822881069511,51.2,112,0,0,0,0,0,0
6304,H35717,2,301.2,310.6,152.57668320934428,50.5,114,0,0,0,0,0,0
6305,L53484,0,301.1,310.5,160.43066484331877,37.5,119,0,0,0,0,0,0
6306,M21165,1,301.1,310.5,167.8657674568146,32.6,121,0,0,0,0,0,0
6307,L53486,0,301.0,310.4,163.67697725202822,34.4,124,0,0,0,0,0,0
6308,L53487,0,301.0,310.3,169.33184402848985,34.5,126,0,0,0,0,0,0
6309,M21168,1,300.8,310.1,176.55750713174638,26.9,128,0,0,0,0,0,0
6310,L53489,0,300.9,310.2,144.7227015753698,50.4,131,0,0,0,0,0,0
6311,L53490,0,300.9,310.1,218.86428820008894,17.8,133,0,0,0,0,0,0
6312,L53491,0,300.9,310.3,151.42476590302803,44.5,135,0,0,0,0,0,0
6313,M21172,1,300.9,310.2,160.5353845984384,38.1,137,0,0,0,0,0,0
6314,L53493,0,300.9,310.3,150.79644737231007,47.6,140,0,0,0,0,0,0
6315,M21174,1,301.0,310.4,187.76252092954996,25.0,142,0,0,0,0,0,0
6316,M21175,1,301.0,310.4,158.85986851652387,46.1,145,0,0,0,0,0,0
6317,L53496,0,300.9,310.4,161.6873019047547,36.0,148,0,0,0,0,0,0
6318,L53497,0,300.9,310.3,138.33479651307056,48.8,150,0,0,0,0,0,0
6319,M21178,1,300.9,310.3,148.28317324943825,50.9,152,0,0,0,0,0,0
6320,L53499,0,300.8,310.2,158.54570925116488,40.0,155,0,0,0,0,0,0
6321,M21180,1,300.8,310.2,136.55456067603632,52.5,157,0,0,0,0,0,0
6322,L53501,0,300.7,310.2,134.66960508388246,64.9,160,0,0,0,0,0,0
6323,M21182,1,300.7,310.1,155.29939684245542,40.2,162,0,0,0,0,0,0
6324,L53503,0,300.7,310.1,141.47638916666034,46.9,165,0,0,0,0,0,0
6325,M21184,1,300.7,310.1,143.1519052485749,52.6,167,0,0,0,0,0,0
6326,L53505,0,300.7,310.1,180.22269856093448,32.3,170,0,0,0,0,0,0
6327,L53506,0,300.6,310.0,152.36724369910496,40.4,172,0,0,0,0,0,0
6328,L53507,0,300.6,310.0,149.22565104551515,49.5,174,0,0,0,0,0,0
6329,L53508,0,300.7,310.0,175.09143056007116,29.7,176,0,0,0,0,0,0
6330,M21189,1,300.7,310.0,171.84511815136167,34.6,178,0,0,0,0,0,0
6331,M21190,1,300.5,310.0,165.45721308906244,37.0,181,0,0,0,0,0,0
6332,H35745,2,300.5,310.0,156.55603390389135,47.4,184,0,0,0,0,0,0
6333,M21192,1,300.5,309.9,208.8111917086016,19.8,189,0,0,0,0,0,0
6334,M21193,1,300.4,309.9,148.17845349431857,31.8,192,0,0,0,0,0,0
6335,M21194,1,300.4,309.8,180.6415775814131,30.4,195,0,0,0,0,0,0
6336,M21195,1,300.4,309.8,149.7492498211135,43.4,198,0,0,0,0,0,0
6337,L53516,0,300.4,309.8,146.08405839192537,48.1,201,0,0,0,0,0,0
6338,M21197,1,300.4,309.8,150.27284859671178,43.6,203,0,0,0,0,0,0
6339,L53518,0,300.4,309.9,176.03390835614806,28.6,206,0,0,0,0,0,0
6340,L53519,0,300.5,310.0,151.94836467862632,48.6,208,0,0,0,0,0,0
6341,H35754,2,300.5,309.9,146.2934979021647,45.9,210,1,1,0,0,0,0
6342,M21201,1,300.4,309.8,148.80677202503654,47.2,0,0,0,0,0,0,0
6343,M21202,1,300.3,309.8,151.21532639278868,42.0,3,0,0,0,0,0,0
6344,L53523,0,300.2,309.8,191.3229926036184,23.0,6,0,0,0,0,0,0
6345,H35758,2,300.2,309.8,143.8849435344125,47.7,8,0,0,0,0,0,0
6346,L53525,0,300.2,309.8,172.78759594743863,29.6,13,0,0,0,0,0,0
6347,L53526,0,300.2,309.7,133.5176877775662,60.7,15,0,0,0,0,0,0
6348,L53527,0,300.2,309.7,148.80677202503654,44.6,17,0,0,0,0,0,0
6349,L53528,0,300.2,309.8,163.04865872131026,33.8,19,0,0,0,0,0,0
6350,L53529,0,300.1,309.8,157.70795121020763,35.2,21,0,0,0,0,0,0
6351,L53530,0,300.1,309.7,142.6283064729766,49.1,23,0,0,0,0,0,0
6352,L53531,0,300.0,309.7,161.47786239451537,47.1,25,0,0,0,0,0,0
6353,L53532,0,300.0,309.6,156.66075365901102,38.8,27,0,0,0,0,0,0
6354,M21213,1,300.0,309.6,156.1371548834127,42.0,29,0,0,0,0,0,0
6355,L53534,0,300.1,309.6,163.88641676226752,34.8,32,0,0,0,0,0,0
6356,L53535,0,300.1,309.7,155.08995733221613,37.9,34,0,0,0,0,0,0
6357,M21216,1,300.1,309.7,148.70205226991686,48.4,36,0,0,0,0,0,0
6358,L53537,0,300.2,309.8,146.39821765728436,54.8,39,0,0,0,0,0,0
6359,M21218,1,300.2,309.8,153.5191610054212,45.7,41,0,0,0,0,0,0
6360,L53539,0,300.1,309.8,149.7492498211135,56.7,44,0,0,0,0,0,0
6361,L53540,0,300.1,309.7,150.90116712742974,40.1,46,0,0,0,0,0,0
6362,M21221,1,300.1,309.7,141.16222990130137,57.3,48,0,0,0,0,0,0
6363,L53542,0,300.0,309.6,182.0029343979687,28.7,51,0,0,0,0,0,0
6364,M21223,1,300.0,309.6,169.4365637836095,36.2,53,0,0,0,0,0,0
6365,M21224,1,299.9,309.6,155.92771537317338,41.7,56,0,0,0,0,0,0
6366,M21225,1,299.9,309.5,147.86429422895958,57.9,59,0,0,0,0,0,0
6367,M21226,1,299.9,309.5,216.24629432209744,18.1,62,0,0,0,0,0,0
6368,L53547,0,300.0,309.6,164.51473529298548,33.1,65,0,0,0,0,0,0
6369,M21228,1,300.0,309.6,149.01621153527586,48.7,67,0,0,0,0,0,0
6370,H35783,2,300.0,309.5,186.50588386811404,24.9,70,0,0,0,0,0,0
6371,L53550,0,300.1,309.6,138.33479651307056,46.9,75,0,0,0,0,0,0
6372,L53551,0,300.1,309.6,161.89674141499398,36.7,77,0,0,0,0,0,0
6373,M21232,1,300.0,309.5,196.7684198698407,22.4,79,0,0,0,0,0,0
6374,H35787,2,300.0,309.5,181.68877513260972,28.9,82,0,0,0,0,0,0
6375,L53554,0,300.0,309.5,157.70795121020763,38.8,87,0,0,0,0,0,0
6376,H35789,2,300.0,309.6,170.58848108992575,32.3,89,0,0,0,0,0,0
6377,L53556,0,300.0,309.6,177.39526517270366,28.7,94,0,0,0,0,0,0
6378,L53557,0,300.1,309.6,161.3731426393957,37.0,96,0,0,0,0,0,0
6379,L53558,0,300.0,309.6,158.54570925116488,44.6,98,0,0,0,0,0,0
6380,L53559,0,300.1,309.7,155.50883635269477,45.9,100,0,0,0,0,0,0
6381,L53560,0,300.2,309.8,149.7492498211135,55.0,102,0,0,0,0,0,0
6382,L53561,0,300.2,309.7,185.45868631691746,27.1,104,0,0,0,0,0,0
6383,L53562,0,300.2,309.8,155.08995733221613,41.9,106,0,0,0,0,0,0
6384,H35797,2,300.2,309.7,155.29939684245542,43.8,108,0,0,0,0,0,0
6385,H35798,2,300.1,309.6,153.20500174006224,45.1,113,0,0,0,0,0,0
6386,L53565,0,300.1,309.7,147.6548547187203,48.3,118,0,0,0,0,0,0
6387,L53566,0,300.2,309.7,173.41591447815657,34.3,120,0,0,0,0,0,0
6388,M21247,1,300.2,309.8,155.7182758629341,39.2,122,0,0,0,0,0,0
6389,H35802,2,300.3,309.9,158.0221104755666,46.6,125,0,0,0,0,0,0
6390,H35803,2,300.3,309.9,175.61502933566945,30.1,130,0,0,0,0,0,0
6391,L53570,0,300.3,309.8,151.84364492350664,55.0,135,0,0,0,0,0,0
6392,M21251,1,300.2,309.7,147.96901398407925,43.0,137,0,0,0,0,0,0
6393,L53572,0,300.1,309.7,175.92918860102841,33.8,140,0,0,0,0,0,0
6394,L53573,0,300.2,309.7,175.7197490907891,30.5,142,0,0,0,0,0,0
6395,M21254,1,300.2,309.7,147.44541520848094,44.0,144,0,0,0,0,0,0
6396,M21255,1,300.1,309.6,144.09438304465183,52.1,147,0,0,0,0,0,0
6397,L53576,0,300.0,309.6,159.80234631260083,46.4,150,0,0,0,0,0,0
6398,M21257,1,300.0,309.6,166.19025137490004,32.6,152,0,0,0,0,0,0
6399,L53578,0,300.1,309.7,141.47638916666034,58.2,155,0,0,0,0,0,0
6400,M21259,1,300.1,309.6,157.1843524346093,38.0,157,0,0,0,0,0,0
6401,L53580,0,300.1,309.7,167.6563279465753,35.8,160,0,0,0,0,0,0
6402,M21261,1,300.0,309.6,164.72417480322483,39.7,162,0,0,0,0,0,0
6403,M21262,1,300.1,309.6,165.87609210954108,36.7,165,0,0,0,0,0,0
6404,L53583,0,300.1,309.6,172.68287619231896,33.6,168,0,0,0,0,0,0
6405,M21264,1,300.2,309.7,123.8834703065575,61.4,170,0,0,0,0,0,0
6406,L53585,0,300.1,309.7,225.25219326238818,17.5,173,0,0,0,0,0,0
6407,L53586,0,300.2,309.8,159.80234631260083,45.6,175,0,0,0,0,0,0
6408,M21267,1,300.3,309.9,168.7035254977719,29.0,177,0,0,0,0,0,0
6409,L53588,0,300.3,309.9,167.6563279465753,31.7,180,0,0,0,0,0,0
6410,L53589,0,300.3,310.0,163.36281798666923,40.8,182,0,0,0,0,0,0
6411,L53590,0,300.4,310.1,161.6873019047547,41.9,184,0,0,0,0,0,0
6412,M21271,1,300.4,310.0,163.36281798666923,42.3,186,0,0,0,0,0,0
6413,L53592,0,300.4,310.0,149.01621153527586,44.2,189,0,0,0,0,0,0
6414,L53593,0,300.4,310.1,169.0176847631309,33.5,191,0,0,0,0,0,0
6415,M21274,1,300.4,310.1,152.57668320934428,35.1,193,0,0,0,0,0,0
6416,L53595,0,300.4,310.1,157.39379194484863,42.2,196,0,0,0,0,0,0
6417,H35830,2,300.4,310.1,155.4041165975751,38.0,198,0,0,0,0,0,0
6418,L53597,0,300.3,309.9,161.26842288427605,39.9,203,0,0,0,0,0,0
6419,H35832,2,300.3,309.9,147.131255943122,52.1,205,0,0,0,0,0,0
6420,H35833,2,300.3,309.9,145.97933863680572,46.7,210,1,1,0,0,0,0
6421,L53600,0,300.3,309.9,158.96458827164355,36.4,0,0,0,0,0,0,0
6422,L53601,0,300.3,309.9,159.90706606772045,41.4,2,0,0,0,0,0,0
6423,L53602,0,300.3,309.9,144.1991027997715,55.3,4,0,0,0,0,0,0
6424,M21283,1,300.3,310.0,160.95426361891708,37.5,6,0,0,0,0,0,0
6425,M21284,1,300.3,310.0,147.5501349636006,43.2,9,0,0,0,0,0,0
6426,L53605,0,300.3,309.9,145.87461888168605,56.1,12,0,0,0,0,0,0
6427,L53606,0,300.2,309.7,151.63420541326735,36.8,14,0,0,0,0,0,0
6428,L53607,0,300.2,309.8,148.49261275967757,49.3,16,0,0,0,0,0,0
6429,M21288,1,300.2,309.8,182.52653317356697,24.1,18,0,0,0,0,0,0
6430,M21289,1,300.2,309.8,145.97933863680572,47.4,21,0,0,0,0,0,0
6431,L53610,0,300.3,309.8,159.48818704724184,39.2,24,0,0,0,0,0,0
6432,L53611,0,300.2,309.8,141.68582867689966,59.4,26,0,0,0,0,0,0
6433,M21292,1,300.3,309.9,151.52948565814768,46.5,28,0,0,0,0,0,0
6434,L53613,0,300.3,309.9,164.41001553786586,34.0,31,0,0,0,0,0,0
6435,M21294,1,300.3,309.9,156.4513141487717,38.5,33,0,0,0,0,0,0
6436,L53615,0,300.3,309.9,169.7507230489685,34.1,36,0,0,0,0,0,0
6437,L53616,0,300.4,310.0,185.24924680667812,26.1,38,0,0,0,0,0,0
6438,L53617,0,300.4,310.0,134.25072606340382,66.1,40,0,0,0,0,0,0
6439,L53618,0,300.4,310.0,165.5619328441821,30.3,42,0,0,0,0,0,0
6440,L53619,0,300.6,310.1,173.41591447815657,32.7,44,0,0,0,0,0,0
6441,L53620,0,300.6,310.2,172.57815643719928,31.7,46,0,0,0,0,0,0
6442,L53621,0,300.7,310.2,171.63567864112238,31.4,48,0,0,0,0,0,0
6443,L53622,0,300.7,310.2,141.16222990130137,54.8,50,0,0,0,0,0,0
6444,L53623,0,300.8,310.3,160.95426361891708,33.3,52,0,0,0,0,0,0
6445,M21304,1,300.8,310.3,132.9940890019679,61.0,54,0,0,0,0,0,0
6446,L53625,0,300.7,310.3,174.04423300887453,34.4,57,0,0,0,0,0,0
6447,M21306,1,300.7,310.3,154.04275978101953,40.2,59,0,0,0,0,0,0
6448,L53627,0,300.6,310.1,140.0103125949851,45.8,62,0,0,0,0,0,0
6449,H35862,2,300.7,310.2,196.55898035960138,24.8,64,0,0,0,0,0,0
6450,L53629,0,300.6,310.2,159.0693080267632,44.6,69,0,0,0,0,0,0
6451,L53630,0,300.6,310.2,144.30382255489116,47.3,71,0,0,0,0,0,0
6452,L53631,0,300.7,310.2,177.60470468294298,27.5,73,0,0,0,0,0,0
6453,L53632,0,300.7,310.1,144.09438304465183,50.8,75,0,0,0,0,0,0
6454,L53633,0,300.7,310.2,189.2285975012252,24.2,77,0,0,0,0,0,0
6455,L53634,0,300.7,310.1,167.3421686812163,32.8,79,0,0,0,0,0,0
6456,L53635,0,300.7,310.1,163.88641676226752,40.2,81,0,0,0,0,0,0
6457,L53636,0,300.7,310.2,145.24630035096808,50.6,83,0,0,0,0,0,0
6458,L53637,0,300.7,310.0,146.08405839192537,48.0,85,0,0,0,0,0,0
6459,M21318,1,300.6,310.0,136.34512116579702,62.9,87,0,0,0,0,0,0
6460,M21319,1,300.6,310.0,146.2934979021647,55.2,90,0,0,0,0,0,0
6461,L53640,0,300.6,310.0,137.49703847211327,52.9,93,0,0,0,0,0,0
6462,L53641,0,300.6,310.0,157.60323145508795,35.9,95,0,0,0,0,0,0
6463,H35876,2,300.6,310.0,155.29939684245542,44.0,97,0,0,0,0,0,0
6464,H35877,2,300.5,310.0,142.20942745249798,60.4,102,0,0,0,0,0,0
6465,M21324,1,300.5,309.9,181.68877513260972,27.0,107,0,0,0,0,0,0
6466,M21325,1,300.5,309.8,148.28317324943825,48.5,110,0,0,0,0,0,0
6467,L53646,0,300.4,309.7,182.212373908208,31.1,113,0,0,0,0,0,0
6468,L53647,0,300.4,309.7,177.1858256624643,27.4,115,0,0,0,0,0,0
6469,L53648,0,300.5,309.8,157.8126709653273,42.5,117,0,0,0,0,0,0
6470,M21329,1,300.4,309.6,159.2787475370025,35.0,119,0,0,0,0,0,0
6471,L53650,0,300.4,309.6,144.40854231001083,54.5,122,0,0,0,0,0,0
6472,L53651,0,300.4,309.6,159.48818704724184,38.5,124,0,0,0,0,0,0
6473,H35886,2,300.4,309.6,164.51473529298548,33.6,126,0,0,0,0,0,0
6474,H35887,2,300.4,309.5,162.00146117011366,50.7,131,0,0,0,0,0,0
6475,M21334,1,300.5,309.7,141.05751014618173,54.3,136,0,0,0,0,0,0
6476,L53655,0,300.5,309.7,163.36281798666923,30.2,139,0,0,0,0,0,0
6477,L53656,0,300.5,309.7,144.93214108560912,48.6,141,0,0,0,0,0,0
6478,L53657,0,300.5,309.7,192.78906917529363,24.6,143,0,0,0,0,0,0
6480,L53659,0,300.6,309.8,148.49261275967757,42.7,147,0,0,0,0,0,0
6481,L53660,0,300.7,309.9,185.87756533739608,26.6,149,0,0,0,0,0,0
6482,L53661,0,300.7,309.8,147.23597569824162,48.4,151,0,0,0,0,0,0
6483,L53662,0,300.6,309.9,154.98523757709646,43.7,153,0,0,0,0,0,0
6484,L53663,0,300.7,309.9,147.86429422895958,45.3,155,0,0,0,0,0,0
6485,H35898,2,300.6,309.8,200.32889154390915,22.5,157,0,0,0,0,0,0
6486,L53665,0,300.6,309.8,170.58848108992575,37.6,162,0,0,0,0,0,0
6487,L53666,0,300.5,309.8,203.0516051770203,21.4,164,0,0,0,0,0,0
6488,H35901,2,300.6,309.8,161.3731426393957,36.2,166,0,0,0,0,0,0
6489,L53668,0,300.7,309.8,139.2772743091475,54.4,171,0,0,0,0,0,0
6490,M21349,1,300.7,309.8,156.03243512829306,38.8,173,0,0,0,0,0,0
6491,L53670,0,300.7,309.9,144.82742133048947,44.5,176,0,0,0,0,0,0
6492,L53671,0,300.8,310.0,153.72860051566056,52.7,178,0,0,0,0,0,0
6493,M21352,1,300.8,309.9,151.21532639278868,46.0,180,0,0,0,0,0,0
6494,L53673,0,300.7,309.8,142.73302622809626,53.1,183,0,0,0,0,0,0
6495,L53674,0,300.6,309.7,169.33184402848985,33.2,185,0,0,0,0,0,0
6496,M21355,1,300.6,309.8,177.39526517270366,31.1,187,0,0,0,0,0,0
6497,L53676,0,300.7,309.9,190.0663555421825,27.0,190,0,0,0,0,0,0
6498,L53677,0,300.8,309.9,137.3923187169936,65.3,192,1,0,0,0,1,0
6499,H35912,2,300.8,309.9,213.7330201992256,19.2,194,0,0,0,0,0,0
6500,L53679,0,300.9,310.0,174.98671080495149,26.8,199,0,0,0,0,0,0
6501,M21360,1,300.9,310.0,148.28317324943825,46.6,201,0,0,0,0,0,0
6502,M21361,1,300.9,310.0,167.55160819145564,36.0,204,0,0,0,0,0,0
6503,L53682,0,300.9,310.0,271.7477645355171,13.7,207,0,0,0,0,0,0
6504,M21363,1,300.9,309.9,153.41444125030156,42.9,209,0,0,0,0,0,0
6505,M21364,1,301.0,310.1,176.03390835614806,27.4,212,0,0,0,0,0,0
6506,L53685,0,301.1,310.1,152.57668320934428,39.6,215,0,0,0,0,0,0
6507,H35920,2,301.0,310.1,152.26252394398531,44.1,217,0,0,0,0,0,0
6508,L53687,0,301.0,310.1,163.1533784764299,32.6,0,0,0,0,0,0,0
6509,H35922,2,301.0,310.1,183.88788999012255,30.7,2,0,0,0,0,0,0
6510,L53689,0,301.1,310.1,163.7816970071479,36.8,7,0,0,0,0,0,0
6511,L53690,0,301.1,310.2,152.36724369910496,55.3,9,0,0,0,0,0,0
6512,M21371,1,301.2,310.1,238.7610416728243,15.7,11,0,0,0,0,0,0
6513,M21372,1,301.1,310.0,150.06340908647243,48.1,14,0,0,0,0,0,0
6514,L53693,0,301.1,310.0,158.44098949604523,38.0,17,0,0,0,0,0,0
6515,L53694,0,301.0,309.9,157.8126709653273,41.8,19,0,0,0,0,0,0
6516,L53695,0,301.0,310.0,154.98523757709646,43.5,21,0,0,0,0,0,0
6517,H35930,2,301.1,310.0,153.93804002589985,40.1,23,0,0,0,0,0,0
6518,L53697,0,301.1,310.1,161.26842288427605,36.6,28,0,0,0,0,0,0
6519,H35932,2,301.0,310.0,126.92034320502763,67.9,30,0,0,0,0,0,0
6520,L53699,0,301.1,310.1,148.3878930045579,46.9,35,0,0,0,0,0,0
6521,M21380,1,301.2,310.1,174.46311202935317,34.9,37,0,0,0,0,0,0
6522,L53701,0,301.1,310.1,174.46311202935317,27.2,40,0,0,0,0,0,0
6523,L53702,0,301.1,310.1,155.92771537317338,45.8,42,0,0,0,0,0,0
6524,M21383,1,301.1,310.2,193.73154697137056,27.7,44,0,0,0,0,0,0
6525,L53704,0,301.1,310.4,196.2448210942424,24.8,47,0,0,0,0,0,0
6526,L53705,0,301.1,310.4,137.3923187169936,73.6,49,1,0,0,1,0,0
6527,L53706,0,301.2,310.4,158.65042900628455,38.4,51,0,0,0,0,0,0
6528,L53707,0,301.2,310.4,158.7551487614042,44.4,53,0,0,0,0,0,0
6529,L53708,0,301.2,310.5,161.89674141499398,40.0,55,0,0,0,0,0,0
6530,L53709,0,301.3,310.6,155.08995733221613,40.9,57,0,0,0,0,0,0
6531,H35944,2,301.3,310.6,168.07520696705393,32.5,59,0,0,0,0,0,0
6532,H35945,2,301.2,310.7,173.41591447815657,26.2,64,0,0,0,0,0,0
6533,H35946,2,301.2,310.6,141.58110892178001,52.0,69,0,0,0,0,0,0
6534,L53713,0,301.3,310.7,157.4985116999683,47.2,74,0,0,0,0,0,0
6535,L53714,0,301.3,310.6,150.37756835183143,44.2,76,0,0,0,0,0,0
6536,H35949,2,301.2,310.5,157.60323145508795,43.6,78,0,0,0,0,0,0
6537,L53716,0,301.3,310.5,147.23597569824162,47.1,83,0,0,0,0,0,0
6538,M21397,1,301.3,310.5,155.08995733221613,39.7,85,0,0,0,0,0,0
6539,L53718,0,301.4,310.7,155.7182758629341,44.6,88,0,0,0,0,0,0
6540,L53719,0,301.4,310.7,150.37756835183143,54.1,90,0,0,0,0,0,0
6541,M21400,1,301.4,310.7,143.25662500369455,63.7,92,1,0,0,1,0,0
6542,L53721,0,301.4,310.7,158.0221104755666,38.3,95,0,0,0,0,0,0
6543,L53722,0,301.4,310.8,161.58258214963502,36.9,97,0,0,0,0,0,0
6544,L53723,0,301.4,310.8,177.81414419318227,29.6,99,0,0,0,0,0,0
6545,M21404,1,301.4,310.7,153.93804002589985,46.5,101,0,0,0,0,0,0
6546,M21405,1,301.4,310.8,182.0029343979687,30.3,104,0,0,0,0,0,0
6547,M21406,1,301.4,310.8,160.22122533307945,39.9,107,0,0,0,0,0,0
6548,L53727,0,301.4,310.8,182.212373908208,29.2,110,0,0,0,0,0,0
6549,L53728,0,301.4,310.8,185.3539665617978,24.1,112,0,0,0,0,0,0
6550,H35963,2,301.3,310.6,159.90706606772045,44.0,114,0,0,0,0,0,0
6551,L53730,0,301.3,310.7,158.7551487614042,46.0,119,0,0,0,0,0,0
6552,L53731,0,301.4,310.7,169.22712427337018,36.5,121,0,0,0,0,0,0
6553,L53732,0,301.4,310.7,187.02948264371236,26.1,123,0,0,0,0,0,0
6554,L53733,0,301.4,310.8,145.4557398612074,52.7,125,0,0,0,0,0,0
6555,M21414,1,301.4,310.7,171.63567864112238,29.8,127,0,0,0,0,0,0
6556,H35969,2,301.5,310.7,145.97933863680572,46.7,130,0,0,0,0,0,0
6557,L53736,0,301.5,310.7,176.55750713174638,27.9,135,0,0,0,0,0,0
6558,M21417,1,301.5,310.6,171.5309588860027,31.9,137,0,0,0,0,0,0
6559,M21418,1,301.5,310.6,151.52948565814768,41.9,140,0,0,0,0,0,0
6560,H35973,2,301.5,310.6,158.3362697409256,39.0,143,0,0,0,0,0,0
6561,L53740,0,301.6,310.8,205.35543978965282,21.8,148,0,0,0,0,0,0
6562,L53741,0,301.5,310.7,167.13272917097697,35.4,150,0,0,0,0,0,0
6563,M21422,1,301.5,310.7,195.93066182888342,21.3,152,0,0,0,0,0,0
6564,L53743,0,301.5,310.7,203.3657644423793,20.5,155,0,0,0,0,0,0
6565,L53744,0,301.4,310.6,163.04865872131026,38.2,157,0,0,0,0,0,0
6566,L53745,0,301.4,310.6,162.31562043547265,36.8,159,0,0,0,0,0,0
6567,L53746,0,301.3,310.6,205.8790385652511,22.6,161,0,0,0,0,0,0
6568,M21427,1,301.3,310.6,156.97491292437,36.1,163,0,0,0,0,0,0
6569,L53748,0,301.3,310.6,159.2787475370025,36.3,166,0,0,0,0,0,0
6570,M21429,1,301.4,310.7,143.98966328953216,42.0,168,0,0,0,0,0,0
6571,L53750,0,301.4,310.6,171.11207986552404,31.1,171,0,0,0,0,0,0
6572,M21431,1,301.3,310.6,144.30382255489116,49.4,173,0,0,0,0,0,0
6573,L53752,0,301.4,310.7,149.53981031087415,53.7,176,0,0,0,0,0,0
6574,M21433,1,301.4,310.6,194.25514574696888,25.3,178,0,0,0,0,0,0
6575,L53754,0,301.4,310.6,165.24777357882311,33.0,181,0,0,0,0,0,0
6576,M21435,1,301.4,310.5,151.94836467862632,45.3,183,0,0,0,0,0,0
6577,L53756,0,301.5,310.5,172.15927741672067,34.9,186,0,0,0,0,0,0
6578,L53757,0,301.4,310.4,145.35102010608776,45.3,188,0,0,0,0,0,0
6579,L53758,0,301.4,310.4,161.58258214963502,40.9,190,0,0,0,0,0,0
6580,L53759,0,301.3,310.4,157.1843524346093,41.6,192,0,0,0,0,0,0
6581,L53760,0,301.3,310.4,157.8126709653273,39.1,194,0,0,0,0,0,0
6582,L53761,0,301.4,310.4,163.25809823154958,36.0,196,0,0,0,0,0,0
6583,L53762,0,301.5,310.5,160.01178582284012,35.7,198,0,0,0,0,0,0
6584,M21443,1,301.5,310.5,157.39379194484863,38.2,200,0,0,0,0,0,0
6585,L53764,0,301.5,310.5,143.67550402417322,44.0,203,0,0,0,0,0,0
6586,M21445,1,301.5,310.5,167.55160819145564,32.8,205,0,0,0,0,0,0
6587,L53766,0,301.5,310.6,152.15780418886564,44.0,208,0,0,0,0,0,0
6588,M21447,1,301.6,310.7,189.85691603194314,24.6,210,0,0,0,0,0,0
6589,L53768,0,301.6,310.7,152.57668320934428,40.4,213,0,0,0,0,0,0
6590,M21449,1,301.6,310.6,162.62977970083162,38.9,0,0,0,0,0,0,0
6591,L53770,0,301.7,310.7,184.62092827596018,25.9,3,0,0,0,0,0,0
6592,L53771,0,301.7,310.7,211.8480646070717,20.9,5,0,0,0,0,0,0
6593,M21452,1,301.6,310.7,152.57668320934428,47.8,7,0,0,0,0,0,0
6594,L53773,0,301.6,310.7,175.82446884590874,29.5,10,0,0,0,0,0,0
6595,L53774,0,301.6,310.6,220.2256450166445,19.7,12,0,0,0,0,0,0
6596,M21455,1,301.5,310.7,152.89084247470328,38.6,14,0,0,0,0,0,0
6597,M21456,1,301.5,310.7,152.26252394398531,39.4,17,0,0,0,0,0,0
6598,L53777,0,301.5,310.6,155.08995733221613,46.8,20,0,0,0,0,0,0
6599,L53778,0,301.5,310.7,149.12093129039553,51.1,22,0,0,0,0,0,0
6600,L53779,0,301.6,310.7,156.4513141487717,39.5,24,0,0,0,0,0,0
6601,M21460,1,301.5,310.6,149.12093129039553,47.0,26,0,0,0,0,0,0
6602,M21461,1,301.5,310.7,141.05751014618173,47.9,29,0,0,0,0,0,0
6603,L53782,0,301.5,310.6,143.8849435344125,46.7,32,0,0,0,0,0,0
6604,M21463,1,301.5,310.6,146.92181643288265,47.4,34,0,0,0,0,0,0
6605,M21464,1,301.5,310.6,164.72417480322483,37.4,37,0,0,0,0,0,0
6606,M21465,1,301.6,310.6,177.0811059073447,30.1,40,0,0,0,0,0,0
6607,H36020,2,301.5,310.5,161.05898337403673,44.3,43,0,0,0,0,0,0
6608,L53787,0,301.5,310.5,162.94393896619061,39.1,48,0,0,0,0,0,0
6609,M21468,1,301.5,310.4,166.818569905618,36.8,50,0,0,0,0,0,0
6610,L53789,0,301.5,310.4,154.35691904637852,39.9,53,0,0,0,0,0,0
6611,L53790,0,301.5,310.4,161.58258214963502,34.0,55,0,0,0,0,0,0
6612,H36025,2,301.5,310.5,166.19025137490004,33.8,57,0,0,0,0,0,0
6613,L53792,0,301.6,310.6,127.96754075622424,70.0,62,0,0,0,0,0,0
6614,L53793,0,301.7,310.6,158.44098949604523,41.1,64,0,0,0,0,0,0
6615,L53794,0,301.7,310.6,173.8347934986352,28.7,66,0,0,0,0,0,0
6616,L53795,0,301.7,310.6,161.79202165987437,42.1,68,0,0,0,0,0,0
6617,M21476,1,301.7,310.6,144.5132620651305,45.8,70,0,0,0,0,0,0
6618,L53797,0,301.6,310.6,138.33479651307056,60.8,73,0,0,0,0,0,0
6619,M21478,1,301.6,310.6,137.07815945163463,65.8,75,1,0,0,1,0,0
6620,M21479,1,301.7,310.7,170.37904157968646,31.3,78,0,0,0,0,0,0
6621,M21480,1,301.6,310.7,187.55308141931064,23.8,81,0,0,0,0,0,0
6622,M21481,1,301.7,310.7,194.88346427768684,21.8,84,0,0,0,0,0,0
6623,L53802,0,301.7,310.7,156.34659439365205,51.1,87,0,0,0,0,0,0
6624,M21483,1,301.7,310.7,151.0058868825494,41.1,89,0,0,0,0,0,0
6625,L53804,0,301.7,310.7,160.43066484331877,39.8,92,0,0,0,0,0,0
6626,M21485,1,301.6,310.7,148.80677202503654,44.4,94,0,0,0,0,0,0
6627,L53806,0,301.6,310.6,168.9129650080112,42.5,97,0,0,0,0,0,0
6628,M21487,1,301.7,310.6,196.4542606044817,22.1,99,0,0,0,0,0,0
6629,L53808,0,301.6,310.5,166.818569905618,34.5,102,0,0,0,0,0,0
6630,L53809,0,301.6,310.5,146.2934979021647,49.4,104,0,0,0,0,0,0
6631,M21490,1,301.6,310.5,148.0737337391989,49.3,106,0,0,0,0,0,0
6632,M21491,1,301.5,310.4,144.30382255489116,55.3,109,0,0,0,0,0,0
6633,L53812,0,301.4,310.4,136.24040141067735,51.2,112,0,0,0,0,0,0
6634,M21493,1,301.5,310.5,181.898214642849,29.3,114,0,0,0,0,0,0
6635,L53814,0,301.5,310.5,146.18877814704504,44.5,117,0,0,0,0,0,0
6636,L53815,0,301.5,310.5,160.6401043535581,39.3,119,0,0,0,0,0,0
6637,M21496,1,301.5,310.5,185.77284558227643,25.5,121,0,0,0,0,0,0
6638,H36051,2,301.5,310.5,152.15780418886564,48.0,124,0,0,0,0,0,0
6639,L53818,0,301.5,310.5,152.15780418886564,44.2,129,0,0,0,0,0,0
6640,L53819,0,301.4,310.5,144.5132620651305,48.4,131,0,0,0,0,0,0
6641,L53820,0,301.4,310.4,139.69615332962613,43.2,133,0,0,0,0,0,0
6642,L53821,0,301.5,310.5,178.23302321366094,28.7,135,0,0,0,0,0,0
6643,L53822,0,301.6,310.6,149.8539695762331,37.5,137,0,0,0,0,0,0
6644,M21503,1,301.5,310.5,136.973439696515,60.5,139,0,0,0,0,0,0
6645,L53824,0,301.5,310.6,163.88641676226752,43.9,142,0,0,0,0,0,0
6646,M21505,1,301.5,310.4,155.61355610781442,39.6,144,0,0,0,0,0,0
6647,L53826,0,301.5,310.5,154.8805178219768,34.2,147,0,0,0,0,0,0
6648,L53827,0,301.5,310.5,201.79496811558437,22.4,149,0,0,0,0,0,0
6649,L53828,0,301.5,310.4,155.8229956180537,41.1,151,0,0,0,0,0,0
6650,M21509,1,301.5,310.4,141.3716694115407,54.9,153,0,0,0,0,0,0
6651,L53830,0,301.6,310.4,163.4675377417889,35.3,156,0,0,0,0,0,0
6652,M21511,1,301.5,310.4,133.62240753268586,55.6,158,0,0,0,0,0,0
6653,H36066,2,301.5,310.4,165.45721308906244,35.7,161,0,0,0,0,0,0
6654,M21513,1,301.4,310.3,168.59880574265222,29.1,166,0,0,0,0,0,0
6655,L53834,0,301.4,310.3,230.69762052861049,16.6,169,0,0,0,0,0,0
6656,L53835,0,301.4,310.3,171.63567864112238,32.7,171,0,0,0,0,0,0
6657,M21516,1,301.4,310.4,162.62977970083162,44.7,173,0,0,0,0,0,0
6658,L53837,0,301.4,310.3,143.8849435344125,47.6,176,0,0,0,0,0,0
6659,L53838,0,301.4,310.4,149.7492498211135,50.9,178,0,0,0,0,0,0
6660,L53839,0,301.3,310.3,170.27432182456678,31.3,180,0,0,0,0,0,0
6661,H36074,2,301.4,310.5,148.80677202503654,43.8,182,0,0,0,0,0,0
6662,M21521,1,301.3,310.4,157.1843524346093,39.8,187,0,0,0,0,0,0
6663,M21522,1,301.3,310.4,219.1784474654479,18.7,190,0,0,0,0,0,0
6664,L53843,0,301.3,310.4,157.4985116999683,47.2,193,0,0,0,0,0,0
6665,L53844,0,301.3,310.4,161.05898337403673,38.4,195,0,0,0,0,0,0
6666,L53845,0,301.3,310.4,150.79644737231007,41.5,197,0,0,0,0,0,0
6667,L53846,0,301.3,310.4,148.0737337391989,51.4,199,0,0,0,0,0,0
6668,H36081,2,301.4,310.5,160.8495438637974,39.9,201,0,0,0,0,0,0
6669,L53848,0,301.4,310.5,154.5663585566178,39.2,206,0,0,0,0,0,0
6670,L53849,0,301.4,310.5,164.51473529298548,33.9,208,0,0,0,0,0,0
6671,L53850,0,301.5,310.6,209.2300707290802,20.2,210,0,0,0,0,0,0
6672,L53851,0,301.5,310.6,142.1047076973783,42.1,212,0,0,0,0,0,0
6673,L53852,0,301.6,310.7,149.12093129039553,50.5,214,0,0,0,0,0,0
6674,L53853,0,301.6,310.7,144.5132620651305,51.8,216,1,0,0,0,1,0
6675,L53854,0,301.5,310.7,169.4365637836095,35.5,218,0,0,0,0,0,0
6676,L53855,0,301.5,310.6,165.35249333394276,28.0,220,0,0,0,0,0,0
6677,L53856,0,301.5,310.7,149.01621153527586,44.0,222,0,0,0,0,0,0
6678,L53857,0,301.5,310.7,150.27284859671178,38.5,224,0,0,0,0,0,0
6679,M21538,1,301.5,310.7,139.90559283986545,65.6,0,1,0,0,1,0,0
6680,L53859,0,301.6,310.8,145.7698991265664,42.4,3,0,0,0,0,0,0
6681,L53860,0,301.5,310.8,148.3878930045579,49.7,5,0,0,0,0,0,0
6682,L53861,0,301.4,310.7,149.22565104551515,45.1,7,0,0,0,0,0,0
6683,L53862,0,301.5,310.8,158.3362697409256,38.9,9,0,0,0,0,0,0
6684,L53863,0,301.5,310.9,138.02063724771156,50.6,11,0,0,0,0,0,0
6685,L53864,0,301.6,310.9,161.05898337403673,40.4,13,0,0,0,0,0,0
6686,L53865,0,301.6,310.9,160.43066484331877,43.6,15,0,0,0,0,0,0
6687,L53866,0,301.7,311.0,179.5943800302165,24.8,17,0,0,0,0,0,0
6688,L53867,0,301.7,311.0,178.0235837034216,28.7,19,0,0,0,0,0,0
6689,L53868,0,301.7,311.0,162.10618092523333,40.3,21,0,0,0,0,0,0
6690,L53869,0,301.7,311.0,161.89674141499398,43.0,23,0,0,0,0,0,0
6691,L53870,0,301.7,311.0,140.63863112570306,49.2,25,0,0,0,0,0,0
6692,M21551,1,301.7,311.0,158.12683023068624,47.8,27,0,0,0,0,0,0
6693,M21552,1,301.8,311.0,192.5796296650543,23.6,30,0,0,0,0,0,0
6694,M21553,1,301.8,311.0,183.88788999012255,26.7,33,0,0,0,0,0,0
6695,M21554,1,301.7,310.9,136.1356816555577,62.7,36,0,0,0,0,0,0
6696,M21555,1,301.7,311.0,137.28759896187395,55.8,39,0,0,0,0,0,0
6697,L53876,0,301.7,310.9,171.3215193757634,31.3,42,0,0,0,0,0,0
6698,L53877,0,301.6,310.9,172.054557661601,34.1,44,0,0,0,0,0,0
6699,L53878,0,301.6,310.8,148.49261275967757,44.7,46,0,0,0,0,0,0
6700,M21559,1,301.7,310.8,158.7551487614042,40.4,48,0,0,0,0,0,0
6701,H36114,2,301.6,310.9,148.59733251479722,50.2,51,0,0,0,0,0,0
6702,L53881,0,301.6,310.9,169.9601625592078,34.1,56,0,0,0,0,0,0
6703,M21562,1,301.6,310.8,174.25367251911388,32.0,58,0,0,0,0,0,0
6704,M21563,1,301.5,310.7,182.63125292868662,28.2,61,0,0,0,0,0,0
6705,M21564,1,301.5,310.7,158.12683023068624,36.0,64,0,0,0,0,0,0
6706,M21565,1,301.5,310.6,144.7227015753698,58.1,67,0,0,0,0,0,0
6707,L53886,0,301.4,310.6,144.61798182025012,46.1,70,0,0,0,0,0,0
6708,L53887,0,301.3,310.6,162.94393896619061,39.0,72,0,0,0,0,0,0
6709,M21568,1,301.4,310.6,153.3097214951819,37.4,74,0,0,0,0,0,0
6710,L53889,0,301.4,310.6,155.08995733221613,37.6,77,0,0,0,0,0,0
6711,L53890,0,301.5,310.7,138.54423602330985,49.7,79,0,0,0,0,0,0
6712,L53891,0,301.5,310.7,149.33037080063482,46.1,81,0,0,0,0,0,0
6713,H36126,2,301.4,310.7,158.7551487614042,36.4,83,0,0,0,0,0,0
6714,L53893,0,301.3,310.6,148.28317324943825,45.2,88,0,0,0,0,0,0
6715,L53894,0,301.3,310.6,150.79644737231007,53.8,90,0,0,0,0,0,0
6716,L53895,0,301.3,310.6,165.0383340685838,30.4,92,0,0,0,0,0,0
6717,L53896,0,301.3,310.6,145.24630035096808,53.6,94,0,0,0,0,0,0
6718,M21577,1,301.4,310.6,153.3097214951819,48.6,96,0,0,0,0,0,0
6719,L53898,0,301.4,310.6,223.78611669071293,18.0,99,0,0,0,0,0,0
6720,M21579,1,301.4,310.6,149.8539695762331,40.6,101,0,0,0,0,0,0
6721,L53900,0,301.3,310.6,152.68140296446393,48.0,104,0,0,0,0,0,0
6722,L53901,0,301.4,310.7,134.0412865531645,61.0,106,0,0,0,0,0,0
6723,L53902,0,301.4,310.7,173.52063423327624,28.7,108,0,0,0,0,0,0
6724,M21583,1,301.4,310.6,163.88641676226752,36.1,110,0,0,0,0,0,0
6725,L53904,0,301.3,310.6,163.36281798666923,36.8,113,0,0,0,0,0,0
6726,M21585,1,301.5,310.7,142.31414720761762,47.1,115,0,0,0,0,0,0
6727,L53906,0,301.5,310.8,157.07963267948966,41.0,118,0,0,0,0,0,0
6728,L53907,0,301.5,310.8,186.9247628885927,25.5,120,0,0,0,0,0,0
6729,L53908,0,301.5,310.9,198.02505693127662,23.2,122,0,0,0,0,0,0
6730,H36143,2,301.5,310.9,159.59290680236148,40.4,124,0,0,0,0,0,0
6731,M21590,1,301.6,311.0,149.8539695762331,42.3,129,0,0,0,0,0,0
6732,L53911,0,301.6,310.9,145.0368608407288,51.2,132,0,0,0,0,0,0
6733,L53912,0,301.7,311.0,157.39379194484863,44.8,134,0,0,0,0,0,0
6734,M21593,1,301.7,311.0,137.28759896187395,46.8,136,0,0,0,0,0,0
6735,M21594,1,301.6,310.9,164.93361431346415,40.1,139,0,0,0,0,0,0
6736,L53915,0,301.6,311.0,155.50883635269477,40.1,142,0,0,0,0,0,0
6737,L53916,0,301.7,311.0,159.90706606772045,42.2,144,0,0,0,0,0,0
6738,M21597,1,301.7,311.0,160.95426361891708,33.5,146,0,0,0,0,0,0
6739,H36152,2,301.8,311.1,153.20500174006224,50.1,149,0,0,0,0,0,0
6740,L53919,0,301.7,311.2,155.19467708733578,43.6,154,0,0,0,0,0,0
6741,L53920,0,301.8,311.2,148.3878930045579,55.9,156,0,0,0,0,0,0
6742,M21601,1,301.7,311.1,157.70795121020763,39.5,158,0,0,0,0,0,0
6743,H36156,2,301.7,311.2,171.63567864112238,30.0,161,0,0,0,0,0,0
6744,L53923,0,301.7,311.2,148.49261275967757,38.0,166,0,0,0,0,0,0
6745,M21604,1,301.7,311.0,135.92624214531838,58.1,168,0,0,0,0,0,0
6746,M21605,1,301.8,311.1,146.08405839192537,44.6,171,0,0,0,0,0,0
6747,M21606,1,301.7,311.1,165.24777357882311,40.5,174,0,0,0,0,0,0
6748,M21607,1,301.8,311.1,167.23744892609665,29.8,177,0,0,0,0,0,0
6749,H36162,2,301.7,311.0,211.1150263212341,19.3,180,0,0,0,0,0,0
6750,L53929,0,301.7,311.0,165.98081186466072,35.9,185,0,0,0,0,0,0
6751,M21610,1,301.7,311.0,157.60323145508795,44.0,187,0,0,0,0,0,0
6752,M21611,1,301.7,311.0,157.60323145508795,37.1,190,0,0,0,0,0,0
6753,L53932,0,301.6,310.9,178.65190223413956,29.5,193,0,0,0,0,0,0
6754,L53933,0,301.6,310.9,145.0368608407288,50.7,195,0,0,0,0,0,0
6755,L53934,0,301.8,311.1,156.55603390389135,36.9,197,0,0,0,0,0,0
6756,M21615,1,301.8,311.1,174.1489527639942,31.6,199,0,0,0,0,0,0
6757,L53936,0,301.8,311.2,192.684349420174,26.6,202,0,0,0,0,0,0
6758,L53937,0,301.8,311.2,190.7993938280201,26.2,204,0,0,0,0,0,0
6759,L53938,0,301.7,311.1,172.15927741672067,32.8,206,0,0,0,0,0,0
6760,L53939,0,301.7,311.0,150.90116712742974,44.3,208,1,1,0,0,0,0
6761,L53940,0,301.5,310.9,151.94836467862632,40.6,0,0,0,0,0,0,0
6762,L53941,0,301.5,310.9,146.60765716752366,50.8,2,0,0,0,0,0,0
6763,L53942,0,301.4,310.8,142.6283064729766,53.2,4,0,0,0,0,0,0
6764,M21623,1,301.4,310.8,186.61060362323371,26.5,6,0,0,0,0,0,0
6765,L53944,0,301.4,310.9,160.8495438637974,38.3,9,0,0,0,0,0,0
6766,L53945,0,301.5,310.9,165.45721308906244,32.3,11,0,0,0,0,0,0
6767,M21626,1,301.4,311.0,149.4350905557545,43.2,13,0,0,0,0,0,0
6768,L53947,0,301.3,310.9,158.0221104755666,41.7,16,0,0,0,0,0,0
6769,H36182,2,301.3,310.8,150.1681288415921,39.5,18,0,0,0,0,0,0
6770,L53949,0,301.2,310.8,145.7698991265664,52.6,23,0,0,0,0,0,0
6771,M21630,1,301.3,310.8,158.0221104755666,40.1,25,0,0,0,0,0,0
6772,M21631,1,301.2,310.7,205.46015954477247,22.5,28,0,0,0,0,0,0
6773,L53952,0,301.3,310.7,160.8495438637974,39.3,31,0,0,0,0,0,0
6774,L53953,0,301.3,310.8,144.61798182025012,47.9,33,0,0,0,0,0,0
6775,H36188,2,301.2,310.7,182.94541219404562,27.3,35,0,0,0,0,0,0
6776,L53955,0,301.2,310.6,174.8819910498318,30.0,40,0,0,0,0,0,0
6777,L53956,0,301.3,310.6,151.94836467862632,47.5,42,0,0,0,0,0,0
6778,L53957,0,301.2,310.7,204.30824223845622,21.3,44,0,0,0,0,0,0
6779,M21638,1,301.3,310.7,190.4852345626611,25.5,46,0,0,0,0,0,0
6780,M21639,1,301.3,310.8,143.67550402417322,54.2,49,0,0,0,0,0,0
6781,L53960,0,301.3,310.8,163.36281798666923,38.5,52,0,0,0,0,0,0
6782,M21641,1,301.3,310.8,156.4513141487717,35.3,54,0,0,0,0,0,0
6783,L53962,0,301.3,310.8,160.32594508819912,53.4,57,0,0,0,0,0,0
6784,L53963,0,301.3,310.8,151.84364492350664,46.9,59,0,0,0,0,0,0
6785,M21644,1,301.3,310.7,145.66517937144675,52.5,61,0,0,0,0,0,0
6786,L53965,0,301.2,310.6,145.4557398612074,45.3,64,0,0,0,0,0,0
6787,L53966,0,301.2,310.6,147.5501349636006,50.9,66,0,0,0,0,0,0
6788,H36201,2,301.1,310.6,145.35102010608776,58.5,68,0,0,0,0,0,0
6789,M21648,1,301.1,310.6,147.6548547187203,43.9,73,0,0,0,0,0,0
6790,M21649,1,301.1,310.5,172.36871692696,30.7,76,0,0,0,0,0,0
6791,M21650,1,301.1,310.7,232.37313661052502,16.7,79,0,0,0,0,0,0
6792,L53971,0,301.2,310.7,162.42034019059233,41.2,82,0,0,0,0,0,0
6793,L53972,0,301.2,310.6,189.64747652170385,24.0,84,0,0,0,0,0,0
6794,L53973,0,301.3,310.7,168.38936623241293,31.4,86,0,0,0,0,0,0
6795,L53974,0,301.3,310.8,149.53981031087415,55.2,88,0,0,0,0,0,0
6796,L53975,0,301.4,310.8,154.67107831173746,50.4,90,0,0,0,0,0,0
6797,M21656,1,301.3,310.7,136.1356816555577,58.3,92,0,0,0,0,0,0
6798,M21657,1,301.2,310.7,169.1224045182505,34.9,95,0,0,0,0,0,0
6799,L53978,0,301.2,310.7,175.51030958054977,32.4,98,0,0,0,0,0,0
6800,M21659,1,301.1,310.7,276.0412744954231,12.2,100,1,0,0,1,0,0
6801,M21660,1,301.1,310.6,137.1828792067543,48.8,103,0,0,0,0,0,0
6802,L53981,0,301.1,310.7,139.69615332962613,48.2,106,0,0,0,0,0,0
6803,M21662,1,301.1,310.7,169.7507230489685,31.0,108,0,0,0,0,0,0
6804,M21663,1,301.1,310.7,143.1519052485749,43.4,111,0,0,0,0,0,0
6805,L53984,0,301.0,310.6,166.29497113001972,33.7,114,0,0,0,0,0,0
6806,M21665,1,301.0,310.7,156.76547341413067,37.6,116,0,0,0,0,0,0
6807,L53986,0,301.1,310.8,168.38936623241293,32.9,119,0,0,0,0,0,0
6808,L53987,0,301.0,310.8,162.21090068035298,41.4,121,0,0,0,0,0,0
6809,L53988,0,301.0,310.7,145.66517937144675,45.0,123,0,0,0,0,0,0
6810,L53989,0,300.9,310.8,156.03243512829306,38.1,125,0,0,0,0,0,0
6811,L53990,0,301.0,310.7,180.85101709165244,34.5,127,0,0,0,0,0,0
6812,L53991,0,300.9,310.6,157.4985116999683,46.4,129,0,0,0,0,0,0
6813,L53992,0,300.9,310.6,141.3716694115407,53.8,131,0,0,0,0,0,0
6814,M21673,1,300.9,310.7,148.70205226991686,43.0,133,0,0,0,0,0,0
6815,H36228,2,300.8,310.6,153.41444125030156,44.1,136,0,0,0,0,0,0
6816,L53995,0,300.9,310.7,149.4350905557545,44.1,141,0,0,0,0,0,0
6817,L53996,0,300.9,310.7,154.67107831173746,43.2,143,0,0,0,0,0,0
6818,M21677,1,301.0,310.7,156.34659439365205,48.1,145,0,0,0,0,0,0
6819,M21678,1,301.0,310.7,173.52063423327624,29.9,148,0,0,0,0,0,0
6820,L53999,0,300.9,310.7,142.31414720761762,46.0,151,0,0,0,0,0,0
6821,L54000,0,300.8,310.6,162.42034019059233,34.5,153,0,0,0,0,0,0
6822,M21681,1,300.8,310.6,161.79202165987437,37.5,155,0,0,0,0,0,0
6823,M21682,1,300.9,310.6,178.96606149949855,29.2,158,0,0,0,0,0,0
6824,M21683,1,300.9,310.7,132.7846494917286,56.3,161,0,0,0,0,0,0
6825,L54004,0,300.9,310.7,182.212373908208,25.3,164,0,0,0,0,0,0
6826,L54005,0,301.0,310.9,191.42771235873806,25.1,166,0,0,0,0,0,0
6827,L54006,0,301.0,310.9,190.7993938280201,21.6,168,0,0,0,0,0,0
6828,M21687,1,301.0,310.9,158.65042900628455,41.8,170,0,0,0,0,0,0
6829,L54008,0,301.0,310.9,145.7698991265664,52.9,173,0,0,0,0,0,0
6830,H36243,2,300.9,310.9,154.35691904637852,35.7,175,0,0,0,0,0,0
6831,M21690,1,301.0,310.9,142.31414720761762,53.4,180,0,0,0,0,0,0
6832,L54011,0,301.1,311.0,163.88641676226752,52.3,183,0,0,0,0,0,0
6833,M21692,1,301.1,311.1,144.93214108560912,42.5,185,0,0,0,0,0,0
6834,L54013,0,301.1,311.1,145.24630035096808,53.1,188,0,0,0,0,0,0
6835,L54014,0,301.1,311.0,144.30382255489116,51.1,190,0,0,0,0,0,0
6836,L54015,0,301.0,310.9,189.43803701146453,25.7,192,0,0,0,0,0,0
6837,H36250,2,301.1,311.0,140.21975210522444,52.8,194,0,0,0,0,0,0
6838,M21697,1,301.0,311.0,149.01621153527586,38.6,199,0,0,0,0,0,0
6839,L54018,0,301.1,311.1,164.41001553786586,41.6,202,0,0,0,0,0,0
6840,L54019,0,301.2,311.2,163.1533784764299,34.1,204,0,0,0,0,0,0
6841,L54020,0,301.1,311.1,188.3908394602679,21.7,206,0,0,0,0,0,0
6842,M21701,1,301.1,311.2,166.60913039537868,35.0,208,0,0,0,0,0,0
6843,L54022,0,301.2,311.2,171.2167996206437,29.6,211,0,0,0,0,0,0
6844,L54023,0,301.3,311.3,158.0221104755666,42.5,213,0,0,0,0,0,0
6845,M21704,1,301.3,311.4,192.47490990993464,23.2,215,0,0,0,0,0,0
6846,M21705,1,301.3,311.5,172.57815643719928,32.4,0,0,0,0,0,0,0
6847,M21706,1,301.2,311.5,156.87019316925034,49.5,3,0,0,0,0,0,0
6848,L54027,0,301.2,311.4,183.99260974524222,28.0,6,0,0,0,0,0,0
6849,M21708,1,301.1,311.3,145.4557398612074,53.3,8,0,0,0,0,0,0
6850,L54029,0,301.1,311.3,156.87019316925034,37.6,11,0,0,0,0,0,0
6851,M21710,1,301.0,311.2,159.2787475370025,35.8,13,0,0,0,0,0,0
6852,M21711,1,301.0,311.2,145.97933863680572,41.3,16,0,0,0,0,0,0
6853,H36266,2,301.0,311.2,167.76104770169496,32.7,19,0,0,0,0,0,0
6854,L54033,0,300.9,311.1,148.3878930045579,40.7,24,0,0,0,0,0,0
6855,L54034,0,301.0,311.2,158.2315499858059,42.9,26,0,0,0,0,0,0
6856,M21715,1,301.1,311.3,173.20647496791725,30.7,28,0,0,0,0,0,0
6857,M21716,1,301.1,311.3,192.26547039969535,22.8,31,0,0,0,0,0,0
6858,L54037,0,301.1,311.3,169.85544280408814,35.6,34,0,0,0,0,0,0
6859,L54038,0,301.0,311.2,153.62388076054089,45.4,36,0,0,0,0,0,0
6860,M21719,1,301.1,311.3,199.91001252343048,22.7,38,0,0,0,0,0,0
6861,L54040,0,301.1,311.2,200.01473227855016,20.2,41,0,0,0,0,0,0
6862,H36275,2,301.1,311.3,231.1164995490891,16.6,43,0,0,0,0,0,0
6863,M21722,1,301.1,311.2,144.93214108560912,49.4,48,0,0,0,0,0,0
6864,L54043,0,301.1,311.3,170.69320084504542,29.5,51,0,0,0,0,0,0
6865,L54044,0,301.1,311.3,132.7846494917286,60.0,53,0,0,0,0,0,0
6866,L54045,0,301.1,311.4,160.32594508819912,38.7,55,0,0,0,0,0,0
6867,M21726,1,301.0,311.3,152.26252394398531,41.5,57,0,0,0,0,0,0
6868,L54047,0,301.0,311.3,140.53391137058338,50.9,60,0,0,0,0,0,0
6869,L54048,0,301.0,311.2,142.73302622809626,46.3,62,0,0,0,0,0,0
6870,L54049,0,301.0,311.2,147.86429422895958,42.1,64,0,0,0,0,0,0
6871,H36284,2,301.0,311.3,167.23744892609665,39.2,66,0,0,0,0,0,0
6872,L54051,0,301.0,311.3,141.26694965642102,47.0,71,0,0,0,0,0,0
6873,L54052,0,301.0,311.3,154.14747953613917,35.3,73,0,0,0,0,0,0
6874,L54053,0,301.0,311.4,154.77579806685713,39.5,75,0,0,0,0,0,0
6875,H36288,2,300.9,311.3,135.6120828799594,58.9,77,0,0,0,0,0,0
6876,M21735,1,300.8,311.2,166.71385015049836,32.9,82,0,0,0,0,0,0
6877,L54056,0,300.8,311.2,149.7492498211135,54.4,85,0,0,0,0,0,0
6878,M21737,1,300.8,311.2,155.8229956180537,40.1,87,0,0,0,0,0,0
6879,H36292,2,300.9,311.2,158.96458827164355,35.0,90,0,0,0,0,0,0
6880,H36293,2,300.8,311.2,234.25809220267888,17.0,95,0,0,0,0,0,0
6881,M21740,1,300.9,311.3,188.60027897050725,24.6,100,0,0,0,0,0,0
6882,L54061,0,301.0,311.4,164.72417480322483,37.6,103,0,0,0,0,0,0
6883,L54062,0,300.9,311.4,217.0840523630547,21.4,105,0,0,0,0,0,0
6884,L54063,0,300.9,311.3,204.51768174869554,19.4,107,0,0,0,0,0,0
6885,L54064,0,300.8,311.2,156.24187463853238,39.0,109,0,0,0,0,0,0
6886,L54065,0,300.8,311.2,146.2934979021647,48.7,111,0,0,0,0,0,0
6887,M21746,1,300.8,311.3,153.41444125030156,43.2,113,0,0,0,0,0,0
6888,L54067,0,300.8,311.3,186.61060362323371,26.9,116,0,0,0,0,0,0
6889,M21748,1,300.9,311.4,150.1681288415921,45.4,118,0,0,0,0,0,0
6890,H36303,2,300.9,311.4,145.24630035096808,42.7,121,0,0,0,0,0,0
6891,M21750,1,300.9,311.4,160.43066484331877,41.5,126,0,0,0,0,0,0
6892,L54071,0,300.9,311.5,157.60323145508795,41.1,129,0,0,0,0,0,0
6893,L54072,0,301.0,311.6,150.79644737231007,43.3,131,0,0,0,0,0,0
6894,L54073,0,301.0,311.6,153.93804002589985,43.4,133,0,0,0,0,0,0
6895,L54074,0,301.1,311.7,147.44541520848094,46.3,135,0,0,0,0,0,0
6896,M21755,1,301.0,311.6,142.1047076973783,45.6,137,0,0,0,0,0,0
6897,M21756,1,301.0,311.6,152.26252394398531,40.0,140,0,0,0,0,0,0
6898,L54077,0,301.0,311.6,141.58110892178001,63.5,143,0,0,0,0,0,0
6899,M21758,1,301.0,311.6,151.63420541326735,43.9,145,0,0,0,0,0,0
6900,L54079,0,300.9,311.6,174.98671080495149,33.5,148,0,0,0,0,0,0
6901,L54080,0,301.0,311.7,174.8819910498318,31.3,150,0,0,0,0,0,0
6902,L54081,0,301.0,311.7,162.00146117011366,34.5,152,0,0,0,0,0,0
6903,L54082,0,301.0,311.6,152.99556222982292,40.6,154,0,0,0,0,0,0
6904,M21763,1,301.0,311.6,168.49408598753254,35.8,156,0,0,0,0,0,0
6905,M21764,1,300.9,311.5,178.44246272390023,31.3,159,0,0,0,0,0,0
6906,M21765,1,301.0,311.5,162.31562043547265,34.9,162,0,0,0,0,0,0
6907,M21766,1,301.0,311.5,160.22122533307945,43.9,165,0,0,0,0,0,0
6908,L54087,0,300.9,311.3,151.73892516838703,40.2,168,0,0,0,0,0,0
6909,L54088,0,300.9,311.3,168.9129650080112,32.7,170,0,0,0,0,0,0
6910,L54089,0,300.8,311.2,144.09438304465183,48.1,172,0,0,0,0,0,0
6911,L54090,0,300.8,311.2,150.1681288415921,45.6,174,0,0,0,0,0,0
6912,L54091,0,300.8,311.1,154.98523757709646,41.1,176,0,0,0,0,0,0
6913,M21772,1,300.8,311.2,171.11207986552404,31.9,178,0,0,0,0,0,0
6915,H36328,2,300.9,311.3,174.6725515395925,28.9,183,0,0,0,0,0,0
6916,L54095,0,301.0,311.4,155.4041165975751,36.2,188,0,0,0,0,0,0
6917,M21776,1,300.9,311.3,167.8657674568146,31.8,190,0,0,0,0,0,0
6918,L54097,0,301.0,311.4,155.08995733221613,37.5,193,0,0,0,0,0,0
6919,L54098,0,301.0,311.5,163.25809823154958,31.8,195,0,0,0,0,0,0
6920,L54099,0,301.0,311.5,151.21532639278868,39.8,197,0,0,0,0,0,0
6921,M21780,1,301.2,311.6,149.01621153527586,48.0,199,0,0,0,0,0,0
6922,L54101,0,301.1,311.6,149.9586893313528,48.1,202,0,0,0,0,0,0
6923,L54102,0,301.2,311.7,153.20500174006224,48.3,204,0,0,0,0,0,0
6924,L54103,0,301.2,311.7,150.06340908647243,49.3,206,0,0,0,0,0,0
6925,L54104,0,301.2,311.6,152.99556222982292,52.9,208,1,0,0,0,1,0
6926,M21785,1,301.1,311.6,132.57520998148925,55.5,210,0,0,0,0,0,0
6927,H36340,2,301.1,311.6,148.3878930045579,53.4,0,0,0,0,0,0,0
6928,L54107,0,301.1,311.6,155.8229956180537,43.4,5,0,0,0,0,0,0
6929,L54108,0,301.1,311.7,190.17107529730214,24.5,7,0,0,0,0,0,0
6930,M21789,1,301.0,311.6,136.24040141067735,55.0,9,0,0,0,0,0,0
6931,M21790,1,300.9,311.5,192.26547039969535,21.8,12,0,0,0,0,0,0
6932,M21791,1,300.8,311.4,159.2787475370025,39.9,15,0,0,0,0,0,0
6933,L54112,0,300.8,311.4,138.43951626819023,67.2,18,1,0,0,1,0,0
6934,L54113,0,300.8,311.4,156.24187463853238,40.6,20,0,0,0,0,0,0
6935,L54114,0,300.8,311.4,160.8495438637974,40.9,22,0,0,0,0,0,0
6936,L54115,0,300.7,311.2,196.66370011472105,24.3,24,0,0,0,0,0,0
6937,L54116,0,300.6,311.1,154.04275978101953,40.7,26,0,0,0,0,0,0
6938,H36351,2,300.6,311.1,152.053084433746,40.2,28,0,0,0,0,0,0
6939,L54118,0,300.7,311.2,152.053084433746,44.4,33,0,0,0,0,0,0
6940,M21799,1,300.7,311.3,141.16222990130137,53.0,35,0,0,0,0,0,0
6941,H36354,2,300.8,311.4,152.15780418886564,44.6,38,0,0,0,0,0,0
6942,L54121,0,300.8,311.4,137.81119773747227,57.6,43,0,0,0,0,0,0
6943,M21802,1,300.8,311.4,181.37461586725072,26.9,45,0,0,0,0,0,0
6944,L54123,0,300.7,311.3,159.38346729212216,35.2,48,0,0,0,0,0,0
6945,M21804,1,300.7,311.3,155.7182758629341,39.8,50,0,0,0,0,0,0
6946,M21805,1,300.8,311.4,193.94098648160988,22.2,53,0,0,0,0,0,0
6947,L54126,0,300.7,311.2,155.61355610781442,46.8,56,0,0,0,0,0,0
6948,M21807,1,300.7,311.3,163.57225749690858,37.1,58,0,0,0,0,0,0
6949,L54128,0,300.7,311.2,152.57668320934428,51.4,61,0,0,0,0,0,0
6950,M21809,1,300.7,311.2,185.24924680667812,26.5,63,0,0,0,0,0,0
6951,H36364,2,300.7,311.3,143.8849435344125,53.1,66,0,0,0,0,0,0
6952,L54131,0,300.8,311.3,159.59290680236148,43.5,71,0,0,0,0,0,0
6953,L54132,0,300.8,311.3,156.87019316925034,40.2,73,0,0,0,0,0,0
6954,L54133,0,300.8,311.3,153.1002819849426,41.4,75,0,0,0,0,0,0
6955,M21814,1,300.8,311.2,149.64453006599382,52.3,77,0,0,0,0,0,0
6956,L54135,0,300.7,311.2,146.50293741240404,47.9,80,0,0,0,0,0,0
6957,M21816,1,300.8,311.2,150.1681288415921,39.1,82,0,0,0,0,0,0
6958,L54137,0,300.7,311.1,138.64895577842952,52.2,85,0,0,0,0,0,0
6959,L54138,0,300.6,311.0,163.67697725202822,40.7,87,0,0,0,0,0,0
6960,L54139,0,300.6,311.0,161.58258214963502,34.7,89,0,0,0,0,0,0
6962,M21821,1,300.7,311.0,144.30382255489116,41.2,93,0,0,0,0,0,0
6963,M21822,1,300.7,311.1,143.78022377929287,49.9,96,0,0,0,0,0,0
6964,H36377,2,300.7,311.0,207.449834892046,19.9,99,0,0,0,0,0,0
6965,M21824,1,300.7,311.0,132.26105071613028,52.3,104,0,0,0,0,0,0
6966,L54145,0,300.7,311.0,137.3923187169936,52.1,107,0,0,0,0,0,0
6967,L54146,0,300.7,311.0,206.1931978306101,20.7,109,0,0,0,0,0,0
6968,M21827,1,300.8,311.2,142.94246573833559,51.7,111,0,0,0,0,0,0
6969,L54148,0,300.9,311.2,187.34364190907132,25.5,114,0,0,0,0,0,0
6970,M21829,1,300.8,311.1,165.77137235442143,32.1,116,0,0,0,0,0,0
6971,L54150,0,300.7,311.0,150.37756835183143,44.9,119,0,0,0,0,0,0
6972,M21831,1,300.7,311.0,163.25809823154958,42.8,121,0,0,0,0,0,0
6973,L54152,0,300.7,311.0,144.1991027997715,49.9,124,0,0,0,0,0,0
6974,L54153,0,300.7,311.0,153.1002819849426,41.9,126,0,0,0,0,0,0
6975,L54154,0,300.7,311.0,138.02063724771156,48.2,128,0,0,0,0,0,0
6976,M21835,1,300.7,311.0,144.30382255489116,51.6,130,0,0,0,0,0,0
6977,L54156,0,300.6,310.9,140.74335088082273,46.7,133,0,0,0,0,0,0
6978,L54157,0,300.7,311.1,248.91885791943125,14.3,135,0,0,0,0,0,0
6979,L54158,0,300.7,311.1,149.4350905557545,50.3,137,0,0,0,0,0,0
6980,L54159,0,300.9,311.2,141.68582867689966,60.4,139,0,0,0,0,0,0
6981,L54160,0,300.8,311.3,157.60323145508795,45.5,141,0,0,0,0,0,0
6982,H36395,2,300.8,311.2,168.80824525289154,32.5,143,0,0,0,0,0,0
6983,L54162,0,300.7,311.1,150.79644737231007,43.0,148,0,0,0,0,0,0
6984,M21843,1,300.7,311.0,139.69615332962613,53.9,150,0,0,0,0,0,0
6985,M21844,1,300.7,311.0,178.65190223413956,25.0,153,0,0,0,0,0,0
6986,H36399,2,300.8,311.1,177.81414419318227,24.8,156,0,0,0,0,0,0
6987,L54166,0,300.7,311.1,176.7669466419857,30.7,161,0,0,0,0,0,0
6988,L54167,0,300.7,311.1,255.20204322661087,13.8,163,0,0,0,0,0,0
6989,L54168,0,300.7,311.1,154.77579806685713,46.8,165,0,0,0,0,0,0
6990,M21849,1,300.7,311.1,168.38936623241293,35.3,167,0,0,0,0,0,0
6991,L54170,0,300.7,311.1,259.49555318651693,13.4,170,1,0,0,1,0,0
6992,L54171,0,300.8,311.1,158.0221104755666,33.4,172,0,0,0,0,0,0
6993,L54172,0,300.7,311.0,167.13272917097697,36.9,174,0,0,0,0,0,0
6994,M21853,1,300.7,311.0,182.212373908208,25.6,176,0,0,0,0,0,0
6995,L54174,0,300.6,310.8,143.98966328953216,53.2,179,0,0,0,0,0,0
6996,M21855,1,300.6,310.7,178.5471824790199,31.2,181,0,0,0,0,0,0
6997,M21856,1,300.5,310.6,169.7507230489685,32.0,184,0,0,0,0,0,0
6998,M21857,1,300.6,310.7,163.9911365173872,38.2,187,0,0,0,0,0,0
6999,M21858,1,300.6,310.7,145.35102010608776,42.9,190,0,0,0,0,0,0
7000,M21859,1,300.6,310.7,152.57668320934428,36.7,193,0,0,0,0,0,0
7001,M21860,1,300.6,310.6,153.20500174006224,45.5,196,0,0,0,0,0,0
7002,L54181,0,300.5,310.5,163.7816970071479,38.2,199,0,0,0,0,0,0
7003,H36416,2,300.5,310.6,147.75957447383993,47.2,201,0,0,0,0,0,0
7004,L54183,0,300.5,310.6,161.26842288427605,46.7,206,0,0,0,0,0,0
7005,L54184,0,300.5,310.6,204.20352248333657,20.3,208,0,0,0,0,0,0
7006,M21865,1,300.6,310.7,140.21975210522444,52.9,0,0,0,0,0,0,0
7007,H36420,2,300.6,310.6,148.59733251479722,39.6,3,0,0,0,0,0,0
7008,L54187,0,300.5,310.6,156.97491292437,45.2,8,0,0,0,0,0,0
7009,L54188,0,300.5,310.6,143.25662500369455,49.6,10,0,0,0,0,0,0
7010,L54189,0,300.5,310.5,160.8495438637974,36.2,12,0,0,0,0,0,0
7011,M21870,1,300.5,310.5,153.83332027078018,42.9,14,0,0,0,0,0,0
7012,L54191,0,300.5,310.5,275.7271152300642,12.2,17,1,0,0,1,0,0
7013,L54192,0,300.4,310.4,135.92624214531838,61.4,19,0,0,0,0,0,0
7014,M21873,1,300.4,310.4,161.6873019047547,36.3,21,0,0,0,0,0,0
7015,H36428,2,300.5,310.5,146.92181643288265,47.7,24,0,0,0,0,0,0
7016,L54195,0,300.5,310.5,152.053084433746,42.9,29,0,0,0,0,0,0
7017,L54196,0,300.6,310.5,158.0221104755666,43.1,31,0,0,0,0,0,0
7018,M21877,1,300.7,310.6,154.35691904637852,37.0,33,0,0,0,0,0,0
7019,M21878,1,300.7,310.7,144.1991027997715,46.7,36,0,0,0,0,0,0
7020,L54199,0,300.8,310.8,182.31709366332768,27.1,39,0,0,0,0,0,0
7021,L54200,0,300.8,310.8,152.89084247470328,53.8,41,0,0,0,0,0,0
7022,H36435,2,300.7,310.6,170.79792060016507,32.6,43,0,0,0,0,0,0
7023,L54202,0,300.7,310.5,163.4675377417889,33.2,48,0,0,0,0,0,0
7024,M21883,1,300.7,310.6,164.61945504810515,38.5,50,0,0,0,0,0,0
7025,L54204,0,300.6,310.6,222.73891913951633,18.7,53,0,0,0,0,0,0
7026,H36439,2,300.6,310.6,151.63420541326735,44.7,55,0,0,0,0,0,0
7027,L54206,0,300.6,310.7,161.58258214963502,39.6,60,0,0,0,0,0,0
7028,L54207,0,300.6,310.6,157.91739072044692,34.8,62,0,0,0,0,0,0
7029,M21888,1,300.6,310.6,146.92181643288265,50.4,64,0,0,0,0,0,0
7030,L54209,0,300.6,310.6,152.26252394398531,39.7,67,0,0,0,0,0,0
7031,L54210,0,300.7,310.8,185.5634060720371,27.3,69,0,0,0,0,0,0
7032,L54211,0,300.7,310.8,154.8805178219768,49.1,71,0,0,0,0,0,0
7033,L54212,0,300.7,310.9,180.43213807117377,31.0,73,0,0,0,0,0,0
7034,M21893,1,300.7,310.8,153.83332027078018,46.4,75,0,0,0,0,0,0
7035,H36448,2,300.6,310.6,191.63715186897738,26.2,78,0,0,0,0,0,0
7036,L54215,0,300.6,310.6,156.76547341413067,38.2,83,0,0,0,0,0,0
7037,L54216,0,300.7,310.6,161.26842288427605,52.7,85,0,0,0,0,0,0
7038,L54217,0,300.6,310.6,158.54570925116488,39.5,87,0,0,0,0,0,0
7039,L54218,0,300.7,310.6,173.20647496791725,34.2,89,0,0,0,0,0,0
7040,H36453,2,300.6,310.5,159.0693080267632,37.0,91,0,0,0,0,0,0
7041,L54220,0,300.7,310.6,180.1179788058148,30.3,96,0,0,0,0,0,0
7042,L54221,0,300.6,310.5,153.93804002589985,37.7,98,0,0,0,0,0,0
7043,L54222,0,300.6,310.5,171.94983790648132,29.9,100,0,0,0,0,0,0
7044,M21903,1,300.7,310.6,210.0678287700375,19.1,102,0,0,0,0,0,0
7045,M21904,1,300.7,310.6,157.60323145508795,35.6,105,0,0,0,0,0,0
7046,M21905,1,300.7,310.6,168.49408598753254,27.6,108,0,0,0,0,0,0
7047,M21906,1,300.7,310.5,195.09290378792613,22.2,111,0,0,0,0,0,0
7048,L54227,0,300.6,310.4,146.71237692264333,42.6,114,0,0,0,0,0,0
7049,L54228,0,300.6,310.4,210.17254852515717,19.8,116,0,0,0,0,0,0
7050,L54229,0,300.6,310.4,156.4513141487717,47.3,118,0,0,0,0,0,0
7051,L54230,0,300.6,310.4,152.57668320934428,47.7,120,0,0,0,0,0,0
7052,L54231,0,300.6,310.4,162.94393896619061,37.7,122,0,0,0,0,0,0
7053,H36466,2,300.6,310.4,158.12683023068624,42.8,124,0,0,0,0,0,0
7054,H36467,2,300.7,310.5,164.09585627250686,38.7,129,0,0,0,0,0,0
7055,H36468,2,300.7,310.5,154.5663585566178,43.1,134,0,0,0,0,0,0
7056,L54235,0,300.8,310.6,174.1489527639942,30.6,139,0,0,0,0,0,0
7057,M21916,1,300.8,310.5,147.5501349636006,50.6,141,0,0,0,0,0,0
7058,L54237,0,300.8,310.6,174.46311202935317,36.2,144,0,0,0,0,0,0
7059,L54238,0,300.7,310.6,159.17402778188284,45.9,146,0,0,0,0,0,0
7060,L54239,0,300.6,310.5,172.15927741672067,33.8,148,0,0,0,0,0,0
7061,H36474,2,300.6,310.4,154.8805178219768,35.6,150,0,0,0,0,0,0
7062,L54241,0,300.6,310.4,151.42476590302803,49.7,155,0,0,0,0,0,0
7063,M21922,1,300.6,310.4,147.3406954533613,51.1,157,0,0,0,0,0,0
7064,L54243,0,300.7,310.4,129.22417781766015,51.7,160,0,0,0,0,0,0
7065,M21924,1,300.8,310.5,177.60470468294298,29.7,162,0,0,0,0,0,0
7066,L54245,0,300.8,310.6,144.93214108560912,52.9,165,0,0,0,0,0,0
7067,M21926,1,300.8,310.7,164.61945504810515,36.2,167,0,0,0,0,0,0
7068,M21927,1,300.8,310.7,145.14158059584844,42.1,170,0,0,0,0,0,0
7069,L54248,0,300.8,310.7,152.99556222982292,42.8,173,0,0,0,0,0,0
7070,L54249,0,300.8,310.7,159.69762655748116,39.4,175,0,0,0,0,0,0
7071,L54250,0,300.7,310.7,139.59143357450648,61.0,177,0,0,0,0,0,0
7072,H36485,2,300.7,310.6,157.60323145508795,40.6,179,0,0,0,0,0,0
7073,M21932,1,300.7,310.6,150.6917276171904,41.7,184,0,0,0,0,0,0
7074,L54253,0,300.7,310.6,156.1371548834127,43.2,187,0,0,0,0,0,0
7075,M21934,1,300.7,310.6,155.8229956180537,39.2,189,0,0,0,0,0,0
7076,L54255,0,300.7,310.5,160.8495438637974,47.4,192,0,0,0,0,0,0
7077,L54256,0,300.7,310.5,205.25072003453315,21.0,194,0,0,0,0,0,0
7078,M21937,1,300.7,310.5,166.92328966073768,31.0,196,0,0,0,0,0,0
7079,L54258,0,300.7,310.5,142.1047076973783,52.6,199,0,0,0,0,0,0
7080,L54259,0,300.7,310.5,151.32004614790836,41.1,201,0,0,0,0,0,0
7081,L54260,0,300.7,310.4,161.58258214963502,47.3,203,0,0,0,0,0,0
7082,L54261,0,300.7,310.4,143.04718549345526,52.6,205,0,0,0,0,0,0
7083,L54262,0,300.7,310.3,152.68140296446393,40.0,207,0,0,0,0,0,0
7084,L54263,0,300.7,310.4,148.28317324943825,61.8,209,1,0,0,1,1,0
7085,L54264,0,300.6,310.3,187.8672406846696,24.4,211,0,0,0,0,0,0
7086,L54265,0,300.6,310.3,155.4041165975751,41.0,213,0,0,0,0,0,0
7087,L54266,0,300.6,310.4,263.26546437082465,13.4,215,0,0,0,0,0,0
7088,L54267,0,300.6,310.3,172.57815643719928,30.5,217,1,1,0,0,0,0
7089,M21948,1,300.6,310.3,169.0176847631309,32.7,0,0,0,0,0,0,0
7090,L54269,0,300.6,310.2,169.85544280408814,34.1,3,0,0,0,0,0,0
7091,M21950,1,300.6,310.2,154.77579806685713,40.1,5,0,0,0,0,0,0
7092,L54271,0,300.6,310.2,138.02063724771156,51.0,8,0,0,0,0,0,0
7093,L54272,0,300.7,310.2,156.34659439365205,35.9,10,0,0,0,0,0,0
7094,H36507,2,300.7,310.3,143.36134475881423,50.7,12,0,0,0,0,0,0
7095,L54274,0,300.6,310.2,151.52948565814768,45.9,17,0,0,0,0,0,0
7096,L54275,0,300.6,310.1,155.50883635269477,49.9,19,0,0,0,0,0,0
7097,L54276,0,300.6,310.2,155.92771537317338,47.8,21,0,0,0,0,0,0
7098,M21957,1,300.6,310.2,129.1194580625405,52.3,23,0,0,0,0,0,0
7099,L54278,0,300.7,310.2,171.94983790648132,32.6,26,0,0,0,0,0,0
7100,M21959,1,300.7,310.2,143.78022377929287,44.1,28,0,0,0,0,0,0
7101,L54280,0,300.7,310.2,164.30529578274619,32.8,31,0,0,0,0,0,0
7102,L54281,0,300.8,310.2,193.73154697137056,22.8,33,0,0,0,0,0,0
7103,M21962,1,300.8,310.3,156.4513141487717,42.2,35,0,0,0,0,0,0
7104,H36517,2,300.8,310.3,186.0870048476354,30.1,38,0,0,0,0,0,0
7105,L54284,0,300.9,310.4,152.26252394398531,43.1,43,0,0,0,0,0,0
7106,L54285,0,300.9,310.4,160.8495438637974,34.2,45,0,0,0,0,0,0
7107,L54286,0,300.8,310.5,155.19467708733578,39.0,47,0,0,0,0,0,0
7108,H36521,2,300.9,310.5,158.3362697409256,41.2,49,0,0,0,0,0,0
7109,M21968,1,300.8,310.5,158.2315499858059,35.8,54,0,0,0,0,0,0
7110,L54289,0,300.9,310.5,167.44688843633597,40.5,57,0,0,0,0,0,0
7111,M21970,1,300.8,310.4,158.96458827164355,36.0,59,0,0,0,0,0,0
7112,M21971,1,300.8,310.4,151.84364492350664,39.4,62,0,0,0,0,0,0
7113,L54292,0,300.9,310.4,149.4350905557545,47.0,65,0,0,0,0,0,0
7114,L54293,0,300.9,310.4,163.4675377417889,32.7,67,0,0,0,0,0,0
7115,H36528,2,300.9,310.4,152.57668320934428,43.8,69,0,0,0,0,0,0
7116,M21975,1,301.0,310.6,152.89084247470328,53.6,74,0,0,0,0,0,0
7117,L54296,0,301.0,310.5,167.6563279465753,33.2,77,0,0,0,0,0,0
7118,L54297,0,300.9,310.5,164.41001553786586,40.1,79,0,0,0,0,0,0
7119,L54298,0,300.9,310.5,163.88641676226752,35.9,81,0,0,0,0,0,0
7120,L54299,0,301.0,310.5,144.30382255489116,44.4,83,0,0,0,0,0,0
7121,L54300,0,300.9,310.5,239.59879971378155,16.1,85,0,0,0,0,0,0
7122,M21981,1,300.9,310.4,143.98966328953216,44.7,87,0,0,0,0,0,0
7123,L54302,0,300.9,310.4,187.23892215395165,27.8,90,0,0,0,0,0,0
7124,M21983,1,300.9,310.4,165.0383340685838,40.4,92,0,0,0,0,0,0
7125,M21984,1,300.8,310.3,195.61650256352445,24.5,95,0,0,0,0,0,0
7126,L54305,0,300.7,310.1,132.05161120589096,56.6,98,0,0,0,0,0,0
7127,M21986,1,300.6,310.0,161.47786239451537,33.9,100,0,0,0,0,0,0
7128,L54307,0,300.6,310.0,150.58700786207075,53.8,103,0,0,0,0,0,0
7129,L54308,0,300.6,310.0,158.2315499858059,36.9,105,0,0,0,0,0,0
7130,L54309,0,300.6,310.0,171.2167996206437,31.0,107,0,0,0,0,0,0
7131,L54310,0,300.6,309.9,149.53981031087415,48.8,109,0,0,0,0,0,0
7132,M21991,1,300.5,309.8,147.6548547187203,44.4,111,0,0,0,0,0,0
7133,L54312,0,300.5,309.9,149.01621153527586,47.9,114,0,0,0,0,0,0
7134,M21993,1,300.5,309.9,162.52505994571194,41.3,116,0,0,0,0,0,0
7135,M21994,1,300.5,310.0,147.23597569824162,50.2,119,0,0,0,0,0,0
7136,L54315,0,300.5,309.9,151.11060663766906,48.3,122,0,0,0,0,0,0
7137,M21996,1,300.5,309.9,140.63863112570306,63.7,124,0,0,0,0,0,0
7138,M21997,1,300.6,310.0,155.61355610781442,41.2,127,0,0,0,0,0,0
7139,L54318,0,300.6,310.1,135.82152239019874,50.0,130,0,0,0,0,0,0
7140,L54319,0,300.6,310.1,156.55603390389135,42.3,132,0,0,0,0,0,0
7141,L54320,0,300.5,309.9,144.7227015753698,46.5,134,0,0,0,0,0,0
7142,M22001,1,300.4,309.8,141.99998794225863,44.4,136,0,0,0,0,0,0
7143,H36556,2,300.3,309.7,152.053084433746,41.5,139,0,0,0,0,0,0
7144,H36557,2,300.3,309.7,165.66665259930176,30.8,144,0,0,0,0,0,0
7145,M22004,1,300.4,309.8,158.85986851652387,40.3,149,0,0,0,0,0,0
7146,L54325,0,300.5,310.0,147.96901398407925,44.5,152,0,0,0,0,0,0
7147,L54326,0,300.4,309.9,156.66075365901102,31.8,154,0,0,0,0,0,0
7148,L54327,0,300.3,309.8,153.5191610054212,41.2,156,0,0,0,0,0,0
7149,M22008,1,300.3,309.8,169.33184402848985,40.8,158,0,0,0,0,0,0
7150,L54329,0,300.2,309.8,157.70795121020763,41.8,161,0,0,0,0,0,0
7151,L54330,0,300.2,309.8,146.71237692264333,49.3,163,0,0,0,0,0,0
7152,H36565,2,300.2,309.9,199.59585325807154,22.9,165,0,0,0,0,0,0
7153,L54332,0,300.2,309.9,163.9911365173872,36.4,170,0,0,0,0,0,0
7154,L54333,0,300.2,310.0,156.34659439365205,47.3,172,0,0,0,0,0,0
7155,L54334,0,300.3,310.1,155.29939684245542,39.9,174,0,0,0,0,0,0
7156,M22015,1,300.2,309.9,164.30529578274619,31.2,176,0,0,0,0,0,0
7157,M22016,1,300.2,310.0,174.25367251911388,30.7,179,0,0,0,0,0,0
7158,L54337,0,300.2,310.0,155.61355610781442,40.1,182,0,0,0,0,0,0
7159,L54338,0,300.2,310.0,145.4557398612074,53.6,184,0,0,0,0,0,0
7160,L54339,0,300.1,310.0,158.2315499858059,41.7,186,0,0,0,0,0,0
7161,M22020,1,300.2,310.1,155.50883635269477,40.5,188,0,0,0,0,0,0
7162,L54341,0,300.2,310.2,150.79644737231007,42.9,191,0,0,0,0,0,0
7163,L54342,0,300.2,310.2,144.30382255489116,43.9,193,0,0,0,0,0,0
7164,M22023,1,300.1,310.1,157.1843524346093,39.3,195,0,0,0,0,0,0
7165,M22024,1,300.2,310.1,154.35691904637852,44.0,198,0,0,0,0,0,0
7166,L54345,0,300.2,310.1,145.7698991265664,47.9,201,0,0,0,0,0,0
7167,M22026,1,300.3,310.2,149.64453006599382,44.7,203,0,0,0,0,0,0
7168,L54347,0,300.3,310.3,142.6283064729766,60.3,206,1,0,0,0,1,0
7169,L54348,0,300.3,310.3,178.44246272390023,29.5,0,0,0,0,0,0,0
7170,L54349,0,300.3,310.2,156.24187463853238,52.3,2,0,0,0,0,0,0
7171,M22030,1,300.3,310.2,151.0058868825494,39.5,4,0,0,0,0,0,0
7172,M22031,1,300.2,310.2,150.58700786207075,51.5,7,0,0,0,0,0,0
7173,M22032,1,300.1,310.1,146.817096677763,46.6,10,0,0,0,0,0,0
7174,L54353,0,300.1,310.1,176.34806762150706,30.8,13,0,0,0,0,0,0
7175,L54354,0,300.2,310.2,160.22122533307945,48.5,15,0,0,0,0,0,0
7176,L54355,0,300.1,310.1,164.30529578274619,43.5,17,0,0,0,0,0,0
7177,L54356,0,300.1,310.1,172.78759594743863,31.6,19,0,0,0,0,0,0
7178,L54357,0,300.2,310.2,148.17845349431857,49.6,21,0,0,0,0,0,0
7179,L54358,0,300.2,310.2,167.55160819145564,31.5,23,0,0,0,0,0,0
7180,L54359,0,300.2,310.1,159.48818704724184,42.3,25,0,0,0,0,0,0
7181,M22040,1,300.2,310.2,170.4837613348061,30.3,27,0,0,0,0,0,0
7182,L54361,0,300.2,310.3,139.38199406426713,52.1,30,0,0,0,0,0,0
7183,L54362,0,300.3,310.3,225.98523154822578,16.8,32,0,0,0,0,0,0
7184,L54363,0,300.2,310.3,151.32004614790836,50.9,34,0,0,0,0,0,0
7185,M22044,1,300.2,310.3,166.818569905618,36.1,36,0,0,0,0,0,0
7186,L54365,0,300.3,310.4,175.09143056007116,29.2,39,0,0,0,0,0,0
7187,M22046,1,300.4,310.5,172.15927741672067,31.4,41,0,0,0,0,0,0
7188,L54367,0,300.4,310.5,146.817096677763,54.3,44,0,0,0,0,0,0
7189,L54368,0,300.4,310.4,134.66960508388246,56.8,46,0,0,0,0,0,0
7190,L54369,0,300.4,310.4,155.61355610781442,46.3,48,0,0,0,0,0,0
7191,L54370,0,300.3,310.3,140.84807063594238,46.3,50,0,0,0,0,0,0
7192,L54371,0,300.3,310.3,170.58848108992575,34.1,52,0,0,0,0,0,0
7193,M22052,1,300.2,310.2,149.64453006599382,43.8,54,0,0,0,0,0,0
7194,L54373,0,300.1,310.1,136.76400018627567,64.7,57,0,0,0,0,0,0
7195,L54374,0,300.1,310.1,144.5132620651305,52.6,59,0,0,0,0,0,0
7196,M22055,1,300.1,310.1,151.11060663766906,49.3,61,0,0,0,0,0,0
7197,H36610,2,300.1,310.1,149.33037080063482,42.7,64,0,0,0,0,0,0
7198,L54377,0,300.0,310.0,155.61355610781442,41.8,69,0,0,0,0,0,0
7199,M22058,1,300.0,309.9,160.22122533307945,34.5,71,0,0,0,0,0,0
7200,L54379,0,300.0,309.9,157.8126709653273,41.4,74,0,0,0,0,0,0
7201,L54380,0,300.0,309.9,168.38936623241293,33.4,76,0,0,0,0,0,0
7202,L54381,0,300.0,309.8,154.35691904637852,40.6,78,0,0,0,0,0,0
7203,L54382,0,300.0,309.7,138.85839528866885,61.9,80,0,0,0,0,0,0
7204,M22063,1,299.8,309.6,150.1681288415921,48.0,82,0,0,0,0,0,0
7205,L54384,0,299.8,309.6,159.80234631260083,41.7,85,0,0,0,0,0,0
7206,L54385,0,299.8,309.7,155.29939684245542,39.6,87,0,0,0,0,0,0
7207,L54386,0,299.8,309.7,152.57668320934428,51.9,89,0,0,0,0,0,0
7208,M22067,1,299.7,309.6,161.26842288427605,34.4,91,0,0,0,0,0,0
7209,L54388,0,299.8,309.7,178.75662198925923,29.1,94,0,0,0,0,0,0
7210,L54389,0,299.8,309.7,170.06488231432746,34.2,96,0,0,0,0,0,0
7211,M22070,1,299.8,309.6,139.38199406426713,50.2,98,0,0,0,0,0,0
7212,L54391,0,299.8,309.7,149.8539695762331,40.3,101,0,0,0,0,0,0
7213,M22072,1,299.8,309.7,178.5471824790199,28.5,103,0,0,0,0,0,0
7214,M22073,1,299.8,309.8,149.4350905557545,45.2,106,0,0,0,0,0,0
7215,M22074,1,299.9,309.8,170.16960206944714,41.2,109,0,0,0,0,0,0
7216,L54395,0,299.9,309.8,154.67107831173746,47.7,112,0,0,0,0,0,0
7217,M22076,1,300.0,309.9,172.89231570255828,28.1,114,0,0,0,0,0,0
7218,L54397,0,299.9,309.8,179.6990997853362,28.2,117,0,0,0,0,0,0
7219,H36632,2,299.9,309.8,146.60765716752366,48.7,119,0,0,0,0,0,0
7220,M22079,1,299.8,309.7,162.94393896619061,37.7,124,0,0,0,0,0,0
7221,L54400,0,299.8,309.7,149.64453006599382,42.6,127,0,0,0,0,0,0
7222,H36635,2,299.7,309.6,150.06340908647243,49.6,129,0,0,0,0,0,0
7223,M22082,1,299.8,309.7,138.23007675795088,61.7,134,0,0,0,0,0,0
7224,L54403,0,299.8,309.6,143.8849435344125,51.6,137,0,0,0,0,0,0
7225,L54404,0,299.8,309.6,167.3421686812163,31.0,139,0,0,0,0,0,0
7226,M22085,1,299.8,309.7,200.01473227855016,21.8,141,0,0,0,0,0,0
7227,L54406,0,299.7,309.6,146.50293741240404,51.3,144,0,0,0,0,0,0
7228,L54407,0,299.7,309.6,180.1179788058148,27.1,146,0,0,0,0,0,0
7229,H36642,2,299.8,309.7,143.25662500369455,47.4,148,0,0,0,0,0,0
7230,L54409,0,299.8,309.8,183.15485170428494,33.4,153,0,0,0,0,0,0
7231,L54410,0,299.8,309.8,161.47786239451537,39.4,155,0,0,0,0,0,0
7232,L54411,0,299.8,309.9,162.62977970083162,36.6,157,0,0,0,0,0,0
7233,M22092,1,299.9,309.9,171.63567864112238,42.1,159,0,0,0,0,0,0
7234,L54413,0,299.9,310.0,151.52948565814768,45.9,162,0,0,0,0,0,0
7235,M22094,1,299.8,310.0,146.2934979021647,48.1,164,0,0,0,0,0,0
7236,L54415,0,299.8,310.0,142.52358671785697,53.8,167,0,0,0,0,0,0
7237,M22096,1,299.8,310.0,152.89084247470328,37.1,169,0,0,0,0,0,0
7238,M22097,1,299.8,310.0,170.90264035528475,33.7,172,0,0,0,0,0,0
7239,L54418,0,299.8,310.0,177.70942443806265,36.0,175,0,0,0,0,0,0
7240,L54419,0,299.8,310.1,162.62977970083162,42.0,177,0,0,0,0,0,0
7241,M22100,1,299.9,310.1,142.6283064729766,56.3,179,0,0,0,0,0,0
7242,M22101,1,299.9,310.0,155.4041165975751,42.1,182,0,0,0,0,0,0
7243,H36656,2,299.9,310.1,151.52948565814768,51.4,185,0,0,0,0,0,0
7244,M22103,1,300.0,310.2,145.87461888168605,51.2,190,0,0,0,0,0,0
7245,L54424,0,300.0,310.2,184.30676901060122,26.9,193,0,0,0,0,0,0
7246,L54425,0,300.0,310.1,154.67107831173746,34.6,195,0,0,0,0,0,0
7247,L54426,0,299.9,310.1,176.03390835614806,29.1,197,0,0,0,0,0,0
7248,M22107,1,300.0,310.1,137.60175822723295,53.5,199,0,0,0,0,0,0
7249,L54428,0,300.0,310.1,184.5162085208405,28.0,202,0,0,0,0,0,0
7250,L54429,0,299.9,310.0,146.817096677763,44.7,204,0,0,0,0,0,0
7251,M22110,1,300.1,310.2,149.64453006599382,42.0,206,0,0,0,0,0,0
7252,M22111,1,300.2,310.3,151.63420541326735,40.1,209,0,0,0,0,0,0
7253,H36666,2,300.2,310.4,157.1843524346093,42.9,212,0,0,0,0,0,0
7254,L54433,0,300.3,310.5,159.38346729212216,39.1,217,0,0,0,0,0,0
7255,L54434,0,300.3,310.4,156.34659439365205,37.5,219,0,0,0,0,0,0
7256,M22115,1,300.2,310.3,178.44246272390023,29.4,221,0,0,0,0,0,0
7257,H36670,2,300.2,310.3,147.44541520848094,42.5,0,0,0,0,0,0,0
7258,L54437,0,300.2,310.4,158.96458827164355,41.8,5,0,0,0,0,0,0
7259,L54438,0,300.3,310.4,182.4218134184473,25.9,7,0,0,0,0,0,0
7260,M22119,1,300.4,310.5,157.07963267948966,43.0,9,0,0,0,0,0,0
7261,L54440,0,300.4,310.5,253.84068641005527,14.5,12,0,0,0,0,0,0
7262,L54441,0,300.4,310.5,190.3805148075415,25.1,14,0,0,0,0,0,0
7263,M22122,1,300.4,310.6,161.79202165987437,35.6,16,0,0,0,0,0,0
7264,L54443,0,300.4,310.6,149.64453006599382,46.9,19,0,0,0,0,0,0
7265,M22124,1,300.4,310.6,151.63420541326735,44.9,21,0,0,0,0,0,0
7266,L54445,0,300.4,310.6,144.93214108560912,48.7,24,0,0,0,0,0,0
7267,L54446,0,300.4,310.5,165.24777357882311,32.8,26,0,0,0,0,0,0
7268,L54447,0,300.5,310.5,177.4999849278233,26.7,28,0,0,0,0,0,0
7269,L54448,0,300.5,310.6,161.58258214963502,36.2,30,0,0,0,0,0,0
7270,M22129,1,300.4,310.5,161.26842288427605,33.4,32,0,0,0,0,0,0
7271,L54450,0,300.2,310.4,189.33331725634486,25.8,35,0,0,0,0,0,0
7272,M22131,1,300.3,310.4,135.4026433697201,49.7,37,0,0,0,0,0,0
7273,L54452,0,300.2,310.3,125.87314565383105,59.5,40,0,0,0,0,0,0
7274,M22133,1,300.2,310.3,178.44246272390023,29.2,42,0,0,0,0,0,0
7275,M22134,1,300.2,310.3,154.77579806685713,38.1,45,0,0,0,0,0,0
7276,L54455,0,300.2,310.3,158.54570925116488,38.7,48,0,0,0,0,0,0
7277,M22136,1,300.1,310.3,141.3716694115407,48.8,50,0,0,0,0,0,0
7278,L54457,0,300.1,310.2,154.46163880149817,54.2,53,0,0,0,0,0,0
7279,H36692,2,300.0,310.1,179.48966027509684,28.7,55,0,0,0,0,0,0
7280,L54459,0,300.0,310.1,153.41444125030156,40.9,60,0,0,0,0,0,0
7281,L54460,0,299.9,310.2,134.87904459412178,69.6,62,1,0,0,1,0,0
7282,L54461,0,300.0,310.2,175.40558982543013,29.7,64,0,0,0,0,0,0
7283,L54462,0,300.0,310.2,155.61355610781442,36.4,66,0,0,0,0,0,0
7284,M22143,1,300.0,310.2,151.11060663766906,58.7,68,0,0,0,0,0,0
7285,M22144,1,300.1,310.3,140.84807063594238,57.1,71,0,0,0,0,0,0
7286,M22145,1,300.2,310.4,125.87314565383105,61.7,74,0,0,0,0,0,0
7287,M22146,1,300.1,310.4,154.98523757709646,37.1,77,0,0,0,0,0,0
7288,M22147,1,300.2,310.4,160.22122533307945,35.7,80,0,0,0,0,0,0
7289,M22148,1,300.2,310.6,207.65927440228532,20.8,83,0,0,0,0,0,0
7290,L54469,0,300.3,310.6,150.06340908647243,53.8,86,0,0,0,0,0,0
7291,L54470,0,300.3,310.6,189.12387774610553,24.4,88,0,0,0,0,0,0
7292,L54471,0,300.2,310.5,148.28317324943825,46.7,90,0,0,0,0,0,0
7293,M22152,1,300.1,310.4,162.94393896619061,38.1,92,0,0,0,0,0,0
7294,L54473,0,300.1,310.5,170.37904157968646,29.2,95,0,0,0,0,0,0
7295,L54474,0,300.1,310.6,189.43803701146453,24.3,97,0,0,0,0,0,0
7296,M22155,1,300.1,310.5,139.17255455402784,57.4,99,0,0,0,0,0,0
7297,H36710,2,300.0,310.4,196.97785938008005,21.9,102,0,0,0,0,0,0
7298,L54477,0,300.1,310.5,157.07963267948966,39.8,107,0,0,0,0,0,0
7299,L54478,0,300.1,310.5,160.43066484331877,36.0,109,0,0,0,0,0,0
7300,L54479,0,300.1,310.5,156.24187463853238,50.9,111,0,0,0,0,0,0
7301,L54480,0,300.2,310.6,149.8539695762331,42.3,113,0,0,0,0,0,0
7302,L54481,0,300.1,310.4,162.73449945595127,39.4,115,0,0,0,0,0,0
7303,L54482,0,300.1,310.5,156.4513141487717,44.2,117,0,0,0,0,0,0
7304,L54483,0,300.1,310.6,143.8849435344125,45.4,119,0,0,0,0,0,0
7305,L54484,0,300.1,310.5,145.97933863680572,44.3,121,0,0,0,0,0,0
7306,M22165,1,300.0,310.5,187.448361664191,25.7,123,0,0,0,0,0,0
7307,L54486,0,300.1,310.5,141.99998794225863,45.8,126,0,0,0,0,0,0
7308,M22167,1,300.0,310.4,145.0368608407288,52.1,128,0,0,0,0,0,0
7309,L54488,0,300.0,310.4,139.59143357450648,49.1,131,0,0,0,0,0,0
7310,L54489,0,300.0,310.4,157.60323145508795,44.9,133,0,0,0,0,0,0
7311,L54490,0,300.0,310.5,168.1799267221736,33.5,135,0,0,0,0,0,0
7312,H36725,2,300.0,310.5,163.1533784764299,36.7,137,0,0,0,0,0,0
7313,L54492,0,300.0,310.5,147.86429422895958,52.4,142,0,0,0,0,0,0
7314,L54493,0,299.9,310.4,147.44541520848094,38.4,144,0,0,0,0,0,0
7315,L54494,0,299.9,310.3,132.7846494917286,53.3,146,0,0,0,0,0,0
7316,L54495,0,299.9,310.4,153.93804002589985,50.0,148,0,0,0,0,0,0
7317,L54496,0,299.9,310.4,156.76547341413067,47.0,150,0,0,0,0,0,0
7318,L54497,0,299.9,310.3,171.5309588860027,29.1,152,0,0,0,0,0,0
7319,H36732,2,299.9,310.3,160.74482410867773,43.9,154,0,0,0,0,0,0
7320,L54499,0,299.8,310.2,173.20647496791725,32.7,159,0,0,0,0,0,0
7321,H36734,2,299.8,310.2,147.75957447383993,49.7,161,0,0,0,0,0,0
7322,L54501,0,299.8,310.2,200.11945203366983,23.5,166,0,0,0,0,0,0
7323,H36736,2,299.8,310.2,164.72417480322483,33.3,168,0,0,0,0,0,0
7324,L54503,0,299.9,310.2,154.8805178219768,46.3,173,0,0,0,0,0,0
7325,M22184,1,299.9,310.4,190.58995431778078,26.6,175,0,0,0,0,0,0
7326,L54505,0,299.9,310.4,148.59733251479722,45.7,178,0,0,0,0,0,0
7327,M22186,1,299.9,310.5,139.8008730847458,52.9,180,0,0,0,0,0,0
7328,M22187,1,299.9,310.5,165.0383340685838,39.4,183,0,0,0,0,0,0
7329,L54508,0,300.0,310.5,158.85986851652387,42.2,186,0,0,0,0,0,0
7330,M22189,1,299.9,310.4,165.0383340685838,34.3,188,0,0,0,0,0,0
7331,H36744,2,299.8,310.2,160.95426361891708,36.6,191,0,0,0,0,0,0
7332,L54511,0,299.8,310.3,159.59290680236148,34.2,196,0,0,0,0,0,0
7333,M22192,1,299.8,310.3,189.0191579909859,23.7,198,0,0,0,0,0,0
7334,M22193,1,299.9,310.4,143.1519052485749,53.3,201,0,0,0,0,0,0
7335,L54514,0,299.8,310.4,177.39526517270366,30.3,204,0,0,0,0,0,0
7336,L54515,0,299.9,310.4,139.0678347989082,49.9,206,0,0,0,0,0,0
7337,H36750,2,299.9,310.5,162.21090068035298,42.8,208,0,0,0,0,0,0
7338,L54517,0,299.9,310.5,161.16370312915637,32.8,213,0,0,0,0,0,0
7339,L54518,0,299.8,310.5,156.66075365901102,38.8,215,0,0,0,0,0,0
7340,L54519,0,299.8,310.4,165.35249333394276,36.4,0,0,0,0,0,0,0
7341,L54520,0,299.7,310.3,145.14158059584844,46.6,2,0,0,0,0,0,0
7342,L54521,0,299.7,310.3,157.60323145508795,37.7,4,0,0,0,0,0,0
7343,M22202,1,299.7,310.3,173.93951325375488,34.5,6,0,0,0,0,0,0
7344,L54523,0,299.6,310.2,153.72860051566056,48.0,9,0,0,0,0,0,0
7345,L54524,0,299.6,310.1,144.93214108560912,49.8,11,0,0,0,0,0,0
7346,L54525,0,299.6,310.2,144.61798182025012,60.5,13,0,0,0,0,0,0
7347,L54526,0,299.6,310.2,153.83332027078018,47.0,15,0,0,0,0,0,0
7348,L54527,0,299.6,310.2,170.37904157968646,36.6,17,0,0,0,0,0,0
7349,H36762,2,299.7,310.3,153.1002819849426,40.4,19,0,0,0,0,0,0
7350,L54529,0,299.7,310.2,171.00736011040442,36.5,24,0,0,0,0,0,0
7351,L54530,0,299.7,310.2,153.83332027078018,39.5,26,0,0,0,0,0,0
7352,L54531,0,299.7,310.2,152.68140296446393,43.4,28,0,0,0,0,0,0
7353,M22212,1,299.7,310.2,150.79644737231007,42.8,30,0,0,0,0,0,0
7354,L54533,0,299.8,310.3,176.66222688686602,30.4,33,0,0,0,0,0,0
7355,M22214,1,299.7,310.3,149.64453006599382,47.7,35,0,0,0,0,0,0
7356,L54535,0,299.6,310.2,166.29497113001972,34.1,38,0,0,0,0,0,0
7357,L54536,0,299.6,310.2,139.59143357450648,51.2,40,0,0,0,0,0,0
7358,L54537,0,299.6,310.1,155.7182758629341,42.9,42,0,0,0,0,0,0
7359,M22218,1,299.5,310.1,173.73007374351556,31.5,44,0,0,0,0,0,0
7360,M22219,1,299.4,310.0,158.3362697409256,43.2,47,0,0,0,0,0,0
7361,L54540,0,299.5,310.1,165.98081186466072,35.2,50,0,0,0,0,0,0
7362,L54541,0,299.5,310.0,157.28907218972896,38.5,52,0,0,0,0,0,0
7363,L54542,0,299.5,310.0,166.92328966073768,35.1,54,0,0,0,0,0,0
7364,L54543,0,299.5,310.0,147.86429422895958,48.9,56,0,0,0,0,0,0
7365,L54544,0,299.5,309.9,146.817096677763,51.7,58,0,0,0,0,0,0
7366,L54545,0,299.6,310.1,215.40853628114016,20.4,60,0,0,0,0,0,0
7367,H36780,2,299.6,310.1,160.32594508819912,36.8,62,0,0,0,0,0,0
7368,M22227,1,299.5,310.1,142.31414720761762,61.1,67,0,0,0,0,0,0
7369,M22228,1,299.6,310.2,169.64600329384882,30.0,70,0,0,0,0,0,0
7370,M22229,1,299.6,310.1,172.36871692696,29.6,73,0,0,0,0,0,0
7371,M22230,1,299.6,310.1,152.36724369910496,46.1,76,0,0,0,0,0,0
7372,L54551,0,299.6,310.2,158.3362697409256,44.0,79,0,0,0,0,0,0
7373,L54552,0,299.6,310.2,154.25219929125885,42.7,81,0,0,0,0,0,0
7374,L54553,0,299.6,310.1,162.62977970083162,38.0,83,0,0,0,0,0,0
7375,L54554,0,299.5,310.0,144.40854231001083,50.4,85,0,0,0,0,0,0
7376,M22235,1,299.4,309.9,164.09585627250686,40.6,87,0,0,0,0,0,0
7377,L54556,0,299.5,310.0,155.08995733221613,43.1,90,0,0,0,0,0,0
7378,L54557,0,299.5,310.0,141.26694965642102,52.7,92,0,0,0,0,0,0
7379,L54558,0,299.5,310.0,145.35102010608776,52.4,94,0,0,0,0,0,0
7380,M22239,1,299.6,310.1,142.1047076973783,48.7,96,0,0,0,0,0,0
7381,L54560,0,299.6,310.2,182.52653317356697,24.8,99,0,0,0,0,0,0
7382,L54561,0,299.7,310.3,156.55603390389135,43.1,101,0,0,0,0,0,0
7383,L54562,0,299.8,310.4,177.81414419318227,28.3,103,0,0,0,0,0,0
7384,M22243,1,299.7,310.4,147.6548547187203,44.5,105,0,0,0,0,0,0
7385,L54564,0,299.7,310.4,169.0176847631309,36.2,108,0,0,0,0,0,0
7386,M22245,1,299.8,310.5,143.98966328953216,53.9,110,0,0,0,0,0,0
7387,M22246,1,299.8,310.6,164.82889455834447,31.8,113,0,0,0,0,0,0
7388,H36801,2,299.8,310.6,149.01621153527586,44.6,116,0,0,0,0,0,0
7389,M22248,1,299.8,310.6,177.39526517270366,31.3,121,0,0,0,0,0,0
7390,L54569,0,299.8,310.6,178.75662198925923,32.5,124,0,0,0,0,0,0
7391,M22250,1,299.7,310.5,156.03243512829306,41.2,126,0,0,0,0,0,0
7392,L54571,0,299.7,310.6,175.40558982543013,31.3,129,0,0,0,0,0,0
7393,M22252,1,299.7,310.5,156.24187463853238,39.3,131,0,0,0,0,0,0
7394,M22253,1,299.7,310.5,166.92328966073768,35.4,134,0,0,0,0,0,0
7395,L54574,0,299.7,310.6,154.8805178219768,38.0,137,0,0,0,0,0,0
7396,M22255,1,299.7,310.6,164.61945504810515,38.0,139,0,0,0,0,0,0
7397,L54576,0,299.7,310.6,169.22712427337018,35.1,142,0,0,0,0,0,0
7398,L54577,0,299.7,310.6,181.898214642849,26.1,144,0,0,0,0,0,0
7399,M22258,1,299.7,310.7,156.87019316925034,37.8,146,0,0,0,0,0,0
7400,L54579,0,299.6,310.6,171.94983790648132,35.1,149,0,0,0,0,0,0
7401,M22260,1,299.6,310.6,171.00736011040442,34.2,151,0,0,0,0,0,0
7402,L54581,0,299.8,310.8,147.5501349636006,51.9,154,0,0,0,0,0,0
7403,M22262,1,299.8,310.8,153.20500174006224,43.5,156,0,0,0,0,0,0
7404,L54583,0,299.8,310.8,144.09438304465183,48.6,159,0,0,0,0,0,0
7405,L54584,0,299.8,310.8,162.62977970083162,32.2,161,0,0,0,0,0,0
7406,M22265,1,299.8,310.8,160.22122533307945,35.2,163,0,0,0,0,0,0
7407,L54586,0,299.8,310.9,161.79202165987437,40.7,166,0,0,0,0,0,0
7408,H36821,2,299.8,310.9,149.4350905557545,47.2,168,0,0,0,0,0,0
7409,L54588,0,299.9,310.9,135.29792361460042,51.1,173,0,0,0,0,0,0
7410,L54589,0,299.8,310.9,218.23596966937097,17.6,175,0,0,0,0,0,0
7411,L54590,0,299.9,311.0,182.94541219404562,27.6,177,0,0,0,0,0,0
7412,L54591,0,300.0,311.1,149.22565104551515,47.8,179,0,0,0,0,0,0
7413,L54592,0,300.0,311.0,171.42623913088303,33.6,181,0,0,0,0,0,0
7414,M22273,1,300.1,311.1,169.22712427337018,35.2,183,0,0,0,0,0,0
7415,L54594,0,300.1,311.1,169.54128353872918,33.4,186,0,0,0,0,0,0
7416,L54595,0,300.1,311.2,155.92771537317338,39.1,188,0,0,0,0,0,0
7417,M22276,1,300.1,311.2,152.053084433746,42.4,190,0,0,0,0,0,0
7418,M22277,1,300.1,311.3,156.55603390389135,41.0,193,0,0,0,0,0,0
7419,M22278,1,300.2,311.4,149.4350905557545,39.7,196,0,0,0,0,0,0
7420,L54599,0,300.1,311.4,164.61945504810515,36.2,199,0,0,0,0,0,0
7421,L54600,0,300.1,311.3,162.00146117011366,40.0,201,0,0,0,0,0,0
7422,M22281,1,300.1,311.4,140.53391137058338,48.5,203,0,0,0,0,0,0
7423,L54602,0,300.0,311.2,141.47638916666034,44.1,206,0,0,0,0,0,0
7424,L54603,0,300.0,311.3,147.3406954533613,47.3,208,0,0,0,0,0,0
7425,M22284,1,300.1,311.4,164.93361431346415,29.8,210,0,0,0,0,0,0
7426,M22285,1,300.0,311.4,187.55308141931064,24.1,213,0,0,0,0,0,0
7427,M22286,1,300.0,311.4,177.1858256624643,29.0,216,1,1,0,0,0,0
7428,L54607,0,300.0,311.4,171.11207986552404,31.9,0,0,0,0,0,0,0
7429,M22288,1,300.0,311.4,195.1976235430458,23.3,2,0,0,0,0,0,0
7430,L54609,0,300.0,311.4,166.504410640259,33.6,5,0,0,0,0,0,0
7431,M22290,1,300.0,311.4,144.93214108560912,46.1,7,0,0,0,0,0,0
7432,M22291,1,300.0,311.4,141.58110892178001,61.8,10,0,0,0,0,0,0
7433,L54612,0,300.1,311.4,155.4041165975751,43.1,13,0,0,0,0,0,0
7434,M22293,1,300.1,311.4,200.32889154390915,21.9,15,0,0,0,0,0,0
7435,L54614,0,300.0,311.4,157.91739072044692,38.2,18,0,0,0,0,0,0
7436,L54615,0,299.9,311.3,157.4985116999683,40.7,20,0,0,0,0,0,0
7437,L54616,0,300.0,311.4,155.7182758629341,41.2,22,0,0,0,0,0,0
7438,L54617,0,299.8,311.3,180.85101709165244,30.0,24,0,0,0,0,0,0
7439,L54618,0,299.9,311.3,172.47343668207964,27.5,26,0,0,0,0,0,0
7440,L54619,0,300.0,311.3,156.34659439365205,41.4,28,0,0,0,0,0,0
7441,L54620,0,300.0,311.4,173.31119472303692,29.6,30,0,0,0,0,0,0
7442,M22301,1,299.9,311.4,140.0103125949851,54.8,32,0,0,0,0,0,0
7443,L54622,0,300.0,311.5,167.6563279465753,36.9,35,0,0,0,0,0,0
7444,H36857,2,300.1,311.6,166.3996908851394,37.9,37,0,0,0,0,0,0
7445,L54624,0,300.2,311.7,134.66960508388246,55.1,42,0,0,0,0,0,0
7446,L54625,0,300.2,311.7,162.62977970083162,41.3,44,0,0,0,0,0,0
7447,L54626,0,300.2,311.8,144.40854231001083,51.0,46,0,0,0,0,0,0
7448,M22307,1,300.3,311.9,175.61502933566945,30.8,48,0,0,0,0,0,0
7449,L54628,0,300.3,311.8,155.8229956180537,38.4,51,0,0,0,0,0,0
7450,L54629,0,300.3,311.8,148.49261275967757,45.9,53,0,0,0,0,0,0
7451,L54630,0,300.3,311.8,151.94836467862632,41.0,55,0,0,0,0,0,0
7452,L54631,0,300.3,311.8,157.91739072044692,43.1,57,0,0,0,0,0,0
7453,L54632,0,300.3,311.7,165.35249333394276,33.6,59,0,0,0,0,0,0
7454,H36867,2,300.3,311.7,149.9586893313528,47.7,61,0,0,0,0,0,0
7455,L54634,0,300.2,311.6,151.42476590302803,47.3,66,0,0,0,0,0,0
7456,M22315,1,300.2,311.7,167.23744892609665,39.5,68,0,0,0,0,0,0
7457,M22316,1,300.2,311.7,146.2934979021647,50.2,71,0,0,0,0,0,0
7458,L54637,0,300.1,311.6,160.22122533307945,36.6,74,0,0,0,0,0,0
7459,M22318,1,300.1,311.6,150.06340908647243,51.4,76,0,0,0,0,0,0
7460,L54639,0,300.0,311.5,166.60913039537868,32.0,79,0,0,0,0,0,0
7461,L54640,0,300.0,311.5,151.32004614790836,41.6,81,0,0,0,0,0,0
7462,L54641,0,300.0,311.5,183.15485170428494,28.3,83,0,0,0,0,0,0
7463,L54642,0,300.0,311.3,178.3377429687806,30.4,85,0,0,0,0,0,0
7464,H36877,2,300.1,311.4,158.96458827164355,46.9,87,0,0,0,0,0,0
7465,L54644,0,300.1,311.3,160.74482410867773,42.3,92,0,0,0,0,0,0
7466,M22325,1,300.1,311.4,145.56045961632708,52.1,94,0,0,0,0,0,0
7467,H36880,2,300.3,311.6,188.60027897050725,23.6,97,0,0,0,0,0,0
7468,H36881,2,300.3,311.6,153.20500174006224,41.6,102,0,0,0,0,0,0
7469,L54648,0,300.3,311.6,163.36281798666923,37.7,107,0,0,0,0,0,0
7470,L54649,0,300.3,311.6,168.28464647729325,33.5,109,0,0,0,0,0,0
7471,L54650,0,300.4,311.6,139.4867138193868,54.6,111,0,0,0,0,0,0
7472,L54651,0,300.3,311.7,142.94246573833559,53.3,113,0,0,0,0,0,0
7473,M22332,1,300.3,311.6,169.33184402848985,32.5,115,0,0,0,0,0,0
7474,M22333,1,300.3,311.6,136.55456067603632,62.8,118,0,0,0,0,0,0
7475,L54654,0,300.3,311.7,208.28759293300325,22.3,121,0,0,0,0,0,0
7476,H36889,2,300.3,311.6,140.21975210522444,53.4,123,0,0,0,0,0,0
7477,L54656,0,300.2,311.5,156.24187463853238,41.8,128,0,0,0,0,0,0
7478,M22337,1,300.1,311.3,158.96458827164355,40.2,130,0,0,0,0,0,0
7479,L54658,0,300.1,311.3,154.8805178219768,39.5,133,0,0,0,0,0,0
7480,M22339,1,300.1,311.3,159.48818704724184,34.1,135,0,0,0,0,0,0
7481,M22340,1,300.2,311.4,164.41001553786586,35.3,138,0,0,0,0,0,0
7482,H36895,2,300.2,311.4,157.70795121020763,36.1,141,0,0,0,0,0,0
7483,M22342,1,300.2,311.6,158.12683023068624,47.5,146,0,0,0,0,0,0
7484,L54663,0,300.2,311.6,174.98671080495149,28.8,149,0,0,0,0,0,0
7485,M22344,1,300.3,311.6,137.3923187169936,53.4,151,0,0,0,0,0,0
7486,L54665,0,300.3,311.6,167.02800941585735,38.8,154,0,0,0,0,0,0
7487,L54666,0,300.3,311.7,171.2167996206437,31.8,156,0,0,0,0,0,0
7488,L54667,0,300.3,311.7,178.75662198925923,33.6,158,0,0,0,0,0,0
7490,M22349,1,300.2,311.6,183.36429121452426,28.0,162,0,0,0,0,0,0
7491,M22350,1,300.4,311.8,178.75662198925923,30.0,165,0,0,0,0,0,0
7492,L54671,0,300.4,311.8,138.23007675795088,57.9,168,0,0,0,0,0,0
7493,M22352,1,300.3,311.7,138.12535700283124,51.4,170,0,0,0,0,0,0
7494,L54673,0,300.2,311.7,151.63420541326735,54.2,173,0,0,0,0,0,0
7495,L54674,0,300.2,311.8,150.37756835183143,48.2,175,0,0,0,0,0,0
7496,L54675,0,300.3,311.9,168.49408598753254,34.0,177,0,0,0,0,0,0
7497,L54676,0,300.2,311.8,153.3097214951819,44.5,179,0,0,0,0,0,0
7498,M22357,1,300.3,311.8,155.29939684245542,45.1,181,0,0,0,0,0,0
7499,M22358,1,300.2,311.8,183.0501319491653,28.5,184,0,0,0,0,0,0
7500,L54679,0,300.3,311.8,182.84069243892597,26.3,187,0,0,0,0,0,0
7501,L54680,0,300.2,311.8,147.6548547187203,51.4,189,0,0,0,0,0,0
7502,L54681,0,300.2,311.7,171.74039839624203,30.8,191,0,0,0,0,0,0
7503,H36916,2,300.3,311.7,173.31119472303692,29.9,193,0,0,0,0,0,0
7504,M22363,1,300.3,311.7,172.36871692696,28.9,198,0,0,0,0,0,0
7505,L54684,0,300.4,311.8,166.3996908851394,42.0,201,0,0,0,0,0,0
7506,L54685,0,300.5,311.9,161.89674141499398,39.4,203,0,0,0,0,0,0
7507,L54686,0,300.5,311.9,158.2315499858059,41.8,205,0,0,0,0,0,0
7508,L54687,0,300.5,311.9,183.25957145940458,28.3,207,0,0,0,0,0,0
7509,M22368,1,300.5,311.9,181.1651763570114,27.5,209,0,0,0,0,0,0
7510,L54689,0,300.6,311.9,143.67550402417322,60.1,212,1,0,0,0,1,0
7511,L54690,0,300.5,311.8,159.59290680236148,38.9,214,1,1,0,0,0,0
7512,L54691,0,300.4,311.8,167.6563279465753,36.1,0,0,0,0,0,0,0
7513,M22372,1,300.5,311.8,171.3215193757634,34.4,2,0,0,0,0,0,0
7514,L54693,0,300.4,311.8,236.77136632555076,14.9,5,0,0,0,0,0,0
7515,L54694,0,300.4,311.8,171.3215193757634,32.3,7,0,0,0,0,0,0
7516,M22375,1,300.4,311.9,139.8008730847458,58.3,9,0,0,0,0,0,0
7517,M22376,1,300.3,311.7,129.43361732789947,57.5,12,0,0,0,0,0,0
7518,L54697,0,300.3,311.7,151.32004614790836,47.3,15,0,0,0,0,0,0
7519,L54698,0,300.2,311.5,157.07963267948966,40.8,17,0,0,0,0,0,0
7520,L54699,0,300.2,311.6,209.33479048419989,21.0,19,0,0,0,0,0,0
7521,L54700,0,300.2,311.6,160.1165055779598,35.5,21,0,0,0,0,0,0
7522,M22381,1,300.2,311.6,153.62388076054089,40.7,23,0,0,0,0,0,0
7523,L54702,0,300.1,311.5,139.69615332962613,54.0,26,0,0,0,0,0,0
7524,M22383,1,300.1,311.5,140.63863112570306,46.2,28,0,0,0,0,0,0
7525,L54704,0,300.2,311.5,171.63567864112238,31.1,31,0,0,0,0,0,0
7526,H36939,2,300.1,311.5,144.82742133048947,49.1,33,0,0,0,0,0,0
7527,L54706,0,300.1,311.4,173.8347934986352,31.4,38,0,0,0,0,0,0
7528,L54707,0,300.1,311.3,153.93804002589985,45.2,40,0,0,0,0,0,0
7529,M22388,1,300.1,311.3,183.0501319491653,26.6,42,0,0,0,0,0,0
7530,L54709,0,300.1,311.4,153.62388076054089,35.7,45,0,0,0,0,0,0
7531,M22390,1,300.1,311.4,169.33184402848985,39.3,47,0,0,0,0,0,0
7532,H36945,2,300.1,311.4,144.1991027997715,56.7,50,0,0,0,0,0,0
7533,M22392,1,300.0,311.3,170.58848108992575,32.1,55,0,0,0,0,0,0
7534,L54713,0,300.0,311.2,157.4985116999683,37.9,58,0,0,0,0,0,0
7535,L54714,0,300.0,311.2,148.49261275967757,47.3,60,0,0,0,0,0,0
7536,L54715,0,300.0,311.2,170.58848108992575,31.7,62,0,0,0,0,0,0
7537,L54716,0,300.1,311.3,270.0722484536025,12.5,64,1,0,0,1,0,0
7538,L54717,0,300.1,311.3,136.659280431156,64.7,66,0,0,0,0,0,0
7539,M22398,1,300.2,311.4,151.84364492350664,38.5,68,0,0,0,0,0,0
7540,L54719,0,300.2,311.3,155.7182758629341,36.9,71,0,0,0,0,0,0
7541,M22400,1,300.2,311.3,166.19025137490004,31.2,73,0,0,0,0,0,0
7542,M22401,1,300.3,311.5,160.01178582284012,40.9,76,0,0,0,0,0,0
7543,M22402,1,300.4,311.6,146.71237692264333,49.9,79,0,0,0,0,0,0
7544,L54723,0,300.3,311.5,151.42476590302803,45.0,82,0,0,0,0,0,0
7545,L54724,0,300.2,311.4,149.22565104551515,44.2,84,0,0,0,0,0,0
7546,L54725,0,300.2,311.4,198.02505693127662,22.6,86,0,0,0,0,0,0
7547,H36960,2,300.2,311.5,152.26252394398531,42.8,88,0,0,0,0,0,0
7548,L54727,0,300.1,311.4,149.7492498211135,40.9,93,0,0,0,0,0,0
7549,L54728,0,300.2,311.4,156.55603390389135,43.6,95,0,0,0,0,0,0
7550,L54729,0,300.3,311.4,161.6873019047547,41.6,97,0,0,0,0,0,0
7551,M22410,1,300.3,311.4,162.73449945595127,34.3,99,0,0,0,0,0,0
7552,M22411,1,300.2,311.3,156.1371548834127,37.3,102,0,0,0,0,0,0
7553,L54732,0,300.3,311.3,159.69762655748116,40.7,105,0,0,0,0,0,0
7554,L54733,0,300.3,311.3,157.60323145508795,39.6,107,0,0,0,0,0,0
7555,M22414,1,300.3,311.4,143.57078426905355,50.2,109,0,0,0,0,0,0
7556,L54735,0,300.3,311.3,139.4867138193868,60.5,112,0,0,0,0,0,0
7557,L54736,0,300.3,311.4,154.04275978101953,37.0,114,0,0,0,0,0,0
7558,M22417,1,300.4,311.5,183.25957145940458,27.3,116,0,0,0,0,0,0
7559,M22418,1,300.3,311.4,145.14158059584844,48.1,119,0,0,0,0,0,0
7560,M22419,1,300.4,311.4,141.89526818713898,56.2,122,0,0,0,0,0,0
7561,M22420,1,300.3,311.3,144.1991027997715,53.8,125,0,0,0,0,0,0
7562,L54741,0,300.3,311.1,145.35102010608776,49.4,128,0,0,0,0,0,0
7563,M22422,1,300.3,311.1,141.3716694115407,58.7,130,0,0,0,0,0,0
7564,M22423,1,300.4,311.2,191.74187162409703,23.4,133,0,0,0,0,0,0
7565,M22424,1,300.3,311.2,144.61798182025012,65.2,136,1,0,0,1,0,0
7566,M22425,1,300.3,311.2,186.71532337835336,25.6,139,0,0,0,0,0,0
7567,L54746,0,300.3,311.0,168.9129650080112,34.7,142,0,0,0,0,0,0
7568,M22427,1,300.2,311.0,248.18581963359364,14.7,144,0,0,0,0,0,0
7569,L54748,0,300.2,311.0,170.37904157968646,33.7,147,0,0,0,0,0,0
7570,L54749,0,300.2,311.0,131.423292675173,71.8,149,1,0,0,1,0,0
7571,H36984,2,300.2,311.0,186.0870048476354,27.5,151,0,0,0,0,0,0
7572,L54751,0,300.3,311.1,168.1799267221736,30.9,156,0,0,0,0,0,0
7573,L54752,0,300.3,311.1,175.51030958054977,28.6,158,0,0,0,0,0,0
7574,L54753,0,300.3,311.1,168.07520696705393,37.1,160,0,0,0,0,0,0
7575,L54754,0,300.4,311.1,155.7182758629341,37.4,162,0,0,0,0,0,0
7576,L54755,0,300.4,311.2,154.04275978101953,46.5,164,0,0,0,0,0,0
7577,M22436,1,300.3,311.1,154.67107831173746,44.2,166,0,0,0,0,0,0
7578,L54757,0,300.4,311.2,160.22122533307945,32.0,169,0,0,0,0,0,0
7579,L54758,0,300.4,311.2,175.19615031519078,28.9,171,0,0,0,0,0,0
7580,L54759,0,300.4,311.2,150.37756835183143,56.8,173,0,0,0,0,0,0
7581,L54760,0,300.4,311.3,156.55603390389135,51.2,175,0,0,0,0,0,0
7582,M22441,1,300.4,311.2,143.04718549345526,56.1,177,0,0,0,0,0,0
7583,H36996,2,300.4,311.2,155.92771537317338,45.3,180,0,0,0,0,0,0
7584,L54763,0,300.3,311.1,154.98523757709646,46.6,185,0,0,0,0,0,0
7585,L54764,0,300.4,311.2,154.14747953613917,37.3,187,0,0,0,0,0,0
7586,L54765,0,300.4,311.1,146.2934979021647,50.8,189,0,0,0,0,0,0
7587,L54766,0,300.4,311.1,166.3996908851394,35.5,191,0,0,0,0,0,0
7588,L54767,0,300.4,311.1,147.131255943122,54.1,193,0,0,0,0,0,0
7589,L54768,0,300.4,311.1,210.80086705587513,20.1,195,0,0,0,0,0,0
7590,L54769,0,300.4,311.0,188.7049987256269,26.0,197,0,0,0,0,0,0
7591,M22450,1,300.4,311.0,150.06340908647243,46.1,199,0,0,0,0,0,0
7592,M22451,1,300.5,311.1,135.71680263507906,61.3,202,1,0,0,0,1,0
7593,M22452,1,300.5,311.2,162.42034019059233,36.6,205,0,0,0,0,0,0
7594,L54773,0,300.5,311.2,132.9940890019679,67.5,208,1,0,0,0,1,0
7595,L54774,0,300.6,311.3,160.32594508819912,38.5,0,0,0,0,0,0,0
7596,H37009,2,300.5,311.2,146.2934979021647,45.2,2,0,0,0,0,0,0
7597,L54776,0,300.5,311.1,162.00146117011366,37.2,7,0,0,0,0,0,0
7598,L54777,0,300.5,311.0,217.18877211817437,18.9,9,0,0,0,0,0,0
7599,L54778,0,300.5,311.1,156.1371548834127,42.6,11,0,0,0,0,0,0
7600,L54779,0,300.5,311.0,184.20204925548154,28.3,13,0,0,0,0,0,0
7601,M22460,1,300.4,311.0,167.02800941585735,35.4,15,0,0,0,0,0,0
7602,L54781,0,300.4,311.2,141.47638916666034,62.0,18,0,0,0,0,0,0
7603,L54782,0,300.4,311.2,178.5471824790199,28.7,20,0,0,0,0,0,0
7604,L54783,0,300.4,311.2,147.23597569824162,43.6,22,0,0,0,0,0,0
7605,L54784,0,300.4,311.3,171.63567864112238,34.6,24,0,0,0,0,0,0
7606,H37019,2,300.4,311.3,212.1622238724307,20.3,26,0,0,0,0,0,0
7607,M22466,1,300.4,311.3,141.3716694115407,56.5,31,0,0,0,0,0,0
7608,M22467,1,300.5,311.3,153.72860051566056,41.1,34,0,0,0,0,0,0
7609,L54788,0,300.5,311.4,171.94983790648132,27.1,37,0,0,0,0,0,0
7610,L54789,0,300.5,311.3,156.03243512829306,41.8,39,0,0,0,0,0,0
7611,M22470,1,300.5,311.3,157.8126709653273,43.4,41,0,0,0,0,0,0
7612,L54791,0,300.5,311.4,168.7035254977719,32.7,44,0,0,0,0,0,0
7613,M22472,1,300.5,311.4,182.52653317356697,27.6,46,0,0,0,0,0,0
7614,L54793,0,300.5,311.3,154.46163880149817,46.3,49,0,0,0,0,0,0
7615,L54794,0,300.5,311.4,149.9586893313528,47.5,51,0,0,0,0,0,0
7616,L54795,0,300.5,311.4,151.0058868825494,47.0,53,0,0,0,0,0,0
7617,M22476,1,300.6,311.4,153.72860051566056,40.4,55,0,0,0,0,0,0
7618,L54797,0,300.5,311.4,162.94393896619061,45.3,58,0,0,0,0,0,0
7619,M22478,1,300.5,311.4,137.3923187169936,51.4,60,0,0,0,0,0,0
7620,L54799,0,300.6,311.5,152.7861227195836,47.0,63,0,0,0,0,0,0
7621,L54800,0,300.5,311.5,172.89231570255828,36.9,65,0,0,0,0,0,0
7622,L54801,0,300.5,311.5,156.03243512829306,38.4,67,0,0,0,0,0,0
7623,M22482,1,300.6,311.6,154.25219929125885,31.5,69,0,0,0,0,0,0
7624,L54803,0,300.6,311.7,181.58405537749005,29.9,72,0,0,0,0,0,0
7625,L54804,0,300.6,311.7,157.8126709653273,45.5,74,0,0,0,0,0,0
7626,L54805,0,300.6,311.7,162.94393896619061,34.9,76,0,0,0,0,0,0
7627,H37040,2,300.5,311.6,141.47638916666034,53.5,78,0,0,0,0,0,0
7628,L54807,0,300.5,311.7,151.32004614790836,44.8,83,0,0,0,0,0,0
7629,L54808,0,300.5,311.7,169.54128353872918,32.7,85,0,0,0,0,0,0
7630,M22489,1,300.5,311.7,132.88936924684825,64.0,87,0,0,0,0,0,0
7631,L54810,0,300.5,311.6,160.6401043535581,37.7,90,0,0,0,0,0,0
7632,L54811,0,300.5,311.6,151.21532639278868,49.3,92,0,0,0,0,0,0
7633,L54812,0,300.5,311.6,182.63125292868662,26.8,94,0,0,0,0,0,0
7634,L54813,0,300.4,311.5,150.90116712742974,44.6,96,0,0,0,0,0,0
7635,M22494,1,300.3,311.3,157.70795121020763,40.7,98,0,0,0,0,0,0
7636,L54815,0,300.3,311.4,159.80234631260083,38.5,101,0,0,0,0,0,0
7637,L54816,0,300.4,311.5,178.44246272390023,29.7,103,0,0,0,0,0,0
7638,H37051,2,300.4,311.4,151.32004614790836,52.4,105,0,0,0,0,0,0
7639,L54818,0,300.5,311.5,173.93951325375488,35.9,110,0,0,0,0,0,0
7640,L54819,0,300.5,311.4,153.5191610054212,41.8,112,0,0,0,0,0,0
7641,L54820,0,300.4,311.3,168.38936623241293,35.1,114,0,0,0,0,0,0
7642,M22501,1,300.4,311.4,141.58110892178001,57.3,116,0,0,0,0,0,0
7643,M22502,1,300.4,311.4,167.97048721193426,31.7,119,0,0,0,0,0,0
7644,H37057,2,300.4,311.4,149.4350905557545,50.7,122,0,0,0,0,0,0
7645,L54824,0,300.4,311.4,149.12093129039553,44.6,127,0,0,0,0,0,0
7646,L54825,0,300.4,311.4,174.04423300887453,29.3,129,0,0,0,0,0,0
7647,L54826,0,300.4,311.4,202.73744591166133,23.9,131,0,0,0,0,0,0
7648,L54827,0,300.4,311.4,180.95573684677208,31.7,133,0,0,0,0,0,0
7649,L54828,0,300.4,311.4,162.52505994571194,28.8,135,0,0,0,0,0,0
7650,H37063,2,300.4,311.5,174.04423300887453,29.0,137,0,0,0,0,0,0
7651,L54830,0,300.3,311.4,140.63863112570306,57.7,142,0,0,0,0,0,0
7652,M22511,1,300.4,311.5,154.5663585566178,32.6,144,0,0,0,0,0,0
7653,L54832,0,300.3,311.4,140.95279039106205,51.1,147,0,0,0,0,0,0
7654,L54833,0,300.4,311.5,156.24187463853238,44.6,149,0,0,0,0,0,0
7655,M22514,1,300.3,311.5,161.26842288427605,41.5,151,0,0,0,0,0,0
7656,L54835,0,300.4,311.5,167.13272917097697,32.5,154,0,0,0,0,0,0
7657,L54836,0,300.5,311.6,161.3731426393957,47.8,156,0,0,0,0,0,0
7658,L54837,0,300.5,311.6,173.93951325375488,30.0,158,0,0,0,0,0,0
7659,M22518,1,300.4,311.6,142.31414720761762,55.4,160,0,0,0,0,0,0
7660,L54839,0,300.5,311.6,160.01178582284012,42.4,163,0,0,0,0,0,0
7661,M22520,1,300.5,311.6,130.48081487909607,52.9,165,0,0,0,0,0,0
7662,L54841,0,300.5,311.6,164.93361431346415,32.5,168,0,0,0,0,0,0
7663,M22522,1,300.5,311.6,173.62535398839591,30.4,170,0,0,0,0,0,0
7664,L54843,0,300.5,311.6,145.0368608407288,54.8,173,0,0,0,0,0,0
7665,H37078,2,300.5,311.7,152.26252394398531,50.3,175,0,0,0,0,0,0
7666,L54845,0,300.5,311.6,156.76547341413067,40.5,180,0,0,0,0,0,0
7667,M22526,1,300.6,311.7,149.12093129039553,50.8,182,0,0,0,0,0,0
7668,L54847,0,300.6,311.7,160.01178582284012,43.9,185,0,0,0,0,0,0
7669,L54848,0,300.6,311.8,161.16370312915637,37.0,187,0,0,0,0,0,0
7670,L54849,0,300.7,311.8,139.90559283986545,58.4,189,1,0,0,0,1,0
7671,L54850,0,300.5,311.6,159.69762655748116,37.6,191,0,0,0,0,0,0
7672,M22531,1,300.5,311.6,152.47196345422464,51.1,193,0,0,0,0,0,0
7673,M22532,1,300.5,311.7,224.20499571119157,17.2,196,0,0,0,0,0,0
7674,M22533,1,300.5,311.6,154.5663585566178,39.1,199,0,0,0,0,0,0
7675,L54854,0,300.5,311.6,158.0221104755666,47.2,202,0,0,0,0,0,0
7676,L54855,0,300.5,311.6,151.52948565814768,45.4,204,0,0,0,0,0,0
7677,L54856,0,300.6,311.7,151.63420541326735,49.1,206,0,0,0,0,0,0
7678,L54857,0,300.6,311.7,149.53981031087415,52.6,208,0,0,0,0,0,0
7679,M22538,1,300.6,311.7,145.4557398612074,52.1,210,0,0,0,0,0,0
7680,L54859,0,300.7,311.7,171.2167996206437,32.4,213,0,0,0,0,0,0
7681,L54860,0,300.7,311.7,146.08405839192537,43.7,215,0,0,0,0,0,0
7682,L54861,0,300.7,311.8,151.11060663766906,43.7,217,0,0,0,0,0,0
7683,M22542,1,300.7,311.7,147.86429422895958,49.1,219,0,0,0,0,0,0
7684,L54863,0,300.7,311.7,159.59290680236148,43.5,222,0,0,0,0,0,0
7685,M22544,1,300.7,311.8,147.3406954533613,42.4,224,0,0,0,0,0,0
7686,L54865,0,300.8,311.7,146.2934979021647,43.5,227,0,0,0,0,0,0
7687,M22546,1,300.7,311.7,157.4985116999683,36.9,229,0,0,0,0,0,0
7688,M22547,1,300.7,311.7,219.59732648592652,18.9,232,1,1,0,0,0,0
7689,L54868,0,300.6,311.7,162.62977970083162,39.8,0,0,0,0,0,0,0
7690,L54869,0,300.6,311.7,149.9586893313528,39.2,2,0,0,0,0,0,0
7691,M22550,1,300.5,311.6,165.14305382370344,36.5,4,0,0,0,0,0,0
7692,M22551,1,300.5,311.5,143.46606451393387,56.1,7,0,0,0,0,0,0
7693,H37106,2,300.5,311.6,157.70795121020763,36.2,10,0,0,0,0,0,0
7694,L54873,0,300.6,311.6,205.6695990550118,21.4,15,0,0,0,0,0,0
7695,H37108,2,300.6,311.7,157.07963267948966,36.7,17,0,0,0,0,0,0
7696,L54875,0,300.6,311.7,155.8229956180537,47.7,22,0,0,0,0,0,0
7697,H37110,2,300.6,311.5,134.25072606340382,60.2,24,0,0,0,0,0,0
7698,L54877,0,300.5,311.4,146.60765716752366,45.1,29,0,0,0,0,0,0
7699,L54878,0,300.6,311.5,148.59733251479722,38.6,31,0,0,0,0,0,0
7700,M22559,1,300.7,311.5,150.90116712742974,40.6,33,0,0,0,0,0,0
7701,M22560,1,300.7,311.6,141.16222990130137,62.5,36,0,0,0,0,0,0
7702,H37115,2,300.8,311.7,153.72860051566056,38.7,39,0,0,0,0,0,0
7703,M22562,1,300.7,311.7,178.12830345854127,30.8,44,0,0,0,0,0,0
7704,H37117,2,300.7,311.7,195.1976235430458,23.6,47,0,0,0,0,0,0
7705,M22564,1,300.6,311.6,170.69320084504542,31.8,52,0,0,0,0,0,0
7706,L54885,0,300.5,311.5,137.81119773747227,49.7,55,0,0,0,0,0,0
7707,L54886,0,300.5,311.5,178.8613417443789,31.2,57,0,0,0,0,0,0
7708,H37121,2,300.5,311.4,175.82446884590874,27.5,59,0,0,0,0,0,0
7709,L54888,0,300.5,311.4,178.96606149949855,32.3,64,0,0,0,0,0,0
7710,L54889,0,300.5,311.4,151.32004614790836,41.5,66,0,0,0,0,0,0
7711,M22570,1,300.5,311.4,145.56045961632708,51.9,68,0,0,0,0,0,0
7712,L54891,0,300.4,311.4,137.07815945163463,55.5,71,0,0,0,0,0,0
7713,L54892,0,300.5,311.5,156.97491292437,37.6,73,0,0,0,0,0,0
7714,M22573,1,300.5,311.4,216.97933260793502,18.8,75,0,0,0,0,0,0
7715,L54894,0,300.5,311.5,155.7182758629341,43.0,78,0,0,0,0,0,0
7716,L54895,0,300.5,311.5,136.34512116579702,49.6,80,0,0,0,0,0,0
7717,M22576,1,300.5,311.5,144.30382255489116,48.2,82,0,0,0,0,0,0
7718,L54897,0,300.5,311.6,142.94246573833559,53.0,85,0,0,0,0,0,0
7719,H37132,2,300.6,311.7,149.4350905557545,44.6,87,0,0,0,0,0,0
7720,H37133,2,300.6,311.7,160.74482410867773,33.3,92,0,0,0,0,0,0
7721,H37134,2,300.5,311.6,154.5663585566178,41.7,97,0,0,0,0,0,0
7722,L54901,0,300.5,311.6,149.22565104551515,42.4,102,0,0,0,0,0,0
7723,L54902,0,300.5,311.7,147.5501349636006,54.7,104,0,0,0,0,0,0
7724,L54903,0,300.5,311.6,181.1651763570114,30.2,106,0,0,0,0,0,0
7725,M22584,1,300.5,311.6,152.26252394398531,41.4,108,0,0,0,0,0,0
7726,L54905,0,300.6,311.7,182.63125292868662,26.9,111,0,0,0,0,0,0
7727,M22586,1,300.8,311.9,184.41148876572083,29.0,113,0,0,0,0,0,0
7728,M22587,1,300.7,311.9,173.52063423327624,30.9,116,0,0,0,0,0,0
7729,L54908,0,300.7,311.8,148.70205226991686,47.0,119,0,0,0,0,0,0
7730,H37143,2,300.7,311.9,139.17255455402784,59.2,121,0,0,0,0,0,0
7731,L54910,0,300.6,311.9,154.14747953613917,44.2,126,0,0,0,0,0,0
7732,L54911,0,300.6,312.0,163.9911365173872,30.1,128,0,0,0,0,0,0
7733,L54912,0,300.6,312.0,149.7492498211135,42.7,130,0,0,0,0,0,0
7734,L54913,0,300.6,312.0,155.08995733221613,40.9,132,0,0,0,0,0,0
7735,L54914,0,300.6,312.0,174.8819910498318,29.4,134,0,0,0,0,0,0
7736,L54915,0,300.6,312.0,147.23597569824162,55.1,136,0,0,0,0,0,0
7737,H37150,2,300.6,312.1,141.79054843201934,46.9,138,0,0,0,0,0,0
7738,M22597,1,300.5,312.0,207.86871391252464,19.3,143,0,0,0,0,0,0
7739,M22598,1,300.5,312.0,132.26105071613028,60.8,146,0,0,0,0,0,0
7740,L54919,0,300.5,311.9,165.0383340685838,31.1,149,0,0,0,0,0,0
7741,L54920,0,300.5,312.0,152.15780418886564,45.1,151,0,0,0,0,0,0
7742,L54921,0,300.5,312.0,154.77579806685713,39.0,153,0,0,0,0,0,0
7743,M22602,1,300.5,311.9,138.54423602330985,57.9,155,0,0,0,0,0,0
7744,L54923,0,300.5,311.9,179.07078125461823,28.4,158,0,0,0,0,0,0
7745,L54924,0,300.4,311.7,137.60175822723295,59.5,160,0,0,0,0,0,0
7746,L54925,0,300.4,311.7,152.89084247470328,39.6,162,0,0,0,0,0,0
7747,M22606,1,300.4,311.7,157.91739072044692,45.4,164,0,0,0,0,0,0
7748,M22607,1,300.5,311.8,139.38199406426713,55.3,167,0,0,0,0,0,0
7749,L54928,0,300.4,311.7,158.65042900628455,47.4,170,0,0,0,0,0,0
7750,L54929,0,300.4,311.6,175.30087007031045,33.0,172,0,0,0,0,0,0
7751,L54930,0,300.4,311.7,151.21532639278868,51.2,174,0,0,0,0,0,0
7752,M22611,1,300.4,311.7,146.39821765728436,42.6,176,0,0,0,0,0,0
7753,M22612,1,300.4,311.7,191.84659137921668,24.2,179,0,0,0,0,0,0
7754,M22613,1,300.5,311.8,166.60913039537868,42.0,182,0,0,0,0,0,0
7755,M22614,1,300.4,311.7,154.77579806685713,39.9,185,0,0,0,0,0,0
7756,M22615,1,300.4,311.8,142.6283064729766,47.6,188,0,0,0,0,0,0
7757,L54936,0,300.5,311.8,143.25662500369455,57.9,191,1,0,0,0,1,0
7758,M22617,1,300.3,311.7,180.43213807117377,28.3,193,0,0,0,0,0,0
7759,L54938,0,300.4,311.8,176.87166639710534,30.8,196,0,0,0,0,0,0
7760,L54939,0,300.4,311.8,133.20352851220724,59.2,198,1,0,0,0,1,0
7761,M22620,1,300.4,311.7,158.2315499858059,33.0,200,0,0,0,0,0,0
7762,H37175,2,300.4,311.6,179.5943800302165,30.8,203,0,0,0,0,0,0
7763,M22622,1,300.3,311.5,146.60765716752366,43.8,0,0,0,0,0,0,0
7764,L54943,0,300.4,311.6,125.66370614359172,76.6,3,1,0,0,1,0,0
7765,M22624,1,300.4,311.7,162.83921921107094,38.7,5,0,0,0,0,0,0
7766,H37179,2,300.3,311.6,149.4350905557545,56.2,8,0,0,0,0,0,0
7767,L54946,0,300.3,311.4,138.02063724771156,52.7,13,0,0,0,0,0,0
7768,H37181,2,300.2,311.4,138.12535700283124,54.6,15,0,0,0,0,0,0
7769,M22628,1,300.2,311.4,205.25072003453315,20.9,20,0,0,0,0,0,0
7770,L54949,0,300.3,311.5,162.52505994571194,38.9,23,0,0,0,0,0,0
7771,L54950,0,300.3,311.5,162.10618092523333,32.2,25,0,0,0,0,0,0
7772,L54951,0,300.3,311.6,178.96606149949855,29.5,27,0,0,0,0,0,0
7773,H37186,2,300.3,311.5,153.3097214951819,41.0,29,0,0,0,0,0,0
7774,L54953,0,300.3,311.4,184.20204925548154,24.8,34,0,0,0,0,0,0
7775,L54954,0,300.3,311.5,171.11207986552404,31.9,36,0,0,0,0,0,0
7776,L54955,0,300.3,311.5,174.1489527639942,33.6,38,0,0,0,0,0,0
7777,M22636,1,300.3,311.5,151.32004614790836,47.3,40,0,0,0,0,0,0
7778,L54957,0,300.3,311.5,177.4999849278233,25.6,43,0,0,0,0,0,0
7779,L54958,0,300.4,311.6,158.85986851652387,39.0,45,0,0,0,0,0,0
7780,L54959,0,300.5,311.7,189.64747652170385,26.8,47,0,0,0,0,0,0
7781,L54960,0,300.4,311.6,190.0663555421825,23.5,49,0,0,0,0,0,0
7782,L54961,0,300.4,311.7,158.44098949604523,40.0,51,0,0,0,0,0,0
7783,M22642,1,300.4,311.6,158.96458827164355,36.4,53,0,0,0,0,0,0
7784,L54963,0,300.3,311.5,174.56783178447282,28.8,56,0,0,0,0,0,0
7785,L54964,0,300.3,311.5,146.92181643288265,60.1,58,0,0,0,0,0,0
7786,L54965,0,300.2,311.5,144.82742133048947,42.1,60,0,0,0,0,0,0
7787,L54966,0,300.3,311.5,153.5191610054212,46.2,62,0,0,0,0,0,0
7788,L54967,0,300.3,311.5,144.30382255489116,47.5,64,0,0,0,0,0,0
7789,M22648,1,300.2,311.5,162.00146117011366,40.9,66,0,0,0,0,0,0
7790,L54969,0,300.2,311.5,156.55603390389135,38.5,69,0,0,0,0,0,0
7791,L54970,0,300.1,311.4,181.06045660189176,29.3,71,0,0,0,0,0,0
7792,L54971,0,300.1,311.4,148.49261275967757,47.7,73,0,0,0,0,0,0
7793,H37206,2,300.1,311.4,155.50883635269477,40.4,75,0,0,0,0,0,0
7794,L54973,0,300.1,311.5,150.1681288415921,40.8,80,0,0,0,0,0,0
7795,M22654,1,300.2,311.6,148.17845349431857,55.8,82,0,0,0,0,0,0
7796,H37209,2,300.1,311.6,175.30087007031045,29.6,85,0,0,0,0,0,0
7797,L54976,0,300.1,311.5,152.26252394398531,52.4,90,0,0,0,0,0,0
7798,L54977,0,300.0,311.4,154.5663585566178,39.0,92,0,0,0,0,0,0
7799,L54978,0,300.0,311.5,189.7521962768235,28.3,94,0,0,0,0,0,0
7800,L54979,0,300.0,311.4,143.8849435344125,41.9,96,0,0,0,0,0,0
7801,M22660,1,300.1,311.4,159.59290680236148,40.6,98,0,0,0,0,0,0
7802,L54981,0,300.0,311.4,144.82742133048947,49.6,101,0,0,0,0,0,0
7803,L54982,0,299.9,311.3,149.64453006599382,58.2,103,0,0,0,0,0,0
7804,M22663,1,299.8,311.3,158.85986851652387,41.2,105,0,0,0,0,0,0
7805,M22664,1,299.9,311.4,154.98523757709646,44.9,108,0,0,0,0,0,0
7806,L54985,0,299.9,311.4,178.65190223413956,28.8,111,0,0,0,0,0,0
7807,L54986,0,300.0,311.5,141.26694965642102,48.6,113,0,0,0,0,0,0
7808,M22667,1,300.0,311.5,151.94836467862632,49.0,115,0,0,0,0,0,0
7809,L54988,0,299.9,311.4,170.37904157968646,36.7,118,0,0,0,0,0,0
7810,M22669,1,300.0,311.4,160.95426361891708,35.4,120,0,0,0,0,0,0
7811,L54990,0,300.1,311.5,232.26841685540535,17.0,123,0,0,0,0,0,0
7812,M22671,1,300.0,311.4,153.5191610054212,39.0,125,0,0,0,0,0,0
7813,L54992,0,300.0,311.5,174.46311202935317,32.0,128,0,0,0,0,0,0
7814,L54993,0,300.0,311.5,152.36724369910496,41.7,130,0,0,0,0,0,0
7815,L54994,0,300.0,311.4,201.79496811558437,24.6,132,0,0,0,0,0,0
7816,M22675,1,299.9,311.3,178.3377429687806,28.4,134,0,0,0,0,0,0
7817,L54996,0,299.8,311.2,160.5353845984384,35.9,137,0,0,0,0,0,0
7818,H37231,2,299.8,311.3,186.9247628885927,25.4,139,0,0,0,0,0,0
7819,L54998,0,299.8,311.2,224.30971546631122,16.6,144,0,0,0,0,0,0
7820,L54999,0,299.8,311.2,143.36134475881423,46.2,146,0,0,0,0,0,0
7821,M22680,1,299.8,311.2,178.65190223413956,29.2,148,0,0,0,0,0,0
7822,L55001,0,299.9,311.3,188.7049987256269,24.4,151,0,0,0,0,0,0
7823,H37236,2,299.9,311.3,147.96901398407925,41.8,153,0,0,0,0,0,0
7824,L55003,0,300.0,311.3,155.4041165975751,53.2,158,0,0,0,0,0,0
7825,L55004,0,299.9,311.3,160.74482410867773,38.1,160,0,0,0,0,0,0
7826,M22685,1,299.9,311.2,165.35249333394276,35.5,162,0,0,0,0,0,0
7827,L55006,0,299.8,311.1,136.1356816555577,64.2,165,0,0,0,0,0,0
7828,M22687,1,299.8,311.1,152.053084433746,44.3,167,0,0,0,0,0,0
7829,M22688,1,299.8,311.1,163.57225749690858,35.7,170,0,0,0,0,0,0
7830,L55009,0,299.8,311.2,174.25367251911388,28.3,173,0,0,0,0,0,0
7831,H37244,2,299.9,311.2,156.55603390389135,35.8,175,0,0,0,0,0,0
7832,M22691,1,300.0,311.4,160.5353845984384,42.6,180,0,0,0,0,0,0
7833,L55012,0,300.0,311.4,155.4041165975751,37.0,183,0,0,0,0,0,0
7834,L55013,0,300.0,311.4,167.97048721193426,38.7,185,0,0,0,0,0,0
7835,L55014,0,300.0,311.4,155.29939684245542,45.6,187,0,0,0,0,0,0
7836,L55015,0,300.1,311.5,162.21090068035298,34.7,189,0,0,0,0,0,0
7837,L55016,0,300.1,311.4,167.97048721193426,35.0,191,0,0,0,0,0,0
7838,L55017,0,300.2,311.5,176.4527873766267,31.0,193,0,0,0,0,0,0
7839,L55018,0,300.2,311.6,143.67550402417322,49.2,195,0,0,0,0,0,0
7840,L55019,0,300.3,311.6,143.8849435344125,47.4,197,0,0,0,0,0,0
7841,L55020,0,300.2,311.6,168.1799267221736,31.0,199,0,0,0,0,0,0
7842,L55021,0,300.1,311.5,154.04275978101953,47.2,201,0,0,0,0,0,0
7843,L55022,0,300.1,311.5,173.73007374351556,31.1,203,0,0,0,0,0,0
7844,M22703,1,300.1,311.7,146.60765716752366,48.5,205,0,0,0,0,0,0
7845,L55024,0,300.1,311.7,157.39379194484863,42.6,208,0,0,0,0,0,0
7846,L55025,0,300.2,311.8,188.28611970514828,23.2,210,0,0,0,0,0,0
7847,M22706,1,300.2,311.6,168.38936623241293,35.0,212,0,0,0,0,0,0
7848,L55027,0,300.2,311.6,138.43951626819023,50.9,215,0,0,0,0,0,0
7849,H37262,2,300.2,311.6,162.00146117011366,37.7,217,0,0,0,0,0,0
7850,M22709,1,300.3,311.7,143.8849435344125,47.9,222,1,1,0,0,0,0
7851,M22710,1,300.3,311.7,151.52948565814768,36.8,0,0,0,0,0,0,0
7852,L55031,0,300.4,311.7,143.78022377929287,47.2,3,0,0,0,0,0,0
7853,L55032,0,300.3,311.7,158.65042900628455,37.5,5,0,0,0,0,0,0
7854,L55033,0,300.3,311.7,137.91591749259192,56.5,7,0,0,0,0,0,0
7855,L55034,0,300.3,311.8,162.42034019059233,37.2,9,0,0,0,0,0,0
7856,M22715,1,300.3,311.8,166.71385015049836,32.1,11,0,0,0,0,0,0
7857,L55036,0,300.4,311.8,150.06340908647243,42.2,14,0,0,0,0,0,0
7858,L55037,0,300.5,311.9,149.9586893313528,43.1,16,0,0,0,0,0,0
7859,L55038,0,300.5,311.9,141.3716694115407,51.7,18,0,0,0,0,0,0
7860,M22719,1,300.5,311.9,143.46606451393387,44.8,20,0,0,0,0,0,0
7861,L55040,0,300.5,312.0,148.17845349431857,44.6,23,0,0,0,0,0,0
7862,L55041,0,300.5,312.0,156.87019316925034,42.9,25,0,0,0,0,0,0
7863,M22722,1,300.5,312.0,144.7227015753698,54.1,27,0,0,0,0,0,0
7864,M22723,1,300.5,311.9,158.2315499858059,44.5,30,0,0,0,0,0,0
7865,L55044,0,300.5,311.9,139.2772743091475,59.5,33,0,0,0,0,0,0
7866,L55045,0,300.5,311.9,144.82742133048947,50.5,35,0,0,0,0,0,0
7867,L55046,0,300.5,311.9,149.8539695762331,49.4,37,0,0,0,0,0,0
7868,L55047,0,300.5,312.0,152.99556222982292,38.1,39,0,0,0,0,0,0
7870,M22729,1,300.5,312.0,186.29644435787475,27.7,46,0,0,0,0,0,0
7871,M22730,1,300.6,312.1,135.4026433697201,52.3,49,0,0,0,0,0,0
7872,L55051,0,300.6,312.2,136.973439696515,54.7,52,0,0,0,0,0,0
7873,L55052,0,300.6,312.3,160.43066484331877,37.2,54,0,0,0,0,0,0
7874,L55053,0,300.7,312.4,153.93804002589985,38.6,56,0,0,0,0,0,0
7875,L55054,0,300.7,312.3,162.10618092523333,37.9,58,0,0,0,0,0,0
7876,L55055,0,300.7,312.3,198.75809521711423,24.0,60,0,0,0,0,0,0
7877,H37290,2,300.7,312.2,139.8008730847458,49.0,62,0,0,0,0,0,0
7878,L55057,0,300.7,312.3,148.70205226991686,53.8,67,0,0,0,0,0,0
7879,L55058,0,300.7,312.3,148.49261275967757,49.0,69,0,0,0,0,0,0
7880,M22739,1,300.8,312.3,160.74482410867773,40.3,71,0,0,0,0,0,0
7881,H37294,2,300.7,312.4,152.57668320934428,47.2,74,0,0,0,0,0,0
7882,L55061,0,300.8,312.4,156.34659439365205,39.1,79,0,0,0,0,0,0
7883,H37296,2,300.7,312.3,174.8819910498318,27.3,81,0,0,0,0,0,0
7884,H37297,2,300.7,312.3,151.42476590302803,45.4,86,0,0,0,0,0,0
7885,L55064,0,300.8,312.4,153.41444125030156,59.1,91,1,0,0,1,0,0
7886,L55065,0,300.7,312.3,166.504410640259,36.3,93,0,0,0,0,0,0
7887,M22746,1,300.6,312.2,227.66074763014032,18.5,95,0,0,0,0,0,0
7888,L55067,0,300.7,312.4,166.504410640259,37.9,98,0,0,0,0,0,0
7889,L55068,0,300.7,312.3,165.14305382370344,33.2,100,0,0,0,0,0,0
7890,M22749,1,300.7,312.4,143.57078426905355,61.7,102,0,0,0,0,0,0
7891,L55070,0,300.8,312.4,185.03980729643882,25.6,105,0,0,0,0,0,0
7892,L55071,0,300.8,312.5,158.85986851652387,39.2,107,0,0,0,0,0,0
7893,M22752,1,300.9,312.6,162.83921921107094,40.6,109,0,0,0,0,0,0
7894,L55073,0,300.9,312.7,148.28317324943825,43.8,112,0,0,0,0,0,0
7895,M22754,1,300.8,312.6,166.29497113001972,35.6,114,0,0,0,0,0,0
7896,L55075,0,300.8,312.6,148.91149178015618,50.0,117,0,0,0,0,0,0
7897,L55076,0,300.8,312.6,144.09438304465183,53.6,119,0,0,0,0,0,0
7898,L55077,0,300.8,312.5,150.1681288415921,50.7,121,0,0,0,0,0,0
7899,L55078,0,300.8,312.5,149.01621153527586,47.3,123,0,0,0,0,0,0
7900,L55079,0,300.9,312.4,142.8377459832159,52.5,125,0,0,0,0,0,0
7901,L55080,0,300.8,312.4,191.11355309337907,23.8,127,0,0,0,0,0,0
7902,L55081,0,300.8,312.4,142.94246573833559,44.5,129,0,0,0,0,0,0
7903,M22762,1,300.7,312.3,149.7492498211135,47.2,131,0,0,0,0,0,0
7904,L55083,0,300.8,312.3,150.27284859671178,44.8,134,0,0,0,0,0,0
7905,M22764,1,300.8,312.4,189.64747652170385,25.1,136,0,0,0,0,0,0
7906,M22765,1,300.8,312.4,153.41444125030156,43.7,139,0,0,0,0,0,0
7907,L55086,0,300.9,312.4,143.67550402417322,51.0,142,0,0,0,0,0,0
7908,L55087,0,300.8,312.3,194.56930501232785,26.3,144,0,0,0,0,0,0
7909,L55088,0,300.7,312.3,179.5943800302165,26.8,146,0,0,0,0,0,0
7910,L55089,0,300.7,312.2,166.504410640259,38.5,148,0,0,0,0,0,0
7911,M22770,1,300.8,312.2,174.25367251911388,25.7,150,0,0,0,0,0,0
7912,L55091,0,300.7,312.1,158.3362697409256,36.9,153,0,0,0,0,0,0
7913,L55092,0,300.7,312.1,156.87019316925034,44.0,155,0,0,0,0,0,0
7914,L55093,0,300.7,312.1,146.08405839192537,41.9,157,0,0,0,0,0,0
7915,H37328,2,300.7,312.1,156.03243512829306,43.1,159,0,0,0,0,0,0
7916,H37329,2,300.8,312.1,159.90706606772045,35.1,164,0,0,0,0,0,0
7917,L55096,0,300.8,312.1,158.3362697409256,37.1,169,0,0,0,0,0,0
7918,L55097,0,300.9,312.1,154.35691904637852,42.4,171,0,0,0,0,0,0
7919,L55098,0,300.8,312.1,157.60323145508795,41.3,173,0,0,0,0,0,0
7920,L55099,0,300.8,312.0,156.66075365901102,40.0,175,0,0,0,0,0,0
7921,L55100,0,300.8,312.0,144.7227015753698,49.3,177,0,0,0,0,0,0
7922,L55101,0,300.7,311.9,148.59733251479722,47.7,179,0,0,0,0,0,0
7923,L55102,0,300.7,311.9,153.1002819849426,39.7,181,0,0,0,0,0,0
7924,M22783,1,300.8,312.0,151.84364492350664,45.0,183,0,0,0,0,0,0
7925,H37338,2,300.7,311.9,145.4557398612074,46.5,186,0,0,0,0,0,0
7926,M22785,1,300.7,311.9,177.70942443806265,28.2,191,0,0,0,0,0,0
7927,L55106,0,300.7,311.9,139.8008730847458,57.1,194,1,0,0,0,1,0
7928,L55107,0,300.7,311.9,154.5663585566178,42.0,196,0,0,0,0,0,0
7929,L55108,0,300.6,311.7,156.76547341413067,43.6,198,0,0,0,0,0,0
7930,M22789,1,300.6,311.6,174.77727129471216,29.2,200,0,0,0,0,0,0
7931,L55110,0,300.6,311.6,152.36724369910496,48.0,203,0,0,0,0,0,0
7932,L55111,0,300.7,311.7,156.97491292437,38.4,205,0,0,0,0,0,0
7933,L55112,0,300.7,311.8,154.77579806685713,41.9,207,0,0,0,0,0,0
7934,L55113,0,300.8,311.8,201.89968787070404,21.8,209,0,0,0,0,0,0
7935,M22794,1,300.8,311.9,169.7507230489685,28.3,211,0,0,0,0,0,0
7936,M22795,1,300.8,311.9,141.99998794225863,44.3,214,0,0,0,0,0,0
7937,L55116,0,300.8,311.7,156.03243512829306,46.4,217,0,0,0,0,0,0
7938,L55117,0,300.8,311.7,165.24777357882311,31.4,219,0,0,0,0,0,0
7939,L55118,0,300.8,311.7,176.03390835614806,31.3,221,0,0,0,0,0,0
7940,L55119,0,300.8,311.8,148.3878930045579,43.4,223,0,0,0,0,0,0
7941,M22800,1,300.7,311.7,160.43066484331877,40.0,0,0,0,0,0,0,0
7942,M22801,1,300.7,311.7,156.97491292437,38.9,3,0,0,0,0,0,0
7943,L55122,0,300.8,311.7,149.9586893313528,45.8,6,0,0,0,0,0,0
7944,L55123,0,300.8,311.7,183.57373072476358,29.0,8,0,0,0,0,0,0
7945,L55124,0,300.8,311.7,148.0737337391989,49.0,10,0,0,0,0,0,0
7946,L55125,0,300.8,311.7,173.31119472303692,32.2,12,0,0,0,0,0,0
7947,L55126,0,300.8,311.6,158.7551487614042,35.6,14,0,0,0,0,0,0
7948,L55127,0,300.8,311.7,149.33037080063482,45.5,16,0,0,0,0,0,0
7949,L55128,0,300.8,311.7,154.8805178219768,39.4,18,0,0,0,0,0,0
7950,M22809,1,300.7,311.5,164.30529578274619,36.4,20,0,0,0,0,0,0
7951,L55130,0,300.8,311.6,164.2005760276265,36.0,23,0,0,0,0,0,0
7952,M22811,1,300.9,311.8,192.99850868553295,24.5,25,0,0,0,0,0,0
7953,M22812,1,300.9,311.9,154.98523757709646,40.9,28,0,0,0,0,0,0
7954,L55133,0,301.0,312.0,151.52948565814768,36.8,31,0,0,0,0,0,0
7955,L55134,0,301.0,311.9,152.26252394398531,41.9,33,0,0,0,0,0,0
7956,M22815,1,300.9,311.9,137.1828792067543,56.1,35,0,0,0,0,0,0
7957,H37370,2,300.9,311.9,158.44098949604523,38.0,38,0,0,0,0,0,0
7958,H37371,2,300.9,311.9,224.10027595607193,16.5,43,0,0,0,0,0,0
7959,L55138,0,301.0,312.1,144.1991027997715,49.9,48,0,0,0,0,0,0
7960,L55139,0,301.0,312.1,165.98081186466072,32.3,50,0,0,0,0,0,0
7961,H37374,2,301.1,312.2,156.1371548834127,42.6,52,0,0,0,0,0,0
7962,L55141,0,301.0,312.2,132.36577047124996,59.0,57,0,0,0,0,0,0
7963,L55142,0,301.0,312.2,143.67550402417322,47.0,59,0,0,0,0,0,0
7964,L55143,0,301.0,312.2,158.12683023068624,39.9,61,0,0,0,0,0,0
7965,L55144,0,300.9,312.1,149.01621153527586,40.2,63,0,0,0,0,0,0
7966,L55145,0,301.1,312.3,153.3097214951819,35.3,65,0,0,0,0,0,0
7967,L55146,0,301.0,312.2,167.76104770169496,35.9,67,0,0,0,0,0,0
7968,M22827,1,301.0,312.2,170.58848108992575,32.6,69,0,0,0,0,0,0
7969,L55148,0,300.9,312.2,189.64747652170385,23.2,72,0,0,0,0,0,0
7970,L55149,0,300.9,312.1,179.17550100973784,28.8,74,0,0,0,0,0,0
7971,M22830,1,300.9,312.1,135.82152239019874,48.6,76,0,0,0,0,0,0
7972,L55151,0,301.0,312.1,147.131255943122,46.1,79,0,0,0,0,0,0
7973,L55152,0,301.1,312.2,146.2934979021647,54.9,81,0,0,0,0,0,0
7974,L55153,0,301.1,312.3,176.13862811126774,29.7,83,0,0,0,0,0,0
7975,L55154,0,301.2,312.3,160.01178582284012,38.4,85,0,0,0,0,0,0
7976,M22835,1,301.2,312.3,162.10618092523333,38.3,87,0,0,0,0,0,0
7977,H37390,2,301.2,312.4,146.08405839192537,47.8,90,0,0,0,0,0,0
7978,L55157,0,301.2,312.4,144.30382255489116,59.0,95,0,0,0,0,0,0
7979,L55158,0,301.2,312.4,154.98523757709646,53.5,97,0,0,0,0,0,0
7980,M22839,1,301.2,312.4,149.53981031087415,36.6,99,0,0,0,0,0,0
7981,M22840,1,301.2,312.4,157.60323145508795,39.6,102,0,0,0,0,0,0
7982,L55161,0,301.0,312.3,151.32004614790836,36.4,105,0,0,0,0,0,0
7983,L55162,0,301.0,312.3,155.8229956180537,42.6,107,0,0,0,0,0,0
7984,L55163,0,301.0,312.2,167.6563279465753,33.0,109,0,0,0,0,0,0
7985,L55164,0,301.0,312.3,162.31562043547265,34.9,111,0,0,0,0,0,0
7986,L55165,0,301.0,312.2,161.26842288427605,34.1,113,0,0,0,0,0,0
7987,L55166,0,301.1,312.3,166.19025137490004,34.5,115,0,0,0,0,0,0
7988,H37401,2,301.0,312.2,155.92771537317338,40.3,117,0,0,0,0,0,0
7989,L55168,0,301.1,312.3,155.61355610781442,34.9,122,0,0,0,0,0,0
7990,L55169,0,301.1,312.4,149.7492498211135,37.9,124,0,0,0,0,0,0
7991,M22850,1,301.1,312.4,189.43803701146453,25.1,126,0,0,0,0,0,0
7992,L55171,0,301.1,312.3,160.6401043535581,39.0,129,0,0,0,0,0,0
7993,M22852,1,301.1,312.3,193.94098648160988,25.9,131,0,0,0,0,0,0
7994,L55173,0,301.1,312.3,167.02800941585735,31.9,134,0,0,0,0,0,0
7995,L55174,0,301.0,312.3,149.12093129039553,43.5,136,0,0,0,0,0,0
7996,L55175,0,301.0,312.2,185.98228509251575,28.8,138,0,0,0,0,0,0
7997,M22856,1,301.0,312.2,156.97491292437,41.5,140,0,0,0,0,0,0
7998,M22857,1,301.0,312.2,283.79053637427796,9.7,143,1,0,0,1,0,0
7999,L55178,0,300.9,312.1,142.31414720761762,51.7,146,0,0,0,0,0,0
8000,M22859,1,300.9,312.1,169.33184402848985,31.0,148,0,0,0,0,0,0
8001,M22860,1,300.8,312.0,151.11060663766906,53.3,151,0,0,0,0,0,0
8002,L55181,0,300.8,312.0,143.8849435344125,50.2,154,0,0,0,0,0,0
8003,M22862,1,300.9,312.1,193.83626672649024,23.0,156,0,0,0,0,0,0
8004,M22863,1,300.8,312.0,133.41296802244653,67.3,159,0,0,0,0,0,0
8005,L55184,0,300.9,312.0,160.5353845984384,44.0,162,0,0,0,0,0,0
8006,L55185,0,300.8,312.0,154.67107831173746,37.3,164,0,0,0,0,0,0
8007,L55186,0,300.9,312.1,153.1002819849426,46.0,166,0,0,0,0,0,0
8008,M22867,1,301.0,312.1,174.25367251911388,28.4,168,0,0,0,0,0,0
8009,L55188,0,300.8,311.9,148.0737337391989,41.1,171,0,0,0,0,0,0
8010,H37423,2,300.9,312.0,222.94835864975565,17.8,173,0,0,0,0,0,0
8011,L55190,0,300.8,311.8,138.54423602330985,61.1,178,0,0,0,0,0,0
8012,L55191,0,300.8,311.8,149.4350905557545,43.3,180,0,0,0,0,0,0
8013,M22872,1,300.9,312.0,143.98966328953216,56.1,182,0,0,0,0,0,0
8014,M22873,1,300.9,312.0,146.817096677763,50.7,185,0,0,0,0,0,0
8015,L55194,0,300.9,312.0,157.07963267948966,44.2,188,0,0,0,0,0,0
8016,M22875,1,301.0,312.0,163.1533784764299,37.5,190,0,0,0,0,0,0
8017,M22876,1,300.9,312.0,151.52948565814768,41.4,193,0,0,0,0,0,0
8018,L55197,0,301.0,312.0,158.96458827164355,39.3,196,0,0,0,0,0,0
8019,L55198,0,301.0,311.9,197.8156174210373,23.5,198,0,0,0,0,0,0
8020,L55199,0,301.0,312.1,175.40558982543013,30.7,200,0,0,0,0,0,0
8021,H37434,2,300.9,312.0,180.1179788058148,27.9,202,0,0,0,0,0,0
8022,M22881,1,301.0,312.0,156.97491292437,34.6,207,0,0,0,0,0,0
8023,L55202,0,300.9,312.0,150.90116712742974,43.8,210,0,0,0,0,0,0
8024,H37437,2,300.9,312.0,146.2934979021647,42.7,212,0,0,0,0,0,0
8025,L55204,0,300.9,312.0,156.34659439365205,38.7,217,0,0,0,0,0,0
8026,M22885,1,300.8,312.0,148.91149178015618,50.7,219,0,0,0,0,0,0
8027,L55206,0,300.7,311.9,146.50293741240404,50.2,222,1,0,0,0,1,0
8028,L55207,0,300.6,311.9,149.22565104551515,44.9,224,0,0,0,0,0,0
8029,L55208,0,300.6,311.8,157.1843524346093,44.8,226,0,0,0,0,0,0
8030,M22889,1,300.6,311.9,170.58848108992575,35.3,0,0,0,0,0,0,0
8031,L55210,0,300.6,312.0,156.03243512829306,42.2,3,0,0,0,0,0,0
8032,L55211,0,300.7,312.0,162.31562043547265,32.4,5,0,0,0,0,0,0
8033,L55212,0,300.8,312.0,148.28317324943825,46.5,7,0,0,0,0,0,0
8034,L55213,0,300.7,311.9,155.50883635269477,38.8,9,0,0,0,0,0,0
8035,L55214,0,300.7,311.8,163.7816970071479,36.8,11,0,0,0,0,0,0
8036,L55215,0,300.7,311.7,200.01473227855016,19.7,13,0,0,0,0,0,0
8037,L55216,0,300.7,311.7,152.89084247470328,46.1,15,0,0,0,0,0,0
8038,L55217,0,300.7,311.8,167.8657674568146,34.1,17,0,0,0,0,0,0
8039,L55218,0,300.7,311.8,155.61355610781442,47.3,19,0,0,0,0,0,0
8040,L55219,0,300.8,311.9,163.36281798666923,31.8,21,0,0,0,0,0,0
8041,L55220,0,300.8,311.9,156.87019316925034,39.3,23,0,0,0,0,0,0
8042,H37455,2,300.8,311.9,149.8539695762331,48.5,25,0,0,0,0,0,0
8043,L55222,0,300.8,311.9,155.61355610781442,45.1,30,0,0,0,0,0,0
8044,L55223,0,300.7,311.9,155.61355610781442,35.8,32,0,0,0,0,0,0
8045,L55224,0,300.7,311.8,150.90116712742974,38.1,34,0,0,0,0,0,0
8046,M22905,1,300.7,311.9,143.04718549345526,55.1,36,0,0,0,0,0,0
8047,L55226,0,300.6,311.8,154.04275978101953,41.4,39,0,0,0,0,0,0
8048,L55227,0,300.6,311.9,153.20500174006224,38.2,41,0,0,0,0,0,0
8049,L55228,0,300.6,311.9,147.96901398407925,41.3,43,0,0,0,0,0,0
8050,H37463,2,300.6,311.9,167.97048721193426,30.5,45,0,0,0,0,0,0
8051,L55230,0,300.7,312.0,146.71237692264333,51.1,50,0,0,0,0,0,0
8052,L55231,0,300.6,311.8,172.99703545767795,27.2,52,0,0,0,0,0,0
8053,L55232,0,300.5,311.9,146.92181643288265,45.7,54,0,0,0,0,0,0
8054,L55233,0,300.5,311.9,197.60617791079798,21.7,56,0,0,0,0,0,0
8055,L55234,0,300.4,311.8,147.131255943122,47.9,58,0,0,0,0,0,0
8056,H37469,2,300.2,311.6,156.66075365901102,41.1,60,0,0,0,0,0,0
8057,L55236,0,300.1,311.5,156.97491292437,43.4,65,0,0,0,0,0,0
8058,L55237,0,300.2,311.5,162.21090068035298,37.2,67,0,0,0,0,0,0
8059,L55238,0,300.3,311.6,158.65042900628455,44.9,69,0,0,0,0,0,0
8060,L55239,0,300.2,311.6,161.26842288427605,37.7,71,0,0,0,0,0,0
8061,H37474,2,300.2,311.5,149.33037080063482,44.3,73,0,0,0,0,0,0
8062,M22921,1,300.2,311.6,153.41444125030156,41.4,78,0,0,0,0,0,0
8063,M22922,1,300.3,311.6,142.31414720761762,54.1,81,0,0,0,0,0,0
8064,M22923,1,300.3,311.7,162.42034019059233,36.4,84,0,0,0,0,0,0
8065,L55244,0,300.5,311.8,167.13272917097697,34.8,87,0,0,0,0,0,0
8066,M22925,1,300.5,311.9,174.8819910498318,26.3,89,0,0,0,0,0,0
8067,L55246,0,300.4,311.9,195.61650256352445,21.3,92,0,0,0,0,0,0
8068,M22927,1,300.6,312.0,156.03243512829306,39.8,94,0,0,0,0,0,0
8069,M22928,1,300.5,311.9,175.51030958054977,35.2,97,0,0,0,0,0,0
8070,M22929,1,300.5,311.9,196.34954084936209,22.1,100,0,0,0,0,0,0
8071,M22930,1,300.5,312.0,195.5117828084048,23.0,103,0,0,0,0,0,0
8072,L55251,0,300.5,312.0,172.36871692696,29.5,106,0,0,0,0,0,0
8073,H37486,2,300.5,312.0,143.98966328953216,43.2,108,0,0,0,0,0,0
8074,L55253,0,300.5,312.0,163.1533784764299,36.7,113,0,0,0,0,0,0
8075,L55254,0,300.4,312.0,170.79792060016507,34.9,115,0,0,0,0,0,0
8076,L55255,0,300.4,312.0,143.04718549345526,43.0,117,0,0,0,0,0,0
8077,L55256,0,300.3,311.8,142.4188669627373,48.0,119,0,0,0,0,0,0
8078,L55257,0,300.3,311.8,162.00146117011366,39.7,121,0,0,0,0,0,0
8079,L55258,0,300.3,311.7,164.51473529298548,31.2,123,0,0,0,0,0,0
8080,L55259,0,300.2,311.5,160.01178582284012,36.1,125,0,0,0,0,0,0
8081,H37494,2,300.2,311.5,149.9586893313528,43.6,127,0,0,0,0,0,0
8082,L55261,0,300.2,311.6,141.99998794225863,53.5,132,0,0,0,0,0,0
8083,H37496,2,300.1,311.5,148.91149178015618,46.2,134,0,0,0,0,0,0
8084,L55263,0,300.1,311.4,150.58700786207075,42.2,139,0,0,0,0,0,0
8085,L55264,0,300.2,311.4,155.29939684245542,44.4,141,0,0,0,0,0,0
8086,L55265,0,300.2,311.4,139.38199406426713,49.8,143,0,0,0,0,0,0
8087,L55266,0,300.2,311.4,153.20500174006224,37.5,145,0,0,0,0,0,0
8088,L55267,0,300.1,311.4,151.42476590302803,40.6,147,0,0,0,0,0,0
8089,L55268,0,300.1,311.4,141.99998794225863,45.7,149,0,0,0,0,0,0
8090,L55269,0,300.1,311.3,175.51030958054977,30.3,151,0,0,0,0,0,0
8091,L55270,0,300.1,311.4,200.01473227855016,23.0,153,0,0,0,0,0,0
8092,L55271,0,300.2,311.6,143.98966328953216,56.9,155,0,0,0,0,0,0
8093,M22952,1,300.2,311.6,158.44098949604523,40.8,157,0,0,0,0,0,0
8094,L55273,0,300.2,311.6,158.2315499858059,35.7,160,0,0,0,0,0,0
8095,H37508,2,300.2,311.6,174.04423300887453,28.8,162,0,0,0,0,0,0
8096,L55275,0,300.2,311.7,156.34659439365205,48.3,167,0,0,0,0,0,0
8097,M22956,1,300.2,311.7,162.83921921107094,37.4,169,0,0,0,0,0,0
8098,L55277,0,300.3,311.7,152.053084433746,41.5,172,0,0,0,0,0,0
8099,L55278,0,300.2,311.6,157.07963267948966,39.0,174,0,0,0,0,0,0
8100,L55279,0,300.2,311.7,167.8657674568146,30.5,176,0,0,0,0,0,0
8101,L55280,0,300.3,311.7,176.13862811126774,27.8,178,0,0,0,0,0,0
8102,L55281,0,300.3,311.8,164.09585627250686,37.7,180,0,0,0,0,0,0
8103,L55282,0,300.3,311.8,147.96901398407925,46.0,182,0,0,0,0,0,0
8104,M22963,1,300.3,311.9,149.64453006599382,41.6,184,0,0,0,0,0,0
8105,L55284,0,300.3,311.9,177.1858256624643,31.5,187,0,0,0,0,0,0
8106,L55285,0,300.4,311.9,154.5663585566178,48.7,189,0,0,0,0,0,0
8107,M22966,1,300.4,312.0,167.13272917097697,30.4,191,0,0,0,0,0,0
8108,H37521,2,300.3,311.9,145.56045961632708,49.0,194,0,0,0,0,0,0
8109,M22968,1,300.3,311.8,168.28464647729325,33.7,199,0,0,0,0,0,0
8110,L55289,0,300.3,311.7,190.69467407290043,26.3,202,0,0,0,0,0,0
8111,H37524,2,300.3,311.8,224.20499571119157,18.5,204,0,0,0,0,0,0
8112,M22971,1,300.4,311.8,162.62977970083162,33.1,209,1,1,0,0,0,0
8113,M22972,1,300.4,311.8,151.0058868825494,45.1,0,0,0,0,0,0,0
8114,L55293,0,300.4,311.7,152.7861227195836,45.6,3,0,0,0,0,0,0
8115,H37528,2,300.4,311.8,261.3805087786708,13.5,5,0,0,0,0,0,0
8116,L55295,0,300.4,311.8,143.1519052485749,57.2,10,0,0,0,0,0,0
8117,L55296,0,300.3,311.8,209.85838925979817,19.6,12,0,0,0,0,0,0
8118,L55297,0,300.3,311.7,147.23597569824162,47.5,14,0,0,0,0,0,0
8119,L55298,0,300.3,311.8,162.10618092523333,33.0,16,0,0,0,0,0,0
8120,L55299,0,300.3,311.7,139.59143357450648,55.2,18,0,0,0,0,0,0
8121,L55300,0,300.2,311.6,185.03980729643882,26.4,20,0,0,0,0,0,0
8122,L55301,0,300.2,311.6,191.3229926036184,27.0,22,0,0,0,0,0,0
8123,M22982,1,300.2,311.6,160.5353845984384,46.4,24,0,0,0,0,0,0
8124,H37537,2,300.2,311.5,158.65042900628455,36.8,27,0,0,0,0,0,0
8125,L55304,0,300.2,311.4,164.2005760276265,41.0,32,0,0,0,0,0,0
8126,L55305,0,300.2,311.4,152.053084433746,47.8,34,0,0,0,0,0,0
8127,L55306,0,300.2,311.4,150.06340908647243,37.9,36,0,0,0,0,0,0
8128,M22987,1,300.1,311.3,172.78759594743863,33.8,38,0,0,0,0,0,0
8129,L55308,0,300.1,311.4,170.58848108992575,31.3,41,0,0,0,0,0,0
8130,L55309,0,300.0,311.3,159.17402778188284,39.2,43,0,0,0,0,0,0
8131,H37544,2,300.0,311.2,145.87461888168605,43.1,45,0,0,0,0,0,0
8132,H37545,2,299.9,311.2,142.8377459832159,49.6,50,0,0,0,0,0,0
8133,M22992,1,299.9,311.3,145.4557398612074,50.0,55,0,0,0,0,0,0
8134,L55313,0,299.8,311.1,153.5191610054212,46.1,58,0,0,0,0,0,0
8135,L55314,0,299.7,311.1,172.78759594743863,32.4,60,0,0,0,0,0,0
8136,L55315,0,299.6,311.0,162.73449945595127,36.3,62,0,0,0,0,0,0
8137,M22996,1,299.6,310.9,154.35691904637852,39.7,64,0,0,0,0,0,0
8138,H37551,2,299.5,310.8,167.55160819145564,32.4,67,0,0,0,0,0,0
8139,L55318,0,299.5,310.8,141.99998794225863,54.9,72,0,0,0,0,0,0
8140,L55319,0,299.5,310.8,164.51473529298548,38.2,74,0,0,0,0,0,0
8141,L55320,0,299.6,310.9,173.62535398839591,28.0,76,0,0,0,0,0,0
8142,L55321,0,299.6,310.8,145.87461888168605,49.9,78,0,0,0,0,0,0
8143,M23002,1,299.7,311.0,151.63420541326735,49.8,80,0,0,0,0,0,0
8144,L55323,0,299.7,310.9,154.67107831173746,40.4,83,0,0,0,0,0,0
8145,M23004,1,299.7,311.0,157.70795121020763,42.7,85,0,0,0,0,0,0
8146,M23005,1,299.7,310.9,176.4527873766267,32.1,88,0,0,0,0,0,0
8147,L55326,0,299.6,310.9,160.5353845984384,31.8,91,0,0,0,0,0,0
8148,L55327,0,299.5,310.8,151.52948565814768,41.0,93,0,0,0,0,0,0
8149,M23008,1,299.5,310.7,155.8229956180537,39.5,95,0,0,0,0,0,0
8150,M23009,1,299.6,310.8,149.4350905557545,50.4,98,0,0,0,0,0,0
8151,M23010,1,299.5,310.7,149.12093129039553,41.3,101,0,0,0,0,0,0
8152,L55331,0,299.5,310.7,154.14747953613917,40.9,104,0,0,0,0,0,0
8153,L55332,0,299.5,310.7,150.58700786207075,45.7,106,0,0,0,0,0,0
8154,L55333,0,299.6,310.8,157.8126709653273,42.4,108,0,0,0,0,0,0
8155,L55334,0,299.6,310.7,145.87461888168605,52.1,110,0,0,0,0,0,0
8156,L55335,0,299.5,310.8,134.3554458185235,52.4,112,0,0,0,0,0,0
8157,L55336,0,299.6,310.8,172.15927741672067,30.9,114,0,0,0,0,0,0
8158,L55337,0,299.6,310.8,156.87019316925034,46.9,116,0,0,0,0,0,0
8159,L55338,0,299.6,310.8,146.60765716752366,40.8,118,0,0,0,0,0,0
8160,H37573,2,299.6,310.9,175.82446884590874,31.2,120,0,0,0,0,0,0
8161,M23020,1,299.7,311.1,169.4365637836095,30.3,125,0,0,0,0,0,0
8162,H37575,2,299.6,311.0,179.48966027509684,30.2,128,0,0,0,0,0,0
8163,L55342,0,299.6,311.0,164.82889455834447,35.0,133,0,0,0,0,0,0
8164,L55343,0,299.7,311.1,164.82889455834447,36.4,135,0,0,0,0,0,0
8165,L55344,0,299.6,310.9,154.14747953613917,40.9,137,0,0,0,0,0,0
8166,L55345,0,299.6,311.0,162.52505994571194,33.2,139,0,0,0,0,0,0
8167,L55346,0,299.7,311.1,167.8657674568146,31.4,141,0,0,0,0,0,0
8168,H37581,2,299.7,311.1,141.68582867689966,47.1,143,0,0,0,0,0,0
8169,L55348,0,299.7,311.1,176.97638615222502,30.6,148,0,0,0,0,0,0
8170,M23029,1,299.8,311.2,182.7359726838063,26.3,150,0,0,0,0,0,0
8171,L55350,0,299.9,311.3,159.38346729212216,45.7,153,0,0,0,0,0,0
8172,H37585,2,300.0,311.4,171.84511815136167,34.5,155,0,0,0,0,0,0
8173,L55352,0,299.9,311.4,167.13272917097697,28.9,160,0,0,0,0,0,0
8174,H37587,2,299.9,311.4,156.76547341413067,37.0,162,0,0,0,0,0,0
8175,L55354,0,299.9,311.3,143.57078426905355,52.3,167,0,0,0,0,0,0
8176,M23035,1,299.9,311.3,151.32004614790836,41.2,169,0,0,0,0,0,0
8177,L55356,0,299.8,311.2,163.7816970071479,40.0,172,0,0,0,0,0,0
8178,L55357,0,299.7,311.1,150.6917276171904,44.9,174,0,0,0,0,0,0
8179,L55358,0,299.7,311.2,141.58110892178001,52.1,176,0,0,0,0,0,0
8180,L55359,0,299.8,311.3,163.36281798666923,35.4,178,0,0,0,0,0,0
8181,M23040,1,299.7,311.2,169.22712427337018,42.3,180,0,0,0,0,0,0
8182,L55361,0,299.7,311.2,192.16075064457567,23.7,183,0,0,0,0,0,0
8183,M23042,1,299.7,311.1,172.68287619231896,32.7,185,0,0,0,0,0,0
8184,L55363,0,299.8,311.1,152.053084433746,47.3,188,0,0,0,0,0,0
8185,L55364,0,299.8,311.1,224.51915497655054,17.7,190,0,0,0,0,0,0
8186,L55365,0,299.7,311.1,162.73449945595127,41.0,192,0,0,0,0,0,0
8187,L55366,0,299.7,311.0,191.3229926036184,25.4,194,0,0,0,0,0,0
8188,L55367,0,299.6,310.9,151.63420541326735,46.3,196,0,0,0,0,0,0
8189,M23048,1,299.6,310.9,160.22122533307945,38.8,198,0,0,0,0,0,0
8190,L55369,0,299.7,311.0,207.65927440228532,21.0,201,0,0,0,0,0,0
8191,M23050,1,299.7,310.9,169.64600329384882,37.2,203,0,0,0,0,0,0
8192,M23051,1,299.6,310.9,170.69320084504542,29.8,206,0,0,0,0,0,0
8193,L55372,0,299.6,310.9,128.70057904206186,65.2,209,1,0,0,0,1,0
8194,L55373,0,299.5,310.8,196.14010133912277,22.3,211,0,0,0,0,0,0
8195,L55374,0,299.4,310.7,149.33037080063482,45.7,213,0,0,0,0,0,0
8196,L55375,0,299.4,310.8,144.09438304465183,53.9,215,1,0,0,0,1,0
8197,L55376,0,299.4,310.8,169.85544280408814,33.6,217,0,0,0,0,0,0
8198,M23057,1,299.4,310.7,156.24187463853238,45.7,219,0,0,0,0,0,0
8199,M23058,1,299.3,310.7,143.8849435344125,48.9,222,0,0,0,0,0,0
8200,L55379,0,299.2,310.7,181.898214642849,27.0,225,1,1,0,0,0,0
8201,L55380,0,299.3,310.8,149.33037080063482,42.4,0,0,0,0,0,0,0
8202,M23061,1,299.3,310.9,191.21827284849874,25.1,2,0,0,0,0,0,0
8203,L55382,0,299.3,310.9,174.77727129471216,32.4,5,0,0,0,0,0,0
8204,M23063,1,299.4,310.9,154.25219929125885,40.1,7,0,0,0,0,0,0
8205,L55384,0,299.4,310.9,183.36429121452426,27.8,10,0,0,0,0,0,0
8206,M23065,1,299.4,310.9,151.42476590302803,47.3,12,0,0,0,0,0,0
8207,L55386,0,299.3,310.8,155.29939684245542,43.5,15,0,0,0,0,0,0
8208,L55387,0,299.2,310.7,160.74482410867773,42.6,17,0,0,0,0,0,0
8209,L55388,0,299.2,310.7,154.67107831173746,44.0,19,0,0,0,0,0,0
8210,L55389,0,299.3,310.8,145.66517937144675,46.9,21,0,0,0,0,0,0
8211,H37624,2,299.2,310.7,171.3215193757634,29.4,23,0,0,0,0,0,0
8212,L55391,0,299.2,310.6,175.40558982543013,33.3,28,0,0,0,0,0,0
8213,H37626,2,299.2,310.5,139.17255455402784,48.9,30,0,0,0,0,0,0
8214,M23073,1,299.2,310.5,162.10618092523333,33.5,35,0,0,0,0,0,0
8215,L55394,0,299.2,310.5,145.66517937144675,45.8,38,0,0,0,0,0,0
8216,L55395,0,299.1,310.5,150.4822881069511,43.1,40,0,0,0,0,0,0
8217,L55396,0,299.2,310.6,143.46606451393387,61.9,42,0,0,0,0,0,0
8218,L55397,0,299.1,310.6,165.14305382370344,37.1,44,0,0,0,0,0,0
8219,L55398,0,299.1,310.5,155.50883635269477,37.8,46,0,0,0,0,0,0
8220,L55399,0,299.0,310.4,157.4985116999683,34.3,48,0,0,0,0,0,0
8221,M23080,1,298.9,310.3,162.42034019059233,35.2,50,0,0,0,0,0,0
8222,M23081,1,299.1,310.5,149.53981031087415,43.0,53,0,0,0,0,0,0
8223,L55402,0,299.0,310.5,183.78317023500287,27.9,56,0,0,0,0,0,0
8224,L55403,0,299.1,310.5,139.17255455402784,54.9,58,0,0,0,0,0,0
8225,L55404,0,299.1,310.5,156.66075365901102,35.2,60,0,0,0,0,0,0
8226,L55405,0,299.1,310.5,160.43066484331877,36.6,62,0,0,0,0,0,0
8227,L55406,0,299.1,310.5,145.4557398612074,61.4,64,0,0,0,0,0,0
8228,M23087,1,299.1,310.4,159.59290680236148,51.4,66,0,0,0,0,0,0
8229,M23088,1,299.1,310.4,148.91149178015618,49.3,69,0,0,0,0,0,0
8230,L55409,0,299.1,310.5,182.10765415308833,27.4,72,0,0,0,0,0,0
8231,L55410,0,299.1,310.5,181.79349488772934,26.9,74,0,0,0,0,0,0
8232,L55411,0,299.1,310.5,148.59733251479722,48.8,76,0,0,0,0,0,0
8233,L55412,0,299.1,310.6,138.85839528866885,49.7,78,0,0,0,0,0,0
8234,M23093,1,299.1,310.6,151.73892516838703,43.2,80,0,0,0,0,0,0
8235,L55414,0,299.2,310.6,160.6401043535581,39.7,83,0,0,0,0,0,0
8236,M23095,1,299.2,310.6,151.11060663766906,50.9,85,0,0,0,0,0,0
8237,L55416,0,299.2,310.6,156.87019316925034,41.1,88,0,0,0,0,0,0
8238,L55417,0,299.1,310.6,188.07668019490896,26.0,90,0,0,0,0,0,0
8239,L55418,0,299.1,310.4,159.0693080267632,45.3,92,0,0,0,0,0,0
8240,L55419,0,299.0,310.4,140.21975210522444,49.6,94,0,0,0,0,0,0
8241,L55420,0,299.0,310.4,155.29939684245542,41.5,96,0,0,0,0,0,0
8242,M23101,1,298.9,310.2,219.80676599616584,20.0,98,0,0,0,0,0,0
8243,M23102,1,299.0,310.3,176.87166639710534,29.7,101,0,0,0,0,0,0
8244,H37657,2,299.1,310.4,143.36134475881423,54.5,104,0,0,0,0,0,0
8245,L55424,0,299.0,310.4,158.3362697409256,38.8,109,0,0,0,0,0,0
8246,M23105,1,299.0,310.3,136.44984092091667,68.6,111,1,0,0,1,0,0
8247,L55426,0,299.0,310.3,162.52505994571194,39.9,114,0,0,0,0,0,0
8248,L55427,0,299.0,310.4,179.3849405199772,28.0,116,0,0,0,0,0,0
8249,L55428,0,298.9,310.3,152.47196345422464,44.1,118,0,0,0,0,0,0
8250,L55429,0,299.0,310.4,159.59290680236148,39.8,120,0,0,0,0,0,0
8251,M23110,1,299.0,310.4,145.97933863680572,45.2,122,0,0,0,0,0,0
8252,L55431,0,299.0,310.4,207.449834892046,21.2,125,0,0,0,0,0,0
8253,L55432,0,299.0,310.4,163.88641676226752,36.1,127,0,0,0,0,0,0
8254,L55433,0,299.1,310.4,173.52063423327624,31.0,129,0,0,0,0,0,0
8255,M23114,1,299.0,310.4,170.16960206944714,37.1,131,0,0,0,0,0,0
8256,L55435,0,299.0,310.4,168.1799267221736,31.1,134,0,0,0,0,0,0
8257,H37670,2,299.0,310.5,139.90559283986545,56.8,136,0,0,0,0,0,0
8258,M23117,1,299.0,310.6,166.19025137490004,34.2,141,0,0,0,0,0,0
8259,L55438,0,299.1,310.6,167.76104770169496,39.7,144,0,0,0,0,0,0
8260,L55439,0,299.1,310.5,154.04275978101953,38.4,146,0,0,0,0,0,0
8261,H37674,2,299.1,310.6,139.4867138193868,48.0,148,0,0,0,0,0,0
8262,H37675,2,299.2,310.6,150.1681288415921,48.4,153,0,0,0,0,0,0
8263,L55442,0,299.1,310.6,201.1666495848664,23.9,158,0,0,0,0,0,0
8264,H37677,2,299.2,310.6,178.44246272390023,30.6,160,0,0,0,0,0,0
8265,M23124,1,299.1,310.6,146.2934979021647,49.5,165,0,0,0,0,0,0
8266,H37679,2,299.1,310.6,187.55308141931064,28.0,168,0,0,0,0,0,0
8267,L55446,0,299.1,310.6,190.3805148075415,24.1,173,0,0,0,0,0,0
8268,L55447,0,299.2,310.7,161.26842288427605,36.3,175,0,0,0,0,0,0
8269,M23128,1,299.2,310.8,157.28907218972896,39.8,177,0,0,0,0,0,0
8270,H37683,2,299.2,310.8,184.41148876572083,30.4,180,0,0,0,0,0,0
8271,M23130,1,299.1,310.8,158.85986851652387,38.4,185,0,0,0,0,0,0
8272,L55451,0,299.1,310.7,137.07815945163463,51.1,188,0,0,0,0,0,0
8273,L55452,0,298.9,310.6,142.73302622809626,52.6,190,0,0,0,0,0,0
8274,M23133,1,299.0,310.6,187.134202398832,22.2,192,0,0,0,0,0,0
8275,L55454,0,298.9,310.5,171.74039839624203,29.2,195,0,0,0,0,0,0
8276,M23135,1,298.9,310.6,180.1179788058148,25.3,197,0,0,0,0,0,0
8277,L55456,0,298.8,310.5,144.93214108560912,52.8,200,0,0,0,0,0,0
8278,H37691,2,298.8,310.5,135.50736312483974,55.8,202,0,0,0,0,0,0
8279,L55458,0,298.8,310.5,153.3097214951819,46.4,207,0,0,0,0,0,0
8280,L55459,0,298.8,310.6,188.80971848074657,25.4,209,0,0,0,0,0,0
8281,L55460,0,298.8,310.6,167.76104770169496,39.1,211,0,0,0,0,0,0
8282,H37695,2,298.9,310.6,159.0693080267632,38.8,213,0,0,0,0,0,0
8283,M23142,1,298.9,310.7,171.5309588860027,33.6,218,0,0,0,0,0,0
8284,H37697,2,298.9,310.6,169.1224045182505,33.0,221,0,0,0,0,0,0
8285,L55464,0,298.8,310.6,172.89231570255828,33.3,0,0,0,0,0,0,0
8286,L55465,0,298.9,310.6,145.24630035096808,52.7,2,0,0,0,0,0,0
8287,M23146,1,298.8,310.5,175.7197490907891,32.8,4,0,0,0,0,0,0
8288,L55467,0,298.9,310.6,165.98081186466072,38.1,7,0,0,0,0,0,0
8289,M23148,1,298.8,310.6,171.74039839624203,33.8,9,0,0,0,0,0,0
8290,L55469,0,298.9,310.6,147.23597569824162,43.8,12,0,0,0,0,0,0
8291,M23150,1,298.9,310.6,175.82446884590874,35.8,14,0,0,0,0,0,0
8292,L55471,0,298.9,310.5,179.8038195404558,26.9,17,0,0,0,0,0,0
8293,H37706,2,298.9,310.5,149.64453006599382,39.9,19,0,0,0,0,0,0
8294,M23153,1,298.9,310.4,160.5353845984384,44.4,24,0,0,0,0,0,0
8295,M23154,1,298.9,310.5,159.69762655748116,38.5,27,0,0,0,0,0,0
8296,L55475,0,298.9,310.4,182.10765415308833,26.3,30,0,0,0,0,0,0
8297,L55476,0,298.9,310.3,150.37756835183143,39.0,32,0,0,0,0,0,0
8298,M23157,1,298.8,310.2,167.02800941585735,33.1,34,0,0,0,0,0,0
8299,H37712,2,298.7,310.1,150.27284859671178,45.6,37,0,0,0,0,0,0
8300,L55479,0,298.7,310.0,171.42623913088303,31.8,42,0,0,0,0,0,0
8301,L55480,0,298.7,310.1,163.1533784764299,37.6,44,0,0,0,0,0,0
8302,M23161,1,298.7,310.1,172.15927741672067,34.1,46,0,0,0,0,0,0
8303,L55482,0,298.7,310.1,171.84511815136167,31.1,49,0,0,0,0,0,0
8304,L55483,0,298.8,310.2,157.4985116999683,41.0,51,0,0,0,0,0,0
8305,M23164,1,298.7,310.1,157.70795121020763,50.7,53,0,0,0,0,0,0
8306,H37719,2,298.8,310.1,144.5132620651305,44.0,56,0,0,0,0,0,0
8307,M23166,1,298.7,310.1,162.21090068035298,42.5,61,0,0,0,0,0,0
8308,M23167,1,298.7,310.1,146.817096677763,69.7,64,1,0,0,1,0,0
8309,L55488,0,298.7,310.1,146.71237692264333,45.3,67,0,0,0,0,0,0
8310,M23169,1,298.7,310.0,152.7861227195836,40.2,69,0,0,0,0,0,0
8311,L55490,0,298.7,309.9,153.41444125030156,39.7,72,0,0,0,0,0,0
8312,M23171,1,298.8,310.0,135.6120828799594,52.7,74,0,0,0,0,0,0
8313,M23172,1,298.8,310.0,160.1165055779598,38.5,77,0,0,0,0,0,0
8314,M23173,1,298.8,310.0,155.4041165975751,44.9,80,0,0,0,0,0,0
8315,L55494,0,298.8,309.9,182.10765415308833,30.6,83,0,0,0,0,0,0
8316,H37729,2,298.7,309.8,148.91149178015618,40.7,85,0,0,0,0,0,0
8317,L55496,0,298.8,309.8,153.20500174006224,40.0,90,0,0,0,0,0,0
8318,L55497,0,298.7,309.7,174.56783178447282,30.4,92,0,0,0,0,0,0
8319,H37732,2,298.7,309.7,163.88641676226752,39.3,94,0,0,0,0,0,0
8320,L55499,0,298.7,309.7,145.87461888168605,45.7,99,0,0,0,0,0,0
8321,M23180,1,298.8,309.7,152.15780418886564,47.7,101,0,0,0,0,0,0
8322,L55501,0,298.8,309.6,151.0058868825494,50.0,104,0,0,0,0,0,0
8323,L55502,0,298.7,309.6,142.8377459832159,44.9,106,0,0,0,0,0,0
8324,H37737,2,298.7,309.5,152.15780418886564,40.4,108,0,0,0,0,0,0
8325,M23184,1,298.7,309.5,145.97933863680572,46.0,113,0,0,0,0,0,0
8326,M23185,1,298.7,309.5,157.07963267948966,38.8,116,0,0,0,0,0,0
8327,H37740,2,298.6,309.5,159.48818704724184,34.2,119,0,0,0,0,0,0
8328,M23187,1,298.7,309.6,131.31857292005336,57.1,124,0,0,0,0,0,0
8329,L55508,0,298.6,309.5,138.7536755335492,52.2,127,0,0,0,0,0,0
8330,L55509,0,298.8,309.7,149.12093129039553,49.6,129,0,0,0,0,0,0
8331,L55510,0,298.8,309.7,157.60323145508795,39.0,131,0,0,0,0,0,0
8332,M23191,1,298.8,309.7,145.7698991265664,48.7,133,0,0,0,0,0,0
8333,L55512,0,298.8,309.7,160.1165055779598,44.0,136,0,0,0,0,0,0
8334,M23193,1,298.8,309.7,154.67107831173746,48.5,138,0,0,0,0,0,0
8335,M23194,1,298.8,309.7,152.7861227195836,47.3,141,0,0,0,0,0,0
8336,M23195,1,299.0,309.8,234.57225146803788,15.9,144,0,0,0,0,0,0
8337,L55516,0,298.9,309.7,151.73892516838703,48.8,147,0,0,0,0,0,0
8338,M23197,1,298.8,309.7,166.3996908851394,35.3,149,0,0,0,0,0,0
8339,L55518,0,298.8,309.7,182.212373908208,28.5,152,0,0,0,0,0,0
8340,M23199,1,298.8,309.7,156.97491292437,40.3,154,0,0,0,0,0,0
8341,M23200,1,298.8,309.7,154.98523757709646,38.1,157,0,0,0,0,0,0
8342,L55521,0,298.8,309.7,183.36429121452426,29.6,160,0,0,0,0,0,0
8343,L55522,0,298.7,309.7,158.12683023068624,40.6,162,0,0,0,0,0,0
8344,H37757,2,298.8,309.8,150.4822881069511,48.2,164,0,0,0,0,0,0
8345,L55524,0,298.8,309.7,168.49408598753254,40.4,169,0,0,0,0,0,0
8346,H37759,2,298.8,309.8,156.03243512829306,35.9,171,0,0,0,0,0,0
8347,L55526,0,298.7,309.7,167.6563279465753,35.7,176,0,0,0,0,0,0
8348,L55527,0,298.7,309.6,174.35839227423352,31.1,178,0,0,0,0,0,0
8349,M23208,1,298.7,309.6,152.053084433746,42.7,180,0,0,0,0,0,0
8350,M23209,1,298.7,309.5,155.7182758629341,33.6,183,0,0,0,0,0,0
8351,M23210,1,298.7,309.6,144.7227015753698,48.1,186,0,0,0,0,0,0
8352,M23211,1,298.7,309.6,176.55750713174638,26.2,189,0,0,0,0,0,0
8353,L55532,0,298.6,309.6,156.1371548834127,36.9,192,0,0,0,0,0,0
8354,L55533,0,298.7,309.6,151.0058868825494,55.6,194,0,0,0,0,0,0
8355,L55534,0,298.6,309.6,145.56045961632708,50.3,196,0,0,0,0,0,0
8356,L55535,0,298.7,309.6,157.28907218972896,46.7,198,0,0,0,0,0,0
8357,M23216,1,298.6,309.6,140.74335088082273,59.4,200,0,0,0,0,0,0
8358,L55537,0,298.5,309.5,145.0368608407288,46.3,203,1,1,0,0,0,0
8359,L55538,0,298.7,309.7,162.00146117011366,37.4,0,0,0,0,0,0,0
8360,M23219,1,298.6,309.6,159.69762655748116,42.4,2,0,0,0,0,0,0
8361,L55540,0,298.6,309.6,161.26842288427605,35.8,5,0,0,0,0,0,0
8362,L55541,0,298.6,309.5,151.84364492350664,44.3,7,0,0,0,0,0,0
8363,L55542,0,298.6,309.6,141.68582867689966,62.5,9,0,0,0,0,0,0
8364,L55543,0,298.8,309.7,165.66665259930176,45.0,11,0,0,0,0,0,0
8365,L55544,0,298.9,309.8,146.18877814704504,49.0,13,0,0,0,0,0,0
8366,M23225,1,298.8,309.8,162.42034019059233,36.6,15,0,0,0,0,0,0
8367,M23226,1,298.9,309.8,192.26547039969535,22.8,18,0,0,0,0,0,0
8368,L55547,0,298.9,309.8,145.56045961632708,49.9,21,0,0,0,0,0,0
8369,L55548,0,298.9,309.8,160.6401043535581,42.1,23,0,0,0,0,0,0
8370,L55549,0,298.8,309.7,204.51768174869554,20.6,25,0,0,0,0,0,0
8371,L55550,0,298.8,309.8,171.11207986552404,33.6,27,0,0,0,0,0,0
8372,L55551,0,298.7,309.7,196.97785938008005,21.7,29,0,0,0,0,0,0
8373,M23232,1,298.8,309.7,151.63420541326735,44.8,31,0,0,0,0,0,0
8374,M23233,1,298.7,309.7,142.6283064729766,50.5,34,0,0,0,0,0,0
8375,L55554,0,298.8,309.7,128.28170002158322,63.4,37,0,0,0,0,0,0
8376,M23235,1,298.8,309.6,144.93214108560912,48.2,39,0,0,0,0,0,0
8377,L55556,0,298.8,309.8,139.69615332962613,49.3,42,0,0,0,0,0,0
8378,L55557,0,298.8,309.7,139.90559283986545,50.3,44,0,0,0,0,0,0
8379,M23238,1,298.8,309.9,139.38199406426713,61.6,46,0,0,0,0,0,0
8380,L55559,0,298.8,309.9,170.58848108992575,31.9,49,0,0,0,0,0,0
8381,L55560,0,298.9,310.0,185.98228509251575,25.7,51,0,0,0,0,0,0
8382,H37795,2,298.8,310.0,160.22122533307945,38.3,53,0,0,0,0,0,0
8383,L55562,0,298.9,310.0,180.01325905069515,27.3,58,0,0,0,0,0,0
8384,M23243,1,298.8,309.9,156.55603390389135,35.2,60,0,0,0,0,0,0
8385,L55564,0,298.8,309.7,151.84364492350664,43.1,63,0,0,0,0,0,0
8386,H37799,2,298.8,309.8,163.67697725202822,38.8,65,0,0,0,0,0,0
8387,M23246,1,298.9,309.9,157.1843524346093,37.1,70,0,0,0,0,0,0
8388,L55567,0,298.8,309.9,141.47638916666034,47.2,73,0,0,0,0,0,0
8389,L55568,0,298.9,309.9,142.94246573833559,46.5,75,0,0,0,0,0,0
8390,L55569,0,298.8,309.9,159.69762655748116,39.7,77,0,0,0,0,0,0
8391,M23250,1,298.8,309.8,134.87904459412178,61.9,79,0,0,0,0,0,0
8392,L55571,0,298.6,309.6,149.01621153527586,42.7,82,0,0,0,0,0,0
8393,M23252,1,298.5,309.6,157.28907218972896,39.4,84,0,0,0,0,0,0
8394,L55573,0,298.5,309.5,149.53981031087415,43.5,87,0,0,0,0,0,0
8395,M23254,1,298.6,309.5,163.9911365173872,38.1,89,0,0,0,0,0,0
8396,M23255,1,298.5,309.5,155.29939684245542,44.8,92,0,0,0,0,0,0
8397,H37810,2,298.6,309.6,166.818569905618,33.3,95,0,0,0,0,0,0
8398,L55577,0,298.5,309.6,180.53685782629344,26.4,100,0,0,0,0,0,0
8399,L55578,0,298.5,309.7,274.05159914814965,12.1,102,1,0,0,1,0,0
8400,L55579,0,298.6,309.7,135.50736312483974,59.4,104,0,0,0,0,0,0
8401,L55580,0,298.6,309.6,160.5353845984384,40.7,106,0,0,0,0,0,0
8402,H37815,2,298.5,309.4,174.98671080495149,31.8,108,0,0,0,0,0,0
8403,L55582,0,298.5,309.5,143.46606451393387,52.4,113,0,0,0,0,0,0
8404,L55583,0,298.5,309.6,153.1002819849426,45.1,115,0,0,0,0,0,0
8405,L55584,0,298.4,309.5,161.79202165987437,36.6,117,0,0,0,0,0,0
8406,M23265,1,298.4,309.5,155.4041165975751,41.7,119,0,0,0,0,0,0
8407,M23266,1,298.4,309.5,140.74335088082273,45.3,122,0,0,0,0,0,0
8408,L55587,0,298.4,309.5,142.1047076973783,50.1,125,0,0,0,0,0,0
8409,M23268,1,298.5,309.6,164.61945504810515,33.0,127,0,0,0,0,0,0
8410,L55589,0,298.5,309.6,194.88346427768684,26.9,130,0,0,0,0,0,0
8411,L55590,0,298.5,309.5,162.10618092523333,44.5,132,0,0,0,0,0,0
8412,L55591,0,298.6,309.8,156.66075365901102,37.7,134,0,0,0,0,0,0
8413,M23272,1,298.6,309.7,137.60175822723295,49.7,136,0,0,0,0,0,0
8414,M23273,1,298.6,309.7,148.91149178015618,49.7,139,0,0,0,0,0,0
8415,L55594,0,298.6,309.8,192.8937889304133,20.1,142,0,0,0,0,0,0
8416,M23275,1,298.7,309.9,150.1681288415921,53.0,144,0,0,0,0,0,0
8417,M23276,1,298.8,310.1,165.98081186466072,31.3,147,0,0,0,0,0,0
8418,H37831,2,298.8,310.1,178.44246272390023,30.7,150,0,0,0,0,0,0
8419,L55598,0,298.9,310.2,206.4026373408494,23.2,155,0,0,0,0,0,0
8420,L55599,0,299.0,310.3,149.8539695762331,39.9,157,0,0,0,0,0,0
8421,L55600,0,298.9,310.4,161.89674141499398,37.7,159,0,0,0,0,0,0
8422,L55601,0,298.9,310.3,156.66075365901102,36.3,161,0,0,0,0,0,0
8423,H37836,2,298.9,310.3,130.1666556137371,63.0,163,0,0,0,0,0,0
8424,L55603,0,299.0,310.4,152.053084433746,46.2,168,0,0,0,0,0,0
8425,L55604,0,299.1,310.6,144.5132620651305,44.7,170,0,0,0,0,0,0
8426,L55605,0,299.2,310.6,164.09585627250686,38.4,172,0,0,0,0,0,0
8427,L55606,0,299.1,310.5,170.4837613348061,35.9,174,0,0,0,0,0,0
8428,L55607,0,299.1,310.4,157.60323145508795,46.1,176,0,0,0,0,0,0
8429,M23288,1,299.0,310.3,191.3229926036184,28.0,178,0,0,0,0,0,0
8430,L55609,0,299.0,310.3,165.14305382370344,40.0,181,0,0,0,0,0,0
8431,L55610,0,298.9,310.2,136.55456067603632,57.2,183,0,0,0,0,0,0
8432,H37845,2,298.9,310.1,138.64895577842952,54.6,185,0,0,0,0,0,0
8433,L55612,0,298.8,310.0,160.95426361891708,39.9,190,0,0,0,0,0,0
8434,M23293,1,298.8,310.1,157.1843524346093,48.7,192,0,0,0,0,0,0
8435,M23294,1,298.7,309.9,173.20647496791725,29.1,195,0,0,0,0,0,0
8436,M23295,1,298.7,310.0,159.0693080267632,38.1,198,0,0,0,0,0,0
8437,L55616,0,298.7,309.9,143.57078426905355,51.3,201,0,0,0,0,0,0
8438,L55617,0,298.7,309.8,123.67403079631819,65.9,203,1,0,0,0,1,0
8439,L55618,0,298.6,309.8,153.83332027078018,42.8,205,0,0,0,0,0,0
8440,L55619,0,298.6,309.8,171.42623913088303,34.6,207,0,0,0,0,0,0
8441,L55620,0,298.6,309.8,143.46606451393387,56.0,0,0,0,0,0,0,0
8442,L55621,0,298.6,309.9,170.69320084504542,30.6,2,0,0,0,0,0,0
8443,L55622,0,298.6,310.0,158.85986851652387,39.0,4,0,0,0,0,0,0
8444,M23303,1,298.6,309.9,174.6725515395925,32.3,6,0,0,0,0,0,0
8445,M23304,1,298.6,309.9,190.3805148075415,24.9,9,0,0,0,0,0,0
8446,M23305,1,298.6,310.0,161.3731426393957,36.9,12,0,0,0,0,0,0
8447,L55626,0,298.5,309.9,155.19467708733578,42.1,15,0,0,0,0,0,0
8448,L55627,0,298.6,310.1,150.6917276171904,49.9,17,0,0,0,0,0,0
8449,L55628,0,298.5,310.0,156.24187463853238,41.2,19,0,0,0,0,0,0
8450,L55629,0,298.4,309.9,180.6415775814131,27.8,21,0,0,0,0,0,0
8451,L55630,0,298.4,310.0,163.25809823154958,44.2,23,0,0,0,0,0,0
8452,L55631,0,298.5,310.0,150.27284859671178,42.5,25,0,0,0,0,0,0
8453,M23312,1,298.6,310.0,158.3362697409256,37.5,27,0,0,0,0,0,0
8454,L55633,0,298.6,309.9,163.7816970071479,37.1,30,0,0,0,0,0,0
8455,L55634,0,298.6,310.0,159.38346729212216,40.3,32,0,0,0,0,0,0
8456,L55635,0,298.6,309.9,141.99998794225863,59.5,34,0,0,0,0,0,0
8457,L55636,0,298.6,309.9,162.94393896619061,38.6,36,0,0,0,0,0,0
8458,L55637,0,298.6,309.9,145.87461888168605,45.5,38,0,0,0,0,0,0
8459,L55638,0,298.7,309.9,183.57373072476358,26.8,40,0,0,0,0,0,0
8460,L55639,0,298.7,309.9,172.89231570255828,29.5,42,0,0,0,0,0,0
8461,L55640,0,298.7,309.9,143.67550402417322,54.7,44,0,0,0,0,0,0
8462,L55641,0,298.7,309.9,151.42476590302803,43.3,46,0,0,0,0,0,0
8463,M23322,1,298.7,309.8,157.1843524346093,44.7,48,0,0,0,0,0,0
8464,M23323,1,298.7,309.9,147.75957447383993,45.1,51,0,0,0,0,0,0
8465,H37878,2,298.6,309.7,175.09143056007116,27.5,54,0,0,0,0,0,0
8466,M23325,1,298.7,309.8,154.46163880149817,40.5,59,0,0,0,0,0,0
8467,L55646,0,298.7,309.8,153.83332027078018,38.4,62,0,0,0,0,0,0
8468,L55647,0,298.6,309.8,178.44246272390023,28.3,64,0,0,0,0,0,0
8469,H37882,2,298.6,309.7,153.20500174006224,39.1,66,0,0,0,0,0,0
8470,M23329,1,298.6,309.7,134.0412865531645,64.1,71,0,0,0,0,0,0
8471,L55650,0,298.7,309.9,153.3097214951819,38.0,74,0,0,0,0,0,0
8472,L55651,0,298.6,309.8,139.4867138193868,46.4,76,0,0,0,0,0,0
8473,L55652,0,298.5,309.7,171.11207986552404,37.8,78,0,0,0,0,0,0
8474,M23333,1,298.6,309.8,149.7492498211135,43.1,80,0,0,0,0,0,0
8475,M23334,1,298.5,309.7,159.48818704724184,44.6,83,0,0,0,0,0,0
8476,M23335,1,298.5,309.7,163.04865872131026,37.7,86,0,0,0,0,0,0
8477,L55656,0,298.5,309.6,165.98081186466072,32.2,89,0,0,0,0,0,0
8478,H37891,2,298.5,309.6,165.35249333394276,33.5,91,0,0,0,0,0,0
8479,M23338,1,298.5,309.7,141.79054843201934,60.8,96,0,0,0,0,0,0
8480,L55659,0,298.6,309.7,170.37904157968646,33.4,99,0,0,0,0,0,0
8481,L55660,0,298.4,309.6,154.67107831173746,35.6,101,0,0,0,0,0,0
8482,M23341,1,298.3,309.4,167.02800941585735,29.0,103,0,0,0,0,0,0
8483,L55662,0,298.4,309.5,159.17402778188284,38.1,106,0,0,0,0,0,0
8484,L55663,0,298.3,309.4,169.4365637836095,31.5,108,0,0,0,0,0,0
8485,L55664,0,298.4,309.5,146.2934979021647,50.3,110,0,0,0,0,0,0
8486,L55665,0,298.4,309.5,151.84364492350664,47.9,112,0,0,0,0,0,0
8487,M23346,1,298.5,309.5,157.1843524346093,40.2,114,0,0,0,0,0,0
8488,L55667,0,298.4,309.4,145.7698991265664,50.1,117,0,0,0,0,0,0
8489,L55668,0,298.4,309.4,145.0368608407288,43.2,119,0,0,0,0,0,0
8490,L55669,0,298.4,309.4,152.99556222982292,46.3,121,0,0,0,0,0,0
8491,M23350,1,298.5,309.6,142.8377459832159,58.7,123,0,0,0,0,0,0
8492,L55671,0,298.5,309.5,165.35249333394276,38.6,126,0,0,0,0,0,0
8493,M23352,1,298.4,309.5,158.54570925116488,38.8,128,0,0,0,0,0,0
8494,M23353,1,298.3,309.5,163.36281798666923,36.9,131,0,0,0,0,0,0
8495,L55674,0,298.3,309.5,161.47786239451537,36.7,134,0,0,0,0,0,0
8496,L55675,0,298.3,309.4,174.6725515395925,27.1,136,0,0,0,0,0,0
8497,M23356,1,298.3,309.4,190.17107529730214,22.6,138,0,0,0,0,0,0
8498,M23357,1,298.3,309.4,158.0221104755666,34.2,141,0,0,0,0,0,0
8499,L55678,0,298.4,309.6,154.8805178219768,37.8,144,0,0,0,0,0,0
8500,L55679,0,298.4,309.6,173.31119472303692,30.2,146,0,0,0,0,0,0
8501,L55680,0,298.3,309.5,179.17550100973784,30.3,148,0,0,0,0,0,0
8502,L55681,0,298.4,309.7,165.5619328441821,34.6,150,0,0,0,0,0,0
8503,H37916,2,298.6,309.8,133.93656679804485,55.9,152,0,0,0,0,0,0
8504,L55683,0,298.5,309.8,153.72860051566056,40.9,157,0,0,0,0,0,0
8505,L55684,0,298.4,309.7,148.59733251479722,41.3,159,0,0,0,0,0,0
8506,L55685,0,298.4,309.7,160.22122533307945,38.6,161,0,0,0,0,0,0
8508,L55687,0,298.4,309.7,158.96458827164355,39.8,165,0,0,0,0,0,0
8509,M23368,1,298.4,309.7,175.82446884590874,33.3,167,0,0,0,0,0,0
8510,M23369,1,298.4,309.7,195.82594207376377,22.5,170,0,0,0,0,0,0
8511,L55690,0,298.3,309.7,155.4041165975751,44.3,173,0,0,0,0,0,0
8512,L55691,0,298.4,309.7,152.57668320934428,44.2,175,0,0,0,0,0,0
8513,H37926,2,298.3,309.6,161.89674141499398,36.2,177,0,0,0,0,0,0
8514,M23373,1,298.2,309.5,154.77579806685713,36.5,182,0,0,0,0,0,0
8515,L55694,0,298.2,309.4,151.52948565814768,47.1,185,0,0,0,0,0,0
8516,L55695,0,298.2,309.4,151.11060663766906,45.4,187,0,0,0,0,0,0
8517,L55696,0,298.3,309.6,159.90706606772045,30.9,189,0,0,0,0,0,0
8518,M23377,1,298.3,309.6,153.83332027078018,54.8,191,0,0,0,0,0,0
8519,M23378,1,298.3,309.6,176.03390835614806,27.1,194,0,0,0,0,0,0
8520,L55699,0,298.3,309.6,148.70205226991686,44.1,197,0,0,0,0,0,0
8521,M23380,1,298.3,309.5,161.58258214963502,49.9,199,0,0,0,0,0,0
8522,L55701,0,298.4,309.5,144.09438304465183,50.4,202,0,0,0,0,0,0
8523,H37936,2,298.3,309.4,170.79792060016507,29.8,0,0,0,0,0,0,0
8524,H37937,2,298.3,309.3,160.1165055779598,41.7,5,0,0,0,0,0,0
8525,L55704,0,298.3,309.4,153.72860051566056,46.2,10,0,0,0,0,0,0
8526,L55705,0,298.3,309.4,144.30382255489116,52.3,12,0,0,0,0,0,0
8527,L55706,0,298.3,309.3,146.71237692264333,51.9,14,0,0,0,0,0,0
8528,L55707,0,298.4,309.3,160.32594508819912,37.4,16,0,0,0,0,0,0
8529,L55708,0,298.4,309.3,158.3362697409256,35.8,18,0,0,0,0,0,0
8530,M23389,1,298.5,309.4,159.38346729212216,47.4,20,0,0,0,0,0,0
8531,M23390,1,298.5,309.3,169.1224045182505,31.8,23,0,0,0,0,0,0
8532,L55711,0,298.6,309.3,151.73892516838703,46.5,26,0,0,0,0,0,0
8533,L55712,0,298.6,309.4,137.7064779823526,55.5,28,0,0,0,0,0,0
8534,M23393,1,298.6,309.4,153.41444125030156,41.1,30,0,0,0,0,0,0
8535,M23394,1,298.6,309.5,147.02653618800232,43.3,33,0,0,0,0,0,0
8536,L55715,0,298.6,309.5,162.00146117011366,44.8,36,0,0,0,0,0,0
8537,M23396,1,298.6,309.5,149.33037080063482,45.4,38,0,0,0,0,0,0
8538,L55717,0,298.6,309.5,181.1651763570114,30.2,41,0,0,0,0,0,0
8539,L55718,0,298.5,309.4,162.10618092523333,37.7,43,0,0,0,0,0,0
8540,L55719,0,298.5,309.4,158.85986851652387,40.2,45,0,0,0,0,0,0
8541,L55720,0,298.6,309.5,176.66222688686602,29.3,47,0,0,0,0,0,0
8542,L55721,0,298.5,309.5,182.0029343979687,25.2,49,0,0,0,0,0,0
8543,H37956,2,298.4,309.4,158.3362697409256,35.3,51,0,0,0,0,0,0
8544,M23403,1,298.5,309.4,142.94246573833559,48.7,56,0,0,0,0,0,0
8545,H37958,2,298.5,309.4,210.59142754563578,21.0,59,0,0,0,0,0,0
8546,L55725,0,298.4,309.3,189.12387774610553,27.6,64,0,0,0,0,0,0
8547,L55726,0,298.4,309.3,179.6990997853362,28.4,66,0,0,0,0,0,0
8548,M23407,1,298.4,309.4,174.46311202935317,24.3,68,0,0,0,0,0,0
8549,L55728,0,298.5,309.4,165.24777357882311,36.3,71,0,0,0,0,0,0
8550,L55729,0,298.3,309.3,163.1533784764299,37.2,73,0,0,0,0,0,0
8551,L55730,0,298.3,309.2,152.47196345422464,45.5,75,0,0,0,0,0,0
8552,M23411,1,298.2,309.1,152.57668320934428,49.0,77,0,0,0,0,0,0
8553,L55732,0,298.2,309.1,153.62388076054089,44.5,80,0,0,0,0,0,0
8554,M23413,1,298.1,309.0,173.93951325375488,38.2,82,0,0,0,0,0,0
8555,L55734,0,298.1,309.0,166.71385015049836,33.9,85,0,0,0,0,0,0
8556,L55735,0,298.2,309.0,167.13272917097697,37.2,87,0,0,0,0,0,0
8557,L55736,0,298.2,309.0,155.92771537317338,40.6,89,0,0,0,0,0,0
8558,L55737,0,298.3,309.0,154.04275978101953,48.3,91,0,0,0,0,0,0
8559,M23418,1,298.3,309.0,157.60323145508795,41.3,93,0,0,0,0,0,0
8560,L55739,0,298.3,309.0,159.0693080267632,40.0,96,0,0,0,0,0,0
8561,L55740,0,298.3,309.0,147.44541520848094,45.4,98,0,0,0,0,0,0
8562,L55741,0,298.2,308.9,139.4867138193868,44.4,100,0,0,0,0,0,0
8563,L55742,0,298.1,308.9,141.47638916666034,52.4,102,0,0,0,0,0,0
8564,L55743,0,298.0,308.9,157.07963267948966,36.7,104,0,0,0,0,0,0
8565,M23424,1,298.0,308.7,169.0176847631309,30.7,106,0,0,0,0,0,0
8566,L55745,0,298.0,308.8,155.92771537317338,36.5,109,0,0,0,0,0,0
8567,M23426,1,297.9,308.7,183.36429121452426,26.6,111,0,0,0,0,0,0
8568,L55747,0,298.0,308.7,158.2315499858059,45.8,114,0,0,0,0,0,0
8569,L55748,0,297.9,308.6,177.0811059073447,29.6,116,0,0,0,0,0,0
8570,L55749,0,297.9,308.6,183.99260974524222,27.5,118,0,0,0,0,0,0
8571,H37984,2,297.9,308.7,161.79202165987437,35.9,120,0,0,0,0,0,0
8572,L55751,0,297.9,308.6,236.87608608067038,15.7,125,0,0,0,0,0,0
8573,M23432,1,297.7,308.5,163.25809823154958,35.2,127,0,0,0,0,0,0
8574,L55753,0,297.6,308.4,170.27432182456678,32.4,130,0,0,0,0,0,0
8575,L55754,0,297.6,308.3,149.12093129039553,53.9,132,0,0,0,0,0,0
8576,M23435,1,297.6,308.3,172.57815643719928,29.1,134,0,0,0,0,0,0
8577,L55756,0,297.6,308.3,159.48818704724184,39.5,137,0,0,0,0,0,0
8578,L55757,0,297.6,308.3,157.28907218972896,43.2,139,0,0,0,0,0,0
8579,L55758,0,297.5,308.2,155.92771537317338,40.7,141,0,0,0,0,0,0
8580,M23439,1,297.4,308.1,169.64600329384882,31.2,143,0,0,0,0,0,0
8581,L55760,0,297.5,308.1,170.79792060016507,30.6,146,0,0,0,0,0,0
8582,M23441,1,297.5,308.0,149.64453006599382,45.8,148,0,0,0,0,0,0
8583,M23442,1,297.5,308.1,139.69615332962613,72.0,151,1,0,0,1,0,0
8584,L55763,0,297.4,308.0,149.01621153527586,38.0,154,0,0,0,0,0,0
8585,L55764,0,297.4,307.9,145.56045961632708,47.7,156,0,0,0,0,0,0
8586,M23445,1,297.4,307.9,140.11503235010477,48.5,158,0,0,0,0,0,0
8587,H38000,2,297.3,307.9,152.99556222982292,37.5,161,0,0,0,0,0,0
8588,M23447,1,297.4,307.9,170.37904157968646,34.3,166,0,0,0,0,0,0
8589,L55768,0,297.3,307.8,145.0368608407288,44.4,169,0,0,0,0,0,0
8590,M23449,1,297.3,307.8,161.05898337403673,48.0,171,0,0,0,0,0,0
8591,L55770,0,297.4,307.9,163.04865872131026,35.5,174,0,0,0,0,0,0
8592,L55771,0,297.4,307.9,168.1799267221736,33.4,176,0,0,0,0,0,0
8593,M23452,1,297.5,308.0,149.7492498211135,44.5,178,0,0,0,0,0,0
8594,M23453,1,297.4,308.0,167.6563279465753,34.6,181,0,0,0,0,0,0
8595,L55774,0,297.4,308.0,141.99998794225863,51.9,184,0,0,0,0,0,0
8596,M23455,1,297.5,308.2,170.06488231432746,30.9,186,0,0,0,0,0,0
8597,L55776,0,297.5,308.2,138.96311504378852,56.5,189,0,0,0,0,0,0
8598,L55777,0,297.6,308.3,147.6548547187203,47.0,191,0,0,0,0,0,0
8599,L55778,0,297.6,308.3,154.77579806685713,42.3,193,0,0,0,0,0,0
8600,L55779,0,297.6,308.4,152.89084247470328,40.3,195,0,0,0,0,0,0
8601,L55780,0,297.5,308.3,150.27284859671178,40.3,197,0,0,0,0,0,0
8602,H38015,2,297.4,308.2,142.31414720761762,46.9,199,0,0,0,0,0,0
8603,L55782,0,297.4,308.1,181.06045660189176,31.7,204,0,0,0,0,0,0
8604,H38017,2,297.3,308.0,144.93214108560912,49.1,206,0,0,0,0,0,0
8605,L55784,0,297.4,308.2,135.82152239019874,52.1,211,0,0,0,0,0,0
8606,L55785,0,297.5,308.4,171.00736011040442,33.3,213,0,0,0,0,0,0
8607,M23466,1,297.5,308.4,157.60323145508795,37.2,215,0,0,0,0,0,0
8608,L55787,0,297.5,308.4,150.06340908647243,50.0,218,0,0,0,0,0,0
8609,L55788,0,297.4,308.4,143.36134475881423,50.6,220,1,0,0,0,1,0
8610,L55789,0,297.4,308.3,154.46163880149817,40.5,222,1,1,0,0,0,0
8611,L55790,0,297.4,308.3,163.4675377417889,38.3,0,0,0,0,0,0,0
8612,L55791,0,297.4,308.3,154.14747953613917,45.5,2,0,0,0,0,0,0
8613,L55792,0,297.5,308.4,150.90116712742974,44.5,4,0,0,0,0,0,0
8614,M23473,1,297.5,308.5,146.71237692264333,50.5,6,0,0,0,0,0,0
8615,L55794,0,297.5,308.5,177.0811059073447,33.1,9,0,0,0,0,0,0
8616,L55795,0,297.6,308.6,144.7227015753698,47.1,11,0,0,0,0,0,0
8617,L55796,0,297.6,308.6,141.89526818713898,46.4,13,0,0,0,0,0,0
8618,L55797,0,297.6,308.6,160.1165055779598,45.3,15,0,0,0,0,0,0
8619,L55798,0,297.7,308.7,191.53243211385774,24.9,17,0,0,0,0,0,0
8620,H38033,2,297.6,308.6,154.98523757709646,39.8,19,0,0,0,0,0,0
8621,L55800,0,297.6,308.5,154.46163880149817,42.4,24,0,0,0,0,0,0
8622,M23481,1,297.6,308.5,149.8539695762331,52.6,26,0,0,0,0,0,0
8623,L55802,0,297.5,308.3,150.4822881069511,42.3,29,0,0,0,0,0,0
8624,M23483,1,297.5,308.3,154.5663585566178,45.6,31,0,0,0,0,0,0
8625,H38038,2,297.5,308.4,156.03243512829306,39.7,34,0,0,0,0,0,0
8626,L55805,0,297.4,308.3,170.90264035528475,33.5,39,0,0,0,0,0,0
8627,L55806,0,297.4,308.2,146.817096677763,49.7,41,0,0,0,0,0,0
8628,L55807,0,297.4,308.3,141.05751014618173,45.8,43,0,0,0,0,0,0
8629,L55808,0,297.5,308.4,182.94541219404562,31.0,45,0,0,0,0,0,0
8630,H38043,2,297.5,308.5,163.04865872131026,39.1,47,0,0,0,0,0,0
8631,L55810,0,297.4,308.4,143.57078426905355,57.4,52,0,0,0,0,0,0
8632,H38045,2,297.3,308.3,157.70795121020763,37.0,54,0,0,0,0,0,0
8633,L55812,0,297.3,308.3,166.504410640259,35.5,59,0,0,0,0,0,0
8634,L55813,0,297.4,308.3,139.90559283986545,53.7,61,0,0,0,0,0,0
8635,L55814,0,297.3,308.3,147.75957447383993,43.2,63,0,0,0,0,0,0
8636,L55815,0,297.4,308.3,178.44246272390023,27.3,65,0,0,0,0,0,0
8637,L55816,0,297.5,308.4,180.43213807117377,27.3,67,0,0,0,0,0,0
8638,L55817,0,297.5,308.5,152.7861227195836,39.7,69,0,0,0,0,0,0
8639,L55818,0,297.6,308.5,164.61945504810515,35.9,71,0,0,0,0,0,0
8640,L55819,0,297.5,308.4,144.93214108560912,56.0,73,0,0,0,0,0,0
8641,L55820,0,297.6,308.6,144.82742133048947,47.5,75,0,0,0,0,0,0
8642,M23501,1,297.6,308.5,142.4188669627373,48.6,77,0,0,0,0,0,0
8643,M23502,1,297.5,308.4,167.13272917097697,36.6,80,0,0,0,0,0,0
8644,L55823,0,297.5,308.5,151.63420541326735,54.3,83,0,0,0,0,0,0
8645,M23504,1,297.6,308.5,151.11060663766906,38.2,85,0,0,0,0,0,0
8646,M23505,1,297.6,308.6,156.24187463853238,35.5,88,0,0,0,0,0,0
8647,L55826,0,297.5,308.6,156.76547341413067,43.9,91,0,0,0,0,0,0
8648,L55827,0,297.5,308.5,160.22122533307945,38.5,93,0,0,0,0,0,0
8649,M23508,1,297.4,308.4,154.77579806685713,46.2,95,0,0,0,0,0,0
8650,L55829,0,297.4,308.4,139.0678347989082,61.8,98,0,0,0,0,0,0
8651,H38064,2,297.4,308.3,185.45868631691746,27.4,100,0,0,0,0,0,0
8652,M23511,1,297.4,308.4,163.7816970071479,35.0,105,0,0,0,0,0,0
8653,H38066,2,297.3,308.3,152.99556222982292,41.5,108,0,0,0,0,0,0
8654,M23513,1,297.4,308.3,139.8008730847458,57.9,113,0,0,0,0,0,0
8655,M23514,1,297.4,308.4,150.90116712742974,46.8,116,0,0,0,0,0,0
8656,L55835,0,297.3,308.3,132.7846494917286,60.6,119,0,0,0,0,0,0
8657,M23516,1,297.3,308.3,177.70942443806265,27.4,121,0,0,0,0,0,0
8658,L55837,0,297.4,308.4,148.80677202503654,46.0,124,0,0,0,0,0,0
8659,L55838,0,297.4,308.5,156.66075365901102,36.4,126,0,0,0,0,0,0
8660,L55839,0,297.5,308.5,143.98966328953216,55.6,128,0,0,0,0,0,0
8661,L55840,0,297.4,308.5,135.6120828799594,52.1,130,0,0,0,0,0,0
8662,L55841,0,297.4,308.5,172.054557661601,33.8,132,0,0,0,0,0,0
8663,L55842,0,297.5,308.6,158.54570925116488,36.9,134,0,0,0,0,0,0
8664,L55843,0,297.5,308.6,174.98671080495149,29.4,136,0,0,0,0,0,0
8665,H38078,2,297.5,308.6,141.89526818713898,58.9,138,0,0,0,0,0,0
8666,L55845,0,297.6,308.7,142.94246573833559,50.6,143,0,0,0,0,0,0
8667,L55846,0,297.5,308.7,147.3406954533613,42.5,145,0,0,0,0,0,0
8668,M23527,1,297.5,308.8,152.36724369910496,46.1,147,0,0,0,0,0,0
8669,L55848,0,297.5,308.8,157.28907218972896,45.9,150,0,0,0,0,0,0
8670,M23529,1,297.5,308.8,154.04275978101953,52.3,152,0,0,0,0,0,0
8671,L55850,0,297.5,308.9,165.5619328441821,30.4,155,0,0,0,0,0,0
8672,L55851,0,297.5,308.8,160.22122533307945,37.8,157,0,0,0,0,0,0
8673,L55852,0,297.5,308.8,137.3923187169936,50.3,159,0,0,0,0,0,0
8674,L55853,0,297.4,308.6,156.4513141487717,42.6,161,0,0,0,0,0,0
8675,M23534,1,297.4,308.6,160.01178582284012,29.1,163,0,0,0,0,0,0
8676,H38089,2,297.3,308.6,176.7669466419857,29.4,166,0,0,0,0,0,0
8677,M23536,1,297.3,308.5,159.17402778188284,42.4,171,0,0,0,0,0,0
8678,M23537,1,297.3,308.5,174.25367251911388,28.9,174,0,0,0,0,0,0
8679,L55858,0,297.3,308.5,158.54570925116488,44.5,177,0,0,0,0,0,0
8680,L55859,0,297.3,308.5,152.47196345422464,54.2,179,0,0,0,0,0,0
8681,L55860,0,297.2,308.5,156.4513141487717,39.6,181,0,0,0,0,0,0
8682,L55861,0,297.2,308.4,168.07520696705393,30.0,183,0,0,0,0,0,0
8683,M23542,1,297.2,308.5,141.68582867689966,46.5,185,0,0,0,0,0,0
8684,L55863,0,297.2,308.5,151.52948565814768,47.9,188,0,0,0,0,0,0
8685,L55864,0,297.2,308.5,166.29497113001972,40.4,190,0,0,0,0,0,0
8686,H38099,2,297.2,308.5,159.59290680236148,41.4,192,0,0,0,0,0,0
8687,M23546,1,297.2,308.5,168.7035254977719,31.6,197,0,0,0,0,0,0
8688,M23547,1,297.2,308.5,167.97048721193426,34.9,200,0,0,0,0,0,0
8689,L55868,0,297.1,308.5,155.29939684245542,46.9,203,0,0,0,0,0,0
8690,L55869,0,297.1,308.4,161.58258214963502,39.6,205,0,0,0,0,0,0
8691,L55870,0,297.1,308.5,138.54423602330985,44.4,207,1,1,0,0,0,0
8692,L55871,0,297.1,308.5,162.83921921107094,36.2,0,0,0,0,0,0,0
8693,L55872,0,297.1,308.4,165.77137235442143,31.9,2,0,0,0,0,0,0
8694,M23553,1,297.2,308.5,165.87609210954108,40.0,4,0,0,0,0,0,0
8695,L55874,0,297.2,308.5,184.93508754131915,25.8,7,0,0,0,0,0,0
8696,M23555,1,297.2,308.6,156.87019316925034,44.4,9,0,0,0,0,0,0
8697,L55876,0,297.2,308.6,147.96901398407925,49.8,12,0,0,0,0,0,0
8698,L55877,0,297.3,308.6,157.60323145508795,33.5,14,0,0,0,0,0,0
8699,H38112,2,297.3,308.7,150.58700786207075,46.2,16,0,0,0,0,0,0
8700,M23559,1,297.3,308.7,173.31119472303692,34.1,21,0,0,0,0,0,0
8701,M23560,1,297.3,308.7,151.94836467862632,43.8,24,0,0,0,0,0,0
8702,M23561,1,297.3,308.7,153.5191610054212,38.4,27,0,0,0,0,0,0
8703,L55882,0,297.2,308.6,185.77284558227643,23.0,30,0,0,0,0,0,0
8704,M23563,1,297.2,308.6,134.46016557364314,51.3,32,0,0,0,0,0,0
8705,L55884,0,297.1,308.5,149.22565104551515,40.0,35,0,0,0,0,0,0
8706,L55885,0,297.2,308.6,150.4822881069511,52.4,37,0,0,0,0,0,0
8707,L55886,0,297.2,308.6,139.8008730847458,53.0,39,0,0,0,0,0,0
8708,L55887,0,297.2,308.5,154.04275978101953,41.7,41,0,0,0,0,0,0
8709,M23568,1,297.2,308.5,142.8377459832159,54.0,43,0,0,0,0,0,0
8710,L55889,0,297.1,308.5,165.24777357882311,35.6,46,0,0,0,0,0,0
8711,L55890,0,297.1,308.5,179.28022076485752,32.1,48,0,0,0,0,0,0
8712,L55891,0,297.1,308.5,181.47933562237037,28.7,50,0,0,0,0,0,0
8713,L55892,0,297.2,308.6,172.99703545767795,32.1,52,0,0,0,0,0,0
8714,L55893,0,297.2,308.6,200.7477705643878,24.1,54,0,0,0,0,0,0
8715,M23574,1,297.2,308.6,151.21532639278868,41.1,56,0,0,0,0,0,0
8716,L55895,0,297.1,308.6,151.0058868825494,37.1,59,0,0,0,0,0,0
8717,M23576,1,297.1,308.6,179.8038195404558,31.3,61,0,0,0,0,0,0
8718,L55897,0,297.1,308.7,154.35691904637852,42.3,64,0,0,0,0,0,0
8719,L55898,0,297.2,308.7,158.0221104755666,39.3,66,0,0,0,0,0,0
8720,L55899,0,297.2,308.8,151.94836467862632,43.1,68,0,0,0,0,0,0
8721,L55900,0,297.3,308.8,162.73449945595127,36.1,70,0,0,0,0,0,0
8722,L55901,0,297.2,308.7,174.77727129471216,30.7,72,0,0,0,0,0,0
8723,L55902,0,297.2,308.6,143.04718549345526,50.4,74,0,0,0,0,0,0
8724,L55903,0,297.2,308.6,165.24777357882311,34.4,76,0,0,0,0,0,0
8725,M23584,1,297.2,308.6,158.44098949604523,39.0,78,0,0,0,0,0,0
8726,M23585,1,297.1,308.5,158.65042900628455,42.1,81,0,0,0,0,0,0
8727,L55906,0,297.2,308.6,163.57225749690858,33.0,84,0,0,0,0,0,0
8728,L55907,0,297.2,308.7,157.1843524346093,38.5,86,0,0,0,0,0,0
8729,M23588,1,297.2,308.7,146.39821765728436,38.1,88,0,0,0,0,0,0
8730,L55909,0,297.3,308.7,141.58110892178001,53.8,91,0,0,0,0,0,0
8731,H38144,2,297.3,308.7,164.30529578274619,33.9,93,0,0,0,0,0,0
8732,H38145,2,297.2,308.6,155.61355610781442,46.6,98,0,0,0,0,0,0
8733,L55912,0,297.2,308.6,195.1976235430458,23.6,103,0,0,0,0,0,0
8734,M23593,1,297.3,308.7,151.52948565814768,44.5,105,0,0,0,0,0,0
8735,L55914,0,297.2,308.6,145.7698991265664,41.5,108,0,0,0,0,0,0
8736,L55915,0,297.3,308.6,142.20942745249798,47.6,110,0,0,0,0,0,0
8737,L55916,0,297.3,308.7,156.1371548834127,40.2,112,0,0,0,0,0,0
8738,L55917,0,297.3,308.7,162.94393896619061,36.7,114,0,0,0,0,0,0
8739,L55918,0,297.3,308.7,160.32594508819912,36.7,116,0,0,0,0,0,0
8740,H38153,2,297.4,308.7,149.64453006599382,37.6,118,0,0,0,0,0,0
8741,M23600,1,297.4,308.8,164.72417480322483,33.9,123,0,0,0,0,0,0
8742,L55921,0,297.4,308.8,161.05898337403673,41.2,126,0,0,0,0,0,0
8743,L55922,0,297.4,308.8,153.62388076054089,39.0,128,0,0,0,0,0,0
8744,H38157,2,297.4,308.7,138.54423602330985,51.1,130,0,0,0,0,0,0
8745,M23604,1,297.4,308.7,188.28611970514828,23.0,135,0,0,0,0,0,0
8746,L55925,0,297.4,308.6,147.75957447383993,46.3,138,0,0,0,0,0,0
8747,L55926,0,297.3,308.5,160.01178582284012,44.5,140,0,0,0,0,0,0
8748,L55927,0,297.3,308.5,157.4985116999683,42.0,142,0,0,0,0,0,0
8749,L55928,0,297.3,308.5,144.93214108560912,39.6,144,0,0,0,0,0,0
8750,L55929,0,297.2,308.4,175.61502933566945,26.4,146,0,0,0,0,0,0
8751,L55930,0,297.3,308.5,184.72564803107983,30.8,148,0,0,0,0,0,0
8752,M23611,1,297.4,308.5,154.14747953613917,42.0,150,0,0,0,0,0,0
8753,M23612,1,297.4,308.5,153.41444125030156,55.9,153,0,0,0,0,0,0
8754,M23613,1,297.4,308.6,173.52063423327624,33.1,156,0,0,0,0,0,0
8755,L55934,0,297.4,308.6,171.2167996206437,30.5,159,0,0,0,0,0,0
8756,M23615,1,297.4,308.7,165.66665259930176,31.9,161,0,0,0,0,0,0
8757,L55936,0,297.5,308.7,184.41148876572083,26.2,164,0,0,0,0,0,0
8758,L55937,0,297.5,308.8,166.19025137490004,34.9,166,0,0,0,0,0,0
8759,M23618,1,297.5,308.7,151.42476590302803,53.0,168,0,0,0,0,0,0
8760,M23619,1,297.5,308.7,141.58110892178001,53.0,171,0,0,0,0,0,0
8761,M23620,1,297.4,308.7,145.7698991265664,46.4,174,0,0,0,0,0,0
8762,L55941,0,297.5,308.8,148.3878930045579,49.8,177,0,0,0,0,0,0
8763,H38176,2,297.5,308.8,191.00883333825942,24.0,179,0,0,0,0,0,0
8764,L55943,0,297.5,308.8,167.8657674568146,36.7,184,0,0,0,0,0,0
8765,L55944,0,297.4,308.8,169.64600329384882,33.4,186,0,0,0,0,0,0
8766,L55945,0,297.4,308.8,141.68582867689966,49.4,188,0,0,0,0,0,0
8767,L55946,0,297.5,308.8,142.4188669627373,50.7,190,0,0,0,0,0,0
8768,L55947,0,297.5,308.6,144.5132620651305,53.5,192,0,0,0,0,0,0
8769,M23628,1,297.5,308.7,142.73302622809626,53.6,194,0,0,0,0,0,0
8770,M23629,1,297.4,308.6,152.053084433746,41.2,197,0,0,0,0,0,0
8771,L55950,0,297.4,308.6,175.92918860102841,32.8,200,0,0,0,0,0,0
8772,L55951,0,297.5,308.6,160.8495438637974,39.0,202,0,0,0,0,0,0
8773,L55952,0,297.5,308.6,169.7507230489685,28.9,0,0,0,0,0,0,0
8774,L55953,0,297.5,308.6,165.98081186466072,37.6,2,0,0,0,0,0,0
8775,M23634,1,297.6,308.7,147.44541520848094,51.5,4,0,0,0,0,0,0
8776,H38189,2,297.5,308.6,160.8495438637974,38.7,7,0,0,0,0,0,0
8777,L55956,0,297.5,308.6,141.58110892178001,52.6,12,0,0,0,0,0,0
8778,H38191,2,297.5,308.6,155.08995733221613,38.8,14,0,0,0,0,0,0
8779,L55958,0,297.5,308.7,152.26252394398531,45.0,19,0,0,0,0,0,0
8780,M23639,1,297.5,308.6,141.26694965642102,51.5,21,0,0,0,0,0,0
8781,M23640,1,297.5,308.6,138.96311504378852,52.1,24,0,0,0,0,0,0
8782,L55961,0,297.6,308.7,162.52505994571194,42.3,27,0,0,0,0,0,0
8783,L55962,0,297.5,308.7,152.47196345422464,44.7,29,0,0,0,0,0,0
8784,M23643,1,297.6,308.6,131.31857292005336,45.8,31,0,0,0,0,0,0
8785,L55964,0,297.5,308.6,150.4822881069511,43.3,34,0,0,0,0,0,0
8786,L55965,0,297.5,308.6,177.39526517270366,27.1,36,0,0,0,0,0,0
8787,L55966,0,297.5,308.5,136.76400018627567,50.7,38,0,0,0,0,0,0
8788,M23647,1,297.5,308.5,177.91886394830195,30.1,40,0,0,0,0,0,0
8789,L55968,0,297.4,308.5,143.36134475881423,53.2,43,0,0,0,0,0,0
8790,L55969,0,297.4,308.5,154.04275978101953,43.9,45,0,0,0,0,0,0
8791,L55970,0,297.4,308.5,147.6548547187203,43.9,47,0,0,0,0,0,0
8792,M23651,1,297.4,308.5,147.86429422895958,45.5,49,0,0,0,0,0,0
8793,L55972,0,297.4,308.5,148.49261275967757,51.2,52,0,0,0,0,0,0
8794,L55973,0,297.4,308.5,186.61060362323371,25.9,54,0,0,0,0,0,0
8795,M23654,1,297.4,308.5,156.76547341413067,36.4,56,0,0,0,0,0,0
8796,L55975,0,297.3,308.4,152.7861227195836,39.4,59,0,0,0,0,0,0
8797,L55976,0,297.2,308.3,188.07668019490896,23.8,61,0,0,0,0,0,0
8798,L55977,0,297.2,308.3,164.30529578274619,31.2,63,0,0,0,0,0,0
8799,L55978,0,297.3,308.4,153.83332027078018,46.7,65,0,0,0,0,0,0
8800,L55979,0,297.3,308.4,154.14747953613917,41.3,67,0,0,0,0,0,0
8801,L55980,0,297.4,308.5,154.46163880149817,47.2,69,0,0,0,0,0,0
8802,L55981,0,297.4,308.6,155.8229956180537,36.4,71,0,0,0,0,0,0
8803,L55982,0,297.4,308.6,159.59290680236148,43.1,73,0,0,0,0,0,0
8804,L55983,0,297.4,308.5,155.61355610781442,48.6,75,0,0,0,0,0,0
8805,M23664,1,297.5,308.6,131.423292675173,60.7,77,0,0,0,0,0,0
8806,M23665,1,297.4,308.6,153.83332027078018,42.6,80,0,0,0,0,0,0
8807,L55986,0,297.4,308.5,177.1858256624643,34.3,83,0,0,0,0,0,0
8808,M23667,1,297.4,308.6,167.97048721193426,32.8,85,0,0,0,0,0,0
8809,L55988,0,297.4,308.6,151.42476590302803,48.1,88,0,0,0,0,0,0
8810,L55989,0,297.3,308.5,157.39379194484863,43.3,90,0,0,0,0,0,0
8811,M23670,1,297.3,308.5,170.16960206944714,32.8,92,0,0,0,0,0,0
8812,L55991,0,297.2,308.5,164.82889455834447,35.8,95,0,0,0,0,0,0
8813,M23672,1,297.2,308.4,144.30382255489116,41.9,97,0,0,0,0,0,0
8814,L55993,0,297.1,308.4,177.29054541758398,29.5,100,0,0,0,0,0,0
8815,L55994,0,297.2,308.4,153.1002819849426,51.2,102,0,0,0,0,0,0
8816,H38229,2,297.3,308.5,150.27284859671178,55.0,104,0,0,0,0,0,0
8817,M23676,1,297.2,308.5,149.22565104551515,45.8,109,0,0,0,0,0,0
8818,H38231,2,297.3,308.6,144.09438304465183,53.5,112,0,0,0,0,0,0
8819,M23678,1,297.4,308.7,155.08995733221613,48.0,117,0,0,0,0,0,0
8820,H38233,2,297.4,308.7,141.26694965642102,48.9,120,0,0,0,0,0,0
8821,L56000,0,297.3,308.7,162.42034019059233,40.0,125,0,0,0,0,0,0
8822,H38235,2,297.4,308.7,169.9601625592078,33.8,127,0,0,0,0,0,0
8823,L56002,0,297.4,308.8,153.1002819849426,49.7,132,0,0,0,0,0,0
8824,M23683,1,297.3,308.8,151.52948565814768,57.4,134,0,0,0,0,0,0
8825,M23684,1,297.3,308.9,188.3908394602679,24.5,137,0,0,0,0,0,0
8826,M23685,1,297.3,308.8,162.10618092523333,41.3,140,0,0,0,0,0,0
8827,M23686,1,297.2,308.8,155.50883635269477,47.9,143,0,0,0,0,0,0
8828,L56007,0,297.2,308.7,153.20500174006224,49.9,146,0,0,0,0,0,0
8829,L56008,0,297.3,308.7,166.19025137490004,35.8,148,0,0,0,0,0,0
8830,M23689,1,297.3,308.8,153.83332027078018,44.1,150,0,0,0,0,0,0
8831,H38244,2,297.3,308.7,149.7492498211135,42.8,153,0,0,0,0,0,0
8832,H38245,2,297.4,308.7,180.74629733653276,26.8,158,0,0,0,0,0,0
8833,L56012,0,297.4,308.8,172.89231570255828,34.1,163,0,0,0,0,0,0
8834,L56013,0,297.4,308.8,160.1165055779598,41.3,165,0,0,0,0,0,0
8835,L56014,0,297.4,308.8,154.25219929125885,46.2,167,0,0,0,0,0,0
8836,H38249,2,297.4,308.8,138.64895577842952,53.5,169,0,0,0,0,0,0
8837,L56016,0,297.4,308.9,178.8613417443789,28.8,174,0,0,0,0,0,0
8838,M23697,1,297.5,309.1,161.26842288427605,38.5,176,0,0,0,0,0,0
8839,L56018,0,297.5,309.0,138.23007675795088,54.7,179,0,0,0,0,0,0
8840,M23699,1,297.4,308.9,144.09438304465183,39.0,181,0,0,0,0,0,0
8841,M23700,1,297.3,308.7,161.47786239451537,37.0,184,0,0,0,0,0,0
8842,L56021,0,297.3,308.7,157.70795121020763,39.3,187,0,0,0,0,0,0
8843,L56022,0,297.3,308.7,156.24187463853238,43.6,189,0,0,0,0,0,0
8844,H38257,2,297.3,308.8,163.7816970071479,38.0,191,0,0,0,0,0,0
8845,H38258,2,297.4,308.9,172.26399717184032,30.8,196,0,0,0,0,0,0
8846,M23705,1,297.4,308.9,141.16222990130137,59.1,201,0,0,0,0,0,0
8847,M23706,1,297.4,308.8,138.7536755335492,62.4,204,1,1,0,0,1,0
8848,L56027,0,297.5,308.9,151.11060663766906,43.5,0,0,0,0,0,0,0
8849,M23708,1,297.5,308.9,150.37756835183143,44.8,2,0,0,0,0,0,0
8850,L56029,0,297.5,308.9,167.13272917097697,30.7,5,0,0,0,0,0,0
8851,L56030,0,297.6,309.0,156.1371548834127,43.2,7,0,0,0,0,0,0
8852,M23711,1,297.7,308.9,164.72417480322483,35.1,9,0,0,0,0,0,0
8853,L56032,0,297.7,308.9,164.93361431346415,39.9,12,0,0,0,0,0,0
8854,L56033,0,297.7,308.9,152.68140296446393,41.1,14,0,0,0,0,0,0
8855,M23714,1,297.7,309.0,150.06340908647243,41.8,16,0,0,0,0,0,0
8856,L56035,0,297.7,308.9,174.04423300887453,28.1,19,0,0,0,0,0,0
8857,M23716,1,297.7,308.9,138.96311504378852,63.7,21,0,0,0,0,0,0
8858,L56037,0,297.7,308.9,182.4218134184473,26.3,24,0,0,0,0,0,0
8859,L56038,0,297.8,308.9,157.70795121020763,33.5,26,0,0,0,0,0,0
8860,L56039,0,297.9,309.1,152.57668320934428,44.4,28,0,0,0,0,0,0
8861,M23720,1,297.9,309.1,155.8229956180537,37.3,30,0,0,0,0,0,0
8862,L56041,0,297.9,309.1,169.54128353872918,34.7,33,0,0,0,0,0,0
8863,M23722,1,298.0,309.2,163.1533784764299,41.7,35,0,0,0,0,0,0
8864,L56043,0,298.0,309.2,181.26989611213105,28.7,38,0,0,0,0,0,0
8865,M23724,1,298.0,309.1,164.82889455834447,34.8,40,0,0,0,0,0,0
8866,L56045,0,297.9,309.0,135.0884841043611,49.8,43,0,0,0,0,0,0
8867,H38280,2,297.9,308.9,148.28317324943825,39.6,45,0,0,0,0,0,0
8868,L56047,0,297.9,308.9,163.9911365173872,41.9,50,0,0,0,0,0,0
8869,L56048,0,297.9,309.0,152.47196345422464,46.5,52,0,0,0,0,0,0
8870,L56049,0,297.9,309.0,160.01178582284012,37.5,54,0,0,0,0,0,0
8871,M23730,1,297.9,309.1,140.11503235010477,49.6,56,0,0,0,0,0,0
8872,M23731,1,297.9,309.1,163.1533784764299,39.2,59,0,0,0,0,0,0
8873,M23732,1,297.9,309.1,169.0176847631309,38.1,62,0,0,0,0,0,0
8874,H38287,2,298.0,309.1,163.04865872131026,36.4,65,0,0,0,0,0,0
8875,L56054,0,298.1,309.3,151.11060663766906,45.3,70,0,0,0,0,0,0
8876,H38289,2,298.1,309.3,139.4867138193868,51.0,72,0,0,0,0,0,0
8877,M23736,1,298.1,309.3,183.46901096964393,25.2,77,0,0,0,0,0,0
8878,M23737,1,298.1,309.2,152.89084247470328,45.8,80,0,0,0,0,0,0
8879,L56058,0,298.1,309.2,188.7049987256269,26.9,83,0,0,0,0,0,0
8880,L56059,0,298.0,309.2,159.90706606772045,39.5,85,0,0,0,0,0,0
8881,L56060,0,298.0,309.2,152.68140296446393,39.8,87,0,0,0,0,0,0
8882,H38295,2,298.0,309.2,159.17402778188284,37.9,89,0,0,0,0,0,0
8883,L56062,0,298.0,309.2,144.30382255489116,49.7,94,0,0,0,0,0,0
8884,M23743,1,297.9,309.2,160.1165055779598,38.1,96,0,0,0,0,0,0
8885,L56064,0,298.0,309.2,159.90706606772045,32.4,99,0,0,0,0,0,0
8886,M23745,1,298.0,309.2,150.58700786207075,42.9,101,0,0,0,0,0,0
8887,L56066,0,297.9,309.0,165.77137235442143,36.7,104,0,0,0,0,0,0
8888,L56067,0,297.8,308.9,160.22122533307945,37.6,106,0,0,0,0,0,0
8889,M23748,1,297.7,308.9,160.22122533307945,39.1,108,0,0,0,0,0,0
8890,M23749,1,297.7,308.8,218.75956844496926,19.1,111,0,0,0,0,0,0
8891,L56070,0,297.7,308.8,169.22712427337018,34.2,114,0,0,0,0,0,0
8892,M23751,1,297.7,308.9,176.03390835614806,28.3,116,0,0,0,0,0,0
8893,L56072,0,297.6,308.8,154.46163880149817,43.0,119,0,0,0,0,0,0
8894,L56073,0,297.5,308.7,143.57078426905355,46.5,121,0,0,0,0,0,0
8895,M23754,1,297.5,308.7,161.89674141499398,38.0,123,0,0,0,0,0,0
8896,H38309,2,297.4,308.6,152.99556222982292,40.1,126,0,0,0,0,0,0
8897,L56076,0,297.4,308.7,171.5309588860027,31.9,131,0,0,0,0,0,0
8898,M23757,1,297.3,308.7,165.14305382370344,35.6,133,0,0,0,0,0,0
8899,L56078,0,297.4,308.6,160.43066484331877,38.7,136,0,0,0,0,0,0
8900,M23759,1,297.3,308.5,179.07078125461823,27.7,138,0,0,0,0,0,0
8901,M23760,1,297.3,308.6,165.87609210954108,29.4,141,0,0,0,0,0,0
8902,L56081,0,297.3,308.6,151.42476590302803,50.1,144,0,0,0,0,0,0
8903,H38316,2,297.4,308.7,159.38346729212216,46.3,146,0,0,0,0,0,0
8904,M23763,1,297.4,308.7,144.7227015753698,49.9,151,0,0,0,0,0,0
8905,L56084,0,297.4,308.7,165.87609210954108,38.2,154,0,0,0,0,0,0
8906,L56085,0,297.3,308.6,145.0368608407288,55.2,156,0,0,0,0,0,0
8907,L56086,0,297.3,308.7,166.71385015049836,34.4,158,0,0,0,0,0,0
8908,M23767,1,297.2,308.6,147.02653618800232,43.7,160,0,0,0,0,0,0
8909,L56088,0,297.2,308.5,158.96458827164355,44.3,163,0,0,0,0,0,0
8910,L56089,0,297.1,308.4,160.1165055779598,40.4,165,0,0,0,0,0,0
8911,L56090,0,297.1,308.4,162.31562043547265,37.0,167,0,0,0,0,0,0
8912,L56091,0,297.1,308.3,185.66812582715679,23.8,169,0,0,0,0,0,0
8913,L56092,0,297.2,308.5,151.42476590302803,43.7,171,0,0,0,0,0,0
8914,M23773,1,297.2,308.5,155.7182758629341,46.9,173,0,0,0,0,0,0
8915,M23774,1,297.3,308.5,159.59290680236148,49.3,176,0,0,0,0,0,0
8916,L56095,0,297.1,308.3,146.92181643288265,54.1,179,0,0,0,0,0,0
8917,L56096,0,297.1,308.2,237.3996848562687,15.7,181,0,0,0,0,0,0
8918,M23777,1,297.1,308.2,160.1165055779598,37.9,183,0,0,0,0,0,0
8919,L56098,0,297.1,308.2,146.817096677763,51.2,186,0,0,0,0,0,0
8920,L56099,0,297.2,308.3,177.29054541758398,28.0,188,0,0,0,0,0,0
8921,L56100,0,297.1,308.3,156.66075365901102,45.8,190,0,0,0,0,0,0
8922,L56101,0,297.1,308.1,171.00736011040442,33.3,192,0,0,0,0,0,0
8923,L56102,0,297.1,308.2,146.50293741240404,42.6,194,0,0,0,0,0,0
8924,M23783,1,297.0,308.1,142.73302622809626,45.3,196,0,0,0,0,0,0
8925,H38338,2,297.1,308.2,159.90706606772045,42.2,199,0,0,0,0,0,0
8926,M23785,1,297.2,308.2,147.131255943122,42.5,204,0,0,0,0,0,0
8927,M23786,1,297.3,308.3,152.7861227195836,59.6,207,1,0,0,1,1,0
8928,M23787,1,297.4,308.4,187.34364190907132,25.0,210,0,0,0,0,0,0
8929,L56108,0,297.4,308.4,160.32594508819912,41.5,213,0,0,0,0,0,0
8930,M23789,1,297.4,308.4,169.64600329384882,35.8,215,0,0,0,0,0,0
8931,L56110,0,297.4,308.4,164.51473529298548,39.4,0,0,0,0,0,0,0
8932,L56111,0,297.4,308.4,150.1681288415921,39.9,2,0,0,0,0,0,0
8933,L56112,0,297.4,308.4,154.35691904637852,43.6,4,0,0,0,0,0,0
8934,M23793,1,297.3,308.3,161.6873019047547,41.7,6,0,0,0,0,0,0
8935,L56114,0,297.3,308.2,167.6563279465753,35.7,9,0,0,0,0,0,0
8936,L56115,0,297.4,308.3,188.60027897050725,26.9,11,0,0,0,0,0,0
8937,L56116,0,297.4,308.3,153.41444125030156,42.0,13,0,0,0,0,0,0
8938,M23797,1,297.4,308.4,140.3244718603441,52.6,15,0,0,0,0,0,0
8939,M23798,1,297.4,308.4,158.85986851652387,41.0,18,0,0,0,0,0,0
8940,M23799,1,297.3,308.4,150.1681288415921,44.8,21,0,0,0,0,0,0
8941,H38354,2,297.3,308.3,202.63272615654165,19.3,24,0,0,0,0,0,0
8942,M23801,1,297.3,308.3,167.02800941585735,32.2,29,0,0,0,0,0,0
8943,L56122,0,297.3,308.3,229.12682420181557,17.0,32,0,0,0,0,0,0
8944,M23803,1,297.3,308.4,151.73892516838703,44.4,34,0,0,0,0,0,0
8945,L56124,0,297.3,308.3,154.04275978101953,38.2,37,0,0,0,0,0,0
8946,L56125,0,297.4,308.2,171.63567864112238,33.8,39,0,0,0,0,0,0
8947,M23806,1,297.3,308.2,193.31266795089192,24.5,41,0,0,0,0,0,0
8948,M23807,1,297.3,308.2,152.053084433746,38.2,44,0,0,0,0,0,0
8949,M23808,1,297.4,308.3,155.29939684245542,41.9,47,0,0,0,0,0,0
8950,L56129,0,297.4,308.3,134.46016557364314,60.3,50,0,0,0,0,0,0
8951,L56130,0,297.4,308.2,148.59733251479722,50.0,52,0,0,0,0,0,0
8952,L56131,0,297.3,308.1,184.62092827596018,28.4,54,0,0,0,0,0,0
8953,M23812,1,297.2,308.0,154.77579806685713,42.5,56,0,0,0,0,0,0
8954,L56133,0,297.3,308.0,158.96458827164355,36.0,59,0,0,0,0,0,0
8955,L56134,0,297.3,308.0,151.52948565814768,49.0,61,0,0,0,0,0,0
8956,M23815,1,297.4,308.0,141.89526818713898,55.1,63,0,0,0,0,0,0
8957,L56136,0,297.4,308.1,141.16222990130137,57.4,66,0,0,0,0,0,0
8958,L56137,0,297.4,308.1,141.16222990130137,53.7,68,0,0,0,0,0,0
8959,M23818,1,297.4,308.1,181.58405537749005,27.7,70,0,0,0,0,0,0
8960,L56139,0,297.3,308.0,148.70205226991686,46.5,73,0,0,0,0,0,0
8961,L56140,0,297.3,307.9,188.1813999500286,24.7,75,0,0,0,0,0,0
8962,M23821,1,297.3,308.0,146.92181643288265,45.0,77,0,0,0,0,0,0
8963,L56142,0,297.3,307.9,170.4837613348061,30.2,80,0,0,0,0,0,0
8964,M23823,1,297.2,307.9,176.66222688686602,30.4,82,0,0,0,0,0,0
8965,M23824,1,297.2,307.9,152.47196345422464,44.9,85,0,0,0,0,0,0
8966,L56145,0,297.1,307.9,156.66075365901102,44.7,88,0,0,0,0,0,0
8967,L56146,0,297.1,307.8,171.3215193757634,30.3,90,0,0,0,0,0,0
8968,L56147,0,297.1,307.8,160.8495438637974,40.4,92,0,0,0,0,0,0
8969,L56148,0,297.1,307.8,152.26252394398531,50.6,94,0,0,0,0,0,0
8970,L56149,0,297.0,307.8,146.18877814704504,50.0,96,0,0,0,0,0,0
8971,L56150,0,297.0,307.6,164.93361431346415,37.4,98,0,0,0,0,0,0
8972,L56151,0,296.9,307.6,158.54570925116488,35.7,100,0,0,0,0,0,0
8973,M23832,1,296.8,307.4,152.36724369910496,49.9,102,0,0,0,0,0,0
8974,L56153,0,296.8,307.4,162.21090068035298,48.3,105,0,0,0,0,0,0
8975,L56154,0,296.8,307.5,154.35691904637852,42.4,107,0,0,0,0,0,0
8976,H38389,2,296.7,307.4,173.93951325375488,34.2,109,0,0,0,0,0,0
8977,L56156,0,296.7,307.4,160.74482410867773,34.6,114,0,0,0,0,0,0
8978,M23837,1,296.9,307.5,162.94393896619061,31.2,116,0,0,0,0,0,0
8979,L56158,0,296.9,307.6,150.27284859671178,45.0,119,0,0,0,0,0,0
8980,M23839,1,296.9,307.5,139.4867138193868,51.1,121,0,0,0,0,0,0
8981,L56160,0,297.0,307.6,158.44098949604523,42.4,124,0,0,0,0,0,0
8982,L56161,0,297.0,307.7,157.28907218972896,39.4,126,0,0,0,0,0,0
8983,L56162,0,297.0,307.7,137.7064779823526,60.1,128,0,0,0,0,0,0
8984,M23843,1,297.0,307.7,132.05161120589096,51.1,130,0,0,0,0,0,0
8985,L56164,0,297.1,307.8,147.23597569824162,60.4,133,0,0,0,0,0,0
8986,L56165,0,297.1,307.8,165.87609210954108,42.3,135,0,0,0,0,0,0
8987,M23846,1,297.1,307.8,151.11060663766906,43.9,137,0,0,0,0,0,0
8988,L56167,0,297.2,307.9,165.45721308906244,35.8,140,0,0,0,0,0,0
8989,L56168,0,297.2,307.9,191.11355309337907,24.6,142,0,0,0,0,0,0
8990,L56169,0,297.2,307.9,153.83332027078018,48.2,144,0,0,0,0,0,0
8991,L56170,0,297.2,307.9,156.34659439365205,38.4,146,0,0,0,0,0,0
8992,M23851,1,297.3,308.0,167.3421686812163,29.4,148,0,0,0,0,0,0
8993,H38406,2,297.2,307.9,151.84364492350664,37.2,151,0,0,0,0,0,0
8994,M23853,1,297.2,307.9,170.90264035528475,37.5,156,0,0,0,0,0,0
8995,M23854,1,297.1,307.9,207.34511513692635,20.3,159,0,0,0,0,0,0
8996,L56175,0,297.2,308.0,154.35691904637852,43.7,162,0,0,0,0,0,0
8997,L56176,0,297.2,307.9,161.26842288427605,37.1,164,0,0,0,0,0,0
8998,M23857,1,297.1,307.9,168.49408598753254,38.9,166,0,0,0,0,0,0
8999,L56178,0,297.1,308.0,153.62388076054089,42.8,169,0,0,0,0,0,0
9000,L56179,0,297.1,307.9,156.24187463853238,39.4,171,0,0,0,0,0,0
9001,L56180,0,297.0,307.9,156.34659439365205,46.1,173,0,0,0,0,0,0
9002,L56181,0,297.0,307.8,157.07963267948966,39.9,175,0,0,0,0,0,0
9003,L56182,0,297.1,307.8,154.67107831173746,36.6,177,0,0,0,0,0,0
9004,L56183,0,297.1,307.9,140.53391137058338,49.1,179,0,0,0,0,0,0
9005,M23864,1,297.1,307.8,161.05898337403673,34.3,181,0,0,0,0,0,0
9006,L56185,0,297.2,307.9,140.0103125949851,58.1,184,0,0,0,0,0,0
9007,L56186,0,297.3,307.9,148.3878930045579,41.8,186,0,0,0,0,0,0
9008,L56187,0,297.4,308.0,144.82742133048947,46.2,188,0,0,0,0,0,0
9009,M23868,1,297.4,308.0,150.79644737231007,42.4,190,0,0,0,0,0,0
9010,L56189,0,297.3,307.9,165.35249333394276,34.4,193,0,0,0,0,0,0
9011,L56190,0,297.2,307.9,150.90116712742974,40.0,195,0,0,0,0,0,0
9012,M23871,1,297.2,307.9,160.22122533307945,35.9,197,0,0,0,0,0,0
9013,L56192,0,297.2,308.0,178.5471824790199,26.0,200,0,0,0,0,0,0
9014,H38427,2,297.2,308.0,150.27284859671178,43.0,202,0,0,0,0,0,0
9015,M23874,1,297.2,308.1,140.3244718603441,61.3,207,1,0,0,0,1,0
9017,L56196,0,297.3,308.2,146.18877814704504,52.7,212,1,0,0,0,1,0
9018,M23877,1,297.3,308.1,143.36134475881423,52.0,214,0,0,0,0,0,0
9019,L56198,0,297.3,308.1,169.1224045182505,35.4,217,1,1,0,0,0,0
9020,L56199,0,297.2,308.1,174.04423300887453,31.3,0,0,0,0,0,0,0
9021,L56200,0,297.3,308.2,162.62977970083162,33.5,2,0,0,0,0,0,0
9022,M23881,1,297.4,308.2,160.8495438637974,34.6,4,0,0,0,0,0,0
9023,L56202,0,297.4,308.3,162.10618092523333,46.6,7,0,0,0,0,0,0
9024,L56203,0,297.4,308.3,178.65190223413956,30.9,9,0,0,0,0,0,0
9025,L56204,0,297.4,308.3,143.04718549345526,45.5,11,0,0,0,0,0,0
9026,L56205,0,297.5,308.4,150.79644737231007,35.9,13,0,0,0,0,0,0
9027,M23886,1,297.5,308.4,176.4527873766267,28.1,15,0,0,0,0,0,0
9028,M23887,1,297.4,308.3,151.21532639278868,44.0,18,0,0,0,0,0,0
9029,L56208,0,297.4,308.3,146.08405839192537,48.7,21,0,0,0,0,0,0
9030,L56209,0,297.4,308.3,155.29939684245542,38.8,23,0,0,0,0,0,0
9031,M23890,1,297.5,308.4,146.92181643288265,44.3,25,0,0,0,0,0,0
9032,H38445,2,297.5,308.4,187.76252092954996,23.9,28,0,0,0,0,0,0
9033,L56212,0,297.4,308.3,180.43213807117377,28.8,33,0,0,0,0,0,0
9034,L56213,0,297.4,308.2,145.14158059584844,41.0,35,0,0,0,0,0,0
9035,H38448,2,297.4,308.2,165.98081186466072,46.2,37,0,0,0,0,0,0
9036,M23895,1,297.3,308.1,181.26989611213105,27.7,42,0,0,0,0,0,0
9037,L56216,0,297.3,308.3,159.0693080267632,37.7,45,0,0,0,0,0,0
9038,L56217,0,297.3,308.2,198.5486557068749,24.4,47,0,0,0,0,0,0
9039,L56218,0,297.3,308.3,246.9291825721577,14.9,49,0,0,0,0,0,0
9040,M23899,1,297.3,308.3,140.42919161546376,51.9,51,0,0,0,0,0,0
9041,L56220,0,297.3,308.3,162.31562043547265,37.0,54,0,0,0,0,0,0
9042,L56221,0,297.3,308.3,137.07815945163463,61.5,56,0,0,0,0,0,0
9043,M23902,1,297.3,308.4,167.44688843633597,32.9,58,0,0,0,0,0,0
9044,L56223,0,297.4,308.4,140.63863112570306,40.0,61,0,0,0,0,0,0
9045,L56224,0,297.4,308.4,144.30382255489116,39.9,63,0,0,0,0,0,0
9046,L56225,0,297.4,308.4,167.8657674568146,34.6,65,0,0,0,0,0,0
9047,L56226,0,297.4,308.4,174.25367251911388,28.1,67,0,0,0,0,0,0
9048,L56227,0,297.3,308.4,155.8229956180537,37.4,69,0,0,0,0,0,0
9049,M23908,1,297.3,308.4,143.46606451393387,50.5,71,0,0,0,0,0,0
9050,L56229,0,297.3,308.5,161.79202165987437,34.3,74,0,0,0,0,0,0
9051,M23910,1,297.4,308.5,163.9911365173872,31.4,76,0,0,0,0,0,0
9052,L56231,0,297.4,308.6,190.58995431778078,24.6,79,0,0,0,0,0,0
9053,M23912,1,297.4,308.6,199.0722544824732,22.1,81,0,0,0,0,0,0
9054,M23913,1,297.4,308.5,171.5309588860027,32.2,84,0,0,0,0,0,0
9055,M23914,1,297.3,308.4,159.2787475370025,38.2,87,0,0,0,0,0,0
9056,H38469,2,297.3,308.4,195.1976235430458,23.1,90,0,0,0,0,0,0
9057,L56236,0,297.3,308.3,149.7492498211135,41.9,95,0,0,0,0,0,0
9058,M23917,1,297.3,308.4,176.55750713174638,34.5,97,0,0,0,0,0,0
9059,M23918,1,297.2,308.3,138.85839528866885,57.2,100,0,0,0,0,0,0
9060,L56239,0,297.2,308.3,189.0191579909859,25.6,103,0,0,0,0,0,0
9061,H38474,2,297.2,308.3,152.15780418886564,45.8,105,0,0,0,0,0,0
9062,M23921,1,297.2,308.4,195.09290378792613,26.0,110,0,0,0,0,0,0
9063,L56242,0,297.2,308.3,165.0383340685838,35.3,113,0,0,0,0,0,0
9064,L56243,0,297.2,308.3,148.59733251479722,39.7,115,0,0,0,0,0,0
9065,L56244,0,297.2,308.4,191.95131113433635,25.2,117,0,0,0,0,0,0
9066,H38479,2,297.2,308.4,228.4985056710976,17.3,119,0,0,0,0,0,0
9067,L56246,0,297.2,308.3,173.41591447815657,30.3,124,0,0,0,0,0,0
9068,L56247,0,297.1,308.2,141.47638916666034,56.6,126,0,0,0,0,0,0
9069,H38482,2,297.1,308.2,187.448361664191,30.3,128,0,0,0,0,0,0
9070,M23929,1,297.2,308.2,175.7197490907891,28.1,133,0,0,0,0,0,0
9071,L56250,0,297.1,308.2,149.4350905557545,45.2,136,0,0,0,0,0,0
9072,L56251,0,297.0,308.1,149.64453006599382,54.0,138,0,0,0,0,0,0
9073,H38486,2,297.2,308.1,185.3539665617978,27.2,140,0,0,0,0,0,0
9074,L56253,0,297.2,308.1,176.87166639710534,31.2,145,0,0,0,0,0,0
9075,M23934,1,297.2,308.1,162.73449945595127,41.3,147,0,0,0,0,0,0
9076,L56255,0,297.3,308.1,157.70795121020763,36.0,150,0,0,0,0,0,0
9077,L56256,0,297.2,308.1,154.35691904637852,44.3,152,0,0,0,0,0,0
9078,L56257,0,297.3,308.1,184.5162085208405,26.1,154,0,0,0,0,0,0
9079,L56258,0,297.3,308.1,163.9911365173872,35.7,156,0,0,0,0,0,0
9080,H38493,2,297.3,308.1,162.73449945595127,42.4,158,0,0,0,0,0,0
9081,L56260,0,297.2,308.0,195.7212223186441,25.4,163,0,0,0,0,0,0
9082,L56261,0,297.3,308.0,159.90706606772045,35.1,165,0,0,0,0,0,0
9083,L56262,0,297.2,307.9,137.07815945163463,49.6,167,0,0,0,0,0,0
9084,M23943,1,297.2,307.9,161.3731426393957,35.7,169,0,0,0,0,0,0
9085,L56264,0,297.2,307.9,138.85839528866885,75.4,172,1,0,0,1,1,0
9086,H38499,2,297.1,307.9,142.94246573833559,54.0,174,0,0,0,0,0,0
9087,L56266,0,297.1,307.8,149.53981031087415,43.7,179,0,0,0,0,0,0
9088,L56267,0,297.1,307.8,176.03390835614806,27.6,181,0,0,0,0,0,0
9089,M23948,1,297.1,307.9,174.04423300887453,26.9,183,0,0,0,0,0,0
9090,L56269,0,297.2,307.9,208.28759293300325,20.3,186,0,0,0,0,0,0
9091,M23950,1,297.2,307.9,182.94541219404562,29.0,188,0,0,0,0,0,0
9092,M23951,1,297.2,308.0,184.8303677861995,31.1,191,0,0,0,0,0,0
9093,L56272,0,297.3,308.1,164.2005760276265,34.4,194,0,0,0,0,0,0
9094,M23953,1,297.3,308.1,178.96606149949855,30.6,196,0,0,0,0,0,0
9095,M23954,1,297.3,308.1,143.46606451393387,58.8,199,0,0,0,0,0,0
9096,L56275,0,297.3,308.1,152.68140296446393,45.7,202,0,0,0,0,0,0
9097,L56276,0,297.2,308.1,179.28022076485752,30.9,204,0,0,0,0,0,0
9098,L56277,0,297.3,308.1,171.94983790648132,36.9,206,0,0,0,0,0,0
9099,L56278,0,297.3,308.1,153.72860051566056,49.8,0,0,0,0,0,0,0
9100,H38513,2,297.3,308.1,154.67107831173746,52.3,2,0,0,0,0,0,0
9101,L56280,0,297.3,308.2,151.42476590302803,53.5,7,0,0,0,0,0,0
9102,H38515,2,297.3,308.2,173.10175521279757,31.4,9,0,0,0,0,0,0
9103,L56282,0,297.3,308.3,156.4513141487717,38.2,14,0,0,0,0,0,0
9104,L56283,0,297.3,308.2,156.03243512829306,41.0,16,0,0,0,0,0,0
9105,M23964,1,297.4,308.3,162.31562043547265,47.8,18,0,0,0,0,0,0
9106,M23965,1,297.3,308.2,175.61502933566945,34.9,21,0,0,0,0,0,0
9107,L56286,0,297.4,308.3,194.1504259918492,21.8,24,0,0,0,0,0,0
9108,M23967,1,297.5,308.5,174.04423300887453,30.3,26,0,0,0,0,0,0
9109,M23968,1,297.5,308.6,150.79644737231007,38.8,29,0,0,0,0,0,0
9110,L56289,0,297.5,308.6,158.44098949604523,39.7,32,0,0,0,0,0,0
9111,M23970,1,297.6,308.6,145.4557398612074,49.0,34,0,0,0,0,0,0
9112,L56291,0,297.6,308.6,141.47638916666034,51.0,37,0,0,0,0,0,0
9113,M23972,1,297.6,308.6,155.19467708733578,38.3,39,0,0,0,0,0,0
9114,L56293,0,297.6,308.6,182.63125292868662,28.5,42,0,0,0,0,0,0
9115,L56294,0,297.6,308.7,154.5663585566178,39.0,44,0,0,0,0,0,0
9116,M23975,1,297.6,308.6,151.21532639278868,48.2,46,0,0,0,0,0,0
9117,H38530,2,297.6,308.7,173.73007374351556,32.1,49,0,0,0,0,0,0
9118,M23977,1,297.6,308.7,154.46163880149817,46.6,54,0,0,0,0,0,0
9119,L56298,0,297.6,308.6,159.80234631260083,42.1,57,0,0,0,0,0,0
9120,M23979,1,297.4,308.4,175.40558982543013,29.5,59,0,0,0,0,0,0
9121,L56300,0,297.4,308.4,159.69762655748116,38.7,62,0,0,0,0,0,0
9122,L56301,0,297.3,308.3,146.18877814704504,45.9,64,0,0,0,0,0,0
9123,L56302,0,297.4,308.4,165.45721308906244,41.2,66,0,0,0,0,0,0
9124,L56303,0,297.4,308.5,153.1002819849426,42.8,68,0,0,0,0,0,0
9125,L56304,0,297.4,308.4,149.33037080063482,50.4,70,0,0,0,0,0,0
9126,L56305,0,297.4,308.5,164.30529578274619,34.2,72,0,0,0,0,0,0
9127,L56306,0,297.4,308.5,154.67107831173746,40.7,74,0,0,0,0,0,0
9128,L56307,0,297.4,308.5,184.41148876572083,27.2,76,0,0,0,0,0,0
9129,M23988,1,297.5,308.6,155.61355610781442,45.9,78,0,0,0,0,0,0
9130,L56309,0,297.6,308.6,174.25367251911388,30.1,81,0,0,0,0,0,0
9131,L56310,0,297.6,308.6,165.0383340685838,32.7,83,0,0,0,0,0,0
9132,H38545,2,297.6,308.6,153.20500174006224,46.7,85,0,0,0,0,0,0
9133,M23992,1,297.6,308.6,165.98081186466072,42.0,90,0,0,0,0,0,0
9134,L56313,0,297.7,308.7,154.8805178219768,45.7,93,0,0,0,0,0,0
9135,L56314,0,297.7,308.7,151.73892516838703,40.2,95,0,0,0,0,0,0
9136,H38549,2,297.7,308.8,147.02653618800232,50.3,97,0,0,0,0,0,0
9137,L56316,0,297.7,308.7,177.39526517270366,29.1,102,0,0,0,0,0,0
9138,L56317,0,297.7,308.7,181.26989611213105,28.4,104,0,0,0,0,0,0
9139,L56318,0,297.6,308.6,159.38346729212216,37.0,106,0,0,0,0,0,0
9140,L56319,0,297.5,308.5,160.8495438637974,36.9,108,0,0,0,0,0,0
9141,L56320,0,297.5,308.5,143.78022377929287,39.9,110,0,0,0,0,0,0
9142,L56321,0,297.5,308.5,167.23744892609665,36.4,112,0,0,0,0,0,0
9143,L56322,0,297.6,308.5,175.7197490907891,34.2,114,0,0,0,0,0,0
9144,L56323,0,297.6,308.5,152.053084433746,42.6,116,0,0,0,0,0,0
9145,M24004,1,297.5,308.5,151.52948565814768,41.6,118,0,0,0,0,0,0
9146,L56325,0,297.6,308.5,164.82889455834447,37.1,121,0,0,0,0,0,0
9147,L56326,0,297.6,308.6,160.01178582284012,40.0,123,0,0,0,0,0,0
9148,L56327,0,297.7,308.7,176.7669466419857,27.2,125,0,0,0,0,0,0
9149,L56328,0,297.6,308.6,145.87461888168605,40.4,127,0,0,0,0,0,0
9150,M24009,1,297.5,308.6,149.64453006599382,50.5,129,0,0,0,0,0,0
9151,M24010,1,297.5,308.6,141.05751014618173,57.0,132,0,0,0,0,0,0
9152,L56331,0,297.6,308.6,162.62977970083162,40.5,135,0,0,0,0,0,0
9153,L56332,0,297.5,308.6,131.94689145077132,53.6,137,0,0,0,0,0,0
9154,L56333,0,297.5,308.6,161.89674141499398,33.8,139,0,0,0,0,0,0
9155,L56334,0,297.5,308.6,167.13272917097697,36.0,141,0,0,0,0,0,0
9156,L56335,0,297.5,308.5,140.3244718603441,57.4,143,0,0,0,0,0,0
9157,M24016,1,297.5,308.4,143.36134475881423,54.8,145,0,0,0,0,0,0
9158,L56337,0,297.5,308.5,153.1002819849426,52.3,148,0,0,0,0,0,0
9159,H38572,2,297.4,308.4,155.7182758629341,46.2,150,0,0,0,0,0,0
9160,M24019,1,297.5,308.6,158.12683023068624,35.5,155,0,0,0,0,0,0
9161,H38574,2,297.5,308.5,174.98671080495149,28.0,158,0,0,0,0,0,0
9162,M24021,1,297.5,308.5,168.80824525289154,30.0,163,0,0,0,0,0,0
9163,M24022,1,297.6,308.6,158.0221104755666,39.7,166,0,0,0,0,0,0
9164,L56343,0,297.6,308.6,148.17845349431857,47.3,169,0,0,0,0,0,0
9165,L56344,0,297.6,308.6,249.65189620526888,14.4,171,0,0,0,0,0,0
9166,L56345,0,297.6,308.6,138.85839528866885,62.4,173,0,0,0,0,0,0
9167,M24026,1,297.6,308.6,145.56045961632708,53.4,175,0,0,0,0,0,0
9168,M24027,1,297.6,308.7,145.7698991265664,41.2,178,0,0,0,0,0,0
9169,H38582,2,297.6,308.8,145.0368608407288,44.4,181,0,0,0,0,0,0
9170,L56349,0,297.7,308.8,198.5486557068749,24.5,186,0,0,0,0,0,0
9171,L56350,0,297.7,308.7,154.35691904637852,46.8,188,0,0,0,0,0,0
9172,M24031,1,297.7,308.8,145.35102010608776,45.6,190,0,0,0,0,0,0
9173,L56352,0,297.7,308.9,179.5943800302165,27.2,193,0,0,0,0,0,0
9174,H38587,2,297.8,308.9,172.78759594743863,32.2,195,0,0,0,0,0,0
9175,L56354,0,297.8,308.9,195.93066182888342,25.6,200,1,1,0,0,0,0
9176,L56355,0,297.8,309.0,146.92181643288265,64.2,0,1,0,0,1,0,0
9177,L56356,0,297.8,308.9,158.96458827164355,40.4,2,0,0,0,0,0,0
9178,L56357,0,297.9,309.1,157.4985116999683,43.0,4,0,0,0,0,0,0
9179,L56358,0,297.8,309.0,140.3244718603441,56.9,6,0,0,0,0,0,0
9180,H38593,2,297.9,309.1,150.27284859671178,44.7,8,0,0,0,0,0,0
9181,L56360,0,297.9,309.1,157.8126709653273,36.9,13,0,0,0,0,0,0
9182,L56361,0,297.9,309.1,159.2787475370025,36.1,15,0,0,0,0,0,0
9183,M24042,1,297.8,309.0,165.0383340685838,45.0,17,0,0,0,0,0,0
9184,L56363,0,297.9,309.1,161.58258214963502,36.6,20,0,0,0,0,0,0
9185,L56364,0,298.0,309.2,174.35839227423352,36.6,22,0,0,0,0,0,0
9186,L56365,0,297.9,309.1,151.0058868825494,50.3,24,0,0,0,0,0,0
9187,L56366,0,297.9,309.0,170.58848108992575,29.0,26,0,0,0,0,0,0
9188,L56367,0,297.9,309.0,144.40854231001083,47.3,28,0,0,0,0,0,0
9189,L56368,0,297.9,309.0,157.28907218972896,40.2,30,0,0,0,0,0,0
9190,L56369,0,297.9,309.1,167.02800941585735,32.0,32,0,0,0,0,0,0
9191,M24050,1,298.0,309.0,150.6917276171904,38.5,34,0,0,0,0,0,0
9192,M24051,1,297.9,309.0,206.29791758572972,21.6,37,0,0,0,0,0,0
9193,L56372,0,297.9,309.0,163.57225749690858,35.8,40,0,0,0,0,0,0
9194,M24053,1,297.9,309.0,160.22122533307945,40.9,42,0,0,0,0,0,0
9195,L56374,0,297.9,308.9,145.87461888168605,40.6,45,0,0,0,0,0,0
9196,L56375,0,297.9,309.0,160.43066484331877,37.6,47,0,0,0,0,0,0
9197,L56376,0,298.0,308.9,168.28464647729325,37.7,49,0,0,0,0,0,0
9198,M24057,1,297.9,308.8,153.83332027078018,49.0,51,0,0,0,0,0,0
9199,M24058,1,297.9,308.8,161.05898337403673,37.6,54,0,0,0,0,0,0
9200,L56379,0,297.9,308.8,168.9129650080112,31.4,57,0,0,0,0,0,0
9201,M24060,1,297.9,308.8,167.76104770169496,32.1,59,0,0,0,0,0,0
9202,L56381,0,297.8,308.7,147.02653618800232,44.2,62,0,0,0,0,0,0
9203,L56382,0,297.8,308.8,162.10618092523333,36.9,64,0,0,0,0,0,0
9204,L56383,0,297.8,308.8,163.25809823154958,35.2,66,0,0,0,0,0,0
9205,L56384,0,297.8,308.8,169.7507230489685,36.1,68,0,0,0,0,0,0
9206,L56385,0,297.8,308.8,165.35249333394276,32.9,70,0,0,0,0,0,0
9207,M24066,1,297.9,308.9,162.00146117011366,44.0,72,0,0,0,0,0,0
9208,L56387,0,297.9,308.8,145.14158059584844,48.6,75,0,0,0,0,0,0
9209,L56388,0,298.0,308.9,147.23597569824162,40.9,77,0,0,0,0,0,0
9210,M24069,1,298.0,309.0,145.87461888168605,55.9,79,0,0,0,0,0,0
9211,M24070,1,297.9,309.0,257.1917185738844,13.9,82,0,0,0,0,0,0
9212,M24071,1,298.0,309.0,147.5501349636006,49.1,85,0,0,0,0,0,0
9213,L56392,0,298.0,308.9,145.56045961632708,53.9,88,0,0,0,0,0,0
9214,L56393,0,298.0,309.0,175.82446884590874,32.4,90,0,0,0,0,0,0
9215,L56394,0,298.0,308.9,157.91739072044692,37.1,92,0,0,0,0,0,0
9216,L56395,0,297.9,308.8,176.03390835614806,31.7,94,0,0,0,0,0,0
9217,H38630,2,297.7,308.8,153.83332027078018,43.7,96,0,0,0,0,0,0
9218,L56397,0,297.8,308.8,148.80677202503654,49.6,101,0,0,0,0,0,0
9219,L56398,0,297.7,308.8,141.79054843201934,50.2,103,0,0,0,0,0,0
9220,M24079,1,297.7,308.8,141.3716694115407,57.0,105,0,0,0,0,0,0
9221,L56400,0,297.8,308.9,134.25072606340382,58.1,108,0,0,0,0,0,0
9222,M24081,1,297.8,309.0,175.40558982543013,30.0,110,0,0,0,0,0,0
9223,M24082,1,297.9,309.0,159.69762655748116,38.5,113,0,0,0,0,0,0
9224,L56403,0,297.9,309.0,144.7227015753698,43.9,116,0,0,0,0,0,0
9225,L56404,0,297.9,309.0,151.84364492350664,46.8,118,0,0,0,0,0,0
9226,L56405,0,298.0,309.1,190.58995431778078,23.6,120,0,0,0,0,0,0
9227,L56406,0,298.0,309.1,190.7993938280201,23.5,122,0,0,0,0,0,0
9228,L56407,0,298.0,309.1,154.25219929125885,44.3,124,0,0,0,0,0,0
9229,M24088,1,298.1,309.1,164.61945504810515,37.5,126,0,0,0,0,0,0
9230,M24089,1,298.1,309.0,213.83773995434524,17.8,129,0,0,0,0,0,0
9231,L56410,0,298.2,309.2,201.27136933998608,22.6,132,0,0,0,0,0,0
9232,L56411,0,298.2,309.1,161.16370312915637,36.5,134,0,0,0,0,0,0
9233,L56412,0,298.2,309.1,141.3716694115407,52.0,136,0,0,0,0,0,0
9234,L56413,0,298.3,309.1,146.92181643288265,45.1,138,0,0,0,0,0,0
9235,L56414,0,298.3,309.1,199.3864137478322,20.3,140,0,0,0,0,0,0
9236,M24095,1,298.2,308.9,166.71385015049836,35.2,142,0,0,0,0,0,0
9237,L56416,0,298.1,308.7,162.94393896619061,31.6,145,0,0,0,0,0,0
9238,M24097,1,298.1,308.8,189.64747652170385,25.4,147,0,0,0,0,0,0
9239,M24098,1,298.2,308.8,152.47196345422464,41.2,150,0,0,0,0,0,0
9240,H38653,2,298.2,308.8,150.37756835183143,51.9,153,0,0,0,0,0,0
9241,M24100,1,298.1,308.7,142.6283064729766,49.6,158,0,0,0,0,0,0
9242,L56421,0,298.1,308.7,176.2433478663874,29.1,161,0,0,0,0,0,0
9243,M24102,1,298.2,308.7,132.88936924684825,60.9,163,0,0,0,0,0,0
9244,L56423,0,298.3,308.8,152.26252394398531,49.0,166,0,0,0,0,0,0
9245,L56424,0,298.3,308.8,185.03980729643882,27.3,168,0,0,0,0,0,0
9246,L56425,0,298.3,308.9,178.8613417443789,27.3,170,0,0,0,0,0,0
9247,L56426,0,298.3,308.9,194.98818403280652,27.0,172,0,0,0,0,0,0
9248,L56427,0,298.3,308.9,177.4999849278233,30.7,174,0,0,0,0,0,0
9249,M24108,1,298.3,309.1,155.8229956180537,40.6,176,0,0,0,0,0,0
9250,L56429,0,298.3,309.0,173.52063423327624,32.2,179,0,0,0,0,0,0
9251,H38664,2,298.3,309.0,190.90411358313978,25.9,181,0,0,0,0,0,0
9252,M24111,1,298.2,309.1,172.89231570255828,28.8,186,0,0,0,0,0,0
9253,M24112,1,298.1,309.0,160.5353845984384,36.1,189,0,0,0,0,0,0
9254,M24113,1,298.2,309.0,157.91739072044692,40.5,192,0,0,0,0,0,0
9255,L56434,0,298.3,309.1,169.22712427337018,31.1,195,0,0,0,0,0,0
9256,L56435,0,298.2,309.0,172.89231570255828,31.5,197,0,0,0,0,0,0
9257,L56436,0,298.2,309.1,164.30529578274619,35.2,199,0,0,0,0,0,0
9258,M24117,1,298.3,309.1,135.71680263507906,58.7,201,0,0,0,0,0,0
9259,H38672,2,298.3,309.0,144.40854231001083,43.2,0,0,0,0,0,0,0
9260,M24119,1,298.2,309.0,177.39526517270366,28.0,5,0,0,0,0,0,0
9261,L56440,0,298.2,309.0,144.1991027997715,57.8,8,0,0,0,0,0,0
9262,H38675,2,298.3,309.0,153.93804002589985,38.4,10,0,0,0,0,0,0
9263,M24122,1,298.3,309.1,147.02653618800232,47.0,15,0,0,0,0,0,0
9264,L56443,0,298.3,309.1,166.818569905618,40.1,18,0,0,0,0,0,0
9265,M24124,1,298.3,309.0,159.80234631260083,36.9,20,0,0,0,0,0,0
9266,M24125,1,298.3,308.9,145.56045961632708,49.7,23,0,0,0,0,0,0
9267,L56446,0,298.2,308.9,181.898214642849,25.5,26,0,0,0,0,0,0
9268,L56447,0,298.2,308.8,142.6283064729766,57.3,28,0,0,0,0,0,0
9269,L56448,0,298.2,308.8,174.46311202935317,31.5,30,0,0,0,0,0,0
9270,L56449,0,298.2,308.8,141.79054843201934,60.9,32,0,0,0,0,0,0
9271,L56450,0,298.2,308.8,136.34512116579702,60.4,34,0,0,0,0,0,0
9272,L56451,0,298.2,308.7,208.4970324432426,20.5,36,0,0,0,0,0,0
9273,L56452,0,298.2,308.6,141.68582867689966,54.1,38,0,0,0,0,0,0
9274,H38687,2,298.2,308.7,159.17402778188284,35.7,40,0,0,0,0,0,0
9275,L56454,0,298.2,308.7,149.53981031087415,54.9,45,0,0,0,0,0,0
9276,L56455,0,298.2,308.7,168.07520696705393,29.4,47,0,0,0,0,0,0
9277,L56456,0,298.1,308.7,177.0811059073447,30.3,49,0,0,0,0,0,0
9278,L56457,0,298.2,308.7,151.52948565814768,48.4,51,0,0,0,0,0,0
9279,H38692,2,298.2,308.8,168.1799267221736,39.9,53,0,0,0,0,0,0
9280,M24139,1,298.2,308.8,172.26399717184032,28.2,58,0,0,0,0,0,0
9281,H38694,2,298.2,308.8,153.93804002589985,43.3,61,0,0,0,0,0,0
9282,L56461,0,298.2,308.9,139.90559283986545,45.0,66,0,0,0,0,0,0
9283,M24142,1,298.2,308.9,148.0737337391989,44.3,68,0,0,0,0,0,0
9284,M24143,1,298.3,309.0,188.7049987256269,27.5,71,0,0,0,0,0,0
9285,L56464,0,298.2,308.9,176.2433478663874,31.7,74,0,0,0,0,0,0
9286,M24145,1,298.2,309.0,147.6548547187203,47.6,76,0,0,0,0,0,0
9287,L56466,0,298.2,308.9,168.07520696705393,32.0,79,0,0,0,0,0,0
9288,L56467,0,298.2,308.9,178.96606149949855,28.1,81,0,0,0,0,0,0
9289,L56468,0,298.2,308.9,151.21532639278868,53.1,83,0,0,0,0,0,0
9290,L56469,0,298.2,308.9,143.1519052485749,45.0,85,0,0,0,0,0,0
9291,L56470,0,298.2,309.0,148.49261275967757,44.2,87,0,0,0,0,0,0
9292,L56471,0,298.2,309.0,141.68582867689966,57.8,89,0,0,0,0,0,0
9293,L56472,0,298.2,309.0,172.054557661601,34.1,91,0,0,0,0,0,0
9294,L56473,0,298.3,309.1,150.4822881069511,38.0,93,0,0,0,0,0,0
9295,L56474,0,298.1,309.0,150.4822881069511,36.2,95,0,0,0,0,0,0
9296,M24155,1,298.2,309.0,147.96901398407925,47.9,97,0,0,0,0,0,0
9297,H38710,2,298.2,309.0,159.59290680236148,39.1,100,0,0,0,0,0,0
9298,M24157,1,298.1,308.9,154.8805178219768,43.4,105,0,0,0,0,0,0
9299,L56478,0,298.1,308.9,137.49703847211327,50.6,108,0,0,0,0,0,0
9300,M24159,1,298.1,308.9,139.8008730847458,50.4,110,0,0,0,0,0,0
9301,L56480,0,298.1,308.9,143.1519052485749,41.9,113,0,0,0,0,0,0
9302,M24161,1,298.1,308.9,152.7861227195836,50.3,115,0,0,0,0,0,0
9303,M24162,1,298.1,308.9,188.91443823586624,25.1,118,0,0,0,0,0,0
9304,L56483,0,298.2,309.0,156.1371548834127,38.3,121,0,0,0,0,0,0
9305,L56484,0,298.3,309.1,160.95426361891708,43.0,123,0,0,0,0,0,0
9306,H38719,2,298.3,309.1,172.36871692696,30.2,125,0,0,0,0,0,0
9307,M24166,1,298.3,309.2,186.71532337835336,28.3,130,0,0,0,0,0,0
9308,L56487,0,298.3,309.1,146.08405839192537,49.8,133,0,0,0,0,0,0
9309,L56488,0,298.4,309.1,149.01621153527586,48.0,135,0,0,0,0,0,0
9310,L56489,0,298.3,309.2,163.57225749690858,37.6,137,0,0,0,0,0,0
9311,L56490,0,298.4,309.3,162.21090068035298,40.8,139,0,0,0,0,0,0
9312,L56491,0,298.4,309.4,161.26842288427605,43.2,141,0,0,0,0,0,0
9313,H38726,2,298.5,309.4,164.72417480322483,33.6,143,0,0,0,0,0,0
9314,L56493,0,298.5,309.4,148.49261275967757,45.1,148,0,0,0,0,0,0
9315,M24174,1,298.5,309.4,163.88641676226752,33.7,150,0,0,0,0,0,0
9316,L56495,0,298.5,309.5,164.30529578274619,41.0,153,0,0,0,0,0,0
9317,H38730,2,298.5,309.4,148.3878930045579,41.2,155,0,0,0,0,0,0
9318,L56497,0,298.5,309.5,154.98523757709646,38.1,160,0,0,0,0,0,0
9319,L56498,0,298.5,309.4,142.8377459832159,44.5,162,0,0,0,0,0,0
9320,L56499,0,298.5,309.4,200.11945203366983,21.5,164,0,0,0,0,0,0
9321,L56500,0,298.4,309.3,147.5501349636006,43.1,166,0,0,0,0,0,0
9322,L56501,0,298.4,309.2,139.8008730847458,53.5,168,0,0,0,0,0,0
9323,M24182,1,298.5,309.3,158.3362697409256,38.1,170,0,0,0,0,0,0
9324,L56503,0,298.6,309.4,151.52948565814768,40.2,173,0,0,0,0,0,0
9325,L56504,0,298.6,309.3,160.95426361891708,37.6,175,0,0,0,0,0,0
9326,M24185,1,298.6,309.3,158.12683023068624,40.8,177,0,0,0,0,0,0
9327,L56506,0,298.6,309.3,175.61502933566945,31.2,180,0,0,0,0,0,0
9328,L56507,0,298.5,309.2,157.4985116999683,33.7,182,0,0,0,0,0,0
9329,H38742,2,298.5,309.1,214.7802177504222,19.0,184,0,0,0,0,0,0
9330,L56509,0,298.5,309.1,154.35691904637852,41.3,189,0,0,0,0,0,0
9331,M24190,1,298.4,309.0,157.8126709653273,36.1,191,0,0,0,0,0,0
9332,L56511,0,298.4,308.9,156.66075365901102,37.9,194,0,0,0,0,0,0
9333,M24192,1,298.5,309.0,201.1666495848664,22.0,196,0,0,0,0,0,0
9334,L56513,0,298.5,309.0,151.84364492350664,40.5,199,0,0,0,0,0,0
9335,L56514,0,298.4,308.9,146.817096677763,44.8,201,0,0,0,0,0,0
9336,L56515,0,298.4,308.9,157.1843524346093,50.0,203,0,0,0,0,0,0
9337,L56516,0,298.5,308.9,180.6415775814131,31.9,205,0,0,0,0,0,0
9338,H38751,2,298.5,308.9,157.07963267948966,40.3,207,0,0,0,0,0,0
9339,H38752,2,298.5,309.0,160.32594508819912,30.8,212,0,0,0,0,0,0
9340,L56519,0,298.5,309.0,152.68140296446393,44.8,217,0,0,0,0,0,0
9341,H38754,2,298.4,308.9,165.14305382370344,37.1,0,0,0,0,0,0,0
9342,M24201,1,298.3,308.9,142.73302622809626,46.1,5,0,0,0,0,0,0
9343,H38756,2,298.3,308.9,178.65190223413956,31.8,8,0,0,0,0,0,0
9344,M24203,1,298.3,308.8,145.66517937144675,50.4,13,0,0,0,0,0,0
9345,L56524,0,298.2,308.8,169.22712427337018,33.7,16,0,0,0,0,0,0
9346,L56525,0,298.2,308.8,151.0058868825494,47.0,18,0,0,0,0,0,0
9347,M24206,1,298.2,308.8,170.27432182456678,40.4,20,0,0,0,0,0,0
9348,M24207,1,298.2,308.7,149.33037080063482,42.6,23,0,0,0,0,0,0
9349,L56528,0,298.2,308.7,150.37756835183143,49.1,26,0,0,0,0,0,0
9350,M24209,1,298.2,308.7,167.44688843633597,36.2,28,0,0,0,0,0,0
9351,L56530,0,298.2,308.7,228.91738469157625,17.8,31,0,0,0,0,0,0
9352,L56531,0,298.3,308.8,172.26399717184032,30.4,33,0,0,0,0,0,0
9353,L56532,0,298.2,308.7,186.40116411299437,27.9,35,0,0,0,0,0,0
9354,L56533,0,298.2,308.8,140.84807063594238,44.3,37,0,0,0,0,0,0
9355,M24214,1,298.2,308.8,168.28464647729325,31.9,39,0,0,0,0,0,0
9356,L56535,0,298.3,308.9,178.8613417443789,28.0,42,0,0,0,0,0,0
9357,L56536,0,298.3,308.9,132.9940890019679,52.7,44,0,0,0,0,0,0
9358,M24217,1,298.3,308.9,172.36871692696,25.4,46,0,0,0,0,0,0
9359,L56538,0,298.2,308.7,147.3406954533613,45.1,49,0,0,0,0,0,0
9360,M24219,1,298.1,308.7,165.5619328441821,47.4,51,0,0,0,0,0,0
9361,L56540,0,298.0,308.6,160.43066484331877,42.6,54,0,0,0,0,0,0
9362,L56541,0,298.0,308.6,168.59880574265222,33.1,56,0,0,0,0,0,0
9363,M24222,1,298.0,308.5,176.13862811126774,33.0,58,0,0,0,0,0,0
9364,L56543,0,297.9,308.5,159.0693080267632,34.3,61,0,0,0,0,0,0
9365,L56544,0,297.9,308.5,176.2433478663874,28.5,63,0,0,0,0,0,0
9366,M24225,1,298.0,308.6,131.31857292005336,55.8,65,0,0,0,0,0,0
9367,L56546,0,298.0,308.5,152.99556222982292,48.0,68,0,0,0,0,0,0
9368,L56547,0,297.9,308.5,154.14747953613917,45.1,70,0,0,0,0,0,0
9369,L56548,0,297.7,308.4,158.12683023068624,38.6,72,0,0,0,0,0,0
9370,M24229,1,297.7,308.3,162.00146117011366,36.8,74,0,0,0,0,0,0
9371,H38784,2,297.7,308.4,148.49261275967757,51.9,77,0,0,0,0,0,0
9372,L56551,0,297.7,308.4,134.98376434924143,51.3,82,0,0,0,0,0,0
9373,L56552,0,297.7,308.4,155.7182758629341,41.4,84,0,0,0,0,0,0
9374,L56553,0,297.7,308.5,152.15780418886564,45.5,86,0,0,0,0,0,0
9375,M24234,1,297.8,308.5,153.5191610054212,44.7,88,0,0,0,0,0,0
9376,H38789,2,297.7,308.4,134.87904459412178,49.5,91,0,0,0,0,0,0
9377,H38790,2,297.7,308.4,182.0029343979687,27.7,96,0,0,0,0,0,0
9378,H38791,2,297.7,308.3,155.8229956180537,41.0,101,0,0,0,0,0,0
9379,L56558,0,297.6,308.3,190.17107529730214,28.8,106,0,0,0,0,0,0
9380,L56559,0,297.5,308.2,148.59733251479722,48.5,108,0,0,0,0,0,0
9381,L56560,0,297.4,308.1,150.27284859671178,45.7,110,0,0,0,0,0,0
9382,M24241,1,297.5,308.1,154.98523757709646,42.4,112,0,0,0,0,0,0
9383,L56562,0,297.5,308.2,168.59880574265222,33.6,115,0,0,0,0,0,0
9384,H38797,2,297.5,308.1,162.10618092523333,38.2,117,0,0,0,0,0,0
9385,M24244,1,297.6,308.1,144.40854231001083,57.4,122,0,0,0,0,0,0
9386,M24245,1,297.5,308.1,199.70057301319116,23.5,125,0,0,0,0,0,0
9387,M24246,1,297.5,308.0,212.8952621582683,16.7,128,0,0,0,0,0,0
9388,H38801,2,297.4,307.9,145.56045961632708,52.0,131,0,0,0,0,0,0
9389,M24248,1,297.5,307.9,161.6873019047547,37.9,136,0,0,0,0,0,0
9390,L56569,0,297.6,308.0,131.737451940532,57.4,139,0,0,0,0,0,0
9391,M24250,1,297.5,308.0,163.36281798666923,39.0,141,0,0,0,0,0,0
9392,H38805,2,297.6,308.2,216.8746128528154,18.5,144,0,0,0,0,0,0
9393,L56572,0,297.6,308.1,150.4822881069511,46.3,149,0,0,0,0,0,0
9394,H38807,2,297.7,308.2,155.92771537317338,43.0,151,0,0,0,0,0,0
9395,L56574,0,297.7,308.2,139.69615332962613,53.0,156,0,0,0,0,0,0
9396,L56575,0,297.7,308.2,157.07963267948966,39.9,158,0,0,0,0,0,0
9397,L56576,0,297.8,308.3,156.87019316925034,47.3,160,0,0,0,0,0,0
9398,M24257,1,297.7,308.2,143.46606451393387,53.4,162,0,0,0,0,0,0
9399,H38812,2,297.7,308.2,159.80234631260083,40.1,165,0,0,0,0,0,0
9400,L56579,0,297.8,308.3,154.67107831173746,44.8,170,0,0,0,0,0,0
9401,L56580,0,297.7,308.2,151.42476590302803,43.9,172,0,0,0,0,0,0
9402,M24261,1,297.7,308.2,180.1179788058148,25.6,174,0,0,0,0,0,0
9403,L56582,0,297.7,308.1,181.58405537749005,30.7,177,0,0,0,0,0,0
9404,L56583,0,297.7,308.1,177.70942443806265,29.1,179,0,0,0,0,0,0
9405,L56584,0,297.7,308.2,210.17254852515717,19.3,181,0,0,0,0,0,0
9406,M24265,1,297.7,308.1,153.83332027078018,48.8,183,0,0,0,0,0,0
9407,M24266,1,297.7,308.1,229.23154395693524,15.6,186,0,0,0,0,0,0
9408,L56587,0,297.8,308.3,150.27284859671178,50.1,189,0,0,0,0,0,0
9409,H38822,2,297.9,308.4,171.42623913088303,34.5,191,0,0,0,0,0,0
9410,L56589,0,298.0,308.5,174.25367251911388,28.3,196,0,0,0,0,0,0
9411,M24270,1,298.0,308.5,174.46311202935317,31.0,198,0,0,0,0,0,0
9412,L56591,0,298.0,308.5,147.02653618800232,46.6,201,0,0,0,0,0,0
9413,L56592,0,298.0,308.5,178.23302321366094,26.7,203,0,0,0,0,0,0
9414,L56593,0,298.1,308.6,150.6917276171904,44.9,205,0,0,0,0,0,0
9415,L56594,0,298.1,308.6,141.79054843201934,53.9,207,1,0,0,0,1,0
9416,M24275,1,298.2,308.7,142.52358671785697,44.2,0,0,0,0,0,0,0
9417,M24276,1,298.1,308.5,153.20500174006224,45.9,3,0,0,0,0,0,0
9418,H38831,2,298.1,308.4,158.65042900628455,43.8,6,0,0,0,0,0,0
9419,L56598,0,298.0,308.4,149.9586893313528,46.2,11,0,0,0,0,0,0
9420,L56599,0,298.0,308.4,200.11945203366983,22.0,13,0,0,0,0,0,0
9421,L56600,0,298.0,308.4,154.14747953613917,42.0,15,0,0,0,0,0,0
9422,M24281,1,298.1,308.5,144.7227015753698,54.5,17,0,0,0,0,0,0
9423,L56602,0,298.1,308.5,174.35839227423352,29.6,20,0,0,0,0,0,0
9424,L56603,0,298.1,308.5,175.51030958054977,30.5,22,0,0,0,0,0,0
9425,M24284,1,298.0,308.5,165.98081186466072,33.0,24,0,0,0,0,0,0
9426,M24285,1,298.1,308.6,148.17845349431857,46.3,27,0,0,0,0,0,0
9427,L56606,0,298.1,308.7,140.42919161546376,55.7,30,0,0,0,0,0,0
9428,L56607,0,298.2,308.8,161.26842288427605,34.8,32,0,0,0,0,0,0
9429,H38842,2,298.2,308.8,192.37019015481502,28.4,34,0,0,0,0,0,0
9430,L56609,0,298.2,308.8,156.87019316925034,36.0,39,0,0,0,0,0,0
9431,L56610,0,298.1,308.7,174.98671080495149,28.8,41,0,0,0,0,0,0
9432,L56611,0,298.0,308.6,149.7492498211135,57.0,43,0,0,0,0,0,0
9433,L56612,0,298.0,308.7,169.54128353872918,40.1,45,0,0,0,0,0,0
9434,M24293,1,298.0,308.7,149.7492498211135,51.9,47,0,0,0,0,0,0
9435,L56614,0,298.0,308.6,170.27432182456678,33.3,50,0,0,0,0,0,0
9436,L56615,0,298.0,308.7,151.11060663766906,49.3,52,0,0,0,0,0,0
9437,L56616,0,298.0,308.6,155.08995733221613,42.5,54,0,0,0,0,0,0
9438,M24297,1,298.1,308.7,159.90706606772045,43.0,56,0,0,0,0,0,0
9439,M24298,1,298.1,308.7,137.7064779823526,56.8,59,0,0,0,0,0,0
9440,M24299,1,298.1,308.8,150.06340908647243,48.2,62,0,0,0,0,0,0
9441,M24300,1,298.1,308.8,144.30382255489116,53.5,65,0,0,0,0,0,0
9442,L56621,0,298.1,308.8,149.9586893313528,43.4,68,0,0,0,0,0,0
9443,M24302,1,298.1,308.8,145.97933863680572,47.9,70,0,0,0,0,0,0
9444,H38857,2,298.0,308.8,147.75957447383993,53.8,73,0,0,0,0,0,0
9445,L56624,0,298.1,308.9,223.68139693559326,15.9,78,0,0,0,0,0,0
9446,M24305,1,298.2,309.0,151.42476590302803,45.8,80,0,0,0,0,0,0
9447,H38860,2,298.1,308.9,145.35102010608776,53.5,83,0,0,0,0,0,0
9448,M24307,1,298.1,308.9,138.54423602330985,51.7,88,0,0,0,0,0,0
9449,L56628,0,298.2,309.0,186.40116411299437,29.3,91,0,0,0,0,0,0
9450,M24309,1,298.1,308.8,150.1681288415921,41.8,93,0,0,0,0,0,0
9451,M24310,1,298.0,308.7,156.4513141487717,42.6,96,0,0,0,0,0,0
9452,H38865,2,298.0,308.7,160.8495438637974,39.6,99,0,0,0,0,0,0
9453,M24312,1,298.0,308.7,145.7698991265664,53.4,104,0,0,0,0,0,0
9454,H38867,2,298.2,309.0,142.4188669627373,56.8,107,0,0,0,0,0,0
9455,L56634,0,298.4,309.2,165.77137235442143,35.4,112,0,0,0,0,0,0
9456,L56635,0,298.5,309.2,207.65927440228532,20.2,114,0,0,0,0,0,0
9457,L56636,0,298.5,309.3,170.69320084504542,33.3,116,0,0,0,0,0,0
9458,M24317,1,298.5,309.3,177.1858256624643,26.7,118,0,0,0,0,0,0
9459,L56638,0,298.4,309.1,148.3878930045579,40.6,121,0,0,0,0,0,0
9460,L56639,0,298.4,309.1,165.35249333394276,36.1,123,0,0,0,0,0,0
9461,M24320,1,298.4,309.2,146.50293741240404,45.2,125,0,0,0,0,0,0
9462,M24321,1,298.4,309.2,148.0737337391989,46.4,128,0,0,0,0,0,0
9463,L56642,0,298.5,309.3,164.41001553786586,40.1,131,0,0,0,0,0,0
9464,M24323,1,298.5,309.3,162.52505994571194,36.8,133,0,0,0,0,0,0
9465,L56644,0,298.6,309.4,150.79644737231007,48.2,136,0,0,0,0,0,0
9466,M24325,1,298.6,309.4,152.89084247470328,43.8,138,0,0,0,0,0,0
9467,L56646,0,298.6,309.4,154.04275978101953,48.0,141,0,0,0,0,0,0
9468,L56647,0,298.6,309.3,178.23302321366094,27.6,143,0,0,0,0,0,0
9469,L56648,0,298.6,309.4,143.98966328953216,55.4,145,0,0,0,0,0,0
9470,L56649,0,298.6,309.4,177.81414419318227,33.2,147,0,0,0,0,0,0
9471,H38884,2,298.6,309.4,150.6917276171904,47.1,149,0,0,0,0,0,0
9472,M24331,1,298.6,309.4,185.77284558227643,27.5,154,0,0,0,0,0,0
9473,M24332,1,298.7,309.4,143.98966328953216,48.3,157,0,0,0,0,0,0
9474,L56653,0,298.7,309.5,151.42476590302803,40.0,160,0,0,0,0,0,0
9475,M24334,1,298.7,309.6,152.36724369910496,46.8,162,0,0,0,0,0,0
9476,L56655,0,298.8,309.6,159.48818704724184,41.9,165,0,0,0,0,0,0
9477,M24336,1,298.8,309.6,177.1858256624643,31.9,167,0,0,0,0,0,0
9478,M24337,1,298.8,309.6,177.29054541758398,33.3,170,0,0,0,0,0,0
9479,L56658,0,298.8,309.6,197.92033717615695,24.0,173,0,0,0,0,0,0
9480,H38893,2,298.9,309.6,167.55160819145564,33.5,175,0,0,0,0,0,0
9481,M24340,1,298.9,309.6,150.1681288415921,43.8,180,0,0,0,0,0,0
9482,L56661,0,298.9,309.6,142.94246573833559,50.9,183,0,0,0,0,0,0
9483,H38896,2,298.8,309.6,137.07815945163463,57.4,185,0,0,0,0,0,0
9484,H38897,2,298.9,309.6,161.89674141499398,35.3,190,0,0,0,0,0,0
9485,L56664,0,298.9,309.6,174.1489527639942,33.7,195,0,0,0,0,0,0
9486,L56665,0,298.9,309.6,166.3996908851394,34.2,197,0,0,0,0,0,0
9487,M24346,1,298.9,309.6,154.14747953613917,46.0,199,0,0,0,0,0,0
9488,L56667,0,298.9,309.6,165.77137235442143,39.8,202,0,0,0,0,0,0
9489,M24348,1,298.9,309.6,164.09585627250686,34.5,204,0,0,0,0,0,0
9490,L56669,0,298.9,309.7,147.3406954533613,41.9,207,0,0,0,0,0,0
9491,M24350,1,299.0,309.7,148.49261275967757,44.7,209,0,0,0,0,0,0
9492,M24351,1,299.0,309.7,155.92771537317338,40.7,212,0,0,0,0,0,0
9493,L56672,0,299.1,309.9,166.0855316197804,36.6,215,0,0,0,0,0,0
9494,L56673,0,299.1,309.8,146.39821765728436,55.4,217,1,0,0,0,1,0
9495,L56674,0,299.2,309.9,158.7551487614042,41.4,219,0,0,0,0,0,0
9496,H38909,2,299.3,310.0,143.78022377929287,44.8,221,0,0,0,0,0,0
9497,M24356,1,299.2,310.0,141.26694965642102,50.4,226,0,0,0,0,0,0
9498,H38911,2,299.1,309.9,151.11060663766906,40.3,0,0,0,0,0,0,0
9499,H38912,2,299.2,310.1,161.47786239451537,36.1,5,0,0,0,0,0,0
9500,L56679,0,299.2,310.1,160.6401043535581,37.7,10,0,0,0,0,0,0
9501,L56680,0,299.2,310.2,177.70942443806265,30.6,12,0,0,0,0,0,0
9502,L56681,0,299.3,310.3,146.18877814704504,47.4,14,0,0,0,0,0,0
9503,L56682,0,299.3,310.2,156.55603390389135,49.2,16,0,0,0,0,0,0
9504,M24363,1,299.2,310.3,162.42034019059233,44.8,18,0,0,0,0,0,0
9505,L56684,0,299.2,310.3,150.79644737231007,47.0,21,0,0,0,0,0,0
9506,L56685,0,299.2,310.3,149.64453006599382,40.1,23,0,0,0,0,0,0
9507,H38920,2,299.3,310.4,162.10618092523333,41.6,25,0,0,0,0,0,0
9508,L56687,0,299.3,310.5,157.60323145508795,38.8,30,0,0,0,0,0,0
9509,L56688,0,299.2,310.4,168.7035254977719,36.4,32,0,0,0,0,0,0
9510,M24369,1,299.2,310.4,157.28907218972896,39.8,34,0,0,0,0,0,0
9511,M24370,1,299.2,310.4,157.4985116999683,43.3,37,0,0,0,0,0,0
9512,L56691,0,299.1,310.3,151.73892516838703,40.7,40,0,0,0,0,0,0
9513,L56692,0,299.0,310.2,164.93361431346415,37.8,42,0,0,0,0,0,0
9514,M24373,1,299.0,310.2,167.3421686812163,33.4,44,0,0,0,0,0,0
9515,L56694,0,299.0,310.1,148.28317324943825,45.9,47,0,0,0,0,0,0
9516,L56695,0,299.0,310.2,176.13862811126774,28.8,49,0,0,0,0,0,0
9517,L56696,0,298.9,310.1,140.42919161546376,54.5,51,0,0,0,0,0,0
9518,L56697,0,298.9,310.1,159.48818704724184,39.1,53,0,0,0,0,0,0
9519,L56698,0,299.0,310.1,165.45721308906244,41.9,55,0,0,0,0,0,0
9520,L56699,0,299.0,310.1,160.32594508819912,36.0,57,0,0,0,0,0,0
9521,L56700,0,299.0,310.1,143.98966328953216,48.9,59,0,0,0,0,0,0
9522,M24381,1,298.9,310.1,155.4041165975751,40.4,61,0,0,0,0,0,0
9523,M24382,1,299.0,310.2,173.52063423327624,32.3,64,0,0,0,0,0,0
9524,L56703,0,299.0,310.2,156.4513141487717,40.6,67,0,0,0,0,0,0
9525,H38938,2,299.0,310.3,173.62535398839591,27.6,69,0,0,0,0,0,0
9526,L56705,0,299.1,310.3,147.75957447383993,42.1,74,0,0,0,0,0,0
9527,M24386,1,299.2,310.4,146.08405839192537,55.4,76,0,0,0,0,0,0
9528,L56707,0,299.1,310.4,162.31562043547265,43.9,79,0,0,0,0,0,0
9529,M24388,1,299.1,310.3,129.1194580625405,59.0,81,0,0,0,0,0,0
9530,L56709,0,299.1,310.3,152.7861227195836,46.7,84,0,0,0,0,0,0
9531,H38944,2,299.1,310.4,147.131255943122,53.6,86,0,0,0,0,0,0
9532,L56711,0,299.2,310.5,152.68140296446393,44.1,91,0,0,0,0,0,0
9533,L56712,0,299.2,310.5,144.93214108560912,48.7,93,0,0,0,0,0,0
9534,L56713,0,299.2,310.5,178.5471824790199,29.5,95,0,0,0,0,0,0
9535,L56714,0,299.3,310.6,151.11060663766906,45.7,97,0,0,0,0,0,0
9536,M24395,1,299.3,310.6,168.49408598753254,31.4,99,0,0,0,0,0,0
9537,L56716,0,299.3,310.5,190.3805148075415,26.0,102,0,0,0,0,0,0
9538,M24397,1,299.3,310.6,152.57668320934428,42.1,104,0,0,0,0,0,0
9539,L56718,0,299.3,310.6,154.98523757709646,45.1,107,0,0,0,0,0,0
9540,L56719,0,299.4,310.8,149.12093129039553,47.7,109,0,0,0,0,0,0
9541,M24400,1,299.4,310.8,170.4837613348061,40.2,111,0,0,0,0,0,0
9542,M24401,1,299.5,310.8,183.67845047988325,31.3,114,0,0,0,0,0,0
9543,L56722,0,299.6,310.9,179.6990997853362,28.5,117,0,0,0,0,0,0
9544,M24403,1,299.5,310.9,144.30382255489116,48.7,119,0,0,0,0,0,0
9545,L56724,0,299.6,311.0,178.8613417443789,31.0,122,0,0,0,0,0,0
9546,L56725,0,299.6,311.0,149.7492498211135,38.3,124,0,0,0,0,0,0
9547,M24406,1,299.7,311.2,163.36281798666923,43.9,126,0,0,0,0,0,0
9548,L56727,0,299.6,311.1,175.82446884590874,30.7,129,0,0,0,0,0,0
9549,L56728,0,299.6,311.1,159.2787475370025,37.2,131,0,0,0,0,0,0
9550,M24409,1,299.6,311.1,172.68287619231896,33.8,133,0,0,0,0,0,0
9551,M24410,1,299.5,311.0,151.94836467862632,43.3,136,0,0,0,0,0,0
9552,L56731,0,299.4,310.8,145.66517937144675,48.9,139,0,0,0,0,0,0
9553,M24412,1,299.3,310.8,159.48818704724184,40.9,141,0,0,0,0,0,0
9554,L56733,0,299.3,310.7,156.55603390389135,39.2,144,0,0,0,0,0,0
9555,M24414,1,299.3,310.7,150.79644737231007,45.5,146,0,0,0,0,0,0
9556,H38969,2,299.4,310.8,165.98081186466072,31.4,149,0,0,0,0,0,0
9557,L56736,0,299.5,310.8,143.8849435344125,48.3,154,0,0,0,0,0,0
9558,M24417,1,299.5,310.8,157.8126709653273,40.2,156,0,0,0,0,0,0
9559,M24418,1,299.5,310.9,165.14305382370344,34.6,159,0,0,0,0,0,0
9560,L56739,0,299.5,310.9,156.66075365901102,38.5,162,0,0,0,0,0,0
9561,L56740,0,299.6,310.9,155.7182758629341,42.5,164,0,0,0,0,0,0
9562,L56741,0,299.6,310.9,194.04570623672956,26.3,166,0,0,0,0,0,0
9563,M24422,1,299.7,311.0,150.27284859671178,50.1,168,0,0,0,0,0,0
9564,M24423,1,299.8,311.1,184.62092827596018,25.5,171,0,0,0,0,0,0
9565,L56744,0,299.8,311.1,190.58995431778078,24.9,174,0,0,0,0,0,0
9566,M24425,1,299.8,311.1,156.87019316925034,38.1,176,0,0,0,0,0,0
9567,L56746,0,299.8,311.1,167.8657674568146,35.1,179,0,0,0,0,0,0
9568,L56747,0,299.8,311.1,147.86429422895958,42.5,181,0,0,0,0,0,0
9569,L56748,0,299.8,311.1,166.29497113001972,38.0,183,0,0,0,0,0,0
9570,M24429,1,299.8,311.0,203.99408297309722,20.0,185,0,0,0,0,0,0
9571,L56750,0,299.7,310.9,144.93214108560912,48.2,188,0,0,0,0,0,0
9572,L56751,0,299.7,310.8,166.3996908851394,36.0,190,0,0,0,0,0,0
9573,M24432,1,299.7,310.8,147.131255943122,47.6,192,0,0,0,0,0,0
9574,L56753,0,299.7,310.9,156.1371548834127,40.1,195,0,0,0,0,0,0
9575,H38988,2,299.7,310.8,148.49261275967757,46.6,197,0,0,0,0,0,0
9576,M24435,1,299.6,310.8,167.8657674568146,35.4,202,0,0,0,0,0,0
9577,L56756,0,299.6,310.7,201.27136933998608,23.3,205,1,1,0,0,0,0
9578,M24437,1,299.5,310.7,142.8377459832159,49.5,0,0,0,0,0,0,0
9579,L56758,0,299.4,310.7,162.42034019059233,41.2,3,0,0,0,0,0,0
9580,L56759,0,299.5,310.7,166.3996908851394,33.5,5,0,0,0,0,0,0
9581,M24440,1,299.5,310.7,149.01621153527586,56.5,7,0,0,0,0,0,0
9582,L56761,0,299.4,310.6,148.49261275967757,53.1,10,0,0,0,0,0,0
9583,M24442,1,299.3,310.5,147.02653618800232,47.5,12,0,0,0,0,0,0
9584,L56763,0,299.3,310.5,134.14600630828417,59.8,15,0,0,0,0,0,0
9585,L56764,0,299.3,310.5,160.1165055779598,41.3,17,0,0,0,0,0,0
9586,M24445,1,299.3,310.5,163.67697725202822,42.1,19,0,0,0,0,0,0
9587,L56766,0,299.4,310.6,141.16222990130137,54.5,22,0,0,0,0,0,0
9588,M24447,1,299.3,310.5,153.1002819849426,40.5,24,0,0,0,0,0,0
9589,H39002,2,299.3,310.4,158.12683023068624,45.5,27,0,0,0,0,0,0
9590,L56769,0,299.2,310.4,154.14747953613917,43.3,32,0,0,0,0,0,0
9591,M24450,1,299.2,310.4,138.7536755335492,52.0,34,0,0,0,0,0,0
9592,L56771,0,299.2,310.4,164.41001553786586,37.3,37,0,0,0,0,0,0
9593,L56772,0,299.2,310.4,144.40854231001083,46.8,39,0,0,0,0,0,0
9594,L56773,0,299.1,310.2,141.58110892178001,52.8,41,0,0,0,0,0,0
9595,L56774,0,299.1,310.3,180.85101709165244,28.7,43,0,0,0,0,0,0
9596,H39009,2,299.0,310.1,149.9586893313528,50.0,45,0,0,0,0,0,0
9597,L56776,0,298.9,310.1,153.5191610054212,43.4,50,0,0,0,0,0,0
9598,L56777,0,298.9,310.1,158.12683023068624,38.0,52,0,0,0,0,0,0
9599,L56778,0,299.0,310.2,156.03243512829306,41.1,54,0,0,0,0,0,0
9600,L56779,0,299.0,310.1,153.20500174006224,37.4,56,0,0,0,0,0,0
9601,M24460,1,298.9,310.0,163.4675377417889,45.3,58,0,0,0,0,0,0
9602,L56781,0,298.9,310.1,220.85396354736247,18.0,61,0,0,0,0,0,0
9603,L56782,0,298.9,310.2,178.5471824790199,32.5,63,0,0,0,0,0,0
9604,M24463,1,298.9,310.1,162.21090068035298,40.2,65,0,0,0,0,0,0
9605,H39018,2,299.0,310.2,171.42623913088303,38.0,68,0,0,0,0,0,0
9606,M24465,1,298.9,310.1,155.4041165975751,37.9,73,0,0,0,0,0,0
9607,L56786,0,298.9,310.1,146.71237692264333,44.4,76,0,0,0,0,0,0
9608,L56787,0,298.9,310.1,164.51473529298548,36.8,78,0,0,0,0,0,0
9609,M24468,1,298.9,310.1,158.44098949604523,41.5,80,0,0,0,0,0,0
9610,L56789,0,299.0,310.1,153.93804002589985,40.3,83,0,0,0,0,0,0
9611,L56790,0,299.0,310.1,157.60323145508795,41.3,85,0,0,0,0,0,0
9612,L56791,0,299.0,310.2,149.9586893313528,42.2,87,0,0,0,0,0,0
9613,M24472,1,299.0,310.2,170.16960206944714,31.8,89,0,0,0,0,0,0
9614,L56793,0,299.0,310.2,144.1991027997715,62.5,92,1,0,0,1,0,0
9615,M24474,1,299.1,310.3,150.90116712742974,43.9,94,0,0,0,0,0,0
9616,M24475,1,299.0,310.2,163.7816970071479,39.9,97,0,0,0,0,0,0
9617,L56796,0,298.9,310.1,165.45721308906244,37.3,100,0,0,0,0,0,0
9618,L56797,0,299.0,310.2,158.7551487614042,35.3,102,0,0,0,0,0,0
9619,L56798,0,299.0,310.1,151.52948565814768,42.8,104,0,0,0,0,0,0
9620,M24479,1,298.9,310.0,138.54423602330985,52.9,106,0,0,0,0,0,0
9621,L56800,0,298.9,310.0,153.93804002589985,45.9,109,0,0,0,0,0,0
9622,M24481,1,299.0,310.0,214.57077824018288,19.5,111,0,0,0,0,0,0
9623,L56802,0,298.9,310.0,187.8672406846696,27.2,114,0,0,0,0,0,0
9624,L56803,0,298.9,310.1,141.99998794225863,47.8,116,0,0,0,0,0,0
9625,H39038,2,299.0,310.1,162.83921921107094,38.6,118,0,0,0,0,0,0
9626,M24485,1,299.0,310.1,155.7182758629341,47.5,123,0,0,0,0,0,0
9627,M24486,1,299.0,310.0,140.42919161546376,58.9,126,0,0,0,0,0,0
9628,M24487,1,298.9,310.0,155.7182758629341,36.6,129,0,0,0,0,0,0
9629,H39042,2,299.0,310.0,164.30529578274619,34.3,132,0,0,0,0,0,0
9630,H39043,2,299.0,310.1,214.9896572606615,19.7,137,0,0,0,0,0,0
9631,L56810,0,299.0,310.1,165.77137235442143,35.8,142,0,0,0,0,0,0
9632,L56811,0,299.0,310.0,175.09143056007116,33.2,144,0,0,0,0,0,0
9633,M24492,1,299.0,310.0,140.0103125949851,57.4,146,0,0,0,0,0,0
9634,H39047,2,299.1,310.1,148.80677202503654,41.2,149,0,0,0,0,0,0
9635,L56814,0,299.1,310.2,149.22565104551515,52.7,154,0,0,0,0,0,0
9636,L56815,0,299.2,310.2,168.49408598753254,33.2,156,0,0,0,0,0,0
9637,L56816,0,299.2,310.3,157.8126709653273,41.3,158,0,0,0,0,0,0
9638,L56817,0,299.2,310.3,153.20500174006224,38.9,160,0,0,0,0,0,0
9639,H39052,2,299.3,310.4,145.87461888168605,44.9,162,0,0,0,0,0,0
9640,L56819,0,299.3,310.4,180.6415775814131,26.8,167,0,0,0,0,0,0
9641,L56820,0,299.4,310.5,158.54570925116488,36.1,169,0,0,0,0,0,0
9642,L56821,0,299.3,310.4,142.94246573833559,53.9,171,0,0,0,0,0,0
9643,L56822,0,299.4,310.5,143.67550402417322,46.3,173,0,0,0,0,0,0
9644,L56823,0,299.4,310.4,158.0221104755666,40.6,175,0,0,0,0,0,0
9645,L56824,0,299.3,310.4,170.58848108992575,32.6,177,0,0,0,0,0,0
9646,L56825,0,299.4,310.5,183.15485170428494,28.1,179,0,0,0,0,0,0
9647,L56826,0,299.4,310.4,165.66665259930176,31.7,181,0,0,0,0,0,0
9648,L56827,0,299.2,310.2,152.68140296446393,47.0,183,0,0,0,0,0,0
9649,L56828,0,299.1,310.1,148.28317324943825,41.2,185,0,0,0,0,0,0
9650,H39063,2,299.1,310.0,173.52063423327624,33.1,187,0,0,0,0,0,0
9651,M24510,1,299.1,310.0,150.4822881069511,41.1,192,0,0,0,0,0,0
9652,M24511,1,299.1,310.0,165.45721308906244,36.0,195,0,0,0,0,0,0
9653,M24512,1,299.0,310.0,155.8229956180537,46.3,198,0,0,0,0,0,0
9654,L56833,0,299.0,309.9,143.78022377929287,55.7,201,1,0,0,0,1,0
9655,L56834,0,299.1,310.0,143.1519052485749,56.3,203,1,0,0,0,1,0
9656,H39069,2,299.1,310.0,149.8539695762331,49.5,205,0,0,0,0,0,0
9657,L56836,0,299.0,310.1,169.9601625592078,33.0,210,0,0,0,0,0,0
9658,L56837,0,299.0,310.0,155.4041165975751,39.6,212,0,0,0,0,0,0
9659,L56838,0,299.0,309.9,162.10618092523333,34.5,214,0,0,0,0,0,0
9660,L56839,0,298.9,309.8,134.77432483900213,61.9,216,1,0,0,0,1,0
9661,M24520,1,298.9,309.8,145.7698991265664,43.1,218,0,0,0,0,0,0
9662,H39075,2,299.0,310.0,152.68140296446393,44.9,221,0,0,0,0,0,0
9663,M24522,1,299.1,310.1,164.41001553786586,30.9,226,0,0,0,0,0,0
9664,L56843,0,299.1,310.1,150.27284859671178,48.8,229,1,0,0,0,1,0
9665,L56844,0,299.1,310.2,137.91591749259192,54.8,231,1,0,0,0,1,0
9666,L56845,0,299.2,310.3,168.59880574265222,33.3,233,0,0,0,0,0,0
9667,M24526,1,299.1,310.3,192.47490990993464,24.0,235,0,0,0,0,0,0
9668,L56847,0,299.2,310.3,141.58110892178001,48.9,238,1,0,0,0,1,0
9669,L56848,0,299.1,310.3,169.54128353872918,35.2,240,0,0,0,0,0,0
9670,L56849,0,299.1,310.3,169.54128353872918,31.1,242,0,0,0,0,0,0
9671,L56850,0,299.0,310.2,176.97638615222502,30.7,244,0,0,0,0,0,0
9672,L56851,0,299.0,310.2,147.86429422895958,44.1,246,0,0,0,0,0,0
9673,H39086,2,299.0,310.2,182.63125292868662,31.5,0,0,0,0,0,0,0
9674,M24533,1,299.0,310.1,166.818569905618,35.4,5,0,0,0,0,0,0
9675,L56854,0,299.1,310.2,177.4999849278233,29.6,8,0,0,0,0,0,0
9676,M24535,1,299.0,310.2,135.92624214531838,57.2,10,0,0,0,0,0,0
9677,L56856,0,299.0,310.1,197.50145815567834,21.2,13,0,0,0,0,0,0
9678,L56857,0,299.0,310.1,212.8952621582683,19.3,15,0,0,0,0,0,0
9679,M24538,1,299.1,310.2,179.17550100973784,28.1,17,0,0,0,0,0,0
9680,L56859,0,299.1,310.2,167.3421686812163,33.4,20,0,0,0,0,0,0
9681,L56860,0,299.1,310.1,198.33921619663562,24.2,22,0,0,0,0,0,0
9682,M24541,1,299.1,310.1,147.86429422895958,44.4,24,0,0,0,0,0,0
9683,L56862,0,299.1,310.0,145.97933863680572,46.6,27,0,0,0,0,0,0
9684,M24543,1,299.0,310.0,140.11503235010477,56.4,29,0,0,0,0,0,0
9685,H39098,2,298.9,309.9,144.09438304465183,51.0,32,0,0,0,0,0,0
9686,L56865,0,299.0,310.0,142.4188669627373,48.1,37,0,0,0,0,0,0
9687,L56866,0,299.1,310.1,155.61355610781442,40.7,39,0,0,0,0,0,0
9688,M24547,1,299.1,310.1,172.68287619231896,31.6,41,0,0,0,0,0,0
9689,L56868,0,299.1,310.1,143.1519052485749,45.6,44,0,0,0,0,0,0
9690,L56869,0,299.0,310.1,142.6283064729766,59.5,46,0,0,0,0,0,0
9691,M24550,1,298.9,310.0,159.17402778188284,35.6,48,0,0,0,0,0,0
9692,L56871,0,299.0,310.0,165.66665259930176,31.9,51,0,0,0,0,0,0
9693,M24552,1,299.0,310.0,174.56783178447282,30.0,53,0,0,0,0,0,0
9694,L56873,0,298.9,310.0,177.29054541758398,28.8,56,0,0,0,0,0,0
9695,L56874,0,298.9,310.0,163.25809823154958,33.4,58,0,0,0,0,0,0
9696,L56875,0,298.9,309.9,166.71385015049836,32.0,60,0,0,0,0,0,0
9697,L56876,0,298.9,309.9,147.02653618800232,39.8,62,0,0,0,0,0,0
9698,M24557,1,298.8,309.8,147.96901398407925,45.5,64,0,0,0,0,0,0
9699,L56878,0,298.8,309.8,174.1489527639942,28.2,67,0,0,0,0,0,0
9700,L56879,0,298.8,309.8,157.91739072044692,36.3,69,0,0,0,0,0,0
9701,M24560,1,298.9,309.8,141.68582867689966,53.7,71,0,0,0,0,0,0
9702,L56881,0,298.8,309.8,155.50883635269477,42.4,74,0,0,0,0,0,0
9703,L56882,0,298.9,310.0,171.00736011040442,31.2,76,0,0,0,0,0,0
9704,L56883,0,298.9,310.0,148.91149178015618,43.6,78,0,0,0,0,0,0
9705,L56884,0,298.9,310.1,165.14305382370344,41.4,80,0,0,0,0,0,0
9706,L56885,0,298.9,310.0,155.19467708733578,41.1,82,0,0,0,0,0,0
9707,M24566,1,299.0,310.1,178.5471824790199,30.1,84,0,0,0,0,0,0
9708,L56887,0,299.0,310.1,177.91886394830195,32.9,87,0,0,0,0,0,0
9709,L56888,0,299.0,310.1,174.25367251911388,29.7,89,0,0,0,0,0,0
9710,M24569,1,299.0,310.0,155.61355610781442,34.6,91,0,0,0,0,0,0
9711,L56890,0,299.1,310.1,139.90559283986545,61.3,94,0,0,0,0,0,0
9712,H39125,2,299.1,310.1,149.64453006599382,42.9,96,0,0,0,0,0,0
9713,M24572,1,299.1,310.2,152.47196345422464,48.4,101,0,0,0,0,0,0
9714,L56893,0,299.1,310.2,156.66075365901102,45.0,104,0,0,0,0,0,0
9715,L56894,0,299.1,310.1,198.33921619663562,20.1,106,0,0,0,0,0,0
9716,L56895,0,299.1,310.1,143.78022377929287,55.6,108,0,0,0,0,0,0
9717,H39130,2,299.0,310.0,145.24630035096808,45.2,110,0,0,0,0,0,0
9718,L56897,0,298.9,309.9,157.07963267948966,44.2,115,0,0,0,0,0,0
9719,L56898,0,298.9,309.9,158.85986851652387,36.6,117,0,0,0,0,0,0
9720,L56899,0,298.9,309.9,137.07815945163463,56.2,119,0,0,0,0,0,0
9721,M24580,1,298.9,309.9,142.1047076973783,54.5,121,0,0,0,0,0,0
9722,L56901,0,298.8,309.8,156.03243512829306,40.6,124,0,0,0,0,0,0
9723,H39136,2,298.8,309.8,200.11945203366983,21.6,126,0,0,0,0,0,0
9724,L56903,0,298.8,309.8,167.44688843633597,33.6,131,0,0,0,0,0,0
9725,M24584,1,298.8,309.7,219.7020462410462,19.0,133,0,0,0,0,0,0
9726,M24585,1,298.7,309.7,170.58848108992575,27.9,136,0,0,0,0,0,0
9727,L56906,0,298.8,309.8,163.04865872131026,37.2,139,0,0,0,0,0,0
9728,L56907,0,298.8,309.8,152.99556222982292,39.4,141,0,0,0,0,0,0
9729,L56908,0,298.8,309.8,163.67697725202822,33.7,143,0,0,0,0,0,0
9730,L56909,0,298.7,309.8,177.4999849278233,29.0,145,0,0,0,0,0,0
9731,L56910,0,298.8,310.0,160.01178582284012,36.7,147,0,0,0,0,0,0
9732,L56911,0,298.8,310.0,145.4557398612074,49.6,149,0,0,0,0,0,0
9733,L56912,0,298.9,310.0,233.62977367196095,17.4,151,0,0,0,0,0,0
9734,M24593,1,298.9,310.1,151.0058868825494,42.9,153,0,0,0,0,0,0
9735,H39148,2,298.9,310.1,152.68140296446393,44.3,156,0,0,0,0,0,0
9736,L56915,0,299.0,310.1,151.21532639278868,47.7,161,0,0,0,0,0,0
9737,M24596,1,298.9,310.0,141.16222990130137,58.2,163,0,0,0,0,0,0
9738,L56917,0,298.9,310.0,187.55308141931064,27.6,166,0,0,0,0,0,0
9739,L56918,0,299.0,310.0,158.0221104755666,38.0,168,0,0,0,0,0,0
9740,L56919,0,298.9,310.0,158.65042900628455,42.9,170,0,0,0,0,0,0
9741,M24600,1,298.9,310.1,173.31119472303692,31.5,172,0,0,0,0,0,0
9742,L56921,0,298.9,310.1,156.55603390389135,42.9,175,0,0,0,0,0,0
9743,L56922,0,298.9,310.2,169.9601625592078,37.2,177,0,0,0,0,0,0
9744,L56923,0,298.9,310.2,163.57225749690858,42.5,179,0,0,0,0,0,0
9745,L56924,0,298.8,310.1,164.82889455834447,36.2,181,0,0,0,0,0,0
9746,L56925,0,298.8,310.0,168.7035254977719,32.4,183,0,0,0,0,0,0
9747,L56926,0,298.8,310.0,146.92181643288265,45.6,185,0,0,0,0,0,0
9748,L56927,0,298.8,310.1,155.08995733221613,47.4,187,0,0,0,0,0,0
9749,M24608,1,298.9,310.1,150.90116712742974,41.2,189,0,0,0,0,0,0
9750,H39163,2,298.8,310.1,155.29939684245542,45.4,192,0,0,0,0,0,0
9751,L56930,0,298.7,310.0,162.83921921107094,32.6,197,0,0,0,0,0,0
9752,L56931,0,298.6,309.9,169.1224045182505,28.8,199,0,0,0,0,0,0
9753,L56932,0,298.6,309.8,163.4675377417889,32.6,201,0,0,0,0,0,0
9754,L56933,0,298.5,309.8,166.818569905618,35.1,203,0,0,0,0,0,0
9755,M24614,1,298.5,309.7,162.52505994571194,34.0,205,0,0,0,0,0,0
9756,H39169,2,298.5,309.7,163.4675377417889,35.3,208,0,0,0,0,0,0
9757,L56936,0,298.6,309.8,167.23744892609665,35.9,213,0,0,0,0,0,0
9758,M24617,1,298.6,309.9,158.85986851652387,34.0,215,0,0,0,0,0,0
9759,L56938,0,298.6,309.8,237.81856387674733,16.2,218,1,1,0,0,0,0
9760,L56939,0,298.5,309.7,168.9129650080112,36.7,0,0,0,0,0,0,0
9761,M24620,1,298.5,309.6,158.0221104755666,47.3,2,0,0,0,0,0,0
9762,L56941,0,298.6,309.7,178.3377429687806,26.1,5,0,0,0,0,0,0
9763,L56942,0,298.6,309.7,201.58552860534508,22.1,7,0,0,0,0,0,0
9764,M24623,1,298.6,309.6,171.2167996206437,29.7,9,0,0,0,0,0,0
9765,L56944,0,298.5,309.5,135.50736312483974,66.7,12,1,0,0,1,0,0
9766,L56945,0,298.6,309.6,154.14747953613917,39.1,14,0,0,0,0,0,0
9767,H39180,2,298.6,309.6,151.73892516838703,42.5,16,0,0,0,0,0,0
9768,L56947,0,298.6,309.6,163.67697725202822,35.0,21,0,0,0,0,0,0
9769,L56948,0,298.6,309.6,168.7035254977719,35.7,23,0,0,0,0,0,0
9770,L56949,0,298.6,309.6,145.14158059584844,48.6,25,0,0,0,0,0,0
9771,H39184,2,298.6,309.5,165.87609210954108,31.8,27,0,0,0,0,0,0
9772,M24631,1,298.7,309.6,149.12093129039553,50.4,32,0,0,0,0,0,0
9773,L56952,0,298.5,309.5,163.4675377417889,34.8,35,0,0,0,0,0,0
9774,L56953,0,298.5,309.4,163.36281798666923,37.9,37,0,0,0,0,0,0
9775,H39188,2,298.6,309.5,143.98966328953216,41.0,39,0,0,0,0,0,0
9776,M24635,1,298.6,309.5,176.34806762150706,27.8,44,0,0,0,0,0,0
9777,M24636,1,298.6,309.6,146.2934979021647,54.1,47,0,0,0,0,0,0
9778,L56957,0,298.6,309.6,145.24630035096808,57.6,50,0,0,0,0,0,0
9779,H39192,2,298.7,309.7,137.28759896187395,54.5,52,0,0,0,0,0,0
9780,L56959,0,298.8,309.8,158.0221104755666,36.2,57,0,0,0,0,0,0
9781,M24640,1,298.8,309.8,154.67107831173746,46.7,59,0,0,0,0,0,0
9782,L56961,0,298.8,309.9,150.90116712742974,41.6,62,0,0,0,0,0,0
9783,L56962,0,298.7,309.9,147.02653618800232,47.1,64,0,0,0,0,0,0
9784,H39197,2,298.8,309.9,153.5191610054212,44.6,66,0,0,0,0,0,0
9785,M24644,1,298.7,309.8,150.27284859671178,48.8,71,0,0,0,0,0,0
9786,H39199,2,298.7,309.7,177.70942443806265,29.8,74,0,0,0,0,0,0
9787,M24646,1,298.7,309.6,182.0029343979687,27.3,79,0,0,0,0,0,0
9788,H39201,2,298.6,309.5,148.70205226991686,50.4,82,0,0,0,0,0,0
9789,M24648,1,298.5,309.5,160.74482410867773,39.8,87,0,0,0,0,0,0
9790,L56969,0,298.6,309.6,179.5943800302165,28.4,90,0,0,0,0,0,0
9791,L56970,0,298.6,309.5,155.29939684245542,43.2,92,0,0,0,0,0,0
9792,M24651,1,298.5,309.4,159.2787475370025,37.5,94,0,0,0,0,0,0
9793,H39206,2,298.5,309.4,164.72417480322483,36.0,97,0,0,0,0,0,0
9794,H39207,2,298.5,309.4,148.0737337391989,46.7,102,0,0,0,0,0,0
9795,L56974,0,298.5,309.3,166.504410640259,33.9,107,0,0,0,0,0,0
9796,L56975,0,298.5,309.3,169.9601625592078,33.1,109,0,0,0,0,0,0
9797,H39210,2,298.4,309.3,177.39526517270366,30.9,111,0,0,0,0,0,0
9798,M24657,1,298.4,309.2,167.23744892609665,33.5,116,0,0,0,0,0,0
9799,L56978,0,298.5,309.3,154.04275978101953,44.7,119,0,0,0,0,0,0
9800,M24659,1,298.5,309.3,162.42034019059233,34.7,121,0,0,0,0,0,0
9801,H39214,2,298.5,309.3,148.80677202503654,50.3,124,0,0,0,0,0,0
9802,M24661,1,298.4,309.3,156.66075365901102,45.6,129,0,0,0,0,0,0
9803,H39216,2,298.4,309.3,207.76399415740497,19.2,132,0,0,0,0,0,0
9804,L56983,0,298.4,309.2,177.1858256624643,29.8,137,0,0,0,0,0,0
9805,L56984,0,298.4,309.1,153.62388076054089,42.5,139,0,0,0,0,0,0
9806,L56985,0,298.4,309.2,172.89231570255828,28.5,141,0,0,0,0,0,0
9807,L56986,0,298.3,309.1,148.3878930045579,60.5,143,0,0,0,0,0,0
9808,L56987,0,298.2,309.0,147.96901398407925,55.0,145,0,0,0,0,0,0
9809,M24668,1,298.2,309.0,150.90116712742974,44.2,147,0,0,0,0,0,0
9810,M24669,1,298.2,309.0,141.68582867689966,50.3,150,0,0,0,0,0,0
9811,L56990,0,298.1,309.0,157.28907218972896,40.9,153,0,0,0,0,0,0
9812,L56991,0,298.2,309.0,168.59880574265222,31.7,155,0,0,0,0,0,0
9813,M24672,1,298.2,309.1,147.75957447383993,45.8,157,0,0,0,0,0,0
9814,L56993,0,298.3,309.1,145.24630035096808,52.3,160,0,0,0,0,0,0
9815,H39228,2,298.3,309.1,149.7492498211135,40.9,162,0,0,0,0,0,0
9816,M24675,1,298.4,309.1,165.0383340685838,38.8,167,0,0,0,0,0,0
9817,M24676,1,298.5,309.2,180.22269856093448,29.4,170,0,0,0,0,0,0
9818,M24677,1,298.5,309.3,153.41444125030156,42.4,173,0,0,0,0,0,0
9819,M24678,1,298.6,309.4,147.3406954533613,45.1,176,0,0,0,0,0,0
9820,M24679,1,298.6,309.4,153.3097214951819,36.9,179,0,0,0,0,0,0
9821,M24680,1,298.6,309.5,164.2005760276265,36.7,182,0,0,0,0,0,0
9822,L57001,0,298.6,309.4,174.56783178447282,35.6,185,0,0,0,0,0,0
9823,L57002,0,298.5,309.4,142.4188669627373,60.9,187,1,0,0,0,1,0
9824,M24683,1,298.5,309.3,155.8229956180537,43.7,189,0,0,0,0,0,0
9825,L57004,0,298.4,309.3,157.4985116999683,39.3,192,0,0,0,0,0,0
9826,L57005,0,298.4,309.2,168.59880574265222,32.4,194,0,0,0,0,0,0
9827,L57006,0,298.4,309.2,140.84807063594238,52.7,196,0,0,0,0,0,0
9828,M24687,1,298.3,309.3,144.09438304465183,57.0,198,0,0,0,0,0,0
9829,L57008,0,298.4,309.4,145.0368608407288,50.0,201,0,0,0,0,0,0
9830,M24689,1,298.4,309.4,149.64453006599382,41.8,203,0,0,0,0,0,0
9831,L57010,0,298.3,309.3,140.0103125949851,56.1,206,1,0,0,0,1,0
9832,L57011,0,298.4,309.3,161.47786239451537,35.4,208,0,0,0,0,0,0
9833,L57012,0,298.4,309.2,221.7964413434394,17.7,210,0,0,0,0,0,0
9834,L57013,0,298.3,309.1,145.14158059584844,45.3,212,0,0,0,0,0,0
9835,M24694,1,298.3,309.1,170.90264035528475,32.7,0,0,0,0,0,0,0
9836,L57015,0,298.4,309.3,161.79202165987437,36.9,3,0,0,0,0,0,0
9837,M24696,1,298.4,309.3,145.56045961632708,53.6,5,0,0,0,0,0,0
9838,M24697,1,298.4,309.3,141.89526818713898,50.6,8,0,0,0,0,0,0
9839,L57018,0,298.4,309.2,149.22565104551515,45.5,11,0,0,0,0,0,0
9840,M24699,1,298.4,309.2,156.1371548834127,51.2,13,0,0,0,0,0,0
9841,H39254,2,298.3,309.2,155.61355610781442,42.4,16,0,0,0,0,0,0
9842,M24701,1,298.3,309.2,142.31414720761762,51.4,21,0,0,0,0,0,0
9843,L57022,0,298.4,309.3,146.08405839192537,47.6,24,0,0,0,0,0,0
9844,L57023,0,298.3,309.2,144.82742133048947,52.1,26,0,0,0,0,0,0
9845,H39258,2,298.3,309.1,155.4041165975751,37.0,28,0,0,0,0,0,0
9846,L57025,0,298.3,309.1,148.80677202503654,47.4,33,0,0,0,0,0,0
9847,L57026,0,298.3,309.0,140.21975210522444,58.8,35,0,0,0,0,0,0
9848,L57027,0,298.4,309.1,142.6283064729766,46.1,37,0,0,0,0,0,0
9849,H39262,2,298.5,309.2,164.2005760276265,40.6,39,0,0,0,0,0,0
9850,L57029,0,298.6,309.4,242.1120738366534,15.5,44,0,0,0,0,0,0
9851,M24710,1,298.5,309.3,156.87019316925034,34.6,46,0,0,0,0,0,0
9852,M24711,1,298.5,309.3,184.41148876572083,27.2,49,0,0,0,0,0,0
9853,L57032,0,298.6,309.4,137.81119773747227,51.4,52,0,0,0,0,0,0
9854,L57033,0,298.6,309.4,159.69762655748116,37.8,54,0,0,0,0,0,0
9855,H39268,2,298.6,309.4,142.6283064729766,45.3,56,0,0,0,0,0,0
9856,L57035,0,298.7,309.6,158.7551487614042,38.5,61,0,0,0,0,0,0
9857,L57036,0,298.6,309.5,151.84364492350664,44.2,63,0,0,0,0,0,0
9858,M24717,1,298.6,309.5,143.04718549345526,55.0,65,0,0,0,0,0,0
9859,L57038,0,298.5,309.5,162.00146117011366,33.1,68,0,0,0,0,0,0
9860,M24719,1,298.6,309.5,165.45721308906244,33.9,70,0,0,0,0,0,0
9861,H39274,2,298.7,309.6,183.78317023500287,26.9,73,0,0,0,0,0,0
9862,M24721,1,298.7,309.6,188.49555921538757,24.8,78,0,0,0,0,0,0
9863,M24722,1,298.8,309.7,150.6917276171904,45.8,81,0,0,0,0,0,0
9864,L57043,0,298.9,309.8,147.75957447383993,56.3,84,0,0,0,0,0,0
9865,M24724,1,298.9,309.9,172.26399717184032,31.4,86,0,0,0,0,0,0
9866,M24725,1,298.9,309.8,256.56340004316644,13.9,89,0,0,0,0,0,0
9867,L57046,0,299.0,309.9,170.69320084504542,34.0,92,0,0,0,0,0,0
9868,L57047,0,299.0,309.9,147.75957447383993,44.7,94,0,0,0,0,0,0
9869,L57048,0,298.9,309.9,159.80234631260083,35.4,96,0,0,0,0,0,0
9870,L57049,0,298.9,309.9,166.504410640259,31.3,98,0,0,0,0,0,0
9871,H39284,2,299.0,309.9,197.29201864543901,25.6,100,0,0,0,0,0,0
9872,M24731,1,298.9,309.8,203.88936321797758,21.7,105,0,0,0,0,0,0
9873,L57052,0,298.9,309.9,143.78022377929287,52.1,108,0,0,0,0,0,0
9874,L57053,0,298.9,309.8,169.22712427337018,36.5,110,0,0,0,0,0,0
9875,M24734,1,298.9,309.9,151.73892516838703,44.1,112,0,0,0,0,0,0
9876,M24735,1,298.9,309.8,142.73302622809626,50.6,115,0,0,0,0,0,0
9877,H39290,2,298.8,309.7,152.99556222982292,55.1,118,0,0,0,0,0,0
9878,L57057,0,298.8,309.7,143.8849435344125,58.6,123,0,0,0,0,0,0
9879,L57058,0,298.7,309.7,135.4026433697201,59.1,125,0,0,0,0,0,0
9880,M24739,1,298.8,309.8,156.03243512829306,38.6,127,0,0,0,0,0,0
9881,L57060,0,298.8,309.8,183.57373072476358,27.5,130,0,0,0,0,0,0
9882,L57061,0,298.8,309.8,156.34659439365205,38.5,132,0,0,0,0,0,0
9883,L57062,0,298.8,309.8,198.44393595175526,22.0,134,0,0,0,0,0,0
9884,H39297,2,298.7,309.6,173.20647496791725,34.3,136,0,0,0,0,0,0
9885,L57064,0,298.7,309.5,175.19615031519078,30.8,141,0,0,0,0,0,0
9886,L57065,0,298.8,309.6,168.9129650080112,27.7,143,0,0,0,0,0,0
9887,L57066,0,298.8,309.6,199.28169399271255,22.3,145,0,0,0,0,0,0
9888,L57067,0,298.8,309.5,143.25662500369455,44.7,147,0,0,0,0,0,0
9889,M24748,1,298.8,309.6,164.93361431346415,34.4,149,0,0,0,0,0,0
9890,H39303,2,298.8,309.6,158.7551487614042,40.2,152,0,0,0,0,0,0
9891,L57070,0,298.8,309.5,172.26399717184032,32.8,157,0,0,0,0,0,0
9892,L57071,0,298.8,309.5,143.8849435344125,48.1,159,0,0,0,0,0,0
9893,H39306,2,298.9,309.7,147.3406954533613,48.6,161,0,0,0,0,0,0
9894,M24753,1,298.9,309.6,134.46016557364314,55.3,166,0,0,0,0,0,0
9895,L57074,0,298.9,309.5,172.26399717184032,31.1,169,0,0,0,0,0,0
9896,L57075,0,298.8,309.4,145.24630035096808,54.1,171,0,0,0,0,0,0
9897,M24756,1,298.8,309.3,169.4365637836095,35.1,173,0,0,0,0,0,0
9898,L57077,0,298.8,309.3,142.1047076973783,47.1,176,0,0,0,0,0,0
9899,L57078,0,298.7,309.2,146.18877814704504,44.8,178,0,0,0,0,0,0
9900,L57079,0,298.7,309.2,166.0855316197804,31.4,180,0,0,0,0,0,0
9901,H39314,2,298.7,309.2,151.73892516838703,42.3,182,0,0,0,0,0,0
9902,M24761,1,298.7,309.2,149.01621153527586,48.9,187,0,0,0,0,0,0
9903,H39316,2,298.7,309.3,146.817096677763,45.3,190,0,0,0,0,0,0
9904,M24763,1,298.7,309.2,150.4822881069511,45.7,195,0,0,0,0,0,0
9905,L57084,0,298.6,309.1,160.95426361891708,35.7,198,0,0,0,0,0,0
9906,M24765,1,298.7,309.1,149.01621153527586,49.5,200,0,0,0,0,0,0
9907,M24766,1,298.6,309.1,166.19025137490004,37.3,203,0,0,0,0,0,0
9908,M24767,1,298.6,309.1,155.7182758629341,43.2,206,0,0,0,0,0,0
9909,L57088,0,298.6,309.0,152.47196345422464,47.7,0,0,0,0,0,0,0
9910,L57089,0,298.7,309.1,168.28464647729325,32.7,2,0,0,0,0,0,0
9911,L57090,0,298.6,309.0,153.83332027078018,46.0,4,0,0,0,0,0,0
9912,M24771,1,298.6,309.0,155.08995733221613,40.8,6,0,0,0,0,0,0
9913,L57092,0,298.6,308.9,138.96311504378852,58.8,9,0,0,0,0,0,0
9914,L57093,0,298.5,308.8,166.3996908851394,30.6,11,0,0,0,0,0,0
9915,L57094,0,298.5,308.8,174.8819910498318,29.6,13,0,0,0,0,0,0
9916,M24775,1,298.5,308.7,174.04423300887453,28.3,15,0,0,0,0,0,0
9917,M24776,1,298.5,308.8,162.62977970083162,34.9,18,0,0,0,0,0,0
9918,M24777,1,298.5,308.8,163.04865872131026,36.0,21,0,0,0,0,0,0
9919,L57098,0,298.4,308.8,141.58110892178001,56.7,24,0,0,0,0,0,0
9920,L57099,0,298.5,308.8,136.659280431156,58.7,26,0,0,0,0,0,0
9921,H39334,2,298.5,308.7,151.84364492350664,43.9,28,0,0,0,0,0,0
9922,M24781,1,298.5,308.7,141.05751014618173,48.5,33,0,0,0,0,0,0
9923,H39336,2,298.6,308.8,163.9911365173872,39.1,36,0,0,0,0,0,0
9924,M24783,1,298.5,308.7,169.1224045182505,33.3,41,0,0,0,0,0,0
9925,M24784,1,298.5,308.6,144.93214108560912,54.4,44,0,0,0,0,0,0
9926,M24785,1,298.5,308.7,143.1519052485749,47.3,47,0,0,0,0,0,0
9927,M24786,1,298.5,308.6,198.65337546199459,20.2,50,0,0,0,0,0,0
9928,L57107,0,298.5,308.6,159.38346729212216,36.9,53,0,0,0,0,0,0
9929,M24788,1,298.4,308.5,165.0383340685838,27.4,55,0,0,0,0,0,0
9930,H39343,2,298.4,308.4,154.8805178219768,39.2,58,0,0,0,0,0,0
9931,L57110,0,298.3,308.3,152.053084433746,45.5,63,0,0,0,0,0,0
9932,L57111,0,298.3,308.3,149.9586893313528,46.9,65,0,0,0,0,0,0
9933,L57112,0,298.3,308.2,174.1489527639942,28.4,67,0,0,0,0,0,0
9934,L57113,0,298.3,308.3,167.23744892609665,32.4,69,0,0,0,0,0,0
9935,L57114,0,298.3,308.2,154.14747953613917,44.3,71,0,0,0,0,0,0
9936,L57115,0,298.4,308.3,152.053084433746,48.5,73,0,0,0,0,0,0
9937,H39350,2,298.3,308.2,160.6401043535581,33.2,75,0,0,0,0,0,0
9938,L57117,0,298.3,308.1,157.60323145508795,46.1,80,0,0,0,0,0,0
9939,L57118,0,298.3,308.1,160.01178582284012,33.9,82,0,0,0,0,0,0
9940,H39353,2,298.3,308.1,276.0412744954231,12.8,84,0,0,0,0,0,0
9941,M24800,1,298.3,308.1,180.32741831605412,28.6,89,0,0,0,0,0,0
9942,L57121,0,298.4,308.1,146.08405839192537,44.0,92,0,0,0,0,0,0
9943,L57122,0,298.4,308.1,143.98966328953216,50.8,94,0,0,0,0,0,0
9944,M24803,1,298.3,308.0,184.93508754131915,26.0,96,0,0,0,0,0,0
9945,L57124,0,298.3,307.9,146.50293741240404,47.8,99,0,0,0,0,0,0
9946,L57125,0,298.3,308.0,165.24777357882311,37.8,101,0,0,0,0,0,0
9947,L57126,0,298.3,307.9,157.28907218972896,42.0,103,0,0,0,0,0,0
9948,M24807,1,298.2,307.9,160.1165055779598,36.6,105,0,0,0,0,0,0
9949,L57128,0,298.2,307.8,188.91443823586624,25.1,108,0,0,0,0,0,0
9950,M24809,1,298.2,307.8,147.75957447383993,53.4,110,0,0,0,0,0,0
9951,L57130,0,298.1,307.8,147.96901398407925,54.1,113,0,0,0,0,0,0
9952,L57131,0,298.2,307.8,141.89526818713898,59.4,115,0,0,0,0,0,0
9953,L57132,0,298.2,307.8,149.64453006599382,46.9,117,0,0,0,0,0,0
9954,L57133,0,298.1,307.8,163.88641676226752,35.3,119,0,0,0,0,0,0
9955,M24814,1,298.1,307.9,151.42476590302803,42.8,121,0,0,0,0,0,0
9956,M24815,1,298.2,307.9,153.1002819849426,38.8,124,0,0,0,0,0,0
9957,M24816,1,298.2,307.8,165.24777357882311,34.5,127,0,0,0,0,0,0
9958,L57137,0,298.1,307.8,168.1799267221736,33.0,130,0,0,0,0,0,0
9959,M24818,1,298.1,307.8,159.69762655748116,35.9,132,0,0,0,0,0,0
9960,L57139,0,298.1,307.8,144.40854231001083,49.1,135,0,0,0,0,0,0
9961,L57140,0,298.2,307.8,164.93361431346415,35.0,137,0,0,0,0,0,0
9962,L57141,0,298.2,307.9,146.50293741240404,54.9,139,0,0,0,0,0,0
9963,L57142,0,298.2,307.9,149.64453006599382,49.4,141,0,0,0,0,0,0
9964,L57143,0,298.3,307.9,150.27284859671178,39.9,143,0,0,0,0,0,0
9965,L57144,0,298.3,307.9,184.93508754131915,26.5,145,0,0,0,0,0,0
9966,L57145,0,298.3,307.9,178.3377429687806,28.9,147,0,0,0,0,0,0
9967,L57146,0,298.3,307.9,157.8126709653273,41.2,149,0,0,0,0,0,0
9968,M24827,1,298.3,307.9,168.49408598753254,32.4,151,0,0,0,0,0,0
9969,L57148,0,298.4,308.0,168.07520696705393,32.4,154,0,0,0,0,0,0
9970,L57149,0,298.4,308.1,156.1371548834127,50.0,156,0,0,0,0,0,0
9971,H39384,2,298.4,308.1,198.02505693127662,24.7,158,0,0,0,0,0,0
9972,H39385,2,298.5,308.2,163.67697725202822,44.6,163,0,0,0,0,0,0
9973,L57152,0,298.6,308.2,145.56045961632708,51.4,168,0,0,0,0,0,0
9974,L57153,0,298.5,308.2,151.21532639278868,40.5,170,0,0,0,0,0,0
9975,L57154,0,298.6,308.2,142.52358671785697,68.2,172,1,0,0,1,1,0
9976,M24835,1,298.6,308.3,166.3996908851394,34.1,174,0,0,0,0,0,0
9977,L57156,0,298.6,308.2,178.5471824790199,26.3,177,0,0,0,0,0,0
9978,L57157,0,298.6,308.3,148.91149178015618,40.4,179,0,0,0,0,0,0
9979,H39392,2,298.6,308.3,144.1991027997715,52.1,181,0,0,0,0,0,0
9980,L57159,0,298.5,308.3,139.69615332962613,49.8,186,0,0,0,0,0,0
9981,L57160,0,298.6,308.4,163.25809823154958,36.6,188,0,0,0,0,0,0
9982,L57161,0,298.7,308.5,141.68582867689966,47.0,190,0,0,0,0,0,0
9983,M24842,1,298.7,308.4,157.8126709653273,45.7,192,0,0,0,0,0,0
9984,L57163,0,298.7,308.4,177.39526517270366,28.7,195,0,0,0,0,0,0
9985,H39398,2,298.7,308.4,149.9586893313528,42.8,197,0,0,0,0,0,0
9986,H39399,2,298.7,308.5,164.61945504810515,35.6,202,0,0,0,0,0,0
9987,M24846,1,298.8,308.6,157.8126709653273,42.3,207,0,0,0,0,0,0
9988,M24847,1,298.8,308.6,157.07963267948966,37.1,210,0,0,0,0,0,0
9989,L57168,0,298.9,308.6,185.45868631691746,24.1,213,0,0,0,0,0,0
9990,M24849,1,298.8,308.5,165.14305382370344,33.2,0,0,0,0,0,0,0
9991,L57170,0,298.8,308.5,159.90706606772045,36.2,3,0,0,0,0,0,0
9992,M24851,1,298.9,308.4,191.3229926036184,26.1,5,0,0,0,0,0,0
9993,L57172,0,298.8,308.4,155.4041165975751,39.2,8,0,0,0,0,0,0
9994,L57173,0,298.8,308.4,146.71237692264333,47.3,10,0,0,0,0,0,0
9995,L57174,0,298.8,308.3,171.11207986552404,27.9,12,0,0,0,0,0,0
9996,M24855,1,298.8,308.4,167.97048721193426,29.5,14,0,0,0,0,0,0
9997,H39410,2,298.9,308.4,170.90264035528475,31.8,17,0,0,0,0,0,0
9998,M24857,1,299.0,308.6,172.26399717184032,33.4,22,0,0,0,0,0,0
9999,H39412,2,299.0,308.7,147.44541520848094,48.5,25,0,0,0,0,0,0
10000,M24859,1,299.0,308.7,157.07963267948966,40.2,30,0,0,0,0,0,0
