UDI,Product ID,Type,Air temperature [K],Process temperature [K],Rotational speed [rpm],Torque [Nm],Tool wear [min],Machine failure,TWF,HDF,PWF,OSF,RNF
1,M14860,1,298.1,308.6,1551,42.8,0,0,0,0,0,0,0
2,L47181,0,298.2,308.7,1408,46.3,3,0,0,0,0,0,0
3,L47182,0,298.1,308.5,1498,49.4,5,0,0,0,0,0,0
4,L47183,0,298.2,308.6,1433,39.5,7,0,0,0,0,0,0
5,L47184,0,298.2,308.7,1408,40.0,9,0,0,0,0,0,0
6,M14865,1,298.1,308.6,1425,41.9,11,0,0,0,0,0,0
7,L47186,0,298.1,308.6,1558,42.4,14,0,0,0,0,0,0
8,L47187,0,298.1,308.6,1527,40.2,16,0,0,0,0,0,0
9,M14868,1,298.3,308.7,1667,28.6,18,0,0,0,0,0,0
10,M14869,1,298.5,309.0,1741,28.0,21,0,0,0,0,0,0
11,H29424,2,298.4,308.9,1782,23.9,24,0,0,0,0,0,0
12,H29425,2,298.6,309.1,1423,44.3,29,0,0,0,0,0,0
13,M14872,1,298.6,309.1,1339,51.1,34,0,0,0,0,0,0
14,M14873,1,298.6,309.2,1742,30.0,37,0,0,0,0,0,0
15,L47194,0,298.6,309.2,2035,19.6,40,0,0,0,0,0,0
16,L47195,0,298.6,309.2,1542,48.4,42,0,0,0,0,0,0
17,M14876,1,298.6,309.2,1311,46.6,44,0,0,0,0,0,0
18,M14877,1,298.7,309.2,1410,45.6,47,0,0,0,0,0,0
19,H29432,2,298.8,309.2,1306,54.5,50,0,0,0,0,0,0
20,M14879,1,298.9,309.3,1632,32.5,55,0,0,0,0,0,0
21,H29434,2,298.9,309.3,1375,42.7,58,0,0,0,0,0,0
22,L47201,0,298.8,309.3,1450,44.8,63,0,0,0,0,0,0
23,M14882,1,298.9,309.3,1581,30.7,65,0,0,0,0,0,0
24,L47203,0,299.0,309.4,1758,25.7,68,0,0,0,0,0,0
25,M14884,1,299.0,309.4,1561,37.3,70,0,0,0,0,0,0
26,L47205,0,299.0,309.5,1861,23.3,73,0,0,0,0,0,0
27,L47206,0,299.1,309.5,1512,39.0,75,0,0,0,0,0,0
28,H29441,2,299.1,309.4,1811,24.6,77,0,0,0,0,0,0
29,L47208,0,299.1,309.4,1439,44.2,82,0,0,0,0,0,0
30,L47209,0,299.0,309.4,1693,30.1,84,0,0,0,0,0,0
31,M14890,1,299.1,309.5,1339,48.2,86,0,0,0,0,0,0
32,L47211,0,299.0,309.4,1798,25.5,89,0,0,0,0,0,0
33,L47212,0,299.0,309.4,1419,48.3,91,0,0,0,0,0,0
34,L47213,0,298.9,309.3,1665,32.5,93,0,0,0,0,0,0
35,M14894,1,298.8,309.1,1559,34.7,95,0,0,0,0,0,0
36,M14895,1,298.8,309.2,1452,48.6,98,0,0,0,0,0,0
37,M14896,1,298.9,309.2,1581,36.7,101,0,0,0,0,0,0
38,L47217,0,298.8,309.1,1439,39.2,104,0,0,0,0,0,0
39,H29452,2,298.9,309.2,1379,50.7,106,0,0,0,0,0,0
40,L47219,0,298.8,309.1,1350,52.5,111,0,0,0,0,0,0
41,L47220,0,298.8,309.1,1362,45.4,113,0,0,0,0,0,0
42,L47221,0,298.8,309.1,1368,50.8,115,0,0,0,0,0,0
43,M14902,1,298.8,309.1,1368,49.1,117,0,0,0,0,0,0
44,H29457,2,298.8,309.2,1372,48.5,120,0,0,0,0,0,0
45,M14904,1,298.8,309.1,1472,47.5,125,0,0,0,0,0,0
46,L47225,0,298.8,309.1,1489,49.1,128,0,0,0,0,0,0
47,M14906,1,298.7,309.0,1843,25.8,130,0,0,0,0,0,0
48,L47227,0,298.8,309.1,1418,46.3,133,0,0,0,0,0,0
49,H29462,2,298.8,309.2,1425,53.9,135,0,0,0,0,0,0
50,M14909,1,298.9,309.2,1412,44.1,140,0,0,0,0,0,0
51,L47230,0,298.9,309.1,2861,4.6,143,1,0,0,1,0,0
52,L47231,0,298.9,309.1,1383,54.9,145,0,0,0,0,0,0
53,H29466,2,298.8,309.0,1497,43.8,147,0,0,0,0,0,0
54,L47233,0,298.7,309.0,1565,35.1,152,0,0,0,0,0,0
55,L47234,0,298.7,309.0,1691,30.1,154,0,0,0,0,0,0
56,L47235,0,298.8,309.1,1512,40.7,156,0,0,0,0,0,0
57,L47236,0,298.8,309.1,1477,42.4,158,0,0,0,0,0,0
58,L47237,0,298.8,309.1,1513,40.3,160,0,0,0,0,0,0
59,M14918,1,298.8,309.0,1661,29.5,162,0,0,0,0,0,0
60,L47239,0,298.8,309.1,1378,54.4,165,0,0,0,0,0,0
61,L47240,0,298.8,309.1,1393,52.6,167,0,0,0,0,0,0
62,M14921,1,298.8,309.0,1592,38.2,169,0,0,0,0,0,0
63,L47242,0,298.8,309.0,1829,22.9,172,0,0,0,0,0,0
64,M14923,1,298.9,309.0,1812,25.9,174,0,0,0,0,0,0
65,L47244,0,299.0,309.1,1523,38.6,177,0,0,0,0,0,0
66,L47245,0,299.0,309.1,1394,45.1,179,0,0,0,0,0,0
67,M14926,1,298.9,308.9,1679,28.7,181,0,0,0,0,0,0
68,H29481,2,298.8,308.9,1466,44.1,184,0,0,0,0,0,0
69,L47248,0,298.8,308.9,1527,32.4,189,0,0,0,0,0,0
70,L47249,0,298.9,309.0,1410,65.7,191,1,0,0,1,1,0
71,M14930,1,298.9,309.0,1924,22.6,193,0,0,0,0,0,0
72,L47251,0,298.9,309.1,1452,45.5,196,0,0,0,0,0,0
73,L47252,0,298.9,309.1,1369,44.4,198,0,0,0,0,0,0
74,L47253,0,299.0,309.1,1592,35.0,200,0,0,0,0,0,0
75,L47254,0,298.9,309.0,1601,32.3,202,0,0,0,0,0,0
76,L47255,0,298.8,308.9,1379,46.7,204,0,0,0,0,0,0
77,L47256,0,298.8,308.9,1461,47.9,206,0,0,0,0,0,0
78,L47257,0,298.8,308.9,1455,41.3,208,1,1,0,0,0,0
79,L47258,0,298.8,308.9,1398,51.5,0,0,0,0,0,0,0
80,L47259,0,298.8,308.9,1402,37.9,2,0,0,0,0,0,0
81,H29494,2,298.8,308.8,1445,49.9,4,0,0,0,0,0,0
82,L47261,0,298.9,308.9,1450,47.5,9,0,0,0,0,0,0
83,L47262,0,298.9,308.9,1453,40.8,11,0,0,0,0,0,0
84,L47263,0,299.0,309.0,1469,40.1,13,0,0,0,0,0,0
85,L47264,0,298.9,308.9,1422,47.6,15,0,0,0,0,0,0
86,M14945,1,299.0,309.0,1804,26.8,17,0,0,0,0,0,0
87,H29500,2,299.0,309.0,1436,43.9,20,0,0,0,0,0,0
88,L47267,0,299.0,309.0,1544,31.8,25,0,0,0,0,0,0
89,M14948,1,299.0,309.0,1419,45.2,27,0,0,0,0,0,0
90,M14949,1,298.9,308.9,1487,39.5,30,0,0,0,0,0,0
91,L47270,0,298.9,308.9,1753,25.8,33,0,0,0,0,0,0
92,L47271,0,298.9,308.9,1830,24.9,35,0,0,0,0,0,0
93,M14952,1,298.9,308.9,1727,27.1,37,0,0,0,0,0,0
94,L47273,0,299.1,309.0,1450,43.0,40,0,0,0,0,0,0
95,L47274,0,299.0,308.9,1622,31.9,42,0,0,0,0,0,0
96,M14955,1,299.0,309.0,1351,52.2,44,0,0,0,0,0,0
97,M14956,1,299.0,309.0,1575,35.3,47,0,0,0,0,0,0
98,M14957,1,298.9,308.9,1750,29.9,50,0,0,0,0,0,0
99,L47278,0,298.9,308.8,1529,32.7,53,0,0,0,0,0,0
100,L47279,0,298.8,308.8,1523,44.4,55,0,0,0,0,0,0
101,L47280,0,298.8,308.9,1852,25.0,57,0,0,0,0,0,0
102,L47281,0,298.8,308.8,1991,20.7,59,0,0,0,0,0,0
103,L47282,0,298.8,308.8,1555,40.6,61,0,0,0,0,0,0
104,M14963,1,298.8,308.8,1441,40.5,63,0,0,0,0,0,0
105,L47284,0,298.8,308.7,1450,43.4,66,0,0,0,0,0,0
106,L47285,0,298.8,308.7,1591,31.1,68,0,0,0,0,0,0
107,L47286,0,298.8,308.7,1445,48.5,70,0,0,0,0,0,0
108,M14967,1,298.8,308.8,1497,46.8,72,0,0,0,0,0,0
109,H29522,2,298.9,308.8,1621,32.7,75,0,0,0,0,0,0
110,L47289,0,298.9,308.7,1572,34.1,80,0,0,0,0,0,0
111,L47290,0,298.8,308.6,1872,22.5,82,0,0,0,0,0,0
112,H29525,2,298.7,308.6,1499,43.5,84,0,0,0,0,0,0
113,M14972,1,298.8,308.7,1498,39.5,89,0,0,0,0,0,0
114,M14973,1,298.8,308.6,1486,41.9,92,0,0,0,0,0,0
115,L47294,0,298.8,308.6,1680,29.4,95,0,0,0,0,0,0
116,L47295,0,298.8,308.6,1431,45.7,97,0,0,0,0,0,0
117,L47296,0,298.9,308.7,1564,34.1,99,0,0,0,0,0,0
118,L47297,0,298.8,308.6,1599,33.0,101,0,0,0,0,0,0
119,M14978,1,298.8,308.6,1707,28.1,103,0,0,0,0,0,0
120,L47299,0,298.7,308.5,1467,40.7,106,0,0,0,0,0,0
121,L47300,0,298.9,308.7,1433,44.7,108,0,0,0,0,0,0
122,L47301,0,298.9,308.7,1558,41.2,110,0,0,0,0,0,0
123,L47302,0,299.0,308.8,1310,50.7,112,0,0,0,0,0,0
124,L47303,0,298.9,308.7,1546,43.4,114,0,0,0,0,0,0
125,L47304,0,298.9,308.7,1727,29.4,116,0,0,0,0,0,0
126,L47305,0,298.9,308.6,1560,32.2,118,0,0,0,0,0,0
127,L47306,0,299.0,308.6,1329,60.5,120,0,0,0,0,0,0
128,L47307,0,298.9,308.6,1413,46.5,122,0,0,0,0,0,0
129,L47308,0,299.0,308.6,1587,38.6,124,0,0,0,0,0,0
130,L47309,0,298.9,308.5,1559,34.3,126,0,0,0,0,0,0
131,L47310,0,298.8,308.4,1473,41.1,128,0,0,0,0,0,0
132,L47311,0,298.8,308.4,1737,27.7,130,0,0,0,0,0,0
133,M14992,1,298.7,308.4,1441,43.2,132,0,0,0,0,0,0
134,M14993,1,298.7,308.4,1430,49.6,135,0,0,0,0,0,0
135,L47314,0,298.8,308.4,1369,53.0,138,0,0,0,0,0,0
136,M14995,1,298.8,308.5,1711,28.5,140,0,0,0,0,0,0
137,H29550,2,298.7,308.5,1420,45.7,143,0,0,0,0,0,0
138,L47317,0,298.7,308.6,1297,55.3,148,0,0,0,0,0,0
139,H29552,2,298.8,308.6,1449,49.4,150,0,0,0,0,0,0
140,L47319,0,298.8,308.6,1268,55.8,155,0,0,0,0,0,0
141,L47320,0,298.8,308.6,1511,36.1,157,0,0,0,0,0,0
142,L47321,0,298.7,308.5,1544,35.2,159,0,0,0,0,0,0
143,M15002,1,298.6,308.4,1778,28.2,161,0,0,0,0,0,0
144,H29557,2,298.6,308.4,1407,50.5,164,0,0,0,0,0,0
145,M15004,1,298.6,308.4,1391,42.4,169,0,0,0,0,0,0
146,L47325,0,298.5,308.4,1513,33.6,172,0,0,0,0,0,0
147,H29560,2,298.5,308.4,1612,36.1,174,0,0,0,0,0,0
148,L47327,0,298.4,308.4,1515,40.1,179,0,0,0,0,0,0
149,M15008,1,298.3,308.3,1379,48.0,181,0,0,0,0,0,0
150,L47329,0,298.4,308.3,1473,39.9,184,0,0,0,0,0,0
151,L47330,0,298.4,308.3,1422,42.7,186,0,0,0,0,0,0
152,M15011,1,298.4,308.2,1463,37.6,188,0,0,0,0,0,0
153,M15012,1,298.4,308.2,1584,41.0,191,0,0,0,0,0,0
154,L47333,0,298.4,308.2,1850,27.0,194,0,0,0,0,0,0
155,L47334,0,298.4,308.2,1528,36.2,196,0,0,0,0,0,0
156,H29569,2,298.4,308.2,1987,19.8,198,0,0,0,0,0,0
157,M15016,1,298.4,308.1,1495,46.0,203,0,0,0,0,0,0
158,H29571,2,298.4,308.2,1478,43.5,206,0,0,0,0,0,0
159,M15018,1,298.4,308.2,1499,40.0,211,0,0,0,0,0,0
160,L47339,0,298.4,308.2,1471,47.0,214,0,0,0,0,0,0
161,L47340,0,298.4,308.2,1282,60.7,216,1,0,0,0,1,0
162,L47341,0,298.3,308.1,1412,52.3,218,1,0,0,0,1,0
163,L47342,0,298.3,308.1,1586,35.5,0,0,0,0,0,0,0
164,M15023,1,298.4,308.2,1468,43.8,2,0,0,0,0,0,0
165,M15024,1,298.5,308.3,1440,43.6,5,0,0,0,0,0,0
166,L47345,0,298.5,308.4,1733,26.0,8,0,0,0,0,0,0
167,H29580,2,298.4,308.2,1612,32.6,10,0,0,0,0,0,0
168,H29581,2,298.4,308.3,1458,42.9,15,0,0,0,0,0,0
169,L47348,0,298.4,308.3,1433,62.3,20,1,0,0,1,0,0
170,L47349,0,298.4,308.3,1318,59.1,22,0,0,0,0,0,0
171,M15030,1,298.4,308.2,1610,35.0,24,0,0,0,0,0,0
172,L47351,0,298.2,308.1,1462,50.8,27,0,0,0,0,0,0
173,M15032,1,298.1,308.0,1924,20.8,29,0,0,0,0,0,0
174,M15033,1,298.2,308.0,1591,33.7,32,0,0,0,0,0,0
175,L47354,0,298.2,308.1,1306,58.3,35,0,0,0,0,0,0
176,L47355,0,298.2,308.1,1382,43.5,37,0,0,0,0,0,0
177,L47356,0,298.2,308.1,1618,34.7,39,0,0,0,0,0,0
178,L47357,0,298.2,308.2,1988,21.4,41,0,0,0,0,0,0
179,L47358,0,298.2,308.2,1436,50.2,43,0,0,0,0,0,0
180,L47359,0,298.2,308.3,1304,49.8,45,0,0,0,0,0,0
181,L47360,0,298.2,308.3,1475,49.9,47,0,0,0,0,0,0
182,H29595,2,298.2,308.3,1824,24.2,49,0,0,0,0,0,0
183,M15042,1,298.1,308.2,1342,48.1,54,0,0,0,0,0,0
184,L47363,0,298.1,308.2,1485,40.7,57,0,0,0,0,0,0
185,L47364,0,298.2,308.2,1667,30.6,59,0,0,0,0,0,0
186,L47365,0,298.2,308.2,1446,38.2,61,0,0,0,0,0,0
187,L47366,0,298.1,308.3,1301,56.0,63,0,0,0,0,0,0
188,L47367,0,298.2,308.4,1379,43.1,65,0,0,0,0,0,0
189,L47368,0,298.3,308.5,1606,33.6,67,0,0,0,0,0,0
190,M15049,1,298.3,308.4,1539,43.4,69,0,0,0,0,0,0
191,L47370,0,298.2,308.4,1477,49.9,72,0,0,0,0,0,0
192,L47371,0,298.2,308.4,1666,34.6,74,0,0,0,0,0,0
193,H29606,2,298.2,308.4,1398,51.8,76,0,0,0,0,0,0
194,H29607,2,298.2,308.4,1678,34.6,81,0,0,0,0,0,0
195,M15054,1,298.2,308.5,2678,10.7,86,1,0,0,1,0,0
196,L47375,0,298.3,308.5,1453,42.9,89,0,0,0,0,0,0
197,H29610,2,298.3,308.6,1432,49.5,91,0,0,0,0,0,0
198,M15057,1,298.4,308.6,1527,40.9,96,0,0,0,0,0,0
199,L47378,0,298.4,308.7,1588,35.0,99,0,0,0,0,0,0
200,L47379,0,298.4,308.6,1433,47.1,101,0,0,0,0,0,0
201,L47380,0,298.4,308.6,1609,35.0,103,0,0,0,0,0,0
202,L47381,0,298.3,308.5,1575,41.2,105,0,0,0,0,0,0
203,M15062,1,298.4,308.5,1636,35.7,107,0,0,0,0,0,0
204,L47383,0,298.4,308.5,1490,37.9,110,0,0,0,0,0,0
205,L47384,0,298.4,308.5,1741,32.8,112,0,0,0,0,0,0
206,M15065,1,298.5,308.6,1344,53.0,114,0,0,0,0,0,0
207,L47386,0,298.5,308.7,1609,35.3,117,0,0,0,0,0,0
208,M15067,1,298.4,308.7,1421,60.7,119,1,0,0,1,0,0
209,L47388,0,298.4,308.6,1591,36.7,122,0,0,0,0,0,0
210,L47389,0,298.4,308.6,1477,44.0,124,0,0,0,0,0,0
211,L47390,0,298.4,308.7,1523,36.1,126,0,0,0,0,0,0
212,L47391,0,298.5,308.7,1575,33.9,128,0,0,0,0,0,0
213,H29626,2,298.4,308.7,1344,52.9,130,0,0,0,0,0,0
214,L47393,0,298.4,308.7,1386,44.9,135,0,0,0,0,0,0
215,M15074,1,298.3,308.6,1589,37.1,137,0,0,0,0,0,0
216,L47395,0,298.3,308.6,1548,40.3,140,0,0,0,0,0,0
217,L47396,0,298.3,308.6,1499,38.3,142,0,0,0,0,0,0
218,L47397,0,298.3,308.5,1664,31.6,144,0,0,0,0,0,0
219,L47398,0,298.3,308.6,1447,38.1,146,0,0,0,0,0,0
220,M15079,1,298.3,308.5,1434,46.2,148,0,0,0,0,0,0
221,L47400,0,298.3,308.5,1416,52.7,151,0,0,0,0,0,0
222,H29635,2,298.4,308.5,1827,24.3,153,0,0,0,0,0,0
223,L47402,0,298.4,308.6,1304,45.0,158,0,0,0,0,0,0
224,L47403,0,298.4,308.6,1569,34.4,160,0,0,0,0,0,0
225,L47404,0,298.3,308.6,1584,29.3,162,0,0,0,0,0,0
226,L47405,0,298.3,308.5,1362,53.8,164,0,0,0,0,0,0
227,L47406,0,298.3,308.4,1329,49.2,166,0,0,0,0,0,0
228,L47407,0,298.3,308.5,1539,36.1,168,0,0,0,0,0,0
229,M15088,1,298.3,308.5,1629,37.1,170,0,0,0,0,0,0
230,L47409,0,298.3,308.5,1538,32.2,173,0,0,0,0,0,0
231,L47410,0,298.3,308.6,1570,34.8,175,0,0,0,0,0,0
232,L47411,0,298.3,308.4,1408,43.1,177,0,0,0,0,0,0
233,L47412,0,298.2,308.4,1424,47.6,179,0,0,0,0,0,0
234,L47413,0,298.2,308.4,1512,34.9,181,0,0,0,0,0,0
235,L47414,0,298.2,308.4,1478,42.9,183,0,0,0,0,0,0
236,M15095,1,298.1,308.3,1680,33.7,185,0,0,0,0,0,0
237,L47416,0,298.1,308.3,1495,38.7,188,0,0,0,0,0,0
238,M15097,1,298.0,308.1,1552,36.6,190,0,0,0,0,0,0
239,L47418,0,297.9,308.1,1393,50.3,193,0,0,0,0,0,0
240,L47419,0,298.0,308.2,1611,30.6,195,0,0,0,0,0,0
241,M15100,1,298.0,308.1,1339,51.6,197,0,0,0,0,0,0
242,L47421,0,298.0,308.1,1777,24.3,200,0,0,0,0,0,0
243,L47422,0,298.0,308.2,1348,58.8,202,1,0,0,0,1,0
244,L47423,0,298.0,308.2,1442,44.1,204,0,0,0,0,0,0
245,M15104,1,298.0,308.2,1395,49.1,206,0,0,0,0,0,0
246,M15105,1,297.9,308.1,1627,31.4,209,0,0,0,0,0,0
247,L47426,0,297.9,308.1,1585,33.5,212,0,0,0,0,0,0
248,L47427,0,298.0,308.2,1469,45.5,214,0,0,0,0,0,0
249,L47428,0,298.0,308.3,1362,56.8,216,1,0,0,0,1,0
250,L47429,0,298.0,308.3,1405,56.2,218,1,0,0,0,1,0
251,L47430,0,298.0,308.3,1662,32.7,0,0,0,0,0,0,0
252,M15111,1,298.0,308.2,1466,42.6,2,0,0,0,0,0,0
253,L47432,0,298.0,308.2,1620,35.8,5,0,0,0,0,0,0
254,L47433,0,298.0,308.2,1357,48.2,7,0,0,0,0,0,0
255,L47434,0,298.0,308.2,1514,37.9,9,0,0,0,0,0,0
256,L47435,0,298.0,308.2,1489,40.4,11,0,0,0,0,0,0
257,L47436,0,298.1,308.3,1331,63.0,13,0,0,0,0,0,0
258,L47437,0,298.0,308.0,1615,29.5,15,0,0,0,0,0,0
259,L47438,0,298.1,308.2,1482,37.9,17,0,0,0,0,0,0
260,M15119,1,298.1,308.2,1420,63.9,19,1,0,0,1,0,0
261,M15120,1,298.2,308.3,1522,49.1,22,0,0,0,0,0,0
262,L47441,0,298.1,308.2,1654,32.1,25,0,0,0,0,0,0
263,M15122,1,298.1,308.2,1736,26.8,27,0,0,0,0,0,0
264,M15123,1,298.0,308.1,1587,32.3,30,0,0,0,0,0,0
265,L47444,0,298.1,308.2,1390,47.5,33,0,0,0,0,0,0
266,L47445,0,298.0,308.1,1454,37.1,35,0,0,0,0,0,0
267,H29680,2,298.0,308.1,1440,43.7,37,0,0,0,0,0,0
268,L47447,0,297.9,308.0,1954,21.1,42,0,0,0,0,0,0
269,H29682,2,297.9,308.0,1800,24.8,44,0,0,0,0,0,0
270,L47449,0,298.0,308.0,1524,37.0,49,0,0,0,0,0,0
271,H29684,2,298.0,308.0,1520,39.6,51,0,0,0,0,0,0
272,M15131,1,298.1,308.1,1452,40.8,56,0,0,0,0,0,0
273,L47452,0,298.1,308.1,1484,40.4,59,0,0,0,0,0,0
274,L47453,0,298.1,308.0,1426,46.0,61,0,0,0,0,0,0
275,L47454,0,298.1,308.0,1652,28.5,63,0,0,0,0,0,0
276,L47455,0,298.0,308.0,1401,54.7,65,0,0,0,0,0,0
277,M15136,1,298.0,307.9,1750,26.6,67,0,0,0,0,0,0
278,H29691,2,298.0,308.0,1479,50.7,70,0,0,0,0,0,0
279,M15138,1,298.0,308.0,1620,29.4,75,0,0,0,0,0,0
280,L47459,0,298.0,308.1,1819,23.4,78,0,0,0,0,0,0
281,M15140,1,298.1,308.1,1456,43.7,80,0,0,0,0,0,0
282,L47461,0,298.1,308.0,1626,36.5,83,0,0,0,0,0,0
283,M15142,1,298.1,308.1,1390,49.8,85,0,0,0,0,0,0
284,L47463,0,298.2,308.2,1469,43.0,88,0,0,0,0,0,0
285,L47464,0,298.2,308.3,2051,19.2,90,0,0,0,0,0,0
286,L47465,0,298.2,308.3,1568,36.0,92,0,0,0,0,0,0
287,L47466,0,298.2,308.3,1589,33.2,94,0,0,0,0,0,0
288,L47467,0,298.2,308.3,1805,31.6,96,0,0,0,0,0,0
289,H29702,2,298.2,308.4,1385,42.2,98,0,0,0,0,0,0
290,L47469,0,298.1,308.4,1436,46.7,103,0,0,0,0,0,0
291,L47470,0,298.1,308.4,1438,45.6,105,0,0,0,0,0,0
292,L47471,0,298.0,308.3,1473,42.6,107,0,0,0,0,0,0
293,L47472,0,298.1,308.4,1335,40.2,109,0,0,0,0,0,0
294,H29707,2,298.1,308.5,1392,44.8,111,0,0,0,0,0,0
295,M15154,1,298.1,308.5,1372,51.1,116,0,0,0,0,0,0
296,M15155,1,298.1,308.6,1716,30.7,119,0,0,0,0,0,0
297,L47476,0,298.0,308.5,1395,46.2,122,0,0,0,0,0,0
298,L47477,0,298.0,308.5,1713,25.3,124,0,0,0,0,0,0
299,H29712,2,297.9,308.5,2129,18.7,126,0,0,0,0,0,0
300,M15159,1,297.8,308.3,1567,35.6,131,0,0,0,0,0,0
301,L47480,0,297.8,308.4,1622,38.3,134,0,0,0,0,0,0
302,L47481,0,297.7,308.4,1740,27.1,136,0,0,0,0,0,0
303,H29716,2,297.8,308.4,1512,35.1,138,0,0,0,0,0,0
304,M15163,1,297.8,308.4,1479,43.5,143,0,0,0,0,0,0
305,L47484,0,297.8,308.4,1737,27.5,146,0,0,0,0,0,0
306,L47485,0,297.8,308.4,2129,19.2,148,0,0,0,0,0,0
307,L47486,0,297.8,308.4,1374,47.1,150,0,0,0,0,0,0
308,M15167,1,297.8,308.4,1579,36.6,152,0,0,0,0,0,0
309,L47488,0,297.9,308.5,1305,47.2,155,0,0,0,0,0,0
310,M15169,1,297.9,308.5,1449,40.8,157,0,0,0,0,0,0
311,H29724,2,298.0,308.6,1526,41.8,160,0,0,0,0,0,0
312,M15171,1,298.0,308.6,1453,44.1,165,0,0,0,0,0,0
313,L47492,0,297.9,308.6,1468,36.0,168,0,0,0,0,0,0
314,L47493,0,298.0,308.6,1313,50.8,170,0,0,0,0,0,0
315,M15174,1,297.9,308.5,1300,53.0,172,0,0,0,0,0,0
316,L47495,0,297.9,308.4,1646,40.6,175,0,0,0,0,0,0
317,L47496,0,297.8,308.4,1714,33.2,177,0,0,0,0,0,0
318,L47497,0,297.8,308.4,1685,28.4,179,0,0,0,0,0,0
319,L47498,0,297.8,308.4,1512,39.9,181,0,0,0,0,0,0
320,L47499,0,297.8,308.4,1612,32.1,183,0,0,0,0,0,0
321,H29734,2,297.8,308.4,1550,38.2,185,0,0,0,0,0,0
322,L47501,0,297.8,308.4,1518,32.5,190,0,0,0,0,0,0
323,L47502,0,297.8,308.5,1448,40.0,192,0,0,0,0,0,0
324,L47503,0,297.8,308.5,1561,46.3,194,0,0,0,0,0,0
325,M15184,1,297.8,308.5,1488,41.9,196,0,0,0,0,0,0
326,L47505,0,297.8,308.5,1699,27.8,199,0,0,0,0,0,0
327,L47506,0,297.7,308.5,1501,41.4,201,0,0,0,0,0,0
328,L47507,0,297.7,308.5,1373,56.7,203,1,0,0,0,1,0
329,H29742,2,297.6,308.4,1703,31.4,205,0,0,0,0,0,0
330,H29743,2,297.7,308.5,1720,29.9,210,0,0,0,0,0,0
331,M15190,1,297.6,308.4,1398,41.9,215,0,0,0,0,0,0
332,M15191,1,297.6,308.4,1391,51.9,218,0,0,0,0,0,0
333,M15192,1,297.6,308.3,1538,40.2,0,0,0,0,0,0,0
334,L47513,0,297.5,308.2,1647,31.3,3,0,0,0,0,0,0
335,M15194,1,297.5,308.1,1469,44.8,5,0,0,0,0,0,0
336,L47515,0,297.4,308.1,1749,25.9,8,0,0,0,0,0,0
337,M15196,1,297.6,308.2,1995,20.5,10,0,0,0,0,0,0
338,L47517,0,297.6,308.3,1742,27.7,13,0,0,0,0,0,0
339,L47518,0,297.5,308.2,1563,38.2,15,0,0,0,0,0,0
340,M15199,1,297.5,308.2,1713,32.2,17,0,0,0,0,0,0
341,L47520,0,297.4,308.1,1474,39.4,20,0,0,0,0,0,0
342,M15201,1,297.4,308.2,1530,32.6,22,0,0,0,0,0,0
343,L47522,0,297.4,308.2,1471,46.5,25,0,0,0,0,0,0
344,L47523,0,297.5,308.3,1388,48.6,27,0,0,0,0,0,0
345,M15204,1,297.5,308.2,2448,13.8,29,0,0,0,0,0,0
346,L47525,0,297.5,308.3,1585,32.9,32,0,0,0,0,0,0
347,M15206,1,297.5,308.3,1459,45.2,34,0,0,0,0,0,0
348,L47527,0,297.5,308.3,1544,40.8,37,0,0,0,0,0,0
349,L47528,0,297.6,308.3,1617,31.7,39,0,0,0,0,0,0
350,L47529,0,297.6,308.3,1595,34.3,41,0,0,0,0,0,0
351,H29764,2,297.6,308.3,1400,44.3,43,0,0,0,0,0,0
352,M15211,1,297.6,308.4,1611,31.0,48,0,0,0,0,0,0
353,M15212,1,297.6,308.4,1507,46.0,51,0,0,0,0,0,0
354,H29767,2,297.5,308.3,1674,30.0,54,0,0,0,0,0,0
355,L47534,0,297.6,308.3,1658,34.3,59,0,0,0,0,0,0
356,L47535,0,297.6,308.3,1623,36.9,61,0,0,0,0,0,0
357,M15216,1,297.6,308.4,1398,48.9,63,0,0,0,0,0,0
358,L47537,0,297.6,308.4,1517,34.2,66,0,0,0,0,0,0
359,M15218,1,297.6,308.3,1467,36.7,68,0,0,0,0,0,0
360,M15219,1,297.6,308.3,1567,34.6,71,0,0,0,0,0,0
361,M15220,1,297.5,308.3,1521,38.2,74,0,0,0,0,0,0
362,L47541,0,297.5,308.3,1596,36.8,77,0,0,0,0,0,0
363,H29776,2,297.6,308.3,1640,30.9,79,0,0,0,0,0,0
364,L47543,0,297.6,308.3,1438,47.8,84,0,0,0,0,0,0
365,L47544,0,297.6,308.4,1407,55.2,86,0,0,0,0,0,0
366,L47545,0,297.6,308.4,1353,57.5,88,0,0,0,0,0,0
367,M15226,1,297.6,308.5,1552,40.9,90,0,0,0,0,0,0
368,M15227,1,297.6,308.4,1569,38.3,93,0,0,0,0,0,0
369,L47548,0,297.5,308.4,1489,39.5,96,0,0,0,0,0,0
370,H29783,2,297.5,308.4,1587,36.1,98,0,0,0,0,0,0
371,M15230,1,297.5,308.3,1622,37.2,103,0,0,0,0,0,0
372,L47551,0,297.5,308.4,1604,38.1,106,0,0,0,0,0,0
373,M15232,1,297.4,308.3,1405,51.7,108,0,0,0,0,0,0
374,L47553,0,297.4,308.3,1412,42.0,111,0,0,0,0,0,0
375,L47554,0,297.4,308.3,1431,43.0,113,0,0,0,0,0,0
376,L47555,0,297.4,308.2,1533,37.4,115,0,0,0,0,0,0
377,M15236,1,297.4,308.2,1401,51.9,117,0,0,0,0,0,0
378,M15237,1,297.4,308.2,1424,53.9,120,0,0,0,0,0,0
379,L47558,0,297.3,308.2,1754,29.4,123,0,0,0,0,0,0
380,L47559,0,297.3,308.2,1754,26.8,125,0,0,0,0,0,0
381,L47560,0,297.5,308.3,2564,12.8,127,1,0,0,1,0,0
382,L47561,0,297.5,308.5,1546,40.4,129,0,0,0,0,0,0
383,L47562,0,297.5,308.5,1335,48.0,131,0,0,0,0,0,0
384,M15243,1,297.5,308.6,1842,27.0,133,0,0,0,0,0,0
385,L47564,0,297.5,308.5,1712,26.8,136,0,0,0,0,0,0
386,M15245,1,297.6,308.6,1414,45.4,138,0,0,0,0,0,0
387,L47566,0,297.6,308.7,1319,50.9,141,0,0,0,0,0,0
388,L47567,0,297.7,308.7,1249,60.4,143,0,0,0,0,0,0
389,L47568,0,297.6,308.7,1455,48.2,145,0,0,0,0,0,0
390,M15249,1,297.6,308.7,1408,54.8,147,0,0,0,0,0,0
391,L47570,0,297.6,308.7,1460,46.7,150,0,0,0,0,0,0
392,L47571,0,297.6,308.6,1491,38.1,152,0,0,0,0,0,0
393,M15252,1,297.6,308.5,1490,43.4,154,0,0,0,0,0,0
394,M15253,1,297.5,308.4,1350,52.2,157,0,0,0,0,0,0
395,L47574,0,297.5,308.4,1528,39.9,160,0,0,0,0,0,0
396,L47575,0,297.4,308.3,1571,37.7,162,0,0,0,0,0,0
397,L47576,0,297.4,308.3,1490,42.6,164,0,0,0,0,0,0
398,M15257,1,297.4,308.3,1774,28.9,166,0,0,0,0,0,0
399,H29812,2,297.4,308.3,1502,43.6,169,0,0,0,0,0,0
400,L47579,0,297.4,308.4,1392,49.7,174,0,0,0,0,0,0
401,L47580,0,297.4,308.5,2100,16.9,176,0,0,0,0,0,0
402,L47581,0,297.5,308.5,1722,30.4,178,0,0,0,0,0,0
403,L47582,0,297.4,308.6,1678,32.3,180,0,0,0,0,0,0
404,L47583,0,297.3,308.6,1273,59.8,182,0,0,0,0,0,0
405,L47584,0,297.3,308.6,1297,45.9,184,0,0,0,0,0,0
406,L47585,0,297.3,308.5,1350,57.6,186,0,0,0,0,0,0
407,L47586,0,297.4,308.6,1439,51.9,188,0,0,0,0,0,0
408,M15267,1,297.4,308.5,1600,42.1,190,0,0,0,0,0,0
409,M15268,1,297.4,308.6,1434,44.4,193,0,0,0,0,0,0
410,L47589,0,297.4,308.6,1459,41.3,196,0,0,0,0,0,0
411,M15270,1,297.5,308.6,1472,44.9,198,0,0,0,0,0,0
412,L47591,0,297.5,308.7,1429,44.3,201,0,0,0,0,0,0
413,L47592,0,297.5,308.6,1388,48.2,203,0,0,0,0,0,0
414,L47593,0,297.4,308.4,1573,34.5,205,0,0,0,0,0,0
415,L47594,0,297.4,308.4,1588,32.5,207,0,0,0,0,0,0
416,L47595,0,297.5,308.4,1511,42.8,209,0,0,0,0,0,0
417,L47596,0,297.4,308.5,1495,37.8,211,0,0,0,0,0,0
418,L47597,0,297.4,308.4,1394,50.1,213,0,0,0,0,0,0
419,L47598,0,297.4,308.4,2151,17.7,0,0,0,0,0,0,0
420,M15279,1,297.3,308.3,1501,38.2,2,0,0,0,0,0,0
421,M15280,1,297.3,308.3,1301,39.6,5,0,0,0,0,0,0
422,M15281,1,297.3,308.3,1657,31.1,8,0,0,0,0,0,0
423,L47602,0,297.3,308.3,1333,55.2,11,0,0,0,0,0,0
424,L47603,0,297.3,308.3,1484,43.9,13,0,0,0,0,0,0
425,L47604,0,297.3,308.4,1430,45.7,15,0,0,0,0,0,0
426,M15285,1,297.3,308.4,1665,28.9,17,0,0,0,0,0,0
427,L47606,0,297.4,308.5,1501,44.9,20,0,0,0,0,0,0
428,M15287,1,297.5,308.5,1496,42.2,22,0,0,0,0,0,0
429,M15288,1,297.6,308.6,1595,36.9,25,0,0,0,0,0,0
430,L47609,0,297.5,308.6,1208,62.3,28,0,0,0,0,0,0
431,L47610,0,297.5,308.6,1596,37.1,30,0,0,0,0,0,0
432,L47611,0,297.5,308.5,1446,41.9,32,0,0,0,0,0,0
433,M15292,1,297.6,308.5,1466,39.7,34,0,0,0,0,0,0
434,M15293,1,297.6,308.5,1848,23.7,37,0,0,0,0,0,0
435,M15294,1,297.5,308.5,1484,44.7,40,0,0,0,0,0,0
436,L47615,0,297.4,308.3,1493,41.2,43,0,0,0,0,0,0
437,L47616,0,297.3,308.3,1504,36.3,45,0,0,0,0,0,0
438,L47617,0,297.3,308.3,1538,38.5,47,0,0,0,0,0,0
439,L47618,0,297.4,308.4,1341,52.2,49,0,0,0,0,0,0
440,M15299,1,297.4,308.3,1535,34.6,51,0,0,0,0,0,0
441,L47620,0,297.4,308.5,1389,39.2,54,0,0,0,0,0,0
442,H29855,2,297.5,308.5,1393,46.6,56,0,0,0,0,0,0
443,L47622,0,297.4,308.5,1399,61.5,61,1,0,0,1,0,0
444,H29857,2,297.4,308.5,1469,45.1,63,0,0,0,0,0,0
445,L47624,0,297.4,308.4,1582,37.2,68,0,0,0,0,0,0
446,L47625,0,297.5,308.6,1793,26.7,70,0,0,0,0,0,0
447,L47626,0,297.5,308.6,1452,39.0,72,0,0,0,0,0,0
448,M15307,1,297.6,308.7,1376,59.9,74,0,0,0,0,0,0
449,L47628,0,297.5,308.6,1552,44.9,77,0,0,0,0,0,0
450,L47629,0,297.6,308.7,1622,37.9,79,0,0,0,0,0,0
451,M15310,1,297.6,308.7,1419,41.7,81,0,0,0,0,0,0
452,H29865,2,297.5,308.6,1440,46.1,84,0,0,0,0,0,0
453,M15312,1,297.4,308.6,1643,31.0,89,0,0,0,0,0,0
454,L47633,0,297.4,308.7,1510,36.2,92,0,0,0,0,0,0
455,L47634,0,297.4,308.7,1468,46.6,94,0,0,0,0,0,0
456,L47635,0,297.4,308.7,1429,57.4,96,0,0,0,0,0,0
457,H29870,2,297.3,308.7,1478,47.6,98,0,0,0,0,0,0
458,L47637,0,297.4,308.6,1276,53.6,103,0,0,0,0,0,0
459,L47638,0,297.3,308.6,1486,42.6,105,0,0,0,0,0,0
460,L47639,0,297.4,308.6,1476,42.3,107,0,0,0,0,0,0
461,H29874,2,297.3,308.6,1431,42.0,109,0,0,0,0,0,0
462,L47641,0,297.4,308.7,1402,40.2,114,0,0,0,0,0,0
463,L47642,0,297.4,308.7,1433,43.4,116,0,0,0,0,0,0
464,L47643,0,297.4,308.7,2874,4.2,118,1,0,0,1,0,0
465,L47644,0,297.3,308.6,1511,35.7,120,0,0,0,0,0,0
466,M15325,1,297.3,308.6,1456,42.9,122,0,0,0,0,0,0
467,L47646,0,297.2,308.5,1550,41.5,125,0,0,0,0,0,0
468,L47647,0,297.2,308.5,2182,16.5,127,0,0,0,0,0,0
469,L47648,0,297.3,308.7,1619,31.6,129,0,0,0,0,0,0
470,M15329,1,297.3,308.8,1586,32.7,131,0,0,0,0,0,0
471,H29884,2,297.3,308.8,1499,44.2,134,0,0,0,0,0,0
472,H29885,2,297.3,308.8,1419,42.4,139,0,0,0,0,0,0
473,M15332,1,297.4,309.0,1497,41.8,144,0,0,0,0,0,0
474,M15333,1,297.4,309.0,1520,37.0,147,0,0,0,0,0,0
475,L47654,0,297.4,309.1,1478,49.8,150,0,0,0,0,0,0
476,L47655,0,297.4,309.1,1380,41.1,152,0,0,0,0,0,0
477,L47656,0,297.4,309.0,1570,37.9,154,0,0,0,0,0,0
478,H29891,2,297.4,309.0,1468,41.4,156,0,0,0,0,0,0
479,L47658,0,297.4,309.0,1833,22.6,161,0,0,0,0,0,0
480,M15339,1,297.4,308.9,1323,57.3,163,0,0,0,0,0,0
481,L47660,0,297.4,309.0,1583,32.0,166,0,0,0,0,0,0
482,M15341,1,297.3,309.0,1556,39.5,168,0,0,0,0,0,0
483,L47662,0,297.3,309.0,1548,37.4,171,0,0,0,0,0,0
484,L47663,0,297.4,309.0,1324,56.9,173,0,0,0,0,0,0
485,L47664,0,297.4,309.0,1568,33.7,175,0,0,0,0,0,0
486,M15345,1,297.4,309.0,1685,30.7,177,0,0,0,0,0,0
487,M15346,1,297.4,309.1,1582,35.9,180,0,0,0,0,0,0
488,M15347,1,297.4,309.1,1463,35.0,183,0,0,0,0,0,0
489,L47668,0,297.4,309.2,1584,42.8,186,0,0,0,0,0,0
490,M15349,1,297.5,309.2,1347,55.8,188,0,0,0,0,0,0
491,L47670,0,297.4,309.2,1459,37.9,191,0,0,0,0,0,0
492,L47671,0,297.4,309.2,1420,45.6,193,0,0,0,0,0,0
493,L47672,0,297.5,309.3,1404,43.5,195,0,0,0,0,0,0
494,L47673,0,297.5,309.3,1470,38.8,197,0,0,0,0,0,0
495,L47674,0,297.6,309.4,1326,49.8,199,0,0,0,0,0,0
496,H29909,2,297.5,309.3,1459,49.7,201,0,0,0,0,0,0
497,M15356,1,297.5,309.2,1530,40.0,206,0,0,0,0,0,0
498,L47677,0,297.4,309.0,1505,39.2,209,0,0,0,0,0,0
499,L47678,0,297.5,309.1,1611,30.2,211,0,0,0,0,0,0
500,L47679,0,297.5,309.1,1515,35.1,213,0,0,0,0,0,0
501,M15360,1,297.5,309.2,1804,27.4,215,0,0,0,0,0,0
502,M15361,1,297.6,309.3,1464,46.2,218,0,0,0,0,0,0
503,L47682,0,297.6,309.2,1390,43.3,221,0,0,0,0,0,0
504,M15363,1,297.6,309.2,1442,48.1,0,0,0,0,0,0,0
505,M15364,1,297.6,309.3,1529,41.9,3,0,0,0,0,0,0
506,L47685,0,297.6,309.3,1610,35.0,6,0,0,0,0,0,0
507,L47686,0,297.6,309.3,1543,34.3,8,0,0,0,0,0,0
508,H29921,2,297.8,309.4,1445,48.2,10,0,0,0,0,0,0
509,L47688,0,297.7,309.3,1893,24.6,15,0,0,0,0,0,0
510,M15369,1,297.6,309.3,1415,41.3,17,0,0,0,0,0,0
511,L47690,0,297.5,309.3,1564,37.5,20,0,0,0,0,0,0
512,L47691,0,297.5,309.3,1479,39.4,22,0,0,0,0,0,0
513,L47692,0,297.5,309.2,1426,44.8,24,0,0,0,0,0,0
514,L47693,0,297.4,309.2,1428,38.8,26,0,0,0,0,0,0
515,L47694,0,297.4,309.2,1620,33.2,28,0,0,0,0,0,0
516,L47695,0,297.5,309.2,1715,28.0,30,0,0,0,0,0,0
517,L47696,0,297.5,309.3,1732,29.9,32,0,0,0,0,0,0
518,M15377,1,297.5,309.4,1391,58.2,34,0,0,0,0,0,0
519,L47698,0,297.6,309.5,1924,20.6,37,0,0,0,0,0,0
520,M15379,1,297.7,309.5,2027,19.8,39,0,0,0,0,0,0
521,L47700,0,297.6,309.5,1617,36.2,42,0,0,0,0,0,0
522,L47701,0,297.5,309.4,1497,35.8,44,0,0,0,0,0,0
523,M15382,1,297.5,309.5,1448,43.7,46,0,0,0,0,0,0
524,L47703,0,297.4,309.4,1401,45.9,49,0,0,0,0,0,0
525,L47704,0,297.4,309.4,1620,35.4,51,0,0,0,0,0,0
526,L47705,0,297.4,309.4,1466,45.5,53,0,0,0,0,0,0
527,L47706,0,297.6,309.5,1373,50.6,55,0,0,0,0,0,0
528,M15387,1,297.6,309.6,1592,35.8,57,0,0,0,0,0,0
529,M15388,1,297.5,309.5,1553,42.4,60,0,0,0,0,0,0
530,L47709,0,297.6,309.5,1569,36.2,63,0,0,0,0,0,0
531,M15390,1,297.6,309.5,1709,32.2,65,0,0,0,0,0,0
532,L47711,0,297.6,309.5,1549,34.9,68,0,0,0,0,0,0
533,L47712,0,297.5,309.4,1443,45.4,70,0,0,0,0,0,0
534,L47713,0,297.5,309.3,1675,29.8,72,0,0,0,0,0,0
535,L47714,0,297.5,309.3,1623,33.4,74,0,0,0,0,0,0
536,H29949,2,297.4,309.3,1365,52.4,76,0,0,0,0,0,0
537,L47716,0,297.4,309.3,1759,24.8,81,0,0,0,0,0,0
538,H29951,2,297.4,309.3,1516,43.0,83,0,0,0,0,0,0
539,M15398,1,297.4,309.3,1499,36.8,88,0,0,0,0,0,0
540,M15399,1,297.4,309.3,1775,25.8,91,0,0,0,0,0,0
541,L47720,0,297.4,309.4,1473,45.5,94,0,0,0,0,0,0
542,L47721,0,297.4,309.4,1296,52.3,96,0,0,0,0,0,0
543,L47722,0,297.5,309.4,1803,24.7,98,0,0,0,0,0,0
544,H29957,2,297.5,309.3,1563,36.1,100,0,0,0,0,0,0
545,M15404,1,297.5,309.4,1831,26.6,105,0,0,0,0,0,0
546,L47725,0,297.6,309.4,1958,22.1,108,0,0,0,0,0,0
547,L47726,0,297.5,309.4,1809,24.3,110,0,0,0,0,0,0
548,M15407,1,297.5,309.4,1482,39.3,112,0,0,0,0,0,0
549,L47728,0,297.4,309.3,1332,53.2,115,0,0,0,0,0,0
550,L47729,0,297.4,309.2,1437,40.4,117,0,0,0,0,0,0
551,L47730,0,297.4,309.2,1698,29.4,119,0,0,0,0,0,0
552,L47731,0,297.4,309.2,1274,54.3,121,0,0,0,0,0,0
553,M15412,1,297.4,309.3,1622,35.0,123,0,0,0,0,0,0
554,M15413,1,297.4,309.3,1564,36.0,126,0,0,0,0,0,0
555,H29968,2,297.5,309.4,1368,45.3,129,0,0,0,0,0,0
556,M15415,1,297.4,309.4,1539,42.2,134,0,0,0,0,0,0
557,L47736,0,297.5,309.4,1357,50.1,137,0,0,0,0,0,0
558,M15417,1,297.5,309.4,1433,48.3,139,0,0,0,0,0,0
559,L47738,0,297.5,309.4,1650,34.6,142,0,0,0,0,0,0
560,L47739,0,297.5,309.4,1503,40.6,144,0,0,0,0,0,0
561,L47740,0,297.5,309.4,1318,58.2,146,0,0,0,0,0,0
562,M15421,1,297.5,309.4,1678,34.4,148,0,0,0,0,0,0
563,L47742,0,297.6,309.5,1574,30.9,151,0,0,0,0,0,0
564,L47743,0,297.7,309.6,1529,35.2,153,0,0,0,0,0,0
565,H29978,2,297.6,309.6,1669,32.1,155,0,0,0,0,0,0
566,H29979,2,297.7,309.7,1570,35.8,160,0,0,0,0,0,0
567,M15426,1,297.6,309.7,1541,33.7,165,0,0,0,0,0,0
568,M15427,1,297.7,309.7,1680,30.2,168,0,0,0,0,0,0
569,L47748,0,297.8,309.7,1935,22.1,171,0,0,0,0,0,0
570,M15429,1,297.7,309.6,1596,35.2,173,0,0,0,0,0,0
571,L47750,0,297.7,309.7,1498,41.0,176,0,0,0,0,0,0
572,M15431,1,297.8,309.8,1676,29.0,178,0,0,0,0,0,0
573,L47752,0,297.8,309.9,1351,49.0,181,0,0,0,0,0,0
574,L47753,0,297.9,309.9,1472,45.0,183,0,0,0,0,0,0
575,M15434,1,297.9,310.0,1439,41.7,185,0,0,0,0,0,0
576,M15435,1,297.9,309.9,1410,55.4,188,0,0,0,0,0,0
577,H29990,2,297.7,309.7,1440,51.1,191,0,0,0,0,0,0
578,L47757,0,297.7,309.7,1591,37.7,196,0,0,0,0,0,0
579,L47758,0,297.8,309.8,1533,36.8,198,0,0,0,0,0,0
580,M15439,1,297.8,309.7,1700,31.3,200,0,0,0,0,0,0
581,M15440,1,297.8,309.8,1798,25.5,203,0,0,0,0,0,0
582,L47761,0,297.8,309.7,1394,42.9,206,0,0,0,0,0,0
583,L47762,0,297.8,309.7,1341,49.2,208,0,0,0,0,0,0
584,H29997,2,297.7,309.6,1697,32.2,210,0,0,0,0,0,0
585,H29998,2,297.6,309.6,1419,48.2,215,0,0,0,0,0,0
586,L47765,0,297.6,309.5,2001,20.5,220,0,0,0,0,0,0
587,L47766,0,297.6,309.6,1501,49.8,222,1,0,0,0,1,0
588,H30001,2,297.6,309.5,1623,33.1,224,0,0,0,0,0,0
589,L47768,0,297.6,309.4,1628,33.4,229,0,0,0,0,0,0
590,L47769,0,297.6,309.4,1491,40.2,231,0,0,0,0,0,0
591,L47770,0,297.5,309.4,1517,36.7,233,0,0,0,0,0,0
592,H30005,2,297.5,309.3,1525,41.7,235,0,0,0,0,0,0
593,H30006,2,297.5,309.5,1668,27.9,240,0,0,0,0,0,0
594,L47773,0,297.5,309.6,1312,50.7,0,0,0,0,0,0,0
595,H30008,2,297.6,309.6,1278,50.4,2,0,0,0,0,0,0
596,M15455,1,297.6,309.6,1330,53.1,7,0,0,0,0,0,0
597,M15456,1,297.6,309.6,1530,37.3,10,0,0,0,0,0,0
598,H30011,2,297.6,309.6,1428,46.6,13,0,0,0,0,0,0
599,L47778,0,297.7,309.6,1480,47.9,18,0,0,0,0,0,0
600,H30013,2,297.7,309.7,1616,31.1,20,0,0,0,0,0,0
601,L47780,0,297.8,309.7,1547,37.3,25,0,0,0,0,0,0
602,L47781,0,297.9,309.7,2194,16.8,27,0,0,0,0,0,0
603,L47782,0,297.9,309.8,2000,21.3,29,0,0,0,0,0,0
604,L47783,0,297.9,309.8,1336,71.6,31,1,0,0,1,0,0
605,L47784,0,297.9,309.9,1542,33.8,33,0,0,0,0,0,0
606,M15465,1,297.9,309.8,1693,29.9,35,0,0,0,0,0,0
607,L47786,0,297.9,309.8,1461,50.5,38,0,0,0,0,0,0
608,M15467,1,298.0,309.9,1565,33.9,40,0,0,0,0,0,0
609,L47788,0,298.0,309.9,1403,47.7,43,0,0,0,0,0,0
610,L47789,0,298.1,309.9,1629,32.5,45,0,0,0,0,0,0
611,L47790,0,298.1,310.0,1534,33.7,47,0,0,0,0,0,0
612,L47791,0,298.1,310.0,1553,40.9,49,0,0,0,0,0,0
613,L47792,0,298.1,309.9,1563,32.8,51,0,0,0,0,0,0
614,L47793,0,298.1,309.9,1634,30.0,53,0,0,0,0,0,0
615,M15474,1,298.0,309.9,1445,45.2,55,0,0,0,0,0,0
616,L47795,0,298.1,309.9,1642,30.4,58,0,0,0,0,0,0
617,H30030,2,298.1,309.9,1686,29.1,60,0,0,0,0,0,0
618,M15477,1,298.1,310.0,1393,43.1,65,0,0,0,0,0,0
619,H30032,2,298.2,310.0,1433,44.2,68,0,0,0,0,0,0
620,L47799,0,298.3,310.0,1507,44.7,73,0,0,0,0,0,0
621,M15480,1,298.3,310.1,1389,49.6,75,0,0,0,0,0,0
622,L47801,0,298.3,310.1,1408,45.3,78,0,0,0,0,0,0
623,M15482,1,298.4,310.2,1725,32.0,80,0,0,0,0,0,0
624,L47803,0,298.4,310.1,1926,23.7,83,0,0,0,0,0,0
625,H30038,2,298.3,310.1,1509,37.6,85,0,0,0,0,0,0
626,L47805,0,298.3,310.1,1545,36.3,90,0,0,0,0,0,0
627,L47806,0,298.4,310.1,1533,35.2,92,0,0,0,0,0,0
628,L47807,0,298.4,310.1,1455,42.2,94,0,0,0,0,0,0
629,M15488,1,298.4,310.1,1335,57.8,96,0,0,0,0,0,0
630,L47809,0,298.3,310.1,1523,45.9,99,0,0,0,0,0,0
631,L47810,0,298.3,310.0,1460,47.6,101,0,0,0,0,0,0
632,L47811,0,298.4,310.0,1554,37.3,103,0,0,0,0,0,0
633,H30046,2,298.3,310.0,1419,47.1,105,0,0,0,0,0,0
634,L47813,0,298.3,310.0,1442,43.9,110,0,0,0,0,0,0
635,L47814,0,298.3,309.9,1507,41.6,112,0,0,0,0,0,0
636,L47815,0,298.3,310.0,1858,23.9,114,0,0,0,0,0,0
637,L47816,0,298.3,309.9,1463,43.9,116,0,0,0,0,0,0
638,L47817,0,298.2,309.7,1585,37.4,118,0,0,0,0,0,0
639,L47818,0,298.0,309.6,1536,37.3,120,0,0,0,0,0,0
640,L47819,0,298.0,309.6,1403,51.3,122,0,0,0,0,0,0
641,M15500,1,297.9,309.6,1515,38.8,124,0,0,0,0,0,0
642,L47821,0,297.9,309.5,1390,47.9,127,0,0,0,0,0,0
643,M15502,1,297.8,309.4,1226,58.7,129,0,0,0,0,0,0
644,M15503,1,297.8,309.4,1495,36.5,132,0,0,0,0,0,0
645,H30058,2,297.7,309.4,1608,30.2,135,0,0,0,0,0,0
646,L47825,0,297.7,309.4,1392,44.1,140,0,0,0,0,0,0
647,M15506,1,297.7,309.4,1461,43.7,142,0,0,0,0,0,0
648,L47827,0,297.7,309.3,1559,36.9,145,0,0,0,0,0,0
649,H30062,2,297.7,309.3,1400,48.9,147,0,0,0,0,0,0
650,M15509,1,297.7,309.2,1732,28.8,152,0,0,0,0,0,0
651,L47830,0,297.6,309.2,1611,33.1,155,0,0,0,0,0,0
652,L47831,0,297.6,309.1,1503,38.9,157,0,0,0,0,0,0
653,L47832,0,297.7,309.2,1391,44.5,159,0,0,0,0,0,0
654,L47833,0,297.8,309.3,2015,20.1,161,0,0,0,0,0,0
655,L47834,0,297.8,309.2,1683,30.9,163,0,0,0,0,0,0
656,L47835,0,297.7,309.1,1435,38.8,165,0,0,0,0,0,0
657,M15516,1,297.7,309.1,1732,28.1,167,0,0,0,0,0,0
658,L47837,0,297.7,309.2,1365,58.6,170,0,0,0,0,0,0
659,L47838,0,297.7,309.1,1562,36.8,172,0,0,0,0,0,0
660,L47839,0,297.6,309.1,1449,49.1,174,0,0,0,0,0,0
661,M15520,1,297.7,309.2,1700,27.4,176,0,0,0,0,0,0
662,M15521,1,297.6,309.0,1427,45.6,179,0,0,0,0,0,0
663,M15522,1,297.6,308.9,1479,38.1,182,0,0,0,0,0,0
664,L47843,0,297.5,308.9,1469,44.0,185,0,0,0,0,0,0
665,L47844,0,297.5,308.9,1390,47.4,187,0,0,0,0,0,0
666,L47845,0,297.5,308.9,1729,28.1,189,0,0,0,0,0,0
667,L47846,0,297.5,309.0,1470,43.5,191,0,0,0,0,0,0
668,L47847,0,297.5,308.9,1459,48.5,193,0,0,0,0,0,0
669,L47848,0,297.5,308.9,1738,24.0,195,0,0,0,0,0,0
670,H30083,2,297.5,308.9,1471,37.7,197,0,0,0,0,0,0
671,L47850,0,297.6,309.0,1822,25.4,202,0,0,0,0,0,0
672,L47851,0,297.5,308.9,1554,34.8,204,0,0,0,0,0,0
673,M15532,1,297.6,308.9,1433,43.2,206,0,0,0,0,0,0
674,L47853,0,297.6,308.9,1449,47.7,209,0,0,0,0,0,0
675,L47854,0,297.8,309.0,1456,41.2,0,0,0,0,0,0,0
676,M15535,1,297.8,309.1,1424,45.5,2,0,0,0,0,0,0
677,H30090,2,297.9,309.2,1577,34.7,5,0,0,0,0,0,0
678,L47857,0,297.9,309.2,1478,39.7,10,0,0,0,0,0,0
679,M15538,1,297.8,309.2,1295,61.2,12,0,0,0,0,0,0
680,L47859,0,297.8,309.2,1372,47.3,15,0,0,0,0,0,0
681,M15540,1,297.8,309.1,1432,42.6,17,0,0,0,0,0,0
682,M15541,1,297.7,309.0,1656,33.2,20,0,0,0,0,0,0
683,H30096,2,297.8,309.0,1410,48.8,23,0,0,0,0,0,0
684,L47863,0,297.7,309.0,1874,24.4,28,0,0,0,0,0,0
685,L47864,0,297.7,309.0,1538,43.2,30,0,0,0,0,0,0
686,M15545,1,297.7,309.0,1636,29.7,32,0,0,0,0,0,0
687,M15546,1,297.7,309.0,1504,40.4,35,0,0,0,0,0,0
688,M15547,1,297.7,309.0,1531,42.4,38,0,0,0,0,0,0
689,H30102,2,297.6,309.0,1735,26.4,41,0,0,0,0,0,0
690,H30103,2,297.6,309.0,1354,55.6,46,0,0,0,0,0,0
691,H30104,2,297.6,309.0,1413,40.2,51,0,0,0,0,0,0
692,L47871,0,297.7,309.1,1563,39.3,56,0,0,0,0,0,0
693,L47872,0,297.7,309.1,1479,42.1,58,0,0,0,0,0,0
694,L47873,0,297.7,309.1,1477,38.3,60,0,0,0,0,0,0
695,L47874,0,297.6,309.1,1394,50.0,62,0,0,0,0,0,0
696,L47875,0,297.6,309.0,1487,45.4,64,0,0,0,0,0,0
697,M15556,1,297.6,309.0,1815,25.3,66,0,0,0,0,0,0
698,M15557,1,297.6,308.8,1453,39.7,69,0,0,0,0,0,0
699,L47878,0,297.6,308.8,1539,40.2,72,0,0,0,0,0,0
700,H30113,2,297.5,308.7,1416,39.2,74,0,0,0,0,0,0
701,M15560,1,297.6,308.8,1683,31.6,79,0,0,0,0,0,0
702,L47881,0,297.7,308.8,1515,40.1,82,0,0,0,0,0,0
703,M15562,1,297.7,308.9,1531,48.3,84,0,0,0,0,0,0
704,H30117,2,297.7,308.9,1479,40.9,87,0,0,0,0,0,0
705,L47884,0,297.7,308.9,1516,33.7,92,0,0,0,0,0,0
706,L47885,0,297.7,309.0,1507,38.2,94,0,0,0,0,0,0
707,M15566,1,297.8,309.0,1434,43.3,96,0,0,0,0,0,0
708,L47887,0,297.7,308.9,1838,27.3,99,0,0,0,0,0,0
709,M15568,1,297.6,308.8,1416,45.9,101,0,0,0,0,0,0
710,M15569,1,297.6,308.8,1357,49.7,104,0,0,0,0,0,0
711,M15570,1,297.5,308.7,1697,28.1,107,0,0,0,0,0,0
712,L47891,0,297.5,308.7,1443,46.2,110,0,0,0,0,0,0
713,L47892,0,297.5,308.7,1453,37.6,112,0,0,0,0,0,0
714,L47893,0,297.4,308.6,1439,46.4,114,0,0,0,0,0,0
715,L47894,0,297.4,308.6,1609,36.2,116,0,0,0,0,0,0
716,L47895,0,297.4,308.6,1324,59.1,118,0,0,0,0,0,0
717,H30130,2,297.4,308.6,1420,45.8,120,0,0,0,0,0,0
718,L47897,0,297.4,308.7,1545,36.9,125,0,0,0,0,0,0
719,L47898,0,297.5,308.8,1477,39.0,127,0,0,0,0,0,0
720,L47899,0,297.4,308.8,1447,58.1,129,0,0,0,0,0,0
721,L47900,0,297.4,308.9,1809,23.8,131,0,0,0,0,0,0
722,L47901,0,297.5,308.9,1696,30.9,133,0,0,0,0,0,0
723,L47902,0,297.5,308.9,1427,44.7,135,0,0,0,0,0,0
724,M15583,1,297.4,308.9,1500,46.3,137,0,0,0,0,0,0
725,L47904,0,297.5,308.9,1390,44.6,140,0,0,0,0,0,0
726,L47905,0,297.4,308.8,1640,34.2,142,0,0,0,0,0,0
727,M15586,1,297.4,308.8,1628,37.4,144,0,0,0,0,0,0
728,H30141,2,297.3,308.6,1499,37.6,147,0,0,0,0,0,0
729,M15588,1,297.4,308.7,1425,50.3,152,0,0,0,0,0,0
730,L47909,0,297.3,308.6,1586,37.7,155,0,0,0,0,0,0
731,M15590,1,297.3,308.6,1471,50.7,157,0,0,0,0,0,0
732,M15591,1,297.3,308.6,1431,53.0,160,0,0,0,0,0,0
733,L47912,0,297.2,308.6,1924,22.1,163,0,0,0,0,0,0
734,M15593,1,297.1,308.4,1421,42.0,165,0,0,0,0,0,0
735,H30148,2,297.0,308.4,1305,54.6,168,0,0,0,0,0,0
736,L47915,0,296.9,308.4,1557,32.4,173,0,0,0,0,0,0
737,L47916,0,296.9,308.3,1555,38.2,175,0,0,0,0,0,0
738,H30151,2,296.9,308.3,1474,39.2,177,0,0,0,0,0,0
739,L47918,0,296.8,308.3,1506,45.9,182,0,0,0,0,0,0
740,L47919,0,296.9,308.4,1390,41.8,184,0,0,0,0,0,0
741,M15600,1,296.9,308.4,1450,46.9,186,0,0,0,0,0,0
742,L47921,0,296.9,308.3,1513,38.8,189,0,0,0,0,0,0
743,L47922,0,296.8,308.2,1643,34.7,191,0,0,0,0,0,0
744,L47923,0,296.8,308.2,1361,53.8,193,0,0,0,0,0,0
745,L47924,0,296.7,308.1,1450,40.9,195,0,0,0,0,0,0
746,L47925,0,296.7,308.0,1451,50.7,197,0,0,0,0,0,0
747,L47926,0,296.8,308.1,1289,62.0,199,1,0,0,0,1,0
748,L47927,0,296.8,308.1,1356,48.3,201,0,0,0,0,0,0
749,H30162,2,296.7,308.1,1528,46.3,203,0,0,0,0,0,0
750,L47929,0,296.6,308.0,1978,22.3,208,0,0,0,0,0,0
751,L47930,0,296.7,308.0,1535,36.8,210,0,0,0,0,0,0
752,M15611,1,296.8,308.1,1843,24.2,212,0,0,0,0,0,0
753,L47932,0,296.9,308.1,1422,48.7,215,0,0,0,0,0,0
754,L47933,0,296.8,308.0,1536,40.4,217,0,0,0,0,0,0
755,M15614,1,296.9,308.1,1483,44.3,219,0,0,0,0,0,0
756,H30169,2,296.8,308.1,1492,43.7,222,0,0,0,0,0,0
757,L47936,0,296.8,308.0,1584,40.4,227,0,0,0,0,0,0
758,L47937,0,296.9,308.1,1555,33.7,229,0,0,0,0,0,0
759,L47938,0,296.8,308.0,1497,41.7,231,0,0,0,0,0,0
760,M15619,1,296.7,307.8,1537,36.3,233,0,0,0,0,0,0
761,L47940,0,296.7,307.8,1505,39.4,236,0,0,0,0,0,0
762,L47941,0,296.7,307.8,1646,34.6,238,0,0,0,0,0,0
763,M15622,1,296.7,307.8,1286,60.5,0,0,0,0,0,0,0
764,L47943,0,296.7,307.8,1400,47.5,3,0,0,0,0,0,0
765,L47944,0,296.8,307.9,1337,56.5,5,0,0,0,0,0,0
766,L47945,0,296.9,308.0,1332,53.9,7,0,0,0,0,0,0
767,L47946,0,296.8,308.0,1561,38.3,9,0,0,0,0,0,0
768,L47947,0,296.9,308.0,1546,31.1,11,0,0,0,0,0,0
769,L47948,0,296.9,308.0,1713,29.3,13,0,0,0,0,0,0
770,L47949,0,296.9,308.0,1343,44.5,15,0,0,0,0,0,0
771,L47950,0,296.8,308.0,1391,54.4,17,0,0,0,0,0,0
772,H30185,2,296.8,308.0,1311,58.6,19,0,0,0,0,0,0
773,H30186,2,296.8,308.0,1453,51.0,24,0,0,0,0,0,0
774,L47953,0,296.8,308.0,1510,39.4,29,0,0,0,0,0,0
775,L47954,0,296.8,307.9,1448,48.8,31,0,0,0,0,0,0
776,L47955,0,296.7,307.8,1453,46.0,33,0,0,0,0,0,0
777,L47956,0,296.7,307.8,1468,39.2,35,0,0,0,0,0,0
778,L47957,0,296.7,307.8,1382,47.5,37,0,0,0,0,0,0
779,L47958,0,296.7,308.0,1580,32.2,39,0,0,0,0,0,0
780,L47959,0,296.8,308.0,1666,29.8,41,0,0,0,0,0,0
781,M15640,1,296.9,308.0,1409,50.7,43,0,0,0,0,0,0
782,L47961,0,296.8,308.0,1675,29.7,46,0,0,0,0,0,0
783,L47962,0,296.8,307.9,1698,30.8,48,0,0,0,0,0,0
784,H30197,2,296.7,307.9,1579,33.4,50,0,0,0,0,0,0
785,L47964,0,296.7,307.9,1743,27.9,55,0,0,0,0,0,0
786,M15645,1,296.9,308.0,1497,44.8,57,0,0,0,0,0,0
787,L47966,0,296.9,308.1,1741,28.8,60,0,0,0,0,0,0
788,L47967,0,296.9,308.1,1435,45.3,62,0,0,0,0,0,0
789,M15648,1,296.9,308.1,1440,46.3,64,0,0,0,0,0,0
790,M15649,1,296.9,308.0,1641,33.3,67,0,0,0,0,0,0
791,L47970,0,296.8,307.9,1420,45.4,70,0,0,0,0,0,0
792,L47971,0,296.8,307.9,1611,35.4,72,0,0,0,0,0,0
793,L47972,0,296.8,307.8,1373,42.9,74,0,0,0,0,0,0
794,M15653,1,296.8,307.9,1683,31.8,76,0,0,0,0,0,0
795,H30208,2,296.9,307.9,1547,32.6,79,0,0,0,0,0,0
796,L47975,0,296.9,307.8,1605,37.0,84,0,0,0,0,0,0
797,M15656,1,296.9,307.9,2010,18.9,86,0,0,0,0,0,0
798,L47977,0,296.8,307.7,1565,40.1,89,0,0,0,0,0,0
799,M15658,1,296.9,307.8,1828,24.6,91,0,0,0,0,0,0
800,M15659,1,297.0,307.8,1579,34.1,94,0,0,0,0,0,0
801,M15660,1,297.0,307.9,1882,24.2,97,0,0,0,0,0,0
802,L47981,0,296.9,307.8,1285,52.1,100,0,0,0,0,0,0
803,L47982,0,296.9,307.8,1571,35.0,102,0,0,0,0,0,0
804,H30217,2,296.9,307.8,1549,37.8,104,0,0,0,0,0,0
805,M15664,1,296.9,307.8,1544,37.6,109,0,0,0,0,0,0
806,M15665,1,297.0,307.9,1412,47.4,112,0,0,0,0,0,0
807,M15666,1,297.0,307.9,1422,53.0,115,0,0,0,0,0,0
808,L47987,0,297.0,307.7,1867,22.8,118,0,0,0,0,0,0
809,L47988,0,296.9,307.7,1424,43.3,120,0,0,0,0,0,0
810,L47989,0,296.9,307.6,1452,45.7,122,0,0,0,0,0,0
811,L47990,0,296.9,307.7,1550,39.7,124,0,0,0,0,0,0
812,L47991,0,296.8,307.6,1588,37.6,126,0,0,0,0,0,0
813,L47992,0,296.8,307.6,1338,44.4,128,0,0,0,0,0,0
814,L47993,0,296.8,307.6,1513,40.0,130,0,0,0,0,0,0
815,M15674,1,296.8,307.5,1470,45.9,132,0,0,0,0,0,0
816,M15675,1,296.8,307.5,1516,36.7,135,0,0,0,0,0,0
817,L47996,0,296.8,307.6,1434,48.3,138,0,0,0,0,0,0
818,L47997,0,296.8,307.6,1368,52.0,140,0,0,0,0,0,0
819,L47998,0,296.8,307.6,1304,48.7,142,0,0,0,0,0,0
820,L47999,0,296.8,307.6,1398,46.7,144,0,0,0,0,0,0
821,L48000,0,296.7,307.6,1516,37.4,146,0,0,0,0,0,0
822,L48001,0,296.7,307.6,1474,41.7,148,0,0,0,0,0,0
823,M15682,1,296.7,307.6,1547,34.7,150,0,0,0,0,0,0
824,M15683,1,296.6,307.5,1482,39.9,153,0,0,0,0,0,0
825,L48004,0,296.6,307.4,1436,42.8,156,0,0,0,0,0,0
826,L48005,0,296.6,307.3,1474,40.0,158,0,0,0,0,0,0
827,L48006,0,296.5,307.2,1481,38.2,160,0,0,0,0,0,0
828,L48007,0,296.5,307.3,1501,42.1,162,0,0,0,0,0,0
829,L48008,0,296.5,307.3,1566,37.2,164,0,0,0,0,0,0
830,L48009,0,296.5,307.3,1579,34.5,166,0,0,0,0,0,0
831,L48010,0,296.6,307.4,1631,35.0,168,0,0,0,0,0,0
832,M15691,1,296.6,307.4,1544,42.3,170,0,0,0,0,0,0
833,L48012,0,296.6,307.4,1521,38.6,173,0,0,0,0,0,0
834,L48013,0,296.6,307.4,1616,28.0,175,0,0,0,0,0,0
835,H30248,2,296.6,307.4,1333,50.2,177,0,0,0,0,0,0
836,M15695,1,296.7,307.4,1533,32.5,182,0,0,0,0,0,0
837,L48016,0,296.6,307.4,1368,45.1,185,0,0,0,0,0,0
838,L48017,0,296.6,307.4,1465,47.8,187,0,0,0,0,0,0
839,H30252,2,296.6,307.4,1406,41.5,189,0,0,0,0,0,0
840,M15699,1,296.5,307.4,1565,43.5,194,0,0,0,0,0,0
841,L48020,0,296.6,307.5,1582,37.9,197,0,0,0,0,0,0
842,L48021,0,296.6,307.5,1439,45.5,199,0,0,0,0,0,0
843,M15702,1,296.6,307.5,1566,35.0,201,0,0,0,0,0,0
844,L48023,0,296.6,307.5,1485,42.7,204,0,0,0,0,0,0
845,L48024,0,296.5,307.5,1566,35.1,206,0,0,0,0,0,0
846,L48025,0,296.3,307.3,1439,41.5,208,0,0,0,0,0,0
847,M15706,1,296.4,307.4,1416,50.0,210,0,0,0,0,0,0
848,L48027,0,296.4,307.4,2833,5.6,213,1,0,0,1,0,0
849,L48028,0,296.3,307.4,1465,47.1,215,0,0,0,0,0,0
850,H30263,2,296.4,307.4,1586,35.5,0,0,0,0,0,0,0
851,L48030,0,296.3,307.3,1567,31.4,5,0,0,0,0,0,0
852,M15711,1,296.2,307.2,1389,48.6,7,0,0,0,0,0,0
853,M15712,1,296.3,307.3,1368,49.5,10,0,0,0,0,0,0
854,L48033,0,296.3,307.3,1444,49.0,13,0,0,0,0,0,0
855,M15714,1,296.3,307.3,1498,41.6,15,0,0,0,0,0,0
856,L48035,0,296.1,307.2,1615,30.8,18,0,0,0,0,0,0
857,L48036,0,296.1,307.1,1898,22.7,20,0,0,0,0,0,0
858,M15717,1,296.1,307.1,1350,53.3,22,0,0,0,0,0,0
859,M15718,1,296.2,307.0,1516,37.6,25,0,0,0,0,0,0
860,H30273,2,296.2,307.0,1542,40.6,28,0,0,0,0,0,0
861,H30274,2,296.1,306.9,1541,32.6,33,0,0,0,0,0,0
862,M15721,1,296.1,306.9,1951,23.3,38,0,0,0,0,0,0
863,H30276,2,296.1,306.8,1645,31.0,41,0,0,0,0,0,0
864,L48043,0,296.0,306.7,1416,44.2,46,0,0,0,0,0,0
865,M15724,1,296.0,306.7,2044,22.3,48,0,0,0,0,0,0
866,L48045,0,295.9,306.6,1414,50.2,51,0,0,0,0,0,0
867,L48046,0,295.9,306.6,1678,26.7,53,0,0,0,0,0,0
868,H30281,2,295.9,306.5,1594,33.2,55,0,0,0,0,0,0
869,M15728,1,295.8,306.5,1514,37.7,60,0,0,0,0,0,0
870,L48049,0,295.8,306.5,1358,49.2,63,0,0,0,0,0,0
871,L48050,0,295.8,306.4,1325,56.2,65,0,0,0,0,0,0
872,L48051,0,295.8,306.4,1339,53.2,67,0,0,0,0,0,0
873,M15732,1,295.8,306.4,1335,51.7,69,0,0,0,0,0,0
874,L48053,0,295.9,306.4,1892,21.7,72,0,0,0,0,0,0
875,L48054,0,295.9,306.4,1575,28.5,74,0,0,0,0,0,0
876,M15735,1,295.8,306.3,1444,45.5,76,0,0,0,0,0,0
877,L48056,0,295.7,306.3,1915,22.4,79,0,0,0,0,0,0
878,M15737,1,295.6,306.2,1584,33.6,81,0,0,0,0,0,0
879,M15738,1,295.7,306.3,1685,34.9,84,0,0,0,0,0,0
880,L48059,0,295.8,306.3,1337,54.6,87,0,0,0,0,0,0
881,M15740,1,295.8,306.3,1235,76.2,89,1,0,0,1,0,0
882,L48061,0,295.7,306.2,1464,46.2,92,0,0,0,0,0,0
883,M15742,1,295.7,306.2,1739,25.9,94,0,0,0,0,0,0
884,L48063,0,295.7,306.3,1490,34.3,97,0,0,0,0,0,0
885,L48064,0,295.8,306.4,1356,48.0,99,0,0,0,0,0,0
886,L48065,0,295.7,306.2,1397,52.0,101,0,0,0,0,0,0
887,L48066,0,295.7,306.2,1458,40.6,103,0,0,0,0,0,0
888,H30301,2,295.7,306.2,2161,16.5,105,0,0,0,0,0,0
889,M15748,1,295.6,306.1,1651,28.1,110,0,0,0,0,0,0
890,L48069,0,295.6,306.1,1389,46.2,113,0,0,0,0,0,0
891,L48070,0,295.6,306.0,1370,52.4,115,0,0,0,0,0,0
892,L48071,0,295.7,306.1,1408,47.9,117,0,0,0,0,0,0
893,L48072,0,295.7,306.1,1343,54.4,119,0,0,0,0,0,0
894,M15753,1,295.7,306.2,1423,42.5,121,0,0,0,0,0,0
895,L48074,0,295.6,306.2,1426,48.6,124,0,0,0,0,0,0
896,M15755,1,295.6,306.2,1435,51.6,126,0,0,0,0,0,0
897,L48076,0,295.5,306.1,1573,35.1,129,0,0,0,0,0,0
898,L48077,0,295.6,306.2,1612,31.2,131,0,0,0,0,0,0
899,L48078,0,295.6,306.2,1446,49.9,133,0,0,0,0,0,0
900,H30313,2,295.6,306.2,1329,55.3,135,0,0,0,0,0,0
901,L48080,0,295.6,306.2,1569,35.1,140,0,0,0,0,0,0
902,H30315,2,295.6,306.1,1256,62.3,142,0,0,0,0,0,0
903,L48082,0,295.6,306.1,1383,48.7,147,0,0,0,0,0,0
904,L48083,0,295.7,306.2,2270,14.6,149,1,0,0,1,0,0
905,H30318,2,295.7,306.2,1458,49.8,151,0,0,0,0,0,0
906,L48085,0,295.6,306.1,1474,41.2,156,0,0,0,0,0,0
907,M15766,1,295.6,306.1,1462,49.2,158,0,0,0,0,0,0
908,M15767,1,295.6,306.1,1669,29.0,161,0,0,0,0,0,0
909,M15768,1,295.5,306.1,1822,24.3,164,0,0,0,0,0,0
910,L48089,0,295.5,306.0,1456,39.2,167,0,0,0,0,0,0
911,L48090,0,295.5,306.0,1546,35.9,169,0,0,0,0,0,0
912,M15771,1,295.6,306.1,1490,42.7,171,0,0,0,0,0,0
913,L48092,0,295.6,306.0,1569,40.4,174,0,0,0,0,0,0
914,L48093,0,295.5,306.0,1621,29.5,176,0,0,0,0,0,0
915,M15774,1,295.4,305.9,1518,40.6,178,0,0,0,0,0,0
916,M15775,1,295.4,305.8,1526,38.2,181,0,0,0,0,0,0
917,M15776,1,295.3,305.8,1589,36.2,184,0,0,0,0,0,0
918,L48097,0,295.3,305.7,1475,51.0,187,0,0,0,0,0,0
919,M15778,1,295.3,305.7,1473,38.5,189,0,0,0,0,0,0
920,L48099,0,295.4,305.8,1407,50.7,192,0,0,0,0,0,0
921,M15780,1,295.5,305.9,1518,44.1,194,0,0,0,0,0,0
922,H30335,2,295.5,305.9,1593,37.2,197,0,0,0,0,0,0
923,M15782,1,295.5,305.9,1380,52.4,202,0,0,0,0,0,0
924,M15783,1,295.5,306.0,1423,45.3,205,0,0,0,0,0,0
925,L48104,0,295.5,306.0,1800,27.6,208,0,0,0,0,0,0
926,H30339,2,295.6,306.1,1623,30.9,210,0,0,0,0,0,0
927,L48106,0,295.6,306.1,1372,55.6,215,1,0,0,0,1,0
928,H30341,2,295.6,306.0,1396,52.4,0,0,0,0,0,0,0
929,L48108,0,295.6,306.0,1949,21.9,5,0,0,0,0,0,0
930,L48109,0,295.6,306.0,1419,51.1,7,0,0,0,0,0,0
931,M15790,1,295.5,305.9,1453,47.3,9,0,0,0,0,0,0
932,L48111,0,295.5,305.9,1542,36.2,12,0,0,0,0,0,0
933,L48112,0,295.6,306.0,1363,50.0,14,0,0,0,0,0,0
934,L48113,0,295.5,306.0,1597,37.2,16,0,0,0,0,0,0
935,M15794,1,295.5,306.0,1326,50.8,18,0,0,0,0,0,0
936,M15795,1,295.5,306.0,1641,36.6,21,0,0,0,0,0,0
937,M15796,1,295.6,306.1,1418,46.2,24,0,0,0,0,0,0
938,L48117,0,295.6,306.2,1263,61.8,27,0,0,0,0,0,0
939,L48118,0,295.6,306.2,1823,25.8,29,0,0,0,0,0,0
940,L48119,0,295.5,306.1,1488,40.7,31,0,0,0,0,0,0
941,L48120,0,295.6,306.2,1443,48.9,33,0,0,0,0,0,0
942,L48121,0,295.6,306.2,1650,28.2,35,0,0,0,0,0,0
943,M15802,1,295.7,306.3,1462,44.3,37,0,0,0,0,0,0
944,M15803,1,295.6,306.2,1477,45.0,40,0,0,0,0,0,0
945,M15804,1,295.7,306.3,1712,28.5,43,0,0,0,0,0,0
946,M15805,1,295.7,306.3,1347,50.4,46,0,0,0,0,0,0
947,L48126,0,295.6,306.2,1287,54.8,49,0,0,0,0,0,0
948,L48127,0,295.6,306.2,1428,44.5,51,0,0,0,0,0,0
949,M15808,1,295.6,306.3,1426,45.5,53,0,0,0,0,0,0
950,L48129,0,295.6,306.3,1636,32.7,56,0,0,0,0,0,0
951,L48130,0,295.6,306.2,1424,42.5,58,0,0,0,0,0,0
952,H30365,2,295.6,306.3,1509,35.8,60,0,0,0,0,0,0
953,L48132,0,295.5,306.2,1448,48.9,65,0,0,0,0,0,0
954,L48133,0,295.5,306.1,1650,32.8,67,0,0,0,0,0,0
955,H30368,2,295.6,306.2,1414,42.5,69,0,0,0,0,0,0
956,L48135,0,295.6,306.3,1911,20.9,74,0,0,0,0,0,0
957,H30370,2,295.6,306.2,1632,32.2,76,0,0,0,0,0,0
958,M15817,1,295.7,306.4,1387,40.1,81,0,0,0,0,0,0
959,L48138,0,295.8,306.4,1399,47.6,84,0,0,0,0,0,0
960,L48139,0,295.8,306.5,1505,35.2,86,0,0,0,0,0,0
961,L48140,0,295.8,306.5,1534,37.9,88,0,0,0,0,0,0
962,L48141,0,295.8,306.5,1493,40.5,90,0,0,0,0,0,0
963,M15822,1,295.8,306.6,1480,43.2,92,0,0,0,0,0,0
964,L48143,0,295.8,306.6,1621,31.6,95,0,0,0,0,0,0
965,L48144,0,295.7,306.5,1737,26.2,97,0,0,0,0,0,0
966,L48145,0,295.8,306.6,1508,46.5,99,0,0,0,0,0,0
967,M15826,1,295.8,306.5,1641,32.2,101,0,0,0,0,0,0
968,M15827,1,295.9,306.6,1532,38.6,104,0,0,0,0,0,0
969,L48148,0,295.9,306.7,1547,40.9,107,0,0,0,0,0,0
970,L48149,0,295.9,306.6,1412,41.0,109,0,0,0,0,0,0
971,L48150,0,295.8,306.5,1568,35.1,111,0,0,0,0,0,0
972,L48151,0,295.9,306.6,1557,41.1,113,0,0,0,0,0,0
973,L48152,0,295.8,306.6,1644,35.2,115,0,0,0,0,0,0
974,L48153,0,295.9,306.6,1679,30.4,117,0,0,0,0,0,0
975,L48154,0,296.0,306.6,1511,35.2,119,0,0,0,0,0,0
976,M15835,1,296.0,306.6,1628,36.8,121,0,0,0,0,0,0
977,M15836,1,296.0,306.6,1392,51.3,124,0,0,0,0,0,0
978,L48157,0,296.0,306.7,1917,21.0,127,0,0,0,0,0,0
979,M15838,1,296.2,306.8,1526,42.3,129,0,0,0,0,0,0
980,L48159,0,296.2,306.8,1389,53.3,132,0,0,0,0,0,0
981,L48160,0,296.1,306.7,1409,42.8,134,0,0,0,0,0,0
982,L48161,0,296.2,306.8,1655,31.1,136,0,0,0,0,0,0
983,L48162,0,296.2,306.9,1516,39.1,138,0,0,0,0,0,0
984,L48163,0,296.2,306.9,1526,34.9,140,0,0,0,0,0,0
985,L48164,0,296.3,307.1,1419,48.6,142,0,0,0,0,0,0
986,L48165,0,296.4,307.2,1748,25.3,144,0,0,0,0,0,0
987,H30400,2,296.4,307.1,1638,32.5,146,0,0,0,0,0,0
988,M15847,1,296.3,307.1,1534,33.8,151,0,0,0,0,0,0
989,H30402,2,296.3,307.1,1774,25.9,154,0,0,0,0,0,0
990,M15849,1,296.2,307.0,2119,18.3,159,0,0,0,0,0,0
991,L48170,0,296.2,307.0,1414,48.3,162,0,0,0,0,0,0
992,M15851,1,296.1,307.0,1523,42.0,164,0,0,0,0,0,0
993,L48172,0,296.1,307.1,1651,35.7,167,0,0,0,0,0,0
994,M15853,1,296.1,307.1,1485,36.0,169,0,0,0,0,0,0
995,M15854,1,296.2,307.2,1168,63.4,172,0,0,0,0,0,0
996,L48175,0,296.3,307.3,1566,35.8,175,0,0,0,0,0,0
997,M15856,1,296.3,307.2,1286,51.1,177,0,0,0,0,0,0
998,M15857,1,296.3,307.2,1446,45.9,180,0,0,0,0,0,0
999,M15858,1,296.4,307.2,2071,19.4,183,0,0,0,0,0,0
1000,L48179,0,296.3,307.1,1560,33.2,186,0,0,0,0,0,0
1001,L48180,0,296.3,307.1,1654,29.6,188,0,0,0,0,0,0
1002,L48181,0,296.3,307.1,1662,32.9,190,0,0,0,0,0,0
1003,L48182,0,296.3,307.2,1646,35.0,192,0,0,0,0,0,0
1004,L48183,0,296.2,307.1,1444,46.7,194,0,0,0,0,0,0
1005,H30418,2,296.3,307.2,1424,42.0,196,0,0,0,0,0,0
1006,L48185,0,296.2,307.2,1382,52.0,201,0,0,0,0,0,0
1007,L48186,0,296.2,307.1,1413,53.4,203,0,0,0,0,0,0
1008,M15867,1,296.2,307.2,1633,31.1,0,0,0,0,0,0,0
1009,L48188,0,296.2,307.1,1441,41.7,3,0,0,0,0,0,0
1010,M15869,1,296.2,307.2,1385,44.0,5,0,0,0,0,0,0
1011,M15870,1,296.2,307.2,1552,34.8,8,0,0,0,0,0,0
1012,M15871,1,296.2,307.3,1451,42.8,11,0,0,0,0,0,0
1013,M15872,1,296.1,307.1,1433,38.5,14,0,0,0,0,0,0
1014,M15873,1,296.1,307.2,1619,29.7,17,0,0,0,0,0,0
1015,L48194,0,296.2,307.2,1445,41.8,20,0,0,0,0,0,0
1016,L48195,0,296.2,307.2,1356,43.6,22,0,0,0,0,0,0
1017,M15876,1,296.3,307.2,1319,68.3,24,1,0,0,1,0,0
1018,L48197,0,296.3,307.2,1637,31.6,27,0,0,0,0,0,0
1019,L48198,0,296.3,307.2,1291,58.6,29,0,0,0,0,0,0
1020,L48199,0,296.3,307.3,1398,52.7,31,0,0,0,0,0,0
1021,L48200,0,296.3,307.3,1372,57.7,33,0,0,0,0,0,0
1022,M15881,1,296.3,307.2,1454,42.5,35,0,0,0,0,0,0
1023,L48202,0,296.2,307.2,1515,36.5,38,0,0,0,0,0,0
1024,L48203,0,296.2,307.3,1881,24.3,40,0,0,0,0,0,0
1025,L48204,0,296.2,307.3,1711,29.9,42,0,0,0,0,0,0
1026,L48205,0,296.2,307.3,1475,37.0,44,0,0,0,0,0,0
1027,L48206,0,296.4,307.4,1512,36.8,46,0,0,0,0,0,0
1028,M15887,1,296.3,307.4,1335,50.5,48,0,0,0,0,0,0
1029,L48208,0,296.3,307.4,1472,39.9,51,0,0,0,0,0,0
1030,M15889,1,296.2,307.3,1477,35.2,53,0,0,0,0,0,0
1031,L48210,0,296.3,307.4,1760,28.4,56,0,0,0,0,0,0
1032,L48211,0,296.4,307.5,1549,36.1,58,0,0,0,0,0,0
1033,L48212,0,296.3,307.4,1648,34.0,60,0,0,0,0,0,0
1034,H30447,2,296.4,307.5,1556,38.0,62,0,0,0,0,0,0
1035,M15894,1,296.3,307.4,1958,19.1,67,0,0,0,0,0,0
1036,L48215,0,296.4,307.4,1403,48.4,70,0,0,0,0,0,0
1037,M15896,1,296.4,307.5,1684,31.4,72,0,0,0,0,0,0
1038,H30451,2,296.4,307.5,1596,35.1,75,0,0,0,0,0,0
1039,L48218,0,296.6,307.6,1498,41.1,80,0,0,0,0,0,0
1040,L48219,0,296.7,307.7,1524,36.8,82,0,0,0,0,0,0
1041,L48220,0,296.7,307.7,1502,43.9,84,0,0,0,0,0,0
1042,L48221,0,296.6,307.6,1809,25.1,86,0,0,0,0,0,0
1043,L48222,0,296.6,307.6,1542,37.4,88,0,0,0,0,0,0
1044,L48223,0,296.5,307.6,1431,45.2,90,0,0,0,0,0,0
1045,L48224,0,296.5,307.6,1512,43.6,92,0,0,0,0,0,0
1046,H30459,2,296.4,307.5,1403,52.8,94,0,0,0,0,0,0
1047,L48226,0,296.4,307.5,1331,47.8,99,0,0,0,0,0,0
1048,M15907,1,296.6,307.7,1474,52.6,101,0,0,0,0,0,0
1049,L48228,0,296.5,307.6,1607,33.5,104,0,0,0,0,0,0
1050,L48229,0,296.5,307.6,1415,44.2,106,0,0,0,0,0,0
1051,L48230,0,296.6,307.6,1671,28.8,108,0,0,0,0,0,0
1052,L48231,0,296.6,307.7,1556,37.7,110,0,0,0,0,0,0
1053,L48232,0,296.7,307.7,1927,23.9,112,0,0,0,0,0,0
1054,M15913,1,296.7,307.7,1597,32.1,114,0,0,0,0,0,0
1055,H30468,2,296.8,307.8,1627,30.5,117,0,0,0,0,0,0
1056,L48235,0,296.8,307.8,1480,39.4,122,0,0,0,0,0,0
1057,L48236,0,296.8,307.8,1565,39.5,124,0,0,0,0,0,0
1058,L48237,0,296.8,307.8,1573,36.4,126,0,0,0,0,0,0
1059,L48238,0,296.7,307.8,1605,31.3,128,0,0,0,0,0,0
1060,M15919,1,296.7,307.9,1874,21.3,130,0,0,0,0,0,0
1061,H30474,2,296.7,307.9,1424,53.8,133,0,0,0,0,0,0
1062,L48241,0,296.7,307.9,1420,50.1,138,0,0,0,0,0,0
1063,L48242,0,296.8,307.9,1372,49.0,140,0,0,0,0,0,0
1064,M15923,1,296.8,307.8,1664,32.8,142,0,0,0,0,0,0
1065,M15924,1,296.8,307.9,1409,44.3,145,0,0,0,0,0,0
1066,L48245,0,296.8,307.9,1718,25.2,148,0,0,0,0,0,0
1067,M15926,1,296.9,307.8,1544,40.3,150,0,0,0,0,0,0
1068,L48247,0,296.9,307.8,1466,45.7,153,0,0,0,0,0,0
1069,L48248,0,296.8,307.8,1394,47.7,155,0,0,0,0,0,0
1070,M15929,1,296.9,307.8,1840,24.6,157,0,0,0,0,0,0
1071,M15930,1,296.9,307.8,1477,37.2,160,0,0,0,0,0,0
1072,L48251,0,296.9,307.8,1425,49.1,163,0,0,0,0,0,0
1073,M15932,1,297.0,307.9,1414,46.2,165,0,0,0,0,0,0
1074,L48253,0,297.0,307.8,1414,47.5,168,0,0,0,0,0,0
1075,L48254,0,297.0,307.9,1595,31.7,170,0,0,0,0,0,0
1076,H30489,2,296.9,307.8,1345,54.5,172,0,0,0,0,0,0
1077,L48256,0,296.9,307.7,1653,35.9,177,0,0,0,0,0,0
1078,L48257,0,296.8,307.6,1547,36.5,179,0,0,0,0,0,0
1079,H30492,2,296.9,307.7,1656,30.8,181,0,0,0,0,0,0
1080,L48259,0,297.0,307.7,1731,28.5,186,0,0,0,0,0,0
1081,L48260,0,297.0,307.8,1774,28.0,188,0,0,0,0,0,0
1082,L48261,0,297.0,307.8,1521,40.2,190,0,0,0,0,0,0
1083,H30496,2,297.1,307.9,1420,39.8,192,0,0,0,0,0,0
1084,L48263,0,297.0,307.8,1683,32.3,197,0,0,0,0,0,0
1085,M15944,1,297.0,307.7,1498,47.1,199,0,0,0,0,0,0
1086,L48265,0,297.0,307.8,1385,56.4,202,1,0,0,0,1,0
1087,L48266,0,297.0,307.9,1455,49.0,204,0,0,0,0,0,0
1088,H30501,2,296.9,307.8,1549,35.8,206,1,1,0,0,0,0
1089,M15948,1,296.9,307.8,1392,43.9,0,0,0,0,0,0,0
1090,M15949,1,296.9,307.7,2008,17.5,3,0,0,0,0,0,0
1091,L48270,0,296.9,307.7,1464,41.4,6,0,0,0,0,0,0
1092,L48271,0,297.0,307.7,1447,46.4,8,0,0,0,0,0,0
1093,M15952,1,296.9,307.6,1685,32.0,10,0,0,0,0,0,0
1094,M15953,1,296.8,307.5,1443,39.2,13,0,0,0,0,0,0
1095,L48274,0,296.9,307.5,1354,44.4,16,0,0,0,0,0,0
1096,L48275,0,296.9,307.5,2721,9.3,18,1,0,0,1,0,0
1097,L48276,0,297.0,307.6,1680,35.8,20,0,0,0,0,0,0
1098,H30511,2,296.9,307.5,1397,48.3,22,0,0,0,0,0,0
1099,M15958,1,296.9,307.4,1521,37.9,27,0,0,0,0,0,0
1100,M15959,1,296.8,307.4,1472,43.9,30,0,0,0,0,0,0
1101,H30514,2,296.8,307.5,1695,30.0,33,0,0,0,0,0,0
1102,H30515,2,296.7,307.5,1607,33.6,38,0,0,0,0,0,0
1103,L48282,0,296.8,307.5,1347,54.8,43,0,0,0,0,0,0
1104,M15963,1,296.7,307.4,1540,38.7,45,0,0,0,0,0,0
1105,L48284,0,296.6,307.4,1389,42.7,48,0,0,0,0,0,0
1106,M15965,1,296.6,307.5,1734,27.0,50,0,0,0,0,0,0
1107,L48286,0,296.7,307.6,1540,38.6,53,0,0,0,0,0,0
1108,M15967,1,296.7,307.5,1515,42.1,55,0,0,0,0,0,0
1109,L48288,0,296.6,307.4,1504,45.8,58,0,0,0,0,0,0
1110,L48289,0,296.6,307.5,1557,35.1,60,0,0,0,0,0,0
1111,L48290,0,296.5,307.4,1292,52.5,62,0,0,0,0,0,0
1112,H30525,2,296.5,307.4,1432,49.2,64,0,0,0,0,0,0
1113,M15972,1,296.5,307.4,1350,55.6,69,0,0,0,0,0,0
1114,M15973,1,296.6,307.4,1790,25.8,72,0,0,0,0,0,0
1115,H30528,2,296.4,307.3,1540,37.4,75,0,0,0,0,0,0
1116,M15975,1,296.4,307.3,2077,19.1,80,0,0,0,0,0,0
1117,L48296,0,296.4,307.3,1487,37.5,83,0,0,0,0,0,0
1118,L48297,0,296.5,307.4,1523,40.7,85,0,0,0,0,0,0
1119,L48298,0,296.5,307.5,1443,41.8,87,0,0,0,0,0,0
1120,L48299,0,296.5,307.5,1340,59.1,89,0,0,0,0,0,0
1121,H30534,2,296.6,307.7,1654,31.0,91,0,0,0,0,0,0
1122,L48301,0,296.6,307.6,1459,40.2,96,0,0,0,0,0,0
1123,L48302,0,296.5,307.6,1541,38.5,98,0,0,0,0,0,0
1124,H30537,2,296.6,307.7,1386,62.3,100,1,0,0,1,0,0
1125,M15984,1,296.7,307.8,1258,69.0,105,1,0,0,1,0,0
1126,M15985,1,296.7,307.8,1375,51.4,108,0,0,0,0,0,0
1127,L48306,0,296.8,307.9,1706,30.8,111,0,0,0,0,0,0
1128,M15987,1,296.7,307.8,1672,32.4,113,0,0,0,0,0,0
1129,M15988,1,296.8,307.9,1843,25.2,116,0,0,0,0,0,0
1130,L48309,0,296.7,307.9,1690,29.6,119,0,0,0,0,0,0
1131,L48310,0,296.8,307.9,1413,46.5,121,0,0,0,0,0,0
1132,L48311,0,296.8,307.9,1489,33.4,123,0,0,0,0,0,0
1133,L48312,0,296.8,307.9,1271,61.4,125,0,0,0,0,0,0
1134,M15993,1,296.8,307.9,1418,47.9,127,0,0,0,0,0,0
1135,M15994,1,296.9,307.8,1426,50.7,130,0,0,0,0,0,0
1136,L48315,0,296.9,307.9,1535,39.2,133,0,0,0,0,0,0
1137,L48316,0,296.9,307.8,1557,38.1,135,0,0,0,0,0,0
1138,L48317,0,296.9,307.8,1653,29.7,137,0,0,0,0,0,0
1139,L48318,0,296.9,307.9,1435,41.6,139,0,0,0,0,0,0
1140,M15999,1,297.0,307.9,1569,33.3,141,0,0,0,0,0,0
1141,M16000,1,296.9,307.9,1385,44.8,144,0,0,0,0,0,0
1142,L48321,0,297.0,307.9,1635,31.6,147,0,0,0,0,0,0
1143,L48322,0,296.9,307.9,1423,43.9,149,0,0,0,0,0,0
1144,L48323,0,297.0,307.9,1479,39.2,151,0,0,0,0,0,0
1145,L48324,0,297.0,307.9,1296,69.1,153,1,0,0,1,0,0
1146,L48325,0,297.0,307.8,1553,33.3,155,0,0,0,0,0,0
1147,L48326,0,297.0,307.9,1529,42.2,157,0,0,0,0,0,0
1148,M16007,1,297.1,308.0,1690,25.6,159,0,0,0,0,0,0
1149,L48328,0,297.1,308.0,1348,58.0,162,0,0,0,0,0,0
1150,L48329,0,297.2,308.1,1446,38.5,164,0,0,0,0,0,0
1151,L48330,0,297.1,307.9,1456,50.0,166,0,0,0,0,0,0
1152,L48331,0,297.0,307.9,1350,47.7,168,0,0,0,0,0,0
1153,L48332,0,297.1,307.9,1507,38.3,170,0,0,0,0,0,0
1154,H30567,2,297.0,307.9,1448,45.6,172,0,0,0,0,0,0
1155,L48334,0,296.9,307.9,1626,29.9,177,0,0,0,0,0,0
1156,H30569,2,297.0,307.9,1846,27.3,179,0,0,0,0,0,0
1157,H30570,2,297.0,307.8,1404,40.7,184,0,0,0,0,0,0
1158,L48337,0,297.0,307.8,1583,37.2,189,0,0,0,0,0,0
1159,L48338,0,297.0,307.9,1436,47.7,191,0,0,0,0,0,0
1160,L48339,0,297.0,307.8,1609,35.6,193,0,0,0,0,0,0
1161,H30574,2,297.0,307.7,1834,23.8,195,0,0,0,0,0,0
1162,L48341,0,297.0,307.8,1316,61.2,200,1,0,0,0,1,0
1163,L48342,0,296.9,307.8,1400,57.1,202,1,0,0,0,1,0
1164,L48343,0,296.9,307.9,1367,47.1,204,0,0,0,0,0,0
1165,L48344,0,297.1,308.1,1754,30.3,206,0,0,0,0,0,0
1166,L48345,0,297.1,308.1,1487,34.6,208,0,0,0,0,0,0
1167,M16026,1,297.1,308.1,1506,37.7,210,0,0,0,0,0,0
1168,L48347,0,297.0,308.1,1362,52.5,213,1,0,0,0,1,0
1169,L48348,0,297.1,308.1,1584,36.8,215,0,0,0,0,0,0
1170,L48349,0,297.0,308.1,1355,43.7,217,0,0,0,0,0,0
1171,M16030,1,297.1,308.1,1823,24.3,219,0,0,0,0,0,0
1172,H30585,2,297.0,308.1,1517,41.4,222,0,0,0,0,0,0
1173,L48352,0,297.1,308.1,1446,36.6,227,0,0,0,0,0,0
1174,H30587,2,297.1,308.0,1559,38.8,229,0,0,0,0,0,0
1175,M16034,1,297.1,308.1,1352,44.4,0,0,0,0,0,0,0
1176,M16035,1,297.2,308.3,1578,37.8,3,0,0,0,0,0,0
1177,M16036,1,297.2,308.3,1429,42.0,6,0,0,0,0,0,0
1178,M16037,1,297.2,308.3,1604,39.4,9,0,0,0,0,0,0
1179,L48358,0,297.3,308.5,1398,60.4,12,0,0,0,0,0,0
1180,L48359,0,297.3,308.4,1441,43.4,14,0,0,0,0,0,0
1181,H30594,2,297.3,308.4,1531,35.6,16,0,0,0,0,0,0
1182,L48361,0,297.2,308.3,1379,52.1,21,0,0,0,0,0,0
1183,L48362,0,297.3,308.3,1410,48.1,23,0,0,0,0,0,0
1184,L48363,0,297.3,308.4,1513,40.5,25,0,0,0,0,0,0
1185,L48364,0,297.3,308.5,1497,47.5,27,0,0,0,0,0,0
1186,L48365,0,297.3,308.4,1491,46.5,29,0,0,0,0,0,0
1187,L48366,0,297.3,308.4,1417,47.8,31,0,0,0,0,0,0
1188,M16047,1,297.4,308.6,1522,38.0,33,0,0,0,0,0,0
1189,L48368,0,297.3,308.4,1339,52.1,36,0,0,0,0,0,0
1190,M16049,1,297.2,308.3,1794,27.5,38,0,0,0,0,0,0
1191,L48370,0,297.2,308.4,1460,42.1,41,0,0,0,0,0,0
1192,M16051,1,297.2,308.3,1776,28.0,43,0,0,0,0,0,0
1193,M16052,1,297.2,308.3,1431,43.7,46,0,0,0,0,0,0
1194,L48373,0,297.1,308.2,1347,50.8,49,0,0,0,0,0,0
1195,M16054,1,297.0,308.1,1507,43.1,51,0,0,0,0,0,0
1196,M16055,1,297.0,308.0,1408,47.9,54,0,0,0,0,0,0
1197,M16056,1,297.0,307.9,1493,34.7,57,0,0,0,0,0,0
1198,M16057,1,296.9,307.9,1441,47.6,60,0,0,0,0,0,0
1199,H30612,2,296.9,307.9,1557,36.5,63,0,0,0,0,0,0
1200,M16059,1,296.9,307.9,1979,20.4,68,0,0,0,0,0,0
1201,M16060,1,296.9,308.0,1430,55.9,71,0,0,0,0,0,0
1202,L48381,0,296.9,308.0,1658,41.0,74,0,0,0,0,0,0
1203,M16062,1,297.0,308.1,1355,51.4,76,0,0,0,0,0,0
1204,H30617,2,297.0,308.1,1410,47.6,79,0,0,0,0,0,0
1205,L48384,0,296.9,308.0,1521,34.5,84,0,0,0,0,0,0
1206,L48385,0,296.8,308.0,1371,54.5,86,0,0,0,0,0,0
1207,H30620,2,296.9,308.0,1318,53.5,88,0,0,0,0,0,0
1208,M16067,1,297.0,308.1,1573,34.9,93,0,0,0,0,0,0
1209,L48388,0,297.0,308.1,1489,44.1,96,0,0,0,0,0,0
1210,H30623,2,297.0,308.1,2540,13.3,98,0,0,0,0,0,0
1211,L48390,0,297.0,308.1,1537,39.0,103,0,0,0,0,0,0
1212,H30625,2,296.9,308.0,1416,46.9,105,0,0,0,0,0,0
1213,L48392,0,296.9,307.9,1359,56.5,110,0,0,0,0,0,0
1214,M16073,1,296.8,307.8,1551,38.9,112,0,0,0,0,0,0
1215,M16074,1,296.8,307.8,1694,33.0,115,0,0,0,0,0,0
1216,L48395,0,296.8,307.9,1709,28.4,118,0,0,0,0,0,0
1217,L48396,0,296.9,308.0,1514,41.0,120,0,0,0,0,0,0
1218,L48397,0,297.0,308.1,1455,43.5,122,0,0,0,0,0,0
1219,M16078,1,297.0,308.2,1702,30.7,124,0,0,0,0,0,0
1220,M16079,1,296.9,308.1,1357,41.8,127,0,0,0,0,0,0
1221,L48400,0,297.0,308.2,1577,29.4,130,0,0,0,0,0,0
1223,L48402,0,297.0,308.3,1399,59.0,135,0,0,0,0,0,0
1224,L48403,0,297.0,308.3,1492,48.1,137,0,0,0,0,0,0
1225,L48404,0,297.1,308.3,1763,25.7,139,0,0,0,0,0,0
1226,H30639,2,297.1,308.3,1492,41.5,141,0,0,0,0,0,0
1227,L48406,0,297.1,308.4,1488,42.5,146,0,0,0,0,0,0
1228,L48407,0,297.1,308.4,1422,42.1,148,0,0,0,0,0,0
1229,M16088,1,297.1,308.4,1583,38.2,150,0,0,0,0,0,0
1230,L48409,0,297.1,308.4,1304,53.5,153,0,0,0,0,0,0
1231,M16090,1,297.1,308.4,1880,23.5,155,0,0,0,0,0,0
1232,M16091,1,297.2,308.5,1604,40.7,158,0,0,0,0,0,0
1233,L48412,0,297.2,308.6,1500,37.1,161,0,0,0,0,0,0
1234,M16093,1,297.2,308.5,1364,55.6,163,0,0,0,0,0,0
1235,H30648,2,297.2,308.5,2440,14.0,166,0,0,0,0,0,0
1236,H30649,2,297.1,308.4,1654,31.4,171,0,0,0,0,0,0
1237,H30650,2,297.1,308.4,1359,46.6,176,0,0,0,0,0,0
1238,M16097,1,297.1,308.4,1502,37.3,181,0,0,0,0,0,0
1239,M16098,1,297.1,308.4,1615,32.6,184,0,0,0,0,0,0
1240,H30653,2,297.2,308.5,1482,39.3,187,0,0,0,0,0,0
1241,L48420,0,297.2,308.6,1636,31.3,192,0,0,0,0,0,0
1242,M16101,1,297.1,308.5,1621,32.4,194,0,0,0,0,0,0
1243,L48422,0,297.1,308.4,1468,44.4,197,0,0,0,0,0,0
1244,M16103,1,297.1,308.4,1432,53.4,199,0,0,0,0,0,0
1245,L48424,0,297.1,308.4,1726,28.4,202,0,0,0,0,0,0
1246,M16105,1,297.1,308.4,1588,33.4,204,0,0,0,0,0,0
1247,H30660,2,297.2,308.5,1653,33.3,207,0,0,0,0,0,0
1248,L48427,0,297.2,308.5,1513,42.9,212,0,0,0,0,0,0
1249,L48428,0,297.2,308.6,1489,40.2,214,0,0,0,0,0,0
1250,L48429,0,297.3,308.7,1467,36.8,216,0,0,0,0,0,0
1251,L48430,0,297.3,308.7,1549,36.1,218,0,0,0,0,0,0
1252,M16111,1,297.4,308.8,1359,48.7,220,0,0,0,0,0,0
1253,L48432,0,297.5,308.8,1533,41.5,223,0,0,0,0,0,0
1254,L48433,0,297.5,308.8,1309,57.3,0,0,0,0,0,0,0
1255,H30668,2,297.5,308.8,1430,49.4,2,0,0,0,0,0,0
1256,H30669,2,297.5,308.9,1419,50.7,7,0,0,0,0,0,0
1257,M16116,1,297.5,308.9,1535,37.7,12,0,0,0,0,0,0
1258,L48437,0,297.5,308.9,1466,43.0,15,0,0,0,0,0,0
1259,L48438,0,297.5,308.9,1427,50.4,17,0,0,0,0,0,0
1260,M16119,1,297.5,308.9,1280,48.5,19,0,0,0,0,0,0
1261,L48440,0,297.6,309.0,1528,33.8,22,0,0,0,0,0,0
1262,H30675,2,297.6,309.0,1885,25.2,24,0,0,0,0,0,0
1263,H30676,2,297.8,309.2,1648,33.0,29,0,0,0,0,0,0
1264,L48443,0,297.8,309.2,1400,56.9,34,0,0,0,0,0,0
1265,M16124,1,297.8,309.3,2243,15.7,36,0,0,0,0,0,0
1266,L48445,0,297.9,309.4,1558,35.7,39,0,0,0,0,0,0
1267,L48446,0,298.0,309.6,1633,34.8,41,0,0,0,0,0,0
1268,M16127,1,298.1,309.6,1549,38.7,43,0,0,0,0,0,0
1269,L48448,0,298.0,309.5,1496,45.8,46,0,0,0,0,0,0
1270,L48449,0,298.1,309.5,1467,41.8,48,0,0,0,0,0,0
1271,M16130,1,298.0,309.4,1276,65.9,50,0,0,0,0,0,0
1272,H30685,2,298.0,309.4,1490,40.5,53,0,0,0,0,0,0
1273,H30686,2,298.0,309.4,1562,38.1,58,0,0,0,0,0,0
1274,L48453,0,298.1,309.4,1397,48.2,63,0,0,0,0,0,0
1275,H30688,2,298.1,309.5,1530,40.2,65,0,0,0,0,0,0
1276,M16135,1,298.1,309.4,1362,47.6,70,0,0,0,0,0,0
1277,M16136,1,298.2,309.4,1693,34.4,73,0,0,0,0,0,0
1278,M16137,1,298.2,309.4,1408,46.5,76,0,0,0,0,0,0
1279,L48458,0,298.2,309.4,1398,52.9,79,0,0,0,0,0,0
1280,M16139,1,298.3,309.6,1531,40.1,81,0,0,0,0,0,0
1281,H30694,2,298.3,309.5,1521,37.1,84,0,0,0,0,0,0
1282,H30695,2,298.3,309.5,1427,54.3,89,0,0,0,0,0,0
1283,L48462,0,298.3,309.4,1546,36.1,94,0,0,0,0,0,0
1284,L48463,0,298.3,309.4,1356,45.4,96,0,0,0,0,0,0
1285,L48464,0,298.4,309.5,2153,15.3,98,1,0,0,1,0,0
1286,M16145,1,298.5,309.6,1492,41.7,100,0,0,0,0,0,0
1287,L48466,0,298.5,309.6,1582,40.3,103,0,0,0,0,0,0
1288,L48467,0,298.5,309.6,1419,41.5,105,0,0,0,0,0,0
1289,M16148,1,298.5,309.6,1441,48.2,107,0,0,0,0,0,0
1290,M16149,1,298.6,309.7,1635,32.2,110,0,0,0,0,0,0
1291,L48470,0,298.6,309.7,1429,45.8,113,0,0,0,0,0,0
1292,M16151,1,298.6,309.7,1675,28.4,115,0,0,0,0,0,0
1293,M16152,1,298.7,309.7,1868,23.8,118,0,0,0,0,0,0
1294,H30707,2,298.7,309.8,1582,33.4,121,0,0,0,0,0,0
1295,L48474,0,298.8,309.9,1486,40.3,126,0,0,0,0,0,0
1296,L48475,0,298.7,309.8,1402,54.3,128,0,0,0,0,0,0
1297,L48476,0,298.7,309.9,1621,34.1,130,0,0,0,0,0,0
1298,L48477,0,298.8,309.9,1428,42.4,132,0,0,0,0,0,0
1299,M16158,1,298.7,309.8,1343,53.6,134,0,0,0,0,0,0
1300,M16159,1,298.7,309.9,1458,40.2,137,0,0,0,0,0,0
1301,L48480,0,298.7,309.8,1322,57.0,140,0,0,0,0,0,0
1302,L48481,0,298.7,309.9,1483,32.8,142,0,0,0,0,0,0
1304,L48483,0,298.7,309.9,1593,42.5,146,0,0,0,0,0,0
1305,L48484,0,298.8,310.0,2098,19.6,148,0,0,0,0,0,0
1306,L48485,0,298.8,310.0,1672,30.4,150,0,0,0,0,0,0
1307,L48486,0,298.8,310.0,1487,41.4,152,0,0,0,0,0,0
1308,L48487,0,298.8,310.0,1423,42.1,154,0,0,0,0,0,0
1309,L48488,0,298.9,310.1,1750,25.0,156,0,0,0,0,0,0
1310,L48489,0,298.9,310.2,1654,31.1,158,0,0,0,0,0,0
1311,L48490,0,298.9,310.2,1498,50.2,160,0,0,0,0,0,0
1312,L48491,0,298.9,310.1,1587,30.2,162,0,0,0,0,0,0
1313,L48492,0,298.9,310.1,1473,42.6,164,0,0,0,0,0,0
1314,L48493,0,298.9,310.2,1359,56.9,166,0,0,0,0,0,0
1315,M16174,1,299.0,310.3,1635,34.5,168,0,0,0,0,0,0
1316,L48495,0,299.0,310.3,1520,45.0,171,0,0,0,0,0,0
1317,L48496,0,299.0,310.3,1507,36.7,173,0,0,0,0,0,0
1318,L48497,0,299.0,310.3,1428,46.3,175,0,0,0,0,0,0
1319,M16178,1,299.0,310.3,1582,33.3,177,0,0,0,0,0,0
1320,L48499,0,299.0,310.3,1929,24.4,180,0,0,0,0,0,0
1321,M16180,1,299.0,310.3,1540,38.1,182,0,0,0,0,0,0
1322,L48501,0,298.9,310.2,1362,53.0,185,0,0,0,0,0,0
1323,H30736,2,298.9,310.1,1452,49.9,187,0,0,0,0,0,0
1324,L48503,0,298.9,310.1,1361,51.7,192,0,0,0,0,0,0
1325,M16184,1,298.8,310.1,1243,74.5,194,1,0,0,1,1,0
1326,H30739,2,298.8,310.1,1567,36.8,197,0,0,0,0,0,0
1327,L48506,0,298.9,310.2,1411,46.5,202,0,0,0,0,0,0
1328,L48507,0,298.8,310.2,1814,26.8,204,0,0,0,0,0,0
1329,M16188,1,298.8,310.1,1719,28.8,206,0,0,0,0,0,0
1330,H30743,2,298.8,310.2,1663,30.4,209,0,0,0,0,0,0
1331,L48510,0,298.9,310.2,1696,30.2,214,0,0,0,0,0,0
1332,H30745,2,298.9,310.2,1771,26.8,216,0,0,0,0,0,0
1333,L48512,0,299.0,310.3,1868,24.0,221,0,0,0,0,0,0
1334,M16193,1,299.0,310.3,1558,35.4,223,0,0,0,0,0,0
1335,L48514,0,299.0,310.4,1365,49.1,226,1,0,0,0,1,0
1336,L48515,0,299.0,310.4,1371,53.8,228,1,0,0,0,1,0
1337,L48516,0,298.9,310.3,1583,32.6,230,0,0,0,0,0,0
1338,H30751,2,298.7,310.2,1613,36.0,0,0,0,0,0,0,0
1339,L48518,0,298.6,310.1,1721,27.2,5,0,0,0,0,0,0
1340,M16199,1,298.6,310.2,1668,31.5,7,0,0,0,0,0,0
1341,L48520,0,298.6,310.2,1569,36.3,10,0,0,0,0,0,0
1342,M16201,1,298.6,310.2,1328,50.5,12,0,0,0,0,0,0
1343,M16202,1,298.6,310.1,1596,33.0,15,0,0,0,0,0,0
1344,L48523,0,298.5,310.2,1676,32.7,18,0,0,0,0,0,0
1345,L48524,0,298.5,310.1,1809,28.9,20,0,0,0,0,0,0
1346,L48525,0,298.5,310.0,1804,26.1,22,0,0,0,0,0,0
1347,L48526,0,298.6,310.1,1533,33.9,24,0,0,0,0,0,0
1348,L48527,0,298.7,310.2,1717,27.3,26,0,0,0,0,0,0
1349,L48528,0,298.7,310.2,1363,45.5,28,0,0,0,0,0,0
1350,L48529,0,298.7,310.2,1402,45.9,30,0,0,0,0,0,0
1351,L48530,0,298.7,310.2,1436,47.5,32,0,0,0,0,0,0
1352,L48531,0,298.7,310.2,1525,43.7,34,0,0,0,0,0,0
1353,M16212,1,298.7,310.2,1598,33.3,36,0,0,0,0,0,0
1354,M16213,1,298.6,310.1,1444,48.1,39,0,0,0,0,0,0
1355,L48534,0,298.6,310.0,1334,48.0,42,0,0,0,0,0,0
1356,M16215,1,298.6,310.0,1681,35.5,44,0,0,0,0,0,0
1357,L48536,0,298.6,309.9,1593,37.4,47,0,0,0,0,0,0
1358,L48537,0,298.6,309.9,1461,45.7,49,0,0,0,0,0,0
1359,M16218,1,298.7,310.1,1693,31.9,51,0,0,0,0,0,0
1360,L48539,0,298.7,310.2,1404,50.3,54,0,0,0,0,0,0
1361,H30774,2,298.8,310.2,1707,27.6,56,0,0,0,0,0,0
1362,M16221,1,298.6,310.1,1458,41.9,61,0,0,0,0,0,0
1363,L48542,0,298.6,310.0,1517,41.2,64,0,0,0,0,0,0
1364,L48543,0,298.7,310.1,1433,54.6,66,0,0,0,0,0,0
1365,L48544,0,298.7,310.2,1566,33.1,68,0,0,0,0,0,0
1366,L48545,0,298.7,310.1,1676,33.5,70,0,0,0,0,0,0
1367,M16226,1,298.7,310.1,1368,56.8,72,0,0,0,0,0,0
1368,M16227,1,298.8,310.2,1581,37.5,75,0,0,0,0,0,0
1369,H30782,2,298.8,310.3,1708,27.1,78,0,0,0,0,0,0
1370,M16229,1,298.7,310.3,1481,41.5,83,0,0,0,0,0,0
1371,L48550,0,298.7,310.3,1451,40.0,86,0,0,0,0,0,0
1372,M16231,1,298.7,310.3,1495,38.7,88,0,0,0,0,0,0
1373,M16232,1,298.8,310.3,1573,41.8,91,0,0,0,0,0,0
1374,M16233,1,298.8,310.3,1366,59.0,94,0,0,0,0,0,0
1375,L48554,0,298.8,310.3,1553,36.8,97,0,0,0,0,0,0
1376,M16235,1,298.8,310.3,1528,37.1,99,0,0,0,0,0,0
1377,M16236,1,298.8,310.2,1527,31.2,102,0,0,0,0,0,0
1378,L48557,0,298.8,310.2,1461,46.7,105,0,0,0,0,0,0
1379,H30792,2,298.8,310.2,1455,44.9,107,0,0,0,0,0,0
1380,L48559,0,298.7,310.1,1620,34.8,112,0,0,0,0,0,0
1381,L48560,0,298.7,310.1,1786,27.7,114,0,0,0,0,0,0
1382,M16241,1,298.8,310.2,1583,35.7,116,0,0,0,0,0,0
1383,L48562,0,298.8,310.1,1653,30.3,119,0,0,0,0,0,0
1384,M16243,1,298.9,310.2,1331,49.0,121,0,0,0,0,0,0
1385,L48564,0,298.9,310.3,1484,43.8,124,0,0,0,0,0,0
1386,M16245,1,298.9,310.2,1603,36.1,126,0,0,0,0,0,0
1387,L48566,0,298.9,310.2,1445,40.0,129,0,0,0,0,0,0
1388,L48567,0,298.9,310.1,1823,26.1,131,0,0,0,0,0,0
1389,H30802,2,298.9,310.1,1491,45.3,133,0,0,0,0,0,0
1390,L48569,0,298.9,310.2,1533,42.8,138,0,0,0,0,0,0
1391,L48570,0,298.9,310.2,1409,54.8,140,0,0,0,0,0,0
1392,L48571,0,298.9,310.2,2737,8.8,142,1,0,0,1,0,0
1393,M16252,1,299.0,310.3,1494,46.6,144,0,0,0,0,0,0
1394,L48573,0,299.1,310.4,1594,33.3,147,0,0,0,0,0,0
1395,L48574,0,299.1,310.4,1527,44.0,149,0,0,0,0,0,0
1396,L48575,0,299.1,310.4,1452,39.7,151,0,0,0,0,0,0
1397,L48576,0,299.0,310.3,1483,39.2,153,0,0,0,0,0,0
1398,L48577,0,299.1,310.2,1569,38.2,155,0,0,0,0,0,0
1399,L48578,0,299.1,310.3,1472,46.6,157,0,0,0,0,0,0
1400,L48579,0,299.0,310.2,1533,43.5,159,0,0,0,0,0,0
1401,H30814,2,298.9,310.1,1366,62.7,161,0,0,0,0,0,0
1402,H30815,2,298.9,310.2,1532,37.7,166,0,0,0,0,0,0
1403,M16262,1,298.9,310.1,1313,56.8,171,0,0,0,0,0,0
1404,L48583,0,299.0,310.2,1372,48.0,174,0,0,0,0,0,0
1405,M16264,1,298.9,310.1,1555,40.6,176,0,0,0,0,0,0
1406,L48585,0,298.9,310.1,1394,42.7,179,0,0,0,0,0,0
1407,L48586,0,298.9,310.1,1442,48.0,181,0,0,0,0,0,0
1408,L48587,0,298.9,310.0,1564,33.8,183,0,0,0,0,0,0
1409,L48588,0,298.9,310.0,1452,48.9,185,0,0,0,0,0,0
1410,L48589,0,298.9,310.1,1466,42.5,187,0,0,0,0,0,0
1411,M16270,1,298.9,310.1,1469,53.2,189,0,0,0,0,0,0
1412,L48591,0,298.9,310.1,1944,23.4,192,0,0,0,0,0,0
1413,M16272,1,298.8,309.9,1415,53.2,194,0,0,0,0,0,0
1414,M16273,1,298.7,309.8,1528,36.7,197,0,0,0,0,0,0
1415,M16274,1,298.7,309.8,1570,42.1,200,0,0,0,0,0,0
1416,L48595,0,298.7,309.9,1617,33.0,203,0,0,0,0,0,0
1417,M16276,1,298.7,309.9,2083,18.2,205,0,0,0,0,0,0
1418,L48597,0,298.7,309.9,1541,38.5,208,0,0,0,0,0,0
1419,L48598,0,298.8,309.9,1320,47.4,210,0,0,0,0,0,0
1420,L48599,0,298.7,309.8,1354,53.3,212,1,0,0,0,1,0
1421,M16280,1,298.8,309.9,1495,35.2,214,0,0,0,0,0,0
1422,L48601,0,298.7,309.8,1589,31.8,217,0,0,0,0,0,0
1423,L48602,0,298.7,309.8,1530,35.5,0,0,0,0,0,0,0
1424,L48603,0,298.7,309.8,1539,33.4,2,0,0,0,0,0,0
1425,L48604,0,298.7,309.7,1462,46.8,4,0,0,0,0,0,0
1426,L48605,0,298.6,309.7,1356,54.0,6,0,0,0,0,0,0
1427,M16286,1,298.7,309.7,1622,34.6,8,0,0,0,0,0,0
1428,L48607,0,298.7,309.8,1394,40.3,11,0,0,0,0,0,0
1429,L48608,0,298.8,309.9,1568,33.7,13,0,0,0,0,0,0
1430,M16289,1,298.9,310.0,1456,43.8,15,0,0,0,0,0,0
1431,L48610,0,298.9,310.0,1378,49.3,18,0,0,0,0,0,0
1432,M16291,1,298.9,309.9,1404,41.4,20,0,0,0,0,0,0
1433,L48612,0,298.8,309.8,1437,42.8,23,0,0,0,0,0,0
1434,L48613,0,298.8,309.8,1363,44.0,25,0,0,0,0,0,0
1435,M16294,1,298.8,309.8,1377,49.6,27,0,0,0,0,0,0
1436,H30849,2,298.8,309.9,1526,42.1,30,0,0,0,0,0,0
1437,H30850,2,298.8,309.8,1510,44.2,35,0,0,0,0,0,0
1439,L48618,0,298.8,309.9,1482,39.1,45,0,0,0,0,0,0
1440,M16299,1,298.8,309.8,1534,37.0,47,0,0,0,0,0,0
1441,M16300,1,298.8,309.9,1741,27.7,50,0,0,0,0,0,0
1442,L48621,0,298.8,309.9,1550,38.8,53,0,0,0,0,0,0
1443,M16302,1,298.8,310.0,1486,38.5,55,0,0,0,0,0,0
1444,L48623,0,298.9,310.1,1602,38.2,58,0,0,0,0,0,0
1445,L48624,0,299.0,310.2,1477,37.9,60,0,0,0,0,0,0
1446,L48625,0,299.0,310.1,1618,29.2,62,0,0,0,0,0,0
1447,M16306,1,299.0,310.2,1628,35.8,64,0,0,0,0,0,0
1448,M16307,1,299.0,310.3,1662,33.6,67,0,0,0,0,0,0
1449,M16308,1,299.0,310.3,1657,31.0,70,0,0,0,0,0,0
1450,H30863,2,299.0,310.4,1677,30.8,73,0,0,0,0,0,0
1451,M16310,1,299.0,310.3,1447,39.9,78,0,0,0,0,0,0
1452,L48631,0,298.9,310.4,1831,25.4,81,0,0,0,0,0,0
1453,L48632,0,299.0,310.3,1584,34.4,83,0,0,0,0,0,0
1454,L48633,0,299.1,310.4,1450,40.9,85,0,0,0,0,0,0
1455,L48634,0,299.1,310.4,1428,46.9,87,0,0,0,0,0,0
1456,L48635,0,299.0,310.4,1382,53.0,89,0,0,0,0,0,0
1457,L48636,0,299.0,310.3,1501,43.0,91,0,0,0,0,0,0
1458,L48637,0,299.0,310.3,1475,42.4,93,0,0,0,0,0,0
1459,L48638,0,298.9,310.3,1364,54.0,95,0,0,0,0,0,0
1460,L48639,0,299.0,310.3,1472,36.1,97,0,0,0,0,0,0
1461,L48640,0,299.0,310.3,1437,47.8,99,0,0,0,0,0,0
1462,L48641,0,298.9,310.2,1491,45.1,101,0,0,0,0,0,0
1463,L48642,0,298.9,310.2,1706,27.6,103,0,0,0,0,0,0
1464,L48643,0,298.8,310.1,1607,39.5,105,0,0,0,0,0,0
1465,L48644,0,298.8,310.0,1412,46.3,107,0,0,0,0,0,0
1466,L48645,0,298.7,309.8,1546,40.9,109,0,0,0,0,0,0
1467,L48646,0,298.7,309.8,1365,50.5,111,0,0,0,0,0,0
1468,L48647,0,298.6,309.8,1544,30.2,113,0,0,0,0,0,0
1469,M16328,1,298.6,309.8,1419,44.9,115,0,0,0,0,0,0
1470,L48649,0,298.6,309.8,1497,41.6,118,0,0,0,0,0,0
1471,L48650,0,298.5,309.7,1437,42.6,120,0,0,0,0,0,0
1472,L48651,0,298.5,309.6,1421,53.6,122,0,0,0,0,0,0
1473,M16332,1,298.5,309.6,1438,44.5,124,0,0,0,0,0,0
1474,M16333,1,298.5,309.5,1315,48.9,127,0,0,0,0,0,0
1475,M16334,1,298.5,309.5,1366,61.9,130,0,0,0,0,0,0
1476,M16335,1,298.4,309.5,1519,35.4,133,0,0,0,0,0,0
1477,L48656,0,298.4,309.5,1692,28.3,136,0,0,0,0,0,0
1478,L48657,0,298.3,309.4,1570,35.6,138,0,0,0,0,0,0
1479,L48658,0,298.3,309.4,1568,35.8,140,0,0,0,0,0,0
1480,L48659,0,298.2,309.3,1355,43.8,142,0,0,0,0,0,0
1481,M16340,1,298.2,309.3,2056,18.7,144,0,0,0,0,0,0
1482,M16341,1,298.2,309.2,1332,60.2,147,0,0,0,0,0,0
1483,M16342,1,298.1,309.1,1448,52.5,150,0,0,0,0,0,0
1484,L48663,0,298.0,308.9,1578,35.6,153,0,0,0,0,0,0
1485,M16344,1,298.0,309.0,1562,39.2,155,0,0,0,0,0,0
1486,M16345,1,298.1,309.0,1976,19.3,158,0,0,0,0,0,0
1487,M16346,1,298.2,309.2,1524,34.6,161,0,0,0,0,0,0
1488,L48667,0,298.2,309.1,1429,48.5,164,0,0,0,0,0,0
1489,L48668,0,298.2,309.1,1568,36.3,166,0,0,0,0,0,0
1490,M16349,1,298.2,309.0,1723,26.6,168,0,0,0,0,0,0
1491,L48670,0,298.2,309.0,1341,43.8,171,0,0,0,0,0,0
1492,M16351,1,298.1,308.9,1353,46.2,173,0,0,0,0,0,0
1493,M16352,1,298.0,308.7,1479,58.5,176,1,0,0,1,0,0
1494,L48673,0,298.0,308.8,1496,44.9,179,0,0,0,0,0,0
1495,M16354,1,298.0,308.7,1377,48.5,181,0,0,0,0,0,0
1496,H30909,2,297.9,308.5,1383,44.6,184,0,0,0,0,0,0
1497,L48676,0,298.0,308.7,1268,69.4,189,1,0,0,1,1,0
1498,L48677,0,298.0,308.7,1629,34.3,191,0,0,0,0,0,0
1499,L48678,0,298.0,308.8,1790,27.2,193,0,0,0,0,0,0
1500,M16359,1,298.1,308.8,2206,16.3,195,0,0,0,0,0,0
1501,M16360,1,298.0,308.7,2101,17.4,198,0,0,0,0,0,0
1502,M16361,1,298.0,308.7,1436,48.2,201,0,0,0,0,0,0
1503,L48682,0,298.0,308.7,1462,48.2,204,0,0,0,0,0,0
1504,L48683,0,298.0,308.7,1771,26.2,206,0,0,0,0,0,0
1505,L48684,0,298.0,308.7,1506,47.0,208,0,0,0,0,0,0
1506,L48685,0,298.0,308.7,1626,36.7,210,0,0,0,0,0,0
1507,L48686,0,298.0,308.8,1610,33.7,212,0,0,0,0,0,0
1508,M16367,1,298.0,308.6,1376,55.7,214,0,0,0,0,0,0
1509,M16368,1,298.0,308.6,1507,37.3,217,0,0,0,0,0,0
1510,L48689,0,298.0,308.5,1429,37.7,220,1,1,0,0,0,0
1511,M16370,1,298.1,308.7,1547,38.9,0,0,0,0,0,0,0
1512,L48691,0,298.1,308.7,1642,30.3,3,0,0,0,0,0,0
1513,H30926,2,298.0,308.7,1503,36.3,5,0,0,0,0,0,0
1514,L48693,0,298.1,308.7,1568,32.9,10,0,0,0,0,0,0
1515,M16374,1,298.1,308.8,1628,37.6,12,0,0,0,0,0,0
1516,M16375,1,298.2,308.9,1614,35.5,15,0,0,0,0,0,0
1517,L48696,0,298.2,308.9,1278,54.0,18,0,0,0,0,0,0
1518,M16377,1,298.2,308.9,1408,38.8,20,0,0,0,0,0,0
1519,H30932,2,298.2,309.0,1371,55.7,23,0,0,0,0,0,0
1520,M16379,1,298.2,308.9,1512,38.5,28,0,0,0,0,0,0
1521,L48700,0,298.3,309.1,1472,40.1,31,0,0,0,0,0,0
1522,M16381,1,298.2,308.9,1585,34.3,33,0,0,0,0,0,0
1523,H30936,2,298.2,309.0,1562,37.7,36,0,0,0,0,0,0
1524,L48703,0,298.3,309.0,1519,36.9,41,0,0,0,0,0,0
1525,L48704,0,298.2,309.0,1601,35.8,43,0,0,0,0,0,0
1526,L48705,0,298.2,309.0,2449,13.8,45,0,0,0,0,0,0
1527,L48706,0,298.1,309.0,1787,27.6,47,0,0,0,0,0,0
1528,H30941,2,298.1,309.1,1425,44.5,49,0,0,0,0,0,0
1529,L48708,0,298.1,309.0,1559,34.0,54,0,0,0,0,0,0
1530,L48709,0,298.1,309.0,1557,36.0,56,0,0,0,0,0,0
1531,L48710,0,298.1,309.0,1497,40.5,58,0,0,0,0,0,0
1532,H30945,2,298.1,309.0,1438,41.4,60,0,0,0,0,0,0
1533,M16392,1,298.1,308.9,1417,39.2,65,0,0,0,0,0,0
1534,M16393,1,298.0,308.9,1339,51.4,68,0,0,0,0,0,0
1535,L48714,0,298.0,308.8,1757,29.1,71,0,0,0,0,0,0
1536,L48715,0,298.0,308.8,1581,36.1,73,0,0,0,0,0,0
1537,M16396,1,298.2,308.9,1326,54.4,75,0,0,0,0,0,0
1538,M16397,1,298.4,309.1,1467,39.6,78,0,0,0,0,0,0
1539,L48718,0,298.4,309.1,1798,29.6,81,0,0,0,0,0,0
1540,M16399,1,298.5,309.2,1449,46.4,83,0,0,0,0,0,0
1541,M16400,1,298.4,309.1,1525,39.3,86,0,0,0,0,0,0
1542,L48721,0,298.4,309.0,2304,15.1,89,0,0,0,0,0,0
1543,L48722,0,298.3,308.9,1379,54.7,91,0,0,0,0,0,0
1544,L48723,0,298.4,308.9,1628,34.9,93,0,0,0,0,0,0
1545,L48724,0,298.4,309.0,1474,52.7,95,0,0,0,0,0,0
1546,M16405,1,298.4,309.0,1544,38.8,97,0,0,0,0,0,0
1547,L48726,0,298.4,308.9,1391,48.4,100,0,0,0,0,0,0
1548,L48727,0,298.3,308.9,1348,55.5,102,0,0,0,0,0,0
1549,M16408,1,298.3,308.8,1349,52.1,104,0,0,0,0,0,0
1550,L48729,0,298.4,308.9,1706,29.5,107,0,0,0,0,0,0
1551,L48730,0,298.4,308.9,1638,32.4,109,0,0,0,0,0,0
1552,L48731,0,298.4,308.8,1458,40.1,111,0,0,0,0,0,0
1553,L48732,0,298.5,308.9,1781,27.8,113,0,0,0,0,0,0
1554,L48733,0,298.5,308.8,1332,59.1,115,0,0,0,0,0,0
1555,M16414,1,298.4,308.7,1584,31.7,117,0,0,0,0,0,0
1556,L48735,0,298.4,308.6,1491,42.0,120,0,0,0,0,0,0
1557,H30970,2,298.4,308.5,1398,47.1,122,0,0,0,0,0,0
1558,L48737,0,298.3,308.4,1585,30.6,127,0,0,0,0,0,0
1559,M16418,1,298.2,308.3,1476,43.5,129,0,0,0,0,0,0
1560,L48739,0,298.2,308.3,1458,41.8,132,0,0,0,0,0,0
1561,M16420,1,298.2,308.4,1510,39.9,134,0,0,0,0,0,0
1562,L48741,0,298.2,308.4,1388,53.8,137,0,0,0,0,0,0
1563,L48742,0,298.2,308.3,2216,16.8,139,0,0,0,0,0,0
1564,L48743,0,298.2,308.3,1402,51.0,141,0,0,0,0,0,0
1565,M16424,1,298.0,308.2,2090,19.0,143,0,0,0,0,0,0
1566,L48745,0,298.0,308.2,1459,42.1,146,0,0,0,0,0,0
1567,M16426,1,298.0,308.1,1403,44.8,148,0,0,0,0,0,0
1568,L48747,0,298.1,308.2,1521,39.3,151,0,0,0,0,0,0
1569,L48748,0,298.2,308.2,1407,47.1,153,0,0,0,0,0,0
1570,M16429,1,298.1,308.2,1654,35.3,155,0,0,0,0,0,0
1571,L48750,0,298.2,308.4,1452,43.5,158,0,0,0,0,0,0
1572,L48751,0,298.3,308.4,1528,37.3,160,0,0,0,0,0,0
1573,L48752,0,298.2,308.3,1230,59.6,162,0,0,0,0,0,0
1574,L48753,0,298.2,308.2,1466,42.4,164,0,0,0,0,0,0
1575,L48754,0,298.2,308.2,1478,50.1,166,0,0,0,0,0,0
1576,L48755,0,298.2,308.3,2057,18.0,168,0,0,0,0,0,0
1577,L48756,0,298.3,308.4,1490,41.7,170,0,0,0,0,0,0
1578,L48757,0,298.3,308.4,1484,43.4,172,0,0,0,0,0,0
1579,L48758,0,298.3,308.4,1593,37.0,174,0,0,0,0,0,0
1580,L48759,0,298.3,308.3,1444,43.8,176,0,0,0,0,0,0
1581,M16440,1,298.3,308.4,1444,47.5,178,0,0,0,0,0,0
1582,M16441,1,298.2,308.3,1560,33.0,181,0,0,0,0,0,0
1583,H30996,2,298.1,308.3,1530,42.0,184,0,0,0,0,0,0
1584,L48763,0,298.2,308.4,1310,61.0,189,1,0,0,0,1,0
1585,M16444,1,298.2,308.3,1639,33.3,191,0,0,0,0,0,0
1586,L48765,0,298.2,308.3,1400,48.7,194,0,0,0,0,0,0
1587,M16446,1,298.3,308.4,1486,44.2,196,0,0,0,0,0,0
1588,M16447,1,298.2,308.3,1448,43.3,199,0,0,0,0,0,0
1589,L48768,0,298.2,308.3,1688,32.0,202,0,0,0,0,0,0
1590,M16449,1,298.1,308.3,1453,41.5,204,0,0,0,0,0,0
1591,L48770,0,298.2,308.4,1497,37.7,207,0,0,0,0,0,0
1592,L48771,0,298.2,308.4,1355,49.4,209,0,0,0,0,0,0
1593,L48772,0,298.1,308.4,1592,38.2,211,0,0,0,0,0,0
1594,L48773,0,298.0,308.3,1544,34.7,213,0,0,0,0,0,0
1595,M16454,1,298.0,308.2,1373,51.2,215,0,0,0,0,0,0
1596,L48775,0,298.0,308.2,1365,52.9,218,1,0,0,0,1,0
1597,L48776,0,298.0,308.1,1877,24.3,0,0,0,0,0,0,0
1598,L48777,0,297.9,308.1,1531,40.8,2,0,0,0,0,0,0
1599,L48778,0,297.9,308.0,1501,36.7,4,0,0,0,0,0,0
1600,L48779,0,297.9,308.0,1490,46.2,6,0,0,0,0,0,0
1601,M16460,1,297.8,307.8,1543,43.7,8,0,0,0,0,0,0
1602,L48781,0,297.8,307.8,1597,38.2,11,0,0,0,0,0,0
1603,H31016,2,297.8,307.9,1600,33.5,13,0,0,0,0,0,0
1604,M16463,1,297.8,307.8,1622,32.1,18,0,0,0,0,0,0
1605,L48784,0,297.8,307.8,1452,39.8,21,0,0,0,0,0,0
1606,L48785,0,297.8,307.8,1396,42.5,23,0,0,0,0,0,0
1607,L48786,0,297.8,307.7,1505,39.7,25,0,0,0,0,0,0
1608,L48787,0,297.8,307.8,1412,48.3,27,0,0,0,0,0,0
1609,L48788,0,297.8,307.7,1393,38.0,29,0,0,0,0,0,0
1610,L48789,0,297.7,307.7,1581,34.9,31,0,0,0,0,0,0
1611,L48790,0,297.8,307.8,1573,37.9,33,0,0,0,0,0,0
1612,M16471,1,297.8,307.9,1726,27.3,35,0,0,0,0,0,0
1613,M16472,1,297.9,307.9,1540,39.8,38,0,0,0,0,0,0
1614,L48793,0,297.9,308.0,1296,62.9,41,0,0,0,0,0,0
1615,M16474,1,297.8,307.9,1802,25.8,43,0,0,0,0,0,0
1616,L48795,0,297.8,307.9,1447,48.6,46,0,0,0,0,0,0
1617,H31030,2,297.8,307.8,1662,30.7,48,0,0,0,0,0,0
1618,L48797,0,297.8,307.8,1563,34.3,53,0,0,0,0,0,0
1619,L48798,0,297.9,307.8,1286,59.5,55,0,0,0,0,0,0
1620,L48799,0,297.9,307.7,1590,34.6,57,0,0,0,0,0,0
1621,L48800,0,297.9,307.7,1492,43.7,59,0,0,0,0,0,0
1622,L48801,0,297.7,307.6,1844,21.9,61,0,0,0,0,0,0
1623,H31036,2,297.7,307.6,1538,38.3,63,0,0,0,0,0,0
1624,L48803,0,297.7,307.6,1921,22.9,68,0,0,0,0,0,0
1625,M16484,1,297.8,307.8,1310,57.9,70,0,0,0,0,0,0
1626,L48805,0,297.9,307.8,1365,46.9,73,0,0,0,0,0,0
1627,M16486,1,297.9,307.8,1303,59.3,75,0,0,0,0,0,0
1628,L48807,0,297.9,307.8,1499,37.5,78,0,0,0,0,0,0
1629,L48808,0,297.9,307.8,1451,38.2,80,0,0,0,0,0,0
1630,M16489,1,297.9,307.9,1336,54.4,82,0,0,0,0,0,0
1631,L48810,0,297.9,307.9,1412,44.5,85,0,0,0,0,0,0
1632,L48811,0,298.0,308.0,1433,39.2,87,0,0,0,0,0,0
1633,L48812,0,297.9,307.9,1426,43.6,89,0,0,0,0,0,0
1634,L48813,0,297.9,307.9,1476,45.2,91,0,0,0,0,0,0
1635,H31048,2,297.9,307.9,1406,58.5,93,0,0,0,0,0,0
1636,L48815,0,297.8,307.8,1383,56.5,98,0,0,0,0,0,0
1637,L48816,0,297.9,307.8,1505,37.3,100,0,0,0,0,0,0
1638,L48817,0,297.9,307.8,1665,33.9,102,0,0,0,0,0,0
1639,L48818,0,297.9,307.8,1397,45.0,104,0,0,0,0,0,0
1640,M16499,1,297.9,307.8,1450,43.5,106,0,0,0,0,0,0
1641,L48820,0,298.0,307.8,1567,36.4,109,0,0,0,0,0,0
1642,M16501,1,298.0,308.0,1555,37.0,111,0,0,0,0,0,0
1643,H31056,2,298.0,307.8,1588,35.4,114,0,0,0,0,0,0
1644,L48823,0,298.0,307.8,1453,37.7,119,0,0,0,0,0,0
1645,L48824,0,298.0,307.8,1622,33.3,121,0,0,0,0,0,0
1646,L48825,0,297.9,307.8,1538,38.5,123,0,0,0,0,0,0
1647,M16506,1,297.9,307.7,1527,42.8,125,0,0,0,0,0,0
1648,L48827,0,297.8,307.8,1761,28.9,128,0,0,0,0,0,0
1649,L48828,0,297.9,307.8,1373,50.2,130,0,0,0,0,0,0
1650,H31063,2,298.0,307.9,1482,37.8,132,0,0,0,0,0,0
1651,M16510,1,298.0,307.9,1417,51.0,137,0,0,0,0,0,0
1652,L48831,0,298.0,307.8,1414,51.7,140,0,0,0,0,0,0
1653,H31066,2,297.9,307.8,1635,34.0,142,0,0,0,0,0,0
1654,L48833,0,298.0,307.8,1386,57.3,147,0,0,0,0,0,0
1655,L48834,0,298.2,308.1,1379,62.3,149,0,0,0,0,0,0
1656,M16515,1,298.2,308.0,1577,35.9,151,0,0,0,0,0,0
1657,L48836,0,298.2,308.1,1532,42.5,154,0,0,0,0,0,0
1658,M16517,1,298.1,308.0,1374,48.8,156,0,0,0,0,0,0
1659,H31072,2,298.1,308.0,1570,35.3,159,0,0,0,0,0,0
1660,L48839,0,298.1,308.0,1697,31.0,164,0,0,0,0,0,0
1661,L48840,0,298.2,308.0,1499,44.1,166,0,0,0,0,0,0
1662,M16521,1,298.2,308.0,1411,47.2,168,0,0,0,0,0,0
1663,H31076,2,298.2,307.9,1462,45.5,171,0,0,0,0,0,0
1664,M16523,1,298.1,307.9,1759,28.6,176,0,0,0,0,0,0
1665,L48844,0,298.2,308.0,1535,38.0,179,0,0,0,0,0,0
1666,H31079,2,298.2,307.9,1491,39.7,181,0,0,0,0,0,0
1667,L48846,0,298.2,307.9,1551,36.0,186,0,0,0,0,0,0
1668,L48847,0,298.2,307.9,1769,27.2,188,0,0,0,0,0,0
1669,L48848,0,298.2,307.9,1551,34.1,190,0,0,0,0,0,0
1670,L48849,0,298.2,307.9,1544,31.4,192,0,0,0,0,0,0
1671,L48850,0,298.2,307.8,1528,31.1,194,0,0,0,0,0,0
1672,L48851,0,298.1,307.9,1614,35.8,196,0,0,0,0,0,0
1673,L48852,0,298.1,307.8,1432,49.8,198,0,0,0,0,0,0
1674,M16533,1,298.1,307.8,1384,43.7,200,0,0,0,0,0,0
1675,L48854,0,298.1,307.8,1540,37.8,203,0,0,0,0,0,0
1676,L48855,0,298.0,307.7,1407,43.9,205,0,0,0,0,0,0
1677,H31090,2,297.9,307.6,1418,43.0,207,0,0,0,0,0,0
1678,M16537,1,297.9,307.5,1647,30.8,212,0,0,0,0,0,0
1679,L48858,0,298.0,307.5,1644,32.8,215,0,0,0,0,0,0
1680,L48859,0,298.0,307.5,1792,27.9,217,0,0,0,0,0,0
1681,M16540,1,297.9,307.4,1610,34.6,219,0,0,0,0,0,0
1682,M16541,1,297.8,307.3,1804,26.0,222,0,0,0,0,0,0
1683,H31096,2,297.9,307.4,1604,36.1,225,1,1,0,0,0,0
1684,M16543,1,297.9,307.4,1403,52.8,0,0,0,0,0,0,0
1685,L48864,0,297.8,307.3,1438,44.5,3,0,0,0,0,0,0
1686,L48865,0,297.9,307.3,1824,26.3,5,0,0,0,0,0,0
1687,H31100,2,297.9,307.3,1663,28.7,7,0,0,0,0,0,0
1688,L48867,0,297.9,307.3,1502,36.7,12,0,0,0,0,0,0
1689,L48868,0,297.9,307.4,1606,35.5,14,0,0,0,0,0,0
1690,L48869,0,297.9,307.5,1561,37.7,16,0,0,0,0,0,0
1691,M16550,1,297.9,307.4,1435,42.9,18,0,0,0,0,0,0
1692,L48871,0,297.9,307.5,1602,38.3,21,0,0,0,0,0,0
1693,M16552,1,298.1,307.6,1764,27.7,23,0,0,0,0,0,0
1694,H31107,2,298.0,307.5,1683,27.8,26,0,0,0,0,0,0
1695,L48874,0,298.0,307.5,1618,35.2,31,0,0,0,0,0,0
1696,L48875,0,298.0,307.6,1509,41.6,33,0,0,0,0,0,0
1697,L48876,0,297.9,307.6,1550,39.0,35,0,0,0,0,0,0
1698,M16557,1,297.9,307.6,1519,44.0,37,0,0,0,0,0,0
1699,L48878,0,297.9,307.6,1481,38.0,40,0,0,0,0,0,0
1700,L48879,0,298.1,307.7,1289,48.3,42,0,0,0,0,0,0
1701,M16560,1,298.0,307.6,1844,23.8,44,0,0,0,0,0,0
1702,L48881,0,298.0,307.7,1479,42.5,47,0,0,0,0,0,0
1703,L48882,0,298.0,307.7,1430,47.3,49,0,0,0,0,0,0
1704,M16563,1,298.1,307.8,1636,36.7,51,0,0,0,0,0,0
1705,M16564,1,298.1,307.8,1503,44.7,54,0,0,0,0,0,0
1706,M16565,1,298.1,307.8,1608,32.6,57,0,0,0,0,0,0
1707,L48886,0,298.2,307.8,1521,42.9,60,0,0,0,0,0,0
1708,L48887,0,298.2,307.8,1439,41.6,62,0,0,0,0,0,0
1709,L48888,0,298.2,307.8,1627,31.5,64,0,0,0,0,0,0
1710,L48889,0,298.2,307.8,1749,26.1,66,0,0,0,0,0,0
1711,L48890,0,298.2,307.8,1530,35.9,68,0,0,0,0,0,0
1712,L48891,0,298.2,307.8,1355,51.3,70,0,0,0,0,0,0
1713,L48892,0,298.3,307.9,1551,33.8,72,0,0,0,0,0,0
1714,L48893,0,298.2,307.8,1515,46.7,74,0,0,0,0,0,0
1715,L48894,0,298.2,307.8,1388,48.6,76,0,0,0,0,0,0
1716,L48895,0,298.2,307.8,1585,34.6,78,0,0,0,0,0,0
1717,L48896,0,298.1,307.7,1523,37.7,80,0,0,0,0,0,0
1718,L48897,0,298.2,307.6,1369,54.5,82,0,0,0,0,0,0
1719,M16578,1,298.2,307.7,1681,31.0,84,0,0,0,0,0,0
1720,L48899,0,298.2,307.7,1503,38.3,87,0,0,0,0,0,0
1721,L48900,0,298.2,307.7,1459,44.5,89,0,0,0,0,0,0
1722,L48901,0,298.2,307.7,1688,32.4,91,0,0,0,0,0,0
1723,M16582,1,298.2,307.7,1952,21.6,93,0,0,0,0,0,0
1724,L48903,0,298.2,307.8,2029,19.9,96,0,0,0,0,0,0
1725,M16584,1,298.3,307.8,1457,52.5,98,0,0,0,0,0,0
1726,M16585,1,298.3,307.8,1392,50.4,101,0,0,0,0,0,0
1727,L48906,0,298.3,307.8,1906,22.1,104,0,0,0,0,0,0
1728,M16587,1,298.3,307.7,1602,33.4,106,0,0,0,0,0,0
1729,L48908,0,298.3,307.7,1465,49.4,109,0,0,0,0,0,0
1730,M16589,1,298.3,307.7,1439,43.8,111,0,0,0,0,0,0
1731,M16590,1,298.3,307.8,1330,55.4,114,0,0,0,0,0,0
1732,M16591,1,298.3,307.9,1485,42.0,117,0,0,0,0,0,0
1733,H31146,2,298.4,307.9,1700,28.2,120,0,0,0,0,0,0
1734,L48913,0,298.4,308.0,1515,42.8,125,0,0,0,0,0,0
1735,M16594,1,298.5,308.1,1501,39.2,127,0,0,0,0,0,0
1736,L48915,0,298.4,308.0,1380,47.6,130,0,0,0,0,0,0
1737,L48916,0,298.4,307.9,1544,35.9,132,0,0,0,0,0,0
1738,L48917,0,298.4,307.9,1743,27.3,134,0,0,0,0,0,0
1739,H31152,2,298.4,307.9,1948,21.4,136,0,0,0,0,0,0
1740,H31153,2,298.5,307.9,1260,54.2,141,0,0,0,0,0,0
1741,M16600,1,298.5,307.9,1640,33.1,146,0,0,0,0,0,0
1742,M16601,1,298.5,308.0,1363,49.2,149,0,0,0,0,0,0
1743,L48922,0,298.5,308.0,1379,49.6,152,0,0,0,0,0,0
1744,M16603,1,298.5,308.0,1713,25.8,154,0,0,0,0,0,0
1745,M16604,1,298.5,308.0,1461,51.9,157,0,0,0,0,0,0
1746,L48925,0,298.5,308.0,1624,29.8,160,0,0,0,0,0,0
1747,L48926,0,298.4,308.0,1526,41.1,162,0,0,0,0,0,0
1748,L48927,0,298.4,307.9,2381,14.2,164,0,0,0,0,0,0
1750,L48929,0,298.3,307.7,1576,33.8,171,0,0,0,0,0,0
1751,M16610,1,298.4,307.8,1617,31.6,173,0,0,0,0,0,0
1752,L48931,0,298.3,307.6,1942,20.6,176,0,0,0,0,0,0
1753,L48932,0,298.2,307.6,1492,37.2,178,0,0,0,0,0,0
1754,L48933,0,298.2,307.5,1470,51.3,180,0,0,0,0,0,0
1755,M16614,1,298.0,307.4,1463,46.5,182,0,0,0,0,0,0
1756,L48935,0,298.0,307.3,1424,46.5,185,0,0,0,0,0,0
1757,M16616,1,298.1,307.4,1363,60.1,187,0,0,0,0,0,0
1758,M16617,1,298.1,307.4,1335,56.2,190,0,0,0,0,0,0
1759,L48938,0,298.1,307.4,1608,33.9,193,0,0,0,0,0,0
1760,H31173,2,298.0,307.4,1606,35.2,195,0,0,0,0,0,0
1761,L48940,0,298.1,307.5,1684,33.1,200,0,0,0,0,0,0
1762,L48941,0,298.1,307.6,1950,20.3,202,0,0,0,0,0,0
1763,H31176,2,298.2,307.6,1460,48.6,204,0,0,0,0,0,0
1764,L48943,0,298.2,307.6,1511,31.0,209,1,1,0,0,0,0
1765,H31178,2,298.2,307.6,1318,55.7,0,0,0,0,0,0,0
1766,L48945,0,298.2,307.6,1368,51.8,5,0,0,0,0,0,0
1767,M16626,1,298.3,307.7,1717,27.1,7,0,0,0,0,0,0
1768,M16627,1,298.3,307.7,1520,41.4,10,0,0,0,0,0,0
1769,M16628,1,298.3,307.8,1485,42.0,13,0,0,0,0,0,0
1770,L48949,0,298.4,307.9,1981,23.2,16,0,0,0,0,0,0
1771,H31184,2,298.4,307.9,1605,31.0,18,0,0,0,0,0,0
1772,L48951,0,298.4,307.9,1446,45.3,23,0,0,0,0,0,0
1773,L48952,0,298.4,308.0,1508,47.9,25,0,0,0,0,0,0
1774,L48953,0,298.5,308.0,1384,59.5,27,0,0,0,0,0,0
1775,M16634,1,298.5,308.0,1519,37.3,29,0,0,0,0,0,0
1776,L48955,0,298.5,308.0,1404,48.1,32,0,0,0,0,0,0
1777,L48956,0,298.5,308.1,1564,31.1,34,0,0,0,0,0,0
1778,H31191,2,298.6,308.2,1555,36.8,36,0,0,0,0,0,0
1779,L48958,0,298.6,308.2,1325,54.0,41,0,0,0,0,0,0
1780,M16639,1,298.6,308.2,1488,44.0,43,0,0,0,0,0,0
1781,L48960,0,298.5,308.2,1595,32.3,46,0,0,0,0,0,0
1782,L48961,0,298.5,308.1,1662,28.6,48,0,0,0,0,0,0
1783,L48962,0,298.4,308.0,1571,37.4,50,0,0,0,0,0,0
1784,H31197,2,298.3,308.0,1553,41.0,52,0,0,0,0,0,0
1785,L48964,0,298.3,308.0,2886,3.8,57,1,0,0,1,0,0
1786,L48965,0,298.2,308.0,1538,38.2,59,0,0,0,0,0,0
1787,L48966,0,298.4,308.2,1618,33.0,61,0,0,0,0,0,0
1788,L48967,0,298.4,308.2,1364,45.9,63,0,0,0,0,0,0
1789,L48968,0,298.3,308.0,1442,47.3,65,0,0,0,0,0,0
1790,L48969,0,298.2,307.9,1313,67.3,67,1,0,0,1,0,0
1791,L48970,0,298.2,307.9,1847,23.6,69,0,0,0,0,0,0
1792,L48971,0,298.1,307.8,1524,40.8,71,0,0,0,0,0,0
1793,M16652,1,298.1,307.7,1445,48.0,73,0,0,0,0,0,0
1794,L48973,0,298.1,307.8,1761,28.2,76,0,0,0,0,0,0
1795,M16654,1,298.1,307.8,1514,43.5,78,0,0,0,0,0,0
1796,M16655,1,298.1,307.7,1498,38.3,81,0,0,0,0,0,0
1797,H31210,2,298.1,307.6,1542,37.1,84,0,0,0,0,0,0
1798,M16657,1,298.0,307.6,1508,41.8,89,0,0,0,0,0,0
1799,M16658,1,298.0,307.5,1431,52.9,92,0,0,0,0,0,0
1800,M16659,1,298.0,307.5,1427,45.1,95,0,0,0,0,0,0
1801,M16660,1,298.0,307.5,1524,36.3,98,0,0,0,0,0,0
1802,M16661,1,298.0,307.5,1427,43.6,101,0,0,0,0,0,0
1803,H31216,2,298.1,307.6,1496,44.1,104,0,0,0,0,0,0
1804,L48983,0,298.1,307.7,1388,40.3,109,0,0,0,0,0,0
1805,L48984,0,298.1,307.7,1495,48.1,111,0,0,0,0,0,0
1806,H31219,2,298.1,307.7,1376,56.2,113,0,0,0,0,0,0
1807,H31220,2,298.0,307.6,1593,32.2,118,0,0,0,0,0,0
1808,L48987,0,298.0,307.6,1654,28.9,123,0,0,0,0,0,0
1809,L48988,0,298.1,307.7,2567,12.8,125,1,0,0,1,0,0
1810,L48989,0,298.1,307.7,1767,27.0,127,0,0,0,0,0,0
1811,L48990,0,298.1,307.6,1364,53.8,129,0,0,0,0,0,0
1812,M16671,1,298.1,307.8,1569,31.2,131,0,0,0,0,0,0
1813,L48992,0,298.2,307.8,1476,36.8,134,0,0,0,0,0,0
1814,L48993,0,298.1,307.7,1479,45.0,136,0,0,0,0,0,0
1815,L48994,0,298.1,307.7,1650,34.1,138,0,0,0,0,0,0
1816,M16675,1,298.1,307.6,1565,36.3,140,0,0,0,0,0,0
1817,L48996,0,298.1,307.6,1460,46.5,143,0,0,0,0,0,0
1818,L48997,0,298.1,307.7,1664,27.6,145,0,0,0,0,0,0
1819,M16678,1,298.1,307.7,1435,40.9,147,0,0,0,0,0,0
1820,M16679,1,298.1,307.6,2066,19.2,150,0,0,0,0,0,0
1821,L49000,0,298.1,307.5,1493,43.7,153,0,0,0,0,0,0
1822,L49001,0,298.1,307.6,1354,43.3,155,0,0,0,0,0,0
1823,L49002,0,298.1,307.6,1488,39.4,157,0,0,0,0,0,0
1824,L49003,0,298.1,307.7,1414,48.7,159,0,0,0,0,0,0
1825,L49004,0,298.1,307.5,1391,57.4,161,0,0,0,0,0,0
1826,M16685,1,298.0,307.5,1784,27.8,163,0,0,0,0,0,0
1827,H31240,2,297.8,307.3,1516,40.1,166,0,0,0,0,0,0
1828,M16687,1,297.9,307.3,1420,47.8,171,0,0,0,0,0,0
1829,L49008,0,297.8,307.2,1351,56.3,174,0,0,0,0,0,0
1830,L49009,0,297.8,307.2,1880,23.0,176,0,0,0,0,0,0
1831,L49010,0,297.8,307.3,1859,24.0,178,0,0,0,0,0,0
1832,M16691,1,297.8,307.3,1315,54.0,180,0,0,0,0,0,0
1833,M16692,1,297.8,307.4,1330,51.7,183,0,0,0,0,0,0
1834,L49013,0,297.8,307.3,1327,61.0,186,1,0,0,0,1,0
1835,L49014,0,297.8,307.2,1498,38.1,188,0,0,0,0,0,0
1836,H31249,2,297.8,307.3,1555,35.8,190,0,0,0,0,0,0
1837,L49016,0,297.7,307.2,1518,35.8,195,0,0,0,0,0,0
1838,L49017,0,297.7,307.2,1392,43.0,197,0,0,0,0,0,0
1839,M16698,1,297.8,307.2,1456,39.6,199,0,0,0,0,0,0
1840,L49019,0,297.7,307.1,1715,30.2,0,0,0,0,0,0,0
1841,M16700,1,297.7,307.2,1405,43.7,2,0,0,0,0,0,0
1842,L49021,0,297.7,307.2,1668,37.8,5,0,0,0,0,0,0
1843,H31256,2,297.7,307.1,1855,22.5,7,0,0,0,0,0,0
1844,L49023,0,297.6,307.1,1496,39.2,12,0,0,0,0,0,0
1845,M16704,1,297.6,307.1,1471,44.9,14,0,0,0,0,0,0
1846,L49025,0,297.7,307.2,1444,40.0,17,0,0,0,0,0,0
1847,H31260,2,297.7,307.3,1514,38.6,19,0,0,0,0,0,0
1848,L49027,0,297.8,307.3,1412,50.7,24,0,0,0,0,0,0
1849,H31262,2,297.7,307.2,1429,44.1,26,0,0,0,0,0,0
1850,L49029,0,297.7,307.2,1668,32.7,31,0,0,0,0,0,0
1851,M16710,1,297.7,307.2,1372,52.8,33,0,0,0,0,0,0
1852,M16711,1,297.7,307.3,1365,49.2,36,0,0,0,0,0,0
1853,M16712,1,297.6,307.1,1526,39.1,39,0,0,0,0,0,0
1854,L49033,0,297.6,307.2,1486,40.6,42,0,0,0,0,0,0
1855,M16714,1,297.6,307.2,1470,42.6,44,0,0,0,0,0,0
1856,H31269,2,297.7,307.3,1249,62.8,47,0,0,0,0,0,0
1857,M16716,1,297.8,307.4,1752,26.1,52,0,0,0,0,0,0
1858,L49037,0,297.7,307.4,1643,36.5,55,0,0,0,0,0,0
1859,M16718,1,297.8,307.4,1488,36.1,57,0,0,0,0,0,0
1860,L49039,0,297.8,307.4,1355,45.8,60,0,0,0,0,0,0
1861,L49040,0,297.8,307.6,1607,30.3,62,0,0,0,0,0,0
1862,M16721,1,297.9,307.6,1609,30.3,64,0,0,0,0,0,0
1863,L49042,0,297.9,307.7,1517,44.4,67,0,0,0,0,0,0
1864,M16723,1,297.9,307.7,1517,39.5,69,0,0,0,0,0,0
1865,L49044,0,297.9,307.7,1546,37.6,72,0,0,0,0,0,0
1866,L49045,0,297.9,307.7,1567,34.7,74,0,0,0,0,0,0
1867,M16726,1,298.1,307.9,1662,28.9,76,0,0,0,0,0,0
1868,L49047,0,298.1,307.9,1502,41.8,79,0,0,0,0,0,0
1869,L49048,0,298.3,308.0,1361,56.9,81,0,0,0,0,0,0
1870,M16729,1,298.3,308.1,1630,32.7,83,0,0,0,0,0,0
1871,L49050,0,298.3,308.0,1486,42.3,86,0,0,0,0,0,0
1872,L49051,0,298.3,308.1,1840,21.5,88,0,0,0,0,0,0
1873,L49052,0,298.3,308.1,1326,58.4,90,0,0,0,0,0,0
1874,L49053,0,298.4,308.1,1367,57.8,92,0,0,0,0,0,0
1875,L49054,0,298.4,308.1,1598,32.7,94,0,0,0,0,0,0
1876,L49055,0,298.3,308.0,1363,50.1,96,0,0,0,0,0,0
1877,L49056,0,298.3,308.0,1242,62.0,98,0,0,0,0,0,0
1878,M16737,1,298.2,307.8,1566,33.8,100,0,0,0,0,0,0
1879,M16738,1,298.1,307.7,1424,47.7,103,0,0,0,0,0,0
1880,M16739,1,298.2,307.7,1608,33.8,106,0,0,0,0,0,0
1881,L49060,0,298.1,307.7,1705,29.1,109,0,0,0,0,0,0
1882,L49061,0,298.0,307.6,1548,45.8,111,0,0,0,0,0,0
1883,M16742,1,298.0,307.6,1581,43.4,113,0,0,0,0,0,0
1884,M16743,1,298.0,307.6,1472,46.7,116,0,0,0,0,0,0
1885,M16744,1,298.0,307.6,1792,26.0,119,0,0,0,0,0,0
1886,L49065,0,298.0,307.6,1683,32.8,122,0,0,0,0,0,0
1887,L49066,0,297.9,307.6,1503,40.7,124,0,0,0,0,0,0
1888,M16747,1,297.9,307.5,1642,32.4,126,0,0,0,0,0,0
1889,M16748,1,297.8,307.4,1902,24.3,129,0,0,0,0,0,0
1890,H31303,2,297.7,307.4,1432,40.2,132,0,0,0,0,0,0
1891,L49070,0,297.8,307.4,1512,40.8,137,0,0,0,0,0,0
1892,L49071,0,297.7,307.4,1764,29.0,139,0,0,0,0,0,0
1893,M16752,1,297.8,307.4,1438,43.6,141,0,0,0,0,0,0
1894,L49073,0,297.8,307.5,1631,29.9,144,0,0,0,0,0,0
1895,H31308,2,297.9,307.5,1880,23.3,146,0,0,0,0,0,0
1896,L49075,0,297.9,307.6,1344,54.3,151,0,0,0,0,0,0
1897,L49076,0,297.9,307.5,1574,35.8,153,0,0,0,0,0,0
1898,L49077,0,297.8,307.4,1418,41.2,155,0,0,0,0,0,0
1899,L49078,0,297.8,307.5,1372,54.1,157,0,0,0,0,0,0
1900,L49079,0,297.8,307.5,1388,40.0,159,0,0,0,0,0,0
1901,H31314,2,297.9,307.6,1493,36.0,161,0,0,0,0,0,0
1902,M16761,1,297.9,307.6,1505,40.1,166,0,0,0,0,0,0
1903,L49082,0,298.0,307.6,1694,29.1,169,0,0,0,0,0,0
1904,L49083,0,297.9,307.6,1968,20.4,171,0,0,0,0,0,0
1905,M16764,1,298.0,307.6,1569,35.6,173,0,0,0,0,0,0
1906,L49085,0,297.9,307.6,1687,29.1,176,0,0,0,0,0,0
1907,L49086,0,297.9,307.6,1430,52.4,178,0,0,0,0,0,0
1908,L49087,0,297.9,307.6,1504,42.4,180,0,0,0,0,0,0
1909,L49088,0,297.9,307.6,1977,20.2,182,0,0,0,0,0,0
1910,L49089,0,298.0,307.7,1435,45.6,184,0,0,0,0,0,0
1911,H31324,2,298.0,307.7,1547,36.8,186,0,0,0,0,0,0
1912,M16771,1,298.1,307.8,1316,57.2,191,0,0,0,0,0,0
1913,M16772,1,298.0,307.7,1621,34.9,194,0,0,0,0,0,0
1914,M16773,1,298.0,307.8,1492,40.2,197,0,0,0,0,0,0
1915,L49094,0,298.0,307.7,1643,32.3,200,0,0,0,0,0,0
1916,L49095,0,298.0,307.7,1492,38.7,202,0,0,0,0,0,0
1917,L49096,0,298.0,307.7,1387,50.8,204,0,0,0,0,0,0
1918,M16777,1,298.1,307.9,1463,47.3,206,0,0,0,0,0,0
1919,M16778,1,298.1,307.9,1496,40.0,0,0,0,0,0,0,0
1920,L49099,0,298.2,308.0,1658,30.0,3,0,0,0,0,0,0
1921,L49100,0,298.1,307.9,2161,17.5,5,0,0,0,0,0,0
1922,L49101,0,298.1,307.9,1665,32.0,7,0,0,0,0,0,0
1923,L49102,0,298.0,307.8,1716,26.6,9,0,0,0,0,0,0
1924,L49103,0,298.0,307.7,1529,34.1,11,0,0,0,0,0,0
1925,L49104,0,297.9,307.7,1353,50.7,13,0,0,0,0,0,0
1926,L49105,0,297.9,307.7,1537,37.7,15,0,0,0,0,0,0
1927,L49106,0,298.0,307.7,1606,30.8,17,0,0,0,0,0,0
1928,H31341,2,298.0,307.8,1314,47.8,19,0,0,0,0,0,0
1929,L49108,0,298.0,307.8,1623,29.9,24,0,0,0,0,0,0
1930,M16789,1,298.0,307.8,1483,50.9,26,0,0,0,0,0,0
1931,M16790,1,298.1,307.9,1569,37.0,29,0,0,0,0,0,0
1932,M16791,1,298.2,308.0,1969,21.7,32,0,0,0,0,0,0
1933,M16792,1,298.1,308.0,1686,29.3,35,0,0,0,0,0,0
1934,L49113,0,298.1,308.0,1638,35.1,38,0,0,0,0,0,0
1935,L49114,0,298.1,307.9,1698,33.3,40,0,0,0,0,0,0
1936,M16795,1,298.1,307.9,1377,55.1,42,0,0,0,0,0,0
1937,M16796,1,298.1,308.0,2129,18.4,45,0,0,0,0,0,0
1938,L49117,0,298.2,308.0,1411,42.4,48,0,0,0,0,0,0
1939,L49118,0,298.1,307.9,1517,40.8,50,0,0,0,0,0,0
1940,M16799,1,298.1,307.9,1303,53.9,52,0,0,0,0,0,0
1941,L49120,0,298.1,307.9,1578,35.6,55,0,0,0,0,0,0
1942,L49121,0,298.1,307.9,1425,58.2,57,0,0,0,0,0,0
1943,L49122,0,298.1,308.0,1456,42.4,59,0,0,0,0,0,0
1944,L49123,0,298.1,308.0,1704,30.9,61,0,0,0,0,0,0
1945,L49124,0,298.1,308.1,1791,27.3,63,0,0,0,0,0,0
1946,L49125,0,298.1,308.1,1616,32.8,65,0,0,0,0,0,0
1947,L49126,0,298.2,308.1,1622,34.9,67,0,0,0,0,0,0
1948,L49127,0,298.2,308.1,1462,49.9,69,0,0,0,0,0,0
1949,L49128,0,298.1,308.1,1410,45.8,71,0,0,0,0,0,0
1950,M16809,1,298.1,308.0,1543,41.9,73,0,0,0,0,0,0
1951,M16810,1,298.0,307.9,1479,47.6,76,0,0,0,0,0,0
1952,L49131,0,298.0,307.8,1839,22.7,79,0,0,0,0,0,0
1953,L49132,0,298.0,307.8,1266,60.5,81,0,0,0,0,0,0
1954,L49133,0,297.9,307.7,1593,34.9,83,0,0,0,0,0,0
1955,L49134,0,297.9,307.8,1459,46.9,85,0,0,0,0,0,0
1956,L49135,0,297.9,307.7,1308,55.2,87,0,0,0,0,0,0
1957,M16816,1,297.9,307.7,1364,46.8,89,0,0,0,0,0,0
1958,H31371,2,297.9,307.7,1618,35.9,92,0,0,0,0,0,0
1959,H31372,2,297.9,307.7,1464,43.2,97,0,0,0,0,0,0
1960,M16819,1,297.8,307.6,1352,49.4,102,0,0,0,0,0,0
1961,L49140,0,297.8,307.6,1446,51.4,105,0,0,0,0,0,0
1962,L49141,0,297.8,307.5,1448,51.2,107,0,0,0,0,0,0
1963,L49142,0,297.8,307.5,1391,48.6,109,0,0,0,0,0,0
1964,L49143,0,297.7,307.5,1379,43.3,111,0,0,0,0,0,0
1965,M16824,1,297.8,307.5,1405,46.9,113,0,0,0,0,0,0
1966,L49145,0,297.8,307.5,1581,33.1,116,0,0,0,0,0,0
1967,L49146,0,297.9,307.6,1515,40.5,118,0,0,0,0,0,0
1968,L49147,0,297.9,307.6,1589,37.8,120,0,0,0,0,0,0
1969,L49148,0,298.0,307.6,1281,50.8,122,0,0,0,0,0,0
1970,H31383,2,297.8,307.5,1631,31.3,124,0,0,0,0,0,0
1971,M16830,1,297.9,307.6,1202,67.0,129,0,0,0,0,0,0
1972,L49151,0,297.9,307.6,1298,52.7,132,0,0,0,0,0,0
1973,L49152,0,297.9,307.6,1612,30.7,134,0,0,0,0,0,0
1974,L49153,0,297.9,307.6,1747,25.3,136,0,0,0,0,0,0
1975,L49154,0,298.0,307.6,1450,48.7,138,0,0,0,0,0,0
1976,L49155,0,298.0,307.7,1422,45.6,140,0,0,0,0,0,0
1977,M16836,1,298.1,307.7,1419,47.4,142,0,0,0,0,0,0
1978,M16837,1,298.1,307.7,1633,30.7,145,0,0,0,0,0,0
1979,L49158,0,298.0,307.7,1442,43.6,148,0,0,0,0,0,0
1980,H31393,2,298.0,307.6,1420,45.8,150,0,0,0,0,0,0
1981,M16840,1,298.0,307.6,1301,58.5,155,0,0,0,0,0,0
1982,L49161,0,298.0,307.6,1385,45.0,158,0,0,0,0,0,0
1983,M16842,1,298.0,307.7,1487,41.3,160,0,0,0,0,0,0
1984,M16843,1,298.0,307.6,1459,44.4,163,0,0,0,0,0,0
1985,M16844,1,298.0,307.5,1387,45.5,166,0,0,0,0,0,0
1986,L49165,0,298.1,307.7,1537,40.8,169,0,0,0,0,0,0
1987,L49166,0,298.1,307.6,1498,42.9,171,0,0,0,0,0,0
1988,M16847,1,298.2,307.8,1599,31.2,173,0,0,0,0,0,0
1989,H31402,2,298.3,307.9,1420,39.2,176,0,0,0,0,0,0
1990,L49169,0,298.2,307.9,1785,23.4,181,0,0,0,0,0,0
1991,L49170,0,298.2,307.8,1423,48.1,183,0,0,0,0,0,0
1992,M16851,1,298.2,307.8,1583,36.6,185,0,0,0,0,0,0
1993,L49172,0,298.2,307.8,1375,46.6,188,0,0,0,0,0,0
1994,M16853,1,298.3,308.0,1463,42.5,190,0,0,0,0,0,0
1995,M16854,1,298.2,307.9,1403,45.1,193,0,0,0,0,0,0
1996,L49175,0,298.3,308.0,1451,47.1,196,0,0,0,0,0,0
1997,M16856,1,298.4,308.0,1416,38.2,198,1,1,0,0,0,0
1998,L49177,0,298.3,308.1,1672,41.3,0,0,0,0,0,0,0
1999,H31412,2,298.3,308.0,1637,30.8,2,0,0,0,0,0,0
2000,L49179,0,298.4,308.0,1540,37.8,7,0,0,0,0,0,0
2001,L49180,0,298.4,308.1,1279,53.1,9,0,0,0,0,0,0
2002,L49181,0,298.4,308.2,1604,34.9,11,0,0,0,0,0,0
2003,L49182,0,298.5,308.2,1654,27.1,13,0,0,0,0,0,0
2004,M16863,1,298.5,308.2,1564,37.5,15,0,0,0,0,0,0
2005,L49184,0,298.5,308.2,1451,47.5,18,0,0,0,0,0,0
2006,L49185,0,298.5,308.3,1504,38.0,20,0,0,0,0,0,0
2007,M16866,1,298.5,308.3,1381,50.5,22,0,0,0,0,0,0
2008,L49187,0,298.6,308.4,1562,34.4,25,0,0,0,0,0,0
2009,L49188,0,298.5,308.3,1811,24.7,27,0,0,0,0,0,0
2010,M16869,1,298.6,308.3,1717,28.7,29,0,0,0,0,0,0
2011,L49190,0,298.6,308.3,1278,60.5,32,0,0,0,0,0,0
2012,L49191,0,298.7,308.5,1616,30.2,34,0,0,0,0,0,0
2013,L49192,0,298.6,308.4,1397,46.4,36,0,0,0,0,0,0
2014,L49193,0,298.6,308.4,1485,42.9,38,0,0,0,0,0,0
2015,L49194,0,298.6,308.4,1310,59.7,40,0,0,0,0,0,0
2016,L49195,0,298.5,308.2,1301,66.3,42,1,0,0,1,0,0
2017,L49196,0,298.5,308.3,1458,44.0,44,0,0,0,0,0,0
2018,L49197,0,298.7,308.5,1483,42.5,46,0,0,0,0,0,0
2019,L49198,0,298.7,308.5,1375,46.4,48,0,0,0,0,0,0
2020,M16879,1,298.7,308.5,1660,27.0,50,0,0,0,0,0,0
2021,H31434,2,298.7,308.4,1560,33.3,53,0,0,0,0,0,0
2022,L49201,0,298.7,308.5,1480,42.2,58,0,0,0,0,0,0
2023,L49202,0,298.7,308.4,1373,46.9,60,0,0,0,0,0,0
2024,L49203,0,298.7,308.5,1444,54.2,62,0,0,0,0,0,0
2025,M16884,1,298.7,308.6,1722,24.7,64,0,0,0,0,0,0
2026,L49205,0,298.7,308.5,1469,39.9,67,0,0,0,0,0,0
2027,M16886,1,298.7,308.5,1360,52.9,69,0,0,0,0,0,0
2028,L49207,0,298.7,308.4,1750,25.8,72,0,0,0,0,0,0
2029,M16888,1,298.7,308.3,1349,46.6,74,0,0,0,0,0,0
2030,L49209,0,298.7,308.5,1668,35.2,77,0,0,0,0,0,0
2031,L49210,0,298.9,308.6,1400,49.5,79,0,0,0,0,0,0
2032,L49211,0,298.8,308.6,1331,62.8,81,0,0,0,0,0,0
2033,L49212,0,298.8,308.5,1444,42.2,83,0,0,0,0,0,0
2034,H31447,2,298.8,308.5,1359,47.6,85,0,0,0,0,0,0
2035,M16894,1,298.8,308.5,1425,47.4,90,0,0,0,0,0,0
2036,M16895,1,298.9,308.6,1469,34.2,93,0,0,0,0,0,0
2037,L49216,0,299.0,308.7,1892,22.8,96,0,0,0,0,0,0
2038,H31451,2,299.0,308.7,1940,19.9,98,0,0,0,0,0,0
2039,L49218,0,299.0,308.8,1405,55.2,103,0,0,0,0,0,0
2040,M16899,1,299.0,308.9,1449,39.6,105,0,0,0,0,0,0
2041,L49220,0,299.1,308.9,1686,29.6,108,0,0,0,0,0,0
2042,L49221,0,299.1,308.9,1680,27.2,110,0,0,0,0,0,0
2043,M16902,1,299.1,308.9,1397,52.4,112,0,0,0,0,0,0
2044,M16903,1,299.2,309.0,1597,30.3,115,0,0,0,0,0,0
2045,L49224,0,299.3,309.1,1470,41.1,118,0,0,0,0,0,0
2046,M16905,1,299.3,309.1,1703,31.3,120,0,0,0,0,0,0
2047,L49226,0,299.3,309.1,1388,45.5,123,0,0,0,0,0,0
2048,L49227,0,299.3,309.2,1775,24.2,125,0,0,0,0,0,0
2049,L49228,0,299.3,309.2,1465,41.5,127,0,0,0,0,0,0
2050,M16909,1,299.3,309.2,1586,37.9,129,0,0,0,0,0,0
2051,M16910,1,299.5,309.3,1675,29.2,132,0,0,0,0,0,0
2052,M16911,1,299.4,309.2,1470,44.4,135,0,0,0,0,0,0
2053,L49232,0,299.5,309.3,1477,40.4,138,0,0,0,0,0,0
2054,L49233,0,299.5,309.3,1382,61.0,140,0,0,0,0,0,0
2055,M16914,1,299.6,309.4,1605,29.8,142,0,0,0,0,0,0
2056,L49235,0,299.6,309.4,1643,32.9,145,0,0,0,0,0,0
2057,L49236,0,299.5,309.3,1333,54.1,147,0,0,0,0,0,0
2058,L49237,0,299.5,309.3,1520,42.3,149,0,0,0,0,0,0
2059,M16918,1,299.5,309.3,1902,24.0,151,0,0,0,0,0,0
2060,H31473,2,299.5,309.4,1386,44.4,154,0,0,0,0,0,0
2061,L49240,0,299.6,309.5,1803,27.7,159,0,0,0,0,0,0
2062,L49241,0,299.7,309.6,1359,50.7,161,0,0,0,0,0,0
2063,M16922,1,299.7,309.6,1477,42.7,163,0,0,0,0,0,0
2064,L49243,0,299.7,309.6,1321,53.4,166,0,0,0,0,0,0
2065,L49244,0,299.6,309.5,1453,41.4,168,0,0,0,0,0,0
2066,L49245,0,299.7,309.6,1419,45.1,170,0,0,0,0,0,0
2067,L49246,0,299.7,309.6,1512,36.2,172,0,0,0,0,0,0
2068,L49247,0,299.7,309.6,1553,36.8,174,0,0,0,0,0,0
2069,M16928,1,299.7,309.6,1534,39.1,176,0,0,0,0,0,0
2070,H31483,2,299.7,309.6,1553,41.0,179,0,0,0,0,0,0
2071,L49250,0,299.7,309.5,1352,49.7,184,0,0,0,0,0,0
2072,M16931,1,299.7,309.6,1313,60.0,186,0,0,0,0,0,0
2074,L49253,0,299.6,309.4,1677,31.1,191,0,0,0,0,0,0
2075,L49254,0,299.5,309.4,1602,31.5,193,0,0,0,0,0,0
2076,L49255,0,299.5,309.4,1390,58.8,195,1,0,0,0,1,0
2077,L49256,0,299.4,309.3,1544,36.0,197,0,0,0,0,0,0
2078,L49257,0,299.4,309.4,1701,31.2,199,0,0,0,0,0,0
2079,M16938,1,299.4,309.3,1692,28.4,201,0,0,0,0,0,0
2080,M16939,1,299.3,309.3,1523,37.9,204,0,0,0,0,0,0
2081,L49260,0,299.3,309.2,2280,15.4,207,0,0,0,0,0,0
2082,M16941,1,299.4,309.3,1485,47.1,209,0,0,0,0,0,0
2083,H31496,2,299.4,309.2,1513,36.1,212,0,0,0,0,0,0
2084,H31497,2,299.4,309.3,1743,28.2,0,0,0,0,0,0,0
2085,L49264,0,299.5,309.3,1442,46.2,5,0,0,0,0,0,0
2086,L49265,0,299.5,309.3,1462,46.7,7,0,0,0,0,0,0
2087,H31500,2,299.4,309.3,1439,49.7,9,0,0,0,0,0,0
2088,L49267,0,299.5,309.3,1577,36.6,14,0,0,0,0,0,0
2089,L49268,0,299.6,309.4,1331,46.4,16,0,0,0,0,0,0
2090,L49269,0,299.5,309.3,1941,22.5,18,0,0,0,0,0,0
2091,L49270,0,299.5,309.2,1393,47.3,20,0,0,0,0,0,0
2092,L49271,0,299.4,309.2,1433,42.1,22,0,0,0,0,0,0
2093,L49272,0,299.4,309.2,1444,48.2,24,0,0,0,0,0,0
2094,L49273,0,299.4,309.2,1564,39.0,26,0,0,0,0,0,0
2095,L49274,0,299.4,309.3,1377,43.6,28,0,0,0,0,0,0
2096,L49275,0,299.4,309.3,1525,41.5,30,0,0,0,0,0,0
2097,M16956,1,299.5,309.4,1387,56.2,32,0,0,0,0,0,0
2098,M16957,1,299.4,309.4,1326,47.5,35,0,0,0,0,0,0
2099,L49278,0,299.4,309.3,1401,59.0,38,0,0,0,0,0,0
2100,L49279,0,299.4,309.3,1596,31.8,40,0,0,0,0,0,0
2101,M16960,1,299.3,309.3,1471,46.0,42,0,0,0,0,0,0
2102,L49281,0,299.3,309.3,1528,37.8,45,0,0,0,0,0,0
2103,L49282,0,299.3,309.3,1325,62.0,47,0,0,0,0,0,0
2104,M16963,1,299.3,309.1,1376,46.7,49,0,0,0,0,0,0
2105,M16964,1,299.3,309.1,1600,35.3,52,0,0,0,0,0,0
2106,L49285,0,299.3,309.1,1495,44.0,55,0,0,0,0,0,0
2107,L49286,0,299.4,309.1,1645,28.6,57,0,0,0,0,0,0
2108,M16967,1,299.4,309.1,1417,47.3,59,0,0,0,0,0,0
2109,H31522,2,299.4,309.0,1415,51.7,62,0,0,0,0,0,0
2110,M16969,1,299.3,309.0,1496,43.4,67,0,0,0,0,0,0
2111,H31524,2,299.3,309.0,1508,35.0,70,0,0,0,0,0,0
2112,L49291,0,299.4,309.0,1436,47.9,75,0,0,0,0,0,0
2113,L49292,0,299.5,309.1,1852,22.6,77,0,0,0,0,0,0
2114,L49293,0,299.5,309.1,1863,22.5,79,0,0,0,0,0,0
2115,H31528,2,299.4,309.1,1373,44.1,81,0,0,0,0,0,0
2116,L49295,0,299.4,309.0,1404,47.3,86,0,0,0,0,0,0
2117,M16976,1,299.4,309.0,1381,44.9,88,0,0,0,0,0,0
2118,H31531,2,299.4,308.9,1762,29.3,91,0,0,0,0,0,0
2119,H31532,2,299.3,308.9,1429,43.0,96,0,0,0,0,0,0
2120,M16979,1,299.3,308.9,1858,24.7,101,0,0,0,0,0,0
2121,H31534,2,299.2,308.8,1908,21.3,104,0,0,0,0,0,0
2122,M16981,1,299.2,308.8,1503,37.4,109,0,0,0,0,0,0
2123,M16982,1,299.2,308.8,1523,38.9,112,0,0,0,0,0,0
2124,L49303,0,299.3,309.0,1491,38.4,115,0,0,0,0,0,0
2125,L49304,0,299.2,308.9,1430,39.1,117,0,0,0,0,0,0
2126,L49305,0,299.3,308.9,1258,69.4,119,1,0,0,1,0,0
2127,L49306,0,299.3,309.0,1449,46.5,121,0,0,0,0,0,0
2128,H31541,2,299.3,309.0,1425,40.6,123,0,0,0,0,0,0
2129,L49308,0,299.4,309.0,1800,24.3,128,0,0,0,0,0,0
2130,H31543,2,299.4,309.0,1607,33.7,130,0,0,0,0,0,0
2131,L49310,0,299.4,309.0,1391,58.2,135,0,0,0,0,0,0
2132,L49311,0,299.4,309.1,1432,45.4,137,0,0,0,0,0,0
2133,L49312,0,299.4,309.0,1660,28.4,139,0,0,0,0,0,0
2134,H31547,2,299.3,309.0,1732,29.7,141,0,0,0,0,0,0
2135,L49314,0,299.3,309.0,1473,46.3,146,0,0,0,0,0,0
2136,L49315,0,299.3,309.0,1511,47.8,148,0,0,0,0,0,0
2137,L49316,0,299.2,308.9,1588,41.5,150,0,0,0,0,0,0
2138,L49317,0,299.3,308.9,1623,31.1,152,0,0,0,0,0,0
2139,L49318,0,299.3,309.0,1734,30.6,154,0,0,0,0,0,0
2140,L49319,0,299.3,309.0,1415,47.6,156,0,0,0,0,0,0
2141,L49320,0,299.3,309.0,1419,46.6,158,0,0,0,0,0,0
2142,M17001,1,299.3,308.9,1577,34.9,160,0,0,0,0,0,0
2143,L49322,0,299.3,308.9,1376,60.3,163,0,0,0,0,0,0
2144,M17003,1,299.3,308.8,1442,49.0,165,0,0,0,0,0,0
2145,L49324,0,299.4,308.9,1451,40.5,168,0,0,0,0,0,0
2146,L49325,0,299.3,308.8,1550,45.8,170,0,0,0,0,0,0
2147,L49326,0,299.3,308.8,1647,32.9,172,0,0,0,0,0,0
2148,L49327,0,299.4,308.9,1550,33.7,174,0,0,0,0,0,0
2149,L49328,0,299.4,308.9,1583,34.1,176,0,0,0,0,0,0
2150,L49329,0,299.4,309.0,1613,32.2,178,0,0,0,0,0,0
2151,H31564,2,299.3,308.8,1636,35.5,180,0,0,0,0,0,0
2152,M17011,1,299.3,308.7,1289,51.5,185,0,0,0,0,0,0
2153,M17012,1,299.3,308.8,1648,28.4,188,0,0,0,0,0,0
2154,H31567,2,299.3,308.8,1397,45.4,191,0,0,0,0,0,0
2155,M17014,1,299.3,308.9,1767,24.8,196,0,0,0,0,0,0
2156,L49335,0,299.3,308.8,1341,47.7,199,0,0,0,0,0,0
2157,M17016,1,299.4,308.9,1457,41.5,201,0,0,0,0,0,0
2158,M17017,1,299.4,309.0,1939,19.8,204,0,0,0,0,0,0
2159,M17018,1,299.5,309.0,1399,49.7,207,0,0,0,0,0,0
2160,M17019,1,299.5,309.0,1602,31.3,210,0,0,0,0,0,0
2161,L49340,0,299.4,309.0,1507,41.0,213,0,0,0,0,0,0
2162,L49341,0,299.4,309.1,1464,40.5,215,0,0,0,0,0,0
2163,L49342,0,299.5,309.1,1336,42.1,217,0,0,0,0,0,0
2164,L49343,0,299.6,309.2,1422,39.8,219,0,0,0,0,0,0
2165,L49344,0,299.6,309.2,1540,36.7,221,0,0,0,0,0,0
2166,L49345,0,299.5,309.1,1476,47.8,223,0,0,0,0,0,0
2167,M17026,1,299.6,309.2,1867,23.4,225,1,1,0,0,0,0
2168,H31581,2,299.6,309.1,1588,41.3,0,0,0,0,0,0,0
2169,M17028,1,299.5,309.1,1420,49.5,5,0,0,0,0,0,0
2170,L49349,0,299.5,309.1,1415,49.2,8,0,0,0,0,0,0
2171,M17030,1,299.4,309.1,1500,43.3,10,0,0,0,0,0,0
2172,L49351,0,299.5,309.1,1502,44.6,13,0,0,0,0,0,0
2173,L49352,0,299.5,309.2,1816,23.0,15,0,0,0,0,0,0
2174,M17033,1,299.5,309.2,1495,41.6,17,0,0,0,0,0,0
2175,L49354,0,299.6,309.2,1572,33.4,20,0,0,0,0,0,0
2176,M17035,1,299.5,309.2,1590,35.9,22,0,0,0,0,0,0
2177,M17036,1,299.6,309.3,1387,48.3,25,0,0,0,0,0,0
2178,M17037,1,299.6,309.2,1393,47.7,28,0,0,0,0,0,0
2179,L49358,0,299.6,309.2,1602,37.3,31,0,0,0,0,0,0
2180,L49359,0,299.6,309.2,1601,33.3,33,0,0,0,0,0,0
2181,H31594,2,299.6,309.2,1597,36.3,35,0,0,0,0,0,0
2182,H31595,2,299.5,309.1,1548,44.3,40,0,0,0,0,0,0
2183,M17042,1,299.5,309.2,1314,61.8,45,0,0,0,0,0,0
2184,M17043,1,299.6,309.3,1577,39.8,48,0,0,0,0,0,0
2185,L49364,0,299.8,309.4,1475,43.4,51,0,0,0,0,0,0
2186,L49365,0,299.8,309.4,1630,32.4,53,0,0,0,0,0,0
2187,L49366,0,299.7,309.4,1445,42.9,55,0,0,0,0,0,0
2188,M17047,1,299.8,309.4,1439,47.4,57,0,0,0,0,0,0
2189,L49368,0,299.7,309.3,1420,44.1,60,0,0,0,0,0,0
2190,H31603,2,299.7,309.2,1554,41.6,62,0,0,0,0,0,0
2191,M17050,1,299.6,309.1,1471,44.3,67,0,0,0,0,0,0
2192,L49371,0,299.6,309.0,1648,33.6,70,0,0,0,0,0,0
2193,L49372,0,299.6,309.0,1472,48.8,72,0,0,0,0,0,0
2194,M17053,1,299.5,308.9,1448,42.9,74,0,0,0,0,0,0
2195,M17054,1,299.6,308.9,1568,35.3,77,0,0,0,0,0,0
2196,L49375,0,299.6,308.9,1613,30.8,80,0,0,0,0,0,0
2197,M17056,1,299.7,308.9,1551,35.4,82,0,0,0,0,0,0
2198,L49377,0,299.7,309.0,1412,49.2,85,0,0,0,0,0,0
2199,M17058,1,299.7,308.9,1478,41.0,87,0,0,0,0,0,0
2200,M17059,1,299.8,309.1,1268,58.0,90,0,0,0,0,0,0
2201,L49380,0,299.8,309.1,1546,35.6,93,0,0,0,0,0,0
2202,L49381,0,299.8,309.0,1567,36.1,95,0,0,0,0,0,0
2203,M17062,1,299.9,309.2,1548,35.7,97,0,0,0,0,0,0
2204,L49383,0,299.8,309.0,1614,30.8,100,0,0,0,0,0,0
2205,M17064,1,299.7,309.1,1352,46.1,102,0,0,0,0,0,0
2206,L49385,0,299.9,309.2,1624,34.6,105,0,0,0,0,0,0
2207,L49386,0,299.9,309.2,1436,52.0,107,0,0,0,0,0,0
2208,L49387,0,299.8,309.2,1591,37.5,109,0,0,0,0,0,0
2209,H31622,2,299.8,309.2,1435,42.6,111,0,0,0,0,0,0
2210,L49389,0,299.8,309.3,1386,49.4,116,0,0,0,0,0,0
2211,L49390,0,299.7,309.2,1401,54.1,118,0,0,0,0,0,0
2212,M17071,1,299.6,309.0,1245,64.0,120,0,0,0,0,0,0
2213,L49392,0,299.7,309.1,1475,40.0,123,0,0,0,0,0,0
2214,L49393,0,299.7,309.1,1473,39.4,125,0,0,0,0,0,0
2215,H31628,2,299.7,309.2,1355,44.8,127,0,0,0,0,0,0
2216,H31629,2,299.7,309.2,1468,49.6,132,0,0,0,0,0,0
2217,L49396,0,299.7,309.2,1645,30.8,137,0,0,0,0,0,0
2218,L49397,0,299.7,309.1,1347,55.3,139,0,0,0,0,0,0
2219,L49398,0,299.7,309.1,1713,33.5,141,0,0,0,0,0,0
2220,M17079,1,299.6,309.1,1435,48.4,143,0,0,0,0,0,0
2221,M17080,1,299.6,309.0,1736,26.1,146,0,0,0,0,0,0
2222,L49401,0,299.6,309.0,1372,60.4,149,0,0,0,0,0,0
2223,L49402,0,299.7,309.0,1605,33.0,151,0,0,0,0,0,0
2224,L49403,0,299.6,309.0,1413,48.5,153,0,0,0,0,0,0
2225,M17084,1,299.7,309.0,1645,31.9,155,0,0,0,0,0,0
2226,M17085,1,299.7,309.0,1465,49.0,158,0,0,0,0,0,0
2227,M17086,1,299.6,308.9,1685,27.8,161,0,0,0,0,0,0
2228,L49407,0,299.5,308.8,1965,20.4,164,0,0,0,0,0,0
2229,H31642,2,299.4,308.6,1542,41.8,166,0,0,0,0,0,0
2230,L49409,0,299.4,308.7,1681,30.8,171,0,0,0,0,0,0
2231,L49410,0,299.5,308.7,1446,45.7,173,0,0,0,0,0,0
2232,L49411,0,299.4,308.6,1415,56.4,175,0,0,0,0,0,0
2233,L49412,0,299.5,308.6,1672,30.5,177,0,0,0,0,0,0
2234,L49413,0,299.5,308.7,2549,13.0,179,1,0,0,1,0,0
2235,L49414,0,299.4,308.6,1492,40.5,181,0,0,0,0,0,0
2236,M17095,1,299.4,308.6,1455,42.7,183,0,0,0,0,0,0
2237,M17096,1,299.3,308.5,1422,43.1,186,0,0,0,0,0,0
2238,L49417,0,299.3,308.6,1403,50.6,189,0,0,0,0,0,0
2239,L49418,0,299.3,308.6,1474,49.6,191,0,0,0,0,0,0
2240,L49419,0,299.2,308.6,1381,50.0,193,0,0,0,0,0,0
2241,L49420,0,299.2,308.5,1457,44.7,195,0,0,0,0,0,0
2242,L49421,0,299.2,308.4,1711,28.9,197,0,0,0,0,0,0
2243,L49422,0,299.2,308.4,1667,29.0,199,0,0,0,0,0,0
2244,L49423,0,299.2,308.4,1465,35.0,201,0,0,0,0,0,0
2245,M17104,1,299.3,308.4,1542,37.5,203,1,1,0,0,0,0
2246,M17105,1,299.3,308.4,1438,42.3,0,0,0,0,0,0,0
2247,L49426,0,299.3,308.4,1406,47.4,3,0,0,0,0,0,0
2248,M17107,1,299.2,308.4,1396,48.5,5,0,0,0,0,0,0
2249,M17108,1,299.3,308.5,1304,60.6,8,0,0,0,0,0,0
2250,L49429,0,299.2,308.5,1442,46.5,11,0,0,0,0,0,0
2251,M17110,1,299.2,308.4,1396,48.7,13,0,0,0,0,0,0
2252,H31665,2,299.1,308.3,1424,43.4,16,0,0,0,0,0,0
2253,H31666,2,299.1,308.3,1451,42.8,21,0,0,0,0,0,0
2254,L49433,0,299.2,308.4,1386,54.1,26,0,0,0,0,0,0
2255,L49434,0,299.1,308.3,1325,46.9,28,0,0,0,0,0,0
2256,L49435,0,299.1,308.3,1559,33.7,30,0,0,0,0,0,0
2257,L49436,0,299.1,308.3,1489,38.1,32,0,0,0,0,0,0
2258,L49437,0,299.1,308.3,1892,25.2,34,0,0,0,0,0,0
2259,L49438,0,299.1,308.2,1319,60.3,36,0,0,0,0,0,0
2260,L49439,0,299.1,308.3,1431,52.3,38,0,0,0,0,0,0
2261,H31674,2,299.1,308.3,1521,36.5,40,0,0,0,0,0,0
2262,M17121,1,299.1,308.2,1435,45.2,45,0,0,0,0,0,0
2263,L49442,0,299.1,308.3,1533,42.4,48,0,0,0,0,0,0
2264,M17123,1,299.2,308.4,1529,43.0,50,0,0,0,0,0,0
2265,M17124,1,299.2,308.4,1415,43.5,53,0,0,0,0,0,0
2266,M17125,1,299.2,308.4,1330,51.2,56,0,0,0,0,0,0
2267,L49446,0,299.2,308.5,1381,60.6,59,0,0,0,0,0,0
2268,L49447,0,299.2,308.5,1370,52.4,61,0,0,0,0,0,0
2269,L49448,0,299.2,308.5,1438,46.6,63,0,0,0,0,0,0
2270,L49449,0,299.3,308.6,1314,48.2,65,0,0,0,0,0,0
2271,L49450,0,299.3,308.6,1437,48.1,67,0,0,0,0,0,0
2272,L49451,0,299.2,308.5,1821,26.1,69,0,0,0,0,0,0
2273,M17132,1,299.3,308.6,1448,52.1,71,0,0,0,0,0,0
2274,L49453,0,299.3,308.5,1589,32.7,74,0,0,0,0,0,0
2275,L49454,0,299.3,308.6,1520,33.7,76,0,0,0,0,0,0
2276,L49455,0,299.3,308.6,1605,37.0,78,0,0,0,0,0,0
2277,L49456,0,299.3,308.7,1393,54.2,80,0,0,0,0,0,0
2278,H31691,2,299.3,308.7,1408,44.4,82,0,0,0,0,0,0
2279,M17138,1,299.3,308.7,1459,35.6,87,0,0,0,0,0,0
2280,L49459,0,299.4,308.7,1525,39.0,90,0,0,0,0,0,0
2281,L49460,0,299.4,308.8,1390,57.0,92,0,0,0,0,0,0
2282,L49461,0,299.3,308.7,1536,38.9,94,0,0,0,0,0,0
2283,L49462,0,299.4,308.7,1459,47.6,96,0,0,0,0,0,0
2284,L49463,0,299.2,308.5,1387,51.1,98,0,0,0,0,0,0
2285,L49464,0,299.2,308.5,1378,53.4,100,0,0,0,0,0,0
2286,L49465,0,299.4,308.7,1381,56.7,102,0,0,0,0,0,0
2287,M17146,1,299.4,308.7,1289,60.5,104,0,0,0,0,0,0
2288,L49467,0,299.4,308.6,1746,26.8,107,0,0,0,0,0,0
2289,M17148,1,299.4,308.6,1541,39.1,109,0,0,0,0,0,0
2290,L49469,0,299.4,308.7,1504,37.8,112,0,0,0,0,0,0
2291,M17150,1,299.5,308.7,1321,51.9,114,0,0,0,0,0,0
2292,M17151,1,299.5,308.8,1886,20.9,117,0,0,0,0,0,0
2293,L49472,0,299.6,308.9,1422,53.2,120,0,0,0,0,0,0
2294,L49473,0,299.5,308.9,1520,38.3,122,0,0,0,0,0,0
2295,L49474,0,299.4,308.8,1627,32.6,124,0,0,0,0,0,0
2296,L49475,0,299.4,308.7,1512,37.2,126,0,0,0,0,0,0
2297,L49476,0,299.4,308.7,1553,42.7,128,0,0,0,0,0,0
2298,L49477,0,299.3,308.7,1802,26.0,130,0,0,0,0,0,0
2299,L49478,0,299.3,308.6,1482,37.6,132,0,0,0,0,0,0
2300,L49479,0,299.4,308.7,1446,62.9,134,1,0,0,1,0,0
2301,L49480,0,299.3,308.6,1371,50.5,136,0,0,0,0,0,0
2302,M17161,1,299.2,308.6,1586,35.7,138,0,0,0,0,0,0
2303,L49482,0,299.2,308.5,1515,39.8,141,0,0,0,0,0,0
2304,L49483,0,299.2,308.5,1374,53.6,143,0,0,0,0,0,0
2305,L49484,0,299.1,308.5,1455,39.8,145,0,0,0,0,0,0
2306,H31719,2,299.2,308.5,1342,47.5,147,0,0,0,0,0,0
2307,L49486,0,299.1,308.6,1260,57.8,152,0,0,0,0,0,0
2308,H31721,2,299.0,308.5,1623,33.5,154,0,0,0,0,0,0
2309,L49488,0,299.1,308.5,1371,55.5,159,0,0,0,0,0,0
2310,L49489,0,299.1,308.6,1611,31.4,161,0,0,0,0,0,0
2311,M17170,1,299.0,308.4,1535,47.5,163,0,0,0,0,0,0
2312,M17171,1,299.1,308.6,1491,38.5,166,0,0,0,0,0,0
2313,M17172,1,299.1,308.6,1441,36.2,169,0,0,0,0,0,0
2314,M17173,1,299.1,308.8,1725,26.6,172,0,0,0,0,0,0
2315,L49494,0,299.2,308.9,1368,47.2,175,0,0,0,0,0,0
2316,L49495,0,299.2,308.9,1526,37.9,177,0,0,0,0,0,0
2317,L49496,0,299.2,308.8,1542,39.2,179,0,0,0,0,0,0
2318,L49497,0,299.2,308.8,1605,31.1,181,0,0,0,0,0,0
2319,L49498,0,299.2,308.8,1405,51.4,183,0,0,0,0,0,0
2320,M17179,1,299.2,308.8,1700,33.5,185,0,0,0,0,0,0
2321,H31734,2,299.2,308.8,1440,39.1,188,0,0,0,0,0,0
2322,M17181,1,299.2,308.8,1314,52.5,193,0,0,0,0,0,0
2323,L49502,0,299.2,308.7,1514,41.9,196,0,0,0,0,0,0
2324,M17183,1,299.2,308.7,1401,47.0,198,0,0,0,0,0,0
2325,L49504,0,299.3,308.8,1636,29.9,201,0,0,0,0,0,0
2326,L49505,0,299.3,308.8,1603,33.9,203,0,0,0,0,0,0
2327,M17186,1,299.4,308.7,1487,52.6,205,0,0,0,0,0,0
2328,M17187,1,299.3,308.7,1420,50.3,208,0,0,0,0,0,0
2329,L49508,0,299.3,308.7,1579,36.3,211,0,0,0,0,0,0
2330,L49509,0,299.3,308.7,1484,40.5,213,0,0,0,0,0,0
2331,M17190,1,299.3,308.7,1390,49.3,215,0,0,0,0,0,0
2332,L49511,0,299.3,308.6,1384,53.6,218,1,0,0,0,1,0
2333,L49512,0,299.2,308.5,1378,50.4,220,1,0,0,0,1,0
2334,L49513,0,299.2,308.5,1445,45.2,222,0,0,0,0,0,0
2335,L49514,0,299.2,308.4,1445,43.5,224,0,0,0,0,0,0
2336,L49515,0,299.2,308.4,1509,39.4,0,0,0,0,0,0,0
2337,L49516,0,299.2,308.4,1434,46.8,2,0,0,0,0,0,0
2338,L49517,0,299.2,308.4,1877,23.9,4,0,0,0,0,0,0
2339,L49518,0,299.3,308.3,1651,28.0,6,0,0,0,0,0,0
2340,L49519,0,299.2,308.2,1466,41.3,8,0,0,0,0,0,0
2341,L49520,0,299.1,308.1,1479,40.7,10,0,0,0,0,0,0
2342,L49521,0,299.1,308.2,1409,46.4,12,0,0,0,0,0,0
2343,M17202,1,299.2,308.2,1674,28.2,14,0,0,0,0,0,0
2344,L49523,0,299.1,308.3,1305,61.4,17,0,0,0,0,0,0
2345,M17204,1,299.2,308.3,1755,26.4,19,0,0,0,0,0,0
2346,L49525,0,299.2,308.4,1475,38.7,22,0,0,0,0,0,0
2347,L49526,0,299.2,308.4,1402,47.7,24,0,0,0,0,0,0
2348,L49527,0,299.2,308.3,1410,43.0,26,0,0,0,0,0,0
2349,L49528,0,299.2,308.4,1436,41.8,28,0,0,0,0,0,0
2350,M17209,1,299.3,308.5,1386,42.2,30,0,0,0,0,0,0
2351,L49530,0,299.3,308.6,1744,26.4,33,0,0,0,0,0,0
2352,L49531,0,299.2,308.4,1393,48.4,35,0,0,0,0,0,0
2353,M17212,1,299.3,308.5,1422,45.4,37,0,0,0,0,0,0
2354,L49533,0,299.2,308.4,1841,22.8,40,0,0,0,0,0,0
2355,L49534,0,299.3,308.6,1433,37.7,42,0,0,0,0,0,0
2356,M17215,1,299.3,308.5,1305,60.6,44,0,0,0,0,0,0
2357,H31770,2,299.3,308.6,1498,39.5,47,0,0,0,0,0,0
2358,L49537,0,299.3,308.5,1772,26.1,52,0,0,0,0,0,0
2359,M17218,1,299.2,308.4,1381,42.5,54,0,0,0,0,0,0
2360,L49539,0,299.3,308.5,1413,38.5,57,0,0,0,0,0,0
2361,H31774,2,299.2,308.4,1388,53.2,59,0,0,0,0,0,0
2362,M17221,1,299.2,308.6,1631,35.4,64,0,0,0,0,0,0
2363,H31776,2,299.3,308.6,1520,41.4,67,0,0,0,0,0,0
2364,L49543,0,299.3,308.5,1510,45.4,72,0,0,0,0,0,0
2365,L49544,0,299.2,308.5,1366,49.7,74,0,0,0,0,0,0
2366,L49545,0,299.4,308.5,1845,22.9,76,0,0,0,0,0,0
2367,L49546,0,299.3,308.5,1485,44.7,78,0,0,0,0,0,0
2368,M17227,1,299.3,308.5,1496,39.4,80,0,0,0,0,0,0
2369,M17228,1,299.3,308.4,1468,42.2,83,0,0,0,0,0,0
2370,M17229,1,299.2,308.4,1856,22.7,86,0,0,0,0,0,0
2371,L49550,0,299.2,308.4,1620,34.1,89,0,0,0,0,0,0
2372,L49551,0,299.3,308.5,1409,44.8,91,0,0,0,0,0,0
2373,M17232,1,299.3,308.5,1404,49.4,93,0,0,0,0,0,0
2374,L49553,0,299.2,308.4,1350,51.3,96,0,0,0,0,0,0
2375,M17234,1,299.2,308.4,1538,38.0,98,0,0,0,0,0,0
2376,M17235,1,299.2,308.4,1476,32.7,101,0,0,0,0,0,0
2377,M17236,1,299.2,308.3,1364,51.8,104,0,0,0,0,0,0
2378,M17237,1,299.2,308.3,1582,45.5,107,0,0,0,0,0,0
2379,L49558,0,299.1,308.2,1348,56.1,110,0,0,0,0,0,0
2380,H31793,2,299.1,308.2,1450,46.1,112,0,0,0,0,0,0
2381,L49560,0,299.0,308.1,1242,60.9,117,0,0,0,0,0,0
2382,L49561,0,299.1,308.2,1493,34.9,119,0,0,0,0,0,0
2383,L49562,0,299.1,308.3,1601,31.4,121,0,0,0,0,0,0
2384,L49563,0,299.1,308.2,1568,33.3,123,0,0,0,0,0,0
2385,M17244,1,299.1,308.3,1506,38.0,125,0,0,0,0,0,0
2386,L49565,0,299.1,308.3,1524,34.1,128,0,0,0,0,0,0
2387,L49566,0,299.1,308.4,1543,37.9,130,0,0,0,0,0,0
2388,M17247,1,299.2,308.5,1474,47.2,132,0,0,0,0,0,0
2389,M17248,1,299.2,308.5,1526,37.3,135,0,0,0,0,0,0
2390,L49569,0,299.2,308.5,1867,27.0,138,0,0,0,0,0,0
2391,L49570,0,299.2,308.5,1487,41.2,140,0,0,0,0,0,0
2392,L49571,0,299.2,308.4,1580,32.6,142,0,0,0,0,0,0
2393,L49572,0,299.2,308.5,1340,50.0,144,0,0,0,0,0,0
2394,L49573,0,299.2,308.5,1544,41.6,146,0,0,0,0,0,0
2395,L49574,0,299.2,308.5,1488,40.3,148,0,0,0,0,0,0
2396,M17255,1,299.2,308.5,1742,28.9,150,0,0,0,0,0,0
2397,M17256,1,299.1,308.5,1592,34.2,153,0,0,0,0,0,0
2398,L49577,0,299.2,308.6,1582,38.8,156,0,0,0,0,0,0
2399,L49578,0,299.2,308.5,1490,43.2,158,0,0,0,0,0,0
2400,M17259,1,299.2,308.5,1594,35.8,160,0,0,0,0,0,0
2401,H31814,2,299.2,308.6,1462,55.0,163,0,0,0,0,0,0
2402,M17261,1,299.2,308.6,1367,47.6,168,0,0,0,0,0,0
2403,L49582,0,299.2,308.7,1325,51.0,171,0,0,0,0,0,0
2404,H31817,2,299.2,308.7,1448,51.4,173,0,0,0,0,0,0
2405,M17264,1,299.1,308.7,2008,20.3,178,0,0,0,0,0,0
2406,L49585,0,299.1,308.7,1498,38.9,181,0,0,0,0,0,0
2407,L49586,0,299.1,308.6,1437,41.6,183,0,0,0,0,0,0
2408,M17267,1,299.1,308.6,1499,45.1,185,0,0,0,0,0,0
2409,L49588,0,299.0,308.4,1356,52.6,188,0,0,0,0,0,0
2410,L49589,0,299.1,308.5,1539,46.8,190,0,0,0,0,0,0
2411,L49590,0,299.1,308.5,1689,32.1,192,0,0,0,0,0,0
2412,L49591,0,299.0,308.5,1559,38.1,194,0,0,0,0,0,0
2413,L49592,0,299.1,308.6,1408,46.7,196,0,0,0,0,0,0
2414,L49593,0,299.0,308.5,1886,23.0,198,0,0,0,0,0,0
2415,L49594,0,299.1,308.5,1415,43.4,0,0,0,0,0,0,0
2416,M17275,1,299.1,308.5,1587,35.6,2,0,0,0,0,0,0
2417,L49596,0,299.0,308.4,1571,38.6,5,0,0,0,0,0,0
2418,L49597,0,298.9,308.3,1576,36.6,7,0,0,0,0,0,0
2419,L49598,0,298.9,308.3,1660,34.4,9,0,0,0,0,0,0
2420,M17279,1,298.9,308.2,1328,49.2,11,0,0,0,0,0,0
2421,H31834,2,298.8,308.2,1450,44.7,14,0,0,0,0,0,0
2422,L49601,0,298.9,308.2,2384,15.0,19,0,0,0,0,0,0
2423,L49602,0,298.8,308.2,1443,53.4,21,0,0,0,0,0,0
2424,M17283,1,298.9,308.2,2022,20.0,23,0,0,0,0,0,0
2425,L49604,0,298.9,308.2,1828,23.8,26,0,0,0,0,0,0
2426,L49605,0,298.8,308.1,1472,53.5,28,0,0,0,0,0,0
2427,M17286,1,298.9,308.2,1372,63.6,30,1,0,0,1,0,0
2428,L49607,0,298.9,308.3,1855,23.8,33,0,0,0,0,0,0
2429,M17288,1,299.0,308.3,1377,47.2,35,0,0,0,0,0,0
2430,L49609,0,298.9,308.3,1432,48.9,38,0,0,0,0,0,0
2431,M17290,1,298.9,308.2,1335,47.8,40,0,0,0,0,0,0
2432,M17291,1,298.9,308.2,1411,51.3,43,0,0,0,0,0,0
2433,L49612,0,298.9,308.2,1510,43.5,46,0,0,0,0,0,0
2434,L49613,0,299.0,308.3,1441,44.0,48,0,0,0,0,0,0
2435,M17294,1,299.0,308.2,1358,42.7,50,0,0,0,0,0,0
2436,L49615,0,298.9,308.2,1686,30.4,53,0,0,0,0,0,0
2437,H31850,2,299.0,308.2,1662,30.4,55,0,0,0,0,0,0
2438,L49617,0,299.1,308.3,1426,40.1,60,0,0,0,0,0,0
2439,M17298,1,299.1,308.4,1330,53.6,62,0,0,0,0,0,0
2440,L49619,0,299.1,308.4,1693,31.6,65,0,0,0,0,0,0
2441,L49620,0,299.1,308.4,1426,47.9,67,0,0,0,0,0,0
2442,L49621,0,299.1,308.5,1676,31.0,69,0,0,0,0,0,0
2443,M17302,1,299.1,308.4,1332,51.7,71,0,0,0,0,0,0
2444,L49623,0,299.1,308.5,1647,35.0,74,0,0,0,0,0,0
2445,L49624,0,299.2,308.6,1267,68.2,76,1,0,0,1,0,0
2446,H31859,2,299.2,308.7,1375,55.1,78,0,0,0,0,0,0
2447,L49626,0,299.3,308.6,1422,48.9,83,0,0,0,0,0,0
2448,L49627,0,299.3,308.7,1408,48.7,85,0,0,0,0,0,0
2449,L49628,0,299.4,308.9,1440,42.5,87,0,0,0,0,0,0
2450,L49629,0,299.3,308.8,1772,25.2,89,0,0,0,0,0,0
2451,L49630,0,299.2,308.7,1492,37.8,91,0,0,0,0,0,0
2452,L49631,0,299.2,308.7,1650,30.5,93,0,0,0,0,0,0
2453,M17312,1,299.1,308.6,2329,14.6,95,0,0,0,0,0,0
2454,L49633,0,299.0,308.6,1648,30.8,98,0,0,0,0,0,0
2455,L49634,0,299.0,308.6,1653,31.7,100,0,0,0,0,0,0
2456,L49635,0,299.0,308.6,1946,22.3,102,0,0,0,0,0,0
2457,L49636,0,299.1,308.6,1555,36.6,104,0,0,0,0,0,0
2458,L49637,0,299.0,308.6,1661,32.2,106,0,0,0,0,0,0
2459,L49638,0,299.0,308.6,1434,45.9,108,0,0,0,0,0,0
2460,L49639,0,299.0,308.6,1297,54.2,110,0,0,0,0,0,0
2461,L49640,0,299.0,308.6,1466,46.4,112,0,0,0,0,0,0
2462,M17321,1,298.9,308.6,1517,39.8,114,0,0,0,0,0,0
2463,L49642,0,298.9,308.5,1742,34.5,117,0,0,0,0,0,0
2464,L49643,0,298.9,308.5,1580,39.1,119,0,0,0,0,0,0
2465,M17324,1,298.9,308.5,1534,42.9,121,0,0,0,0,0,0
2466,L49645,0,298.9,308.6,1481,40.7,124,0,0,0,0,0,0
2467,L49646,0,299.0,308.6,1429,37.7,126,0,0,0,0,0,0
2468,M17327,1,298.9,308.6,1574,33.5,128,0,0,0,0,0,0
2469,M17328,1,298.9,308.6,1524,40.4,131,0,0,0,0,0,0
2470,L49649,0,299.0,308.7,1507,37.5,134,0,0,0,0,0,0
2471,L49650,0,298.9,308.5,1467,44.7,136,0,0,0,0,0,0
2472,L49651,0,298.9,308.4,1301,51.1,138,0,0,0,0,0,0
2473,L49652,0,298.9,308.5,1429,55.1,140,0,0,0,0,0,0
2474,M17333,1,298.9,308.5,1555,37.6,142,0,0,0,0,0,0
2475,L49654,0,298.9,308.5,1503,40.6,145,0,0,0,0,0,0
2476,L49655,0,298.9,308.5,1459,43.1,147,0,0,0,0,0,0
2477,H31890,2,298.9,308.4,1449,42.4,149,0,0,0,0,0,0
2478,L49657,0,298.9,308.5,1387,57.3,154,0,0,0,0,0,0
2479,M17338,1,298.9,308.5,1456,50.0,156,0,0,0,0,0,0
2480,L49659,0,299.0,308.5,1604,34.7,159,0,0,0,0,0,0
2481,L49660,0,299.0,308.6,1734,32.4,161,0,0,0,0,0,0
2482,L49661,0,299.0,308.6,1378,47.8,163,0,0,0,0,0,0
2483,L49662,0,298.9,308.7,1504,41.8,165,0,0,0,0,0,0
2484,M17343,1,298.9,308.7,1402,49.8,167,0,0,0,0,0,0
2485,H31898,2,298.8,308.6,1524,37.7,170,0,0,0,0,0,0
2486,L49665,0,298.8,308.6,1593,35.5,175,0,0,0,0,0,0
2487,M17346,1,298.9,308.7,1772,28.4,177,0,0,0,0,0,0
2488,H31901,2,298.9,308.6,1623,31.0,180,0,0,0,0,0,0
2489,L49668,0,298.9,308.7,1356,50.7,185,0,0,0,0,0,0
2490,H31903,2,298.9,308.7,1500,41.6,187,0,0,0,0,0,0
2491,H31904,2,299.1,308.8,1566,46.6,192,0,0,0,0,0,0
2492,L49671,0,299.1,308.9,1445,43.4,197,0,0,0,0,0,0
2493,H31906,2,299.0,308.8,1382,58.5,199,0,0,0,0,0,0
2494,M17353,1,299.0,308.8,1418,45.7,204,0,0,0,0,0,0
2495,L49674,0,299.1,308.8,1329,53.6,207,1,0,0,0,1,0
2496,M17355,1,299.1,308.8,1491,41.0,209,0,0,0,0,0,0
2497,M17356,1,299.2,308.9,1573,37.4,212,0,0,0,0,0,0
2498,M17357,1,299.2,308.9,1521,42.3,215,0,0,0,0,0,0
2499,L49678,0,299.1,308.9,1467,47.2,218,0,0,0,0,0,0
2500,M17359,1,299.1,308.9,1325,48.4,220,0,0,0,0,0,0
2501,L49680,0,299.1,308.9,1617,32.3,223,0,0,0,0,0,0
2502,M17361,1,299.1,308.9,1476,42.7,225,0,0,0,0,0,0
2503,L49682,0,299.2,309.0,1515,48.9,228,1,0,0,0,1,0
2504,L49683,0,299.2,309.0,1408,47.2,0,0,0,0,0,0,0
2505,L49684,0,299.2,309.1,1468,45.6,2,0,0,0,0,0,0
2506,L49685,0,299.2,309.1,1387,48.7,4,0,0,0,0,0,0
2507,M17366,1,299.2,309.1,1503,34.7,6,0,0,0,0,0,0
2508,H31921,2,299.2,309.1,1410,47.1,9,0,0,0,0,0,0
2509,L49688,0,299.0,308.9,1615,30.6,14,0,0,0,0,0,0
2510,L49689,0,299.0,308.9,1511,35.9,16,0,0,0,0,0,0
2511,L49690,0,299.1,309.0,1405,53.8,18,0,0,0,0,0,0
2512,M17371,1,299.0,308.9,1526,41.1,20,0,0,0,0,0,0
2513,L49692,0,298.9,308.8,1530,38.3,23,0,0,0,0,0,0
2514,L49693,0,299.0,308.7,1583,32.5,25,0,0,0,0,0,0
2515,L49694,0,298.9,308.6,2069,18.7,27,0,0,0,0,0,0
2516,L49695,0,298.8,308.5,1490,35.0,29,0,0,0,0,0,0
2517,L49696,0,298.8,308.5,1736,29.0,31,0,0,0,0,0,0
2518,L49697,0,298.8,308.5,1395,44.4,33,0,0,0,0,0,0
2519,M17378,1,298.9,308.6,1425,49.6,35,0,0,0,0,0,0
2520,L49699,0,298.8,308.6,1631,32.4,38,0,0,0,0,0,0
2521,L49700,0,298.8,308.6,1535,41.2,40,0,0,0,0,0,0
2522,L49701,0,298.8,308.6,1584,34.4,42,0,0,0,0,0,0
2523,M17382,1,298.8,308.7,1543,38.2,44,0,0,0,0,0,0
2524,L49703,0,298.8,308.7,1635,35.2,47,0,0,0,0,0,0
2525,M17384,1,298.8,308.7,1446,45.5,49,0,0,0,0,0,0
2526,M17385,1,298.8,308.6,1598,35.1,52,0,0,0,0,0,0
2527,L49706,0,298.8,308.6,1501,35.0,55,0,0,0,0,0,0
2528,L49707,0,298.8,308.5,1450,50.8,57,0,0,0,0,0,0
2529,L49708,0,298.8,308.6,1730,25.9,59,0,0,0,0,0,0
2530,M17389,1,298.8,308.6,1571,33.7,61,0,0,0,0,0,0
2531,L49710,0,298.9,308.7,1438,51.7,64,0,0,0,0,0,0
2532,M17391,1,298.8,308.5,1510,38.7,66,0,0,0,0,0,0
2533,L49712,0,298.9,308.7,1389,44.9,69,0,0,0,0,0,0
2534,L49713,0,298.8,308.7,1490,33.6,71,0,0,0,0,0,0
2535,L49714,0,298.9,308.7,1729,26.6,73,0,0,0,0,0,0
2536,L49715,0,299.0,308.8,1495,38.4,75,0,0,0,0,0,0
2537,L49716,0,298.9,308.8,1281,53.9,77,0,0,0,0,0,0
2538,H31951,2,298.9,308.7,1353,48.1,79,0,0,0,0,0,0
2539,L49718,0,299.1,308.8,1429,50.1,84,0,0,0,0,0,0
2540,L49719,0,299.1,308.8,1413,42.1,86,0,0,0,0,0,0
2541,L49720,0,299.1,308.8,1502,38.3,88,0,0,0,0,0,0
2542,H31955,2,299.1,308.8,1553,32.6,90,0,0,0,0,0,0
2543,H31956,2,299.2,308.9,1712,26.4,95,0,0,0,0,0,0
2544,L49723,0,299.3,309.0,1786,23.5,100,0,0,0,0,0,0
2545,L49724,0,299.2,309.0,1951,21.4,102,0,0,0,0,0,0
2546,M17405,1,299.2,309.0,1541,36.3,104,0,0,0,0,0,0
2547,L49726,0,299.2,309.1,1605,34.3,107,0,0,0,0,0,0
2548,L49727,0,299.2,309.1,1578,38.1,109,0,0,0,0,0,0
2549,M17408,1,299.3,309.2,1440,37.5,111,0,0,0,0,0,0
2550,L49729,0,299.4,309.2,1489,42.3,114,0,0,0,0,0,0
2551,L49730,0,299.4,309.3,1366,48.4,116,0,0,0,0,0,0
2552,L49731,0,299.3,309.2,1541,37.2,118,0,0,0,0,0,0
2553,H31966,2,299.3,309.1,1552,40.7,120,0,0,0,0,0,0
2554,L49733,0,299.3,309.1,1473,40.3,125,0,0,0,0,0,0
2555,L49734,0,299.3,309.1,1531,37.9,127,0,0,0,0,0,0
2556,L49735,0,299.3,309.2,1511,37.2,129,0,0,0,0,0,0
2557,M17416,1,299.3,309.1,1449,47.9,131,0,0,0,0,0,0
2558,M17417,1,299.4,309.1,1440,50.0,134,0,0,0,0,0,0
2559,M17418,1,299.2,309.0,1881,23.9,137,0,0,0,0,0,0
2561,M17420,1,299.4,309.1,1326,62.0,142,0,0,0,0,0,0
2562,L49741,0,299.4,309.2,1607,31.7,145,0,0,0,0,0,0
2563,L49742,0,299.3,309.1,1551,39.1,147,0,0,0,0,0,0
2564,L49743,0,299.3,309.1,1496,37.2,149,0,0,0,0,0,0
2565,L49744,0,299.3,309.1,1493,38.0,151,0,0,0,0,0,0
2566,L49745,0,299.4,309.1,1304,50.5,153,0,0,0,0,0,0
2567,M17426,1,299.3,309.0,1420,41.6,155,0,0,0,0,0,0
2568,L49747,0,299.4,309.1,1766,24.6,158,0,0,0,0,0,0
2569,L49748,0,299.6,309.2,1450,43.1,160,0,0,0,0,0,0
2570,H31983,2,299.5,309.2,1872,22.6,162,0,0,0,0,0,0
2571,L49750,0,299.6,309.2,1713,26.5,167,0,0,0,0,0,0
2572,M17431,1,299.5,309.2,1497,40.9,169,0,0,0,0,0,0
2573,M17432,1,299.4,309.1,1352,44.7,172,0,0,0,0,0,0
2574,L49753,0,299.5,309.2,1499,41.5,175,0,0,0,0,0,0
2575,L49754,0,299.5,309.3,1972,19.3,177,0,0,0,0,0,0
2576,L49755,0,299.5,309.3,1422,49.2,179,0,0,0,0,0,0
2577,L49756,0,299.5,309.3,1523,41.5,181,0,0,0,0,0,0
2578,L49757,0,299.5,309.4,1563,41.5,183,0,0,0,0,0,0
2579,L49758,0,299.4,309.3,1391,46.6,185,0,0,0,0,0,0
2580,L49759,0,299.3,309.1,1795,24.7,187,0,0,0,0,0,0
2581,L49760,0,299.3,309.1,1293,53.7,189,0,0,0,0,0,0
2582,L49761,0,299.2,309.1,1345,60.7,191,1,0,0,0,1,0
2583,L49762,0,299.2,309.0,1615,33.7,193,0,0,0,0,0,0
2584,L49763,0,299.2,308.9,1342,50.8,195,0,0,0,0,0,0
2585,L49764,0,299.1,308.8,1502,46.7,197,0,0,0,0,0,0
2586,M17445,1,299.0,308.7,1620,35.4,199,0,0,0,0,0,0
2587,L49766,0,299.0,308.7,1537,42.8,202,0,0,0,0,0,0
2588,L49767,0,299.0,308.7,2248,16.8,204,0,0,0,0,0,0
2589,L49768,0,299.0,308.7,1706,28.6,206,0,0,0,0,0,0
2590,L49769,0,299.0,308.7,2250,16.6,208,0,0,0,0,0,0
2591,L49770,0,299.0,308.7,1396,48.6,0,0,0,0,0,0,0
2592,L49771,0,298.9,308.6,1522,46.4,2,0,0,0,0,0,0
2593,L49772,0,298.9,308.6,1539,45.4,4,0,0,0,0,0,0
2594,H32007,2,298.9,308.5,1415,54.0,6,0,0,0,0,0,0
2595,L49774,0,298.8,308.5,1446,37.0,11,0,0,0,0,0,0
2596,M17455,1,298.8,308.6,1486,41.1,13,0,0,0,0,0,0
2597,L49776,0,299.0,308.7,1426,38.6,16,0,0,0,0,0,0
2598,L49777,0,299.0,308.7,1449,38.9,18,0,0,0,0,0,0
2599,L49778,0,299.1,308.8,1320,67.5,20,1,0,0,1,0,0
2600,M17459,1,299.2,308.9,1447,39.6,22,0,0,0,0,0,0
2601,L49780,0,299.3,309.0,1422,47.3,25,0,0,0,0,0,0
2602,L49781,0,299.3,309.1,1399,52.1,27,0,0,0,0,0,0
2603,L49782,0,299.4,309.2,1427,41.5,29,0,0,0,0,0,0
2604,M17463,1,299.3,309.2,1334,46.3,31,0,0,0,0,0,0
2605,M17464,1,299.3,309.1,1385,45.6,34,0,0,0,0,0,0
2606,L49785,0,299.4,309.2,1552,37.4,37,0,0,0,0,0,0
2607,H32020,2,299.4,309.3,1534,37.5,39,0,0,0,0,0,0
2608,L49787,0,299.4,309.3,1448,48.6,44,0,0,0,0,0,0
2609,L49788,0,299.5,309.3,1409,44.7,46,0,0,0,0,0,0
2610,L49789,0,299.4,309.2,1621,34.5,48,0,0,0,0,0,0
2611,H32024,2,299.4,309.1,1547,40.9,50,0,0,0,0,0,0
2612,L49791,0,299.4,309.1,1957,22.1,55,0,0,0,0,0,0
2613,L49792,0,299.4,309.1,2421,14.2,57,0,0,0,0,0,0
2614,M17473,1,299.3,309.1,1571,38.3,59,0,0,0,0,0,0
2615,L49794,0,299.3,309.1,1634,36.8,62,0,0,0,0,0,0
2616,L49795,0,299.3,309.0,1516,38.7,64,0,0,0,0,0,0
2617,L49796,0,299.4,309.1,1207,66.5,66,0,0,0,0,0,0
2618,L49797,0,299.4,309.1,1670,35.9,68,0,0,0,0,0,0
2619,M17478,1,299.4,309.1,1461,48.6,70,0,0,0,0,0,0
2620,L49799,0,299.4,309.2,1569,40.8,73,0,0,0,0,0,0
2621,L49800,0,299.4,309.2,1556,35.7,75,0,0,0,0,0,0
2622,M17481,1,299.5,309.3,1506,41.5,77,0,0,0,0,0,0
2623,M17482,1,299.6,309.4,1642,30.3,80,0,0,0,0,0,0
2624,M17483,1,299.6,309.4,1283,62.1,83,0,0,0,0,0,0
2625,H32038,2,299.7,309.5,1375,46.8,86,0,0,0,0,0,0
2626,L49805,0,299.7,309.4,1399,39.9,91,0,0,0,0,0,0
2627,L49806,0,299.7,309.4,1650,29.8,93,0,0,0,0,0,0
2628,M17487,1,299.8,309.6,1346,53.2,95,0,0,0,0,0,0
2629,H32042,2,299.9,309.6,1410,51.2,98,0,0,0,0,0,0
2630,L49809,0,300.0,309.7,1586,37.8,103,0,0,0,0,0,0
2631,L49810,0,300.0,309.8,1372,39.6,105,0,0,0,0,0,0
2632,H32045,2,300.0,309.7,1529,42.4,107,0,0,0,0,0,0
2633,M17492,1,300.0,309.7,1652,28.6,112,0,0,0,0,0,0
2634,L49813,0,300.1,309.8,1532,39.8,115,0,0,0,0,0,0
2635,L49814,0,300.0,309.7,1554,32.0,117,0,0,0,0,0,0
2636,H32049,2,299.9,309.6,1462,51.0,119,0,0,0,0,0,0
2637,L49816,0,299.9,309.6,1254,61.3,124,0,0,0,0,0,0
2638,L49817,0,299.9,309.6,1294,49.7,126,0,0,0,0,0,0
2639,L49818,0,299.8,309.5,1739,27.5,128,0,0,0,0,0,0
2640,M17499,1,299.8,309.4,1412,47.8,130,0,0,0,0,0,0
2641,M17500,1,299.9,309.5,1372,56.2,133,0,0,0,0,0,0
2642,H32055,2,299.8,309.5,1420,46.7,136,0,0,0,0,0,0
2643,L49822,0,299.8,309.5,1542,40.3,141,0,0,0,0,0,0
2644,M17503,1,299.8,309.4,1401,48.1,143,0,0,0,0,0,0
2645,L49824,0,299.8,309.4,1510,42.5,146,0,0,0,0,0,0
2646,H32059,2,299.9,309.5,1547,38.5,148,0,0,0,0,0,0
2647,M17506,1,299.8,309.5,1453,43.2,153,0,0,0,0,0,0
2648,L49827,0,299.8,309.4,1408,45.6,156,0,0,0,0,0,0
2649,L49828,0,299.8,309.4,1436,51.6,158,0,0,0,0,0,0
2650,M17509,1,299.9,309.5,1582,38.2,160,0,0,0,0,0,0
2651,L49830,0,299.9,309.6,1280,59.3,163,0,0,0,0,0,0
2652,L49831,0,299.9,309.5,2008,20.4,165,0,0,0,0,0,0
2653,L49832,0,299.9,309.5,1772,23.5,167,0,0,0,0,0,0
2654,L49833,0,299.9,309.5,1779,26.1,169,0,0,0,0,0,0
2655,L49834,0,299.9,309.5,1567,35.5,171,0,0,0,0,0,0
2656,M17515,1,299.8,309.4,1751,27.0,173,0,0,0,0,0,0
2657,L49836,0,299.9,309.5,1349,51.3,176,0,0,0,0,0,0
2658,M17517,1,300.0,309.5,1425,40.8,178,0,0,0,0,0,0
2659,L49838,0,300.0,309.4,1395,44.5,181,0,0,0,0,0,0
2660,H32073,2,299.8,309.3,1595,32.1,183,0,0,0,0,0,0
2661,L49840,0,299.8,309.3,1291,56.4,188,0,0,0,0,0,0
2662,M17521,1,299.9,309.4,1509,42.8,190,0,0,0,0,0,0
2663,M17522,1,299.9,309.4,1483,38.1,193,0,0,0,0,0,0
2664,L49843,0,299.9,309.3,1620,31.1,196,0,0,0,0,0,0
2665,M17524,1,299.9,309.4,1487,42.2,198,0,0,0,0,0,0
2666,L49845,0,299.8,309.4,2256,15.9,201,0,0,0,0,0,0
2667,H32080,2,299.7,309.2,1691,27.7,203,0,0,0,0,0,0
2668,M17527,1,299.8,309.3,1663,35.2,208,0,0,0,0,0,0
2669,M17528,1,299.8,309.3,1640,31.1,211,0,0,0,0,0,0
2670,H32083,2,299.7,309.3,1494,37.8,214,0,0,0,0,0,0
2671,L49850,0,299.8,309.4,1467,46.2,219,0,0,0,0,0,0
2672,M17531,1,299.7,309.3,1399,41.9,221,1,1,0,0,0,0
2673,L49852,0,299.7,309.3,1445,42.6,0,0,0,0,0,0,0
2674,L49853,0,299.8,309.4,1480,40.9,2,0,0,0,0,0,0
2675,L49854,0,299.7,309.3,1546,37.2,4,0,0,0,0,0,0
2676,L49855,0,299.7,309.3,1574,35.8,6,0,0,0,0,0,0
2677,L49856,0,299.7,309.3,1592,34.2,8,0,0,0,0,0,0
2678,L49857,0,299.8,309.5,1495,39.6,10,0,0,0,0,0,0
2679,L49858,0,299.8,309.6,1447,43.1,12,0,0,0,0,0,0
2680,L49859,0,299.8,309.5,1476,44.4,14,0,0,0,0,0,0
2681,L49860,0,299.8,309.5,1641,27.1,16,0,0,0,0,0,0
2682,L49861,0,299.8,309.5,1545,32.2,18,0,0,0,0,0,0
2683,M17542,1,299.9,309.6,1364,44.4,20,0,0,0,0,0,0
2684,L49863,0,299.8,309.5,1590,28.5,23,0,0,0,0,0,0
2685,L49864,0,299.8,309.4,1460,37.4,25,0,0,0,0,0,0
2686,L49865,0,299.8,309.4,1609,32.5,27,0,0,0,0,0,0
2687,L49866,0,299.8,309.4,1633,27.5,29,0,0,0,0,0,0
2688,L49867,0,299.9,309.4,1348,52.8,31,0,0,0,0,0,0
2689,L49868,0,299.9,309.4,1322,53.9,33,0,0,0,0,0,0
2690,L49869,0,300.0,309.5,1641,30.1,35,0,0,0,0,0,0
2691,L49870,0,300.0,309.5,1728,26.0,37,0,0,0,0,0,0
2692,L49871,0,300.0,309.6,1431,47.7,39,0,0,0,0,0,0
2693,L49872,0,300.1,309.7,1641,30.4,41,0,0,0,0,0,0
2694,M17553,1,300.1,309.6,1622,36.1,43,0,0,0,0,0,0
2695,M17554,1,300.1,309.6,1625,38.0,46,0,0,0,0,0,0
2696,L49875,0,300.0,309.5,1869,22.7,49,0,0,0,0,0,0
2697,L49876,0,300.0,309.6,1452,46.0,51,0,0,0,0,0,0
2698,L49877,0,300.0,309.6,1618,28.7,53,0,0,0,0,0,0
2699,L49878,0,300.0,309.4,2010,20.0,55,0,0,0,0,0,0
2700,L49879,0,299.9,309.4,1363,60.9,57,0,0,0,0,0,0
2701,L49880,0,299.9,309.3,1473,40.4,59,0,0,0,0,0,0
2702,L49881,0,299.9,309.2,1333,50.8,61,0,0,0,0,0,0
2703,L49882,0,299.8,309.2,1760,25.9,63,0,0,0,0,0,0
2704,M17563,1,299.8,309.2,1372,58.2,65,0,0,0,0,0,0
2705,M17564,1,299.7,309.2,1608,34.4,68,0,0,0,0,0,0
2706,L49885,0,299.7,309.2,1326,64.8,71,0,0,0,0,0,0
2707,M17566,1,299.6,309.1,1560,37.1,73,0,0,0,0,0,0
2708,M17567,1,299.6,309.0,1539,36.1,76,0,0,0,0,0,0
2709,L49888,0,299.6,309.1,2266,15.3,79,0,0,0,0,0,0
2710,L49889,0,299.6,309.1,1641,35.8,81,0,0,0,0,0,0
2711,L49890,0,299.6,309.1,1574,39.2,83,0,0,0,0,0,0
2712,L49891,0,299.6,309.1,1407,50.6,85,0,0,0,0,0,0
2713,H32126,2,299.7,309.2,1302,55.5,87,0,0,0,0,0,0
2714,M17573,1,299.6,309.2,1651,30.8,92,0,0,0,0,0,0
2715,M17574,1,299.6,309.1,1366,55.2,95,0,0,0,0,0,0
2716,M17575,1,299.5,309.0,1701,28.6,98,0,0,0,0,0,0
2717,L49896,0,299.5,309.0,1498,44.6,101,0,0,0,0,0,0
2718,M17577,1,299.5,309.1,1422,45.3,103,0,0,0,0,0,0
2719,L49898,0,299.5,309.1,1357,47.3,106,0,0,0,0,0,0
2720,L49899,0,299.5,309.2,1690,29.2,108,0,0,0,0,0,0
2721,L49900,0,299.6,309.2,1559,39.1,110,0,0,0,0,0,0
2722,M17581,1,299.6,309.3,1553,32.4,112,0,0,0,0,0,0
2723,L49902,0,299.6,309.3,1558,34.8,115,0,0,0,0,0,0
2724,L49903,0,299.7,309.4,1362,51.9,117,0,0,0,0,0,0
2725,M17584,1,299.8,309.3,1470,42.7,119,0,0,0,0,0,0
2726,L49905,0,299.8,309.4,1555,34.8,122,0,0,0,0,0,0
2727,M17586,1,299.8,309.4,1423,42.9,124,0,0,0,0,0,0
2728,L49907,0,299.7,309.3,1434,38.5,127,0,0,0,0,0,0
2729,L49908,0,299.7,309.3,1779,25.5,129,0,0,0,0,0,0
2730,L49909,0,299.7,309.3,1417,54.6,131,0,0,0,0,0,0
2731,L49910,0,299.6,309.2,1425,45.9,133,0,0,0,0,0,0
2732,M17591,1,299.7,309.2,1597,32.9,135,0,0,0,0,0,0
2733,L49912,0,299.7,309.2,1346,57.4,138,0,0,0,0,0,0
2734,L49913,0,299.7,309.2,1422,40.4,140,0,0,0,0,0,0
2735,H32148,2,299.7,309.2,1572,32.8,142,0,0,0,0,0,0
2736,L49915,0,299.7,309.2,1412,45.4,147,0,0,0,0,0,0
2737,M17596,1,299.7,309.1,1576,36.4,149,0,0,0,0,0,0
2738,M17597,1,299.7,309.1,1508,41.2,152,0,0,0,0,0,0
2739,M17598,1,299.8,309.1,1496,44.4,155,0,0,0,0,0,0
2740,L49919,0,299.8,309.2,1572,35.4,158,0,0,0,0,0,0
2741,L49920,0,299.6,309.0,1525,42.8,160,0,0,0,0,0,0
2742,L49921,0,299.6,309.0,1378,51.9,162,0,0,0,0,0,0
2743,L49922,0,299.6,309.1,1369,51.4,164,0,0,0,0,0,0
2744,L49923,0,299.6,309.1,1476,45.3,166,0,0,0,0,0,0
2745,L49924,0,299.7,309.2,1620,30.0,168,0,0,0,0,0,0
2746,M17605,1,299.7,309.1,1603,38.5,170,0,0,0,0,0,0
2747,L49926,0,299.7,309.2,1411,46.1,173,0,0,0,0,0,0
2748,L49927,0,299.7,309.2,1616,31.6,175,0,0,0,0,0,0
2749,L49928,0,299.7,309.2,1631,35.1,177,0,0,0,0,0,0
2751,H32164,2,299.7,309.2,1456,40.6,182,0,0,0,0,0,0
2752,L49931,0,299.7,309.1,1417,50.1,187,0,0,0,0,0,0
2753,M17612,1,299.7,309.1,1851,24.7,189,0,0,0,0,0,0
2754,L49933,0,299.7,309.1,1715,27.8,192,0,0,0,0,0,0
2755,H32168,2,299.6,309.1,1630,32.3,194,0,0,0,0,0,0
2756,L49935,0,299.7,309.2,1478,38.8,199,0,0,0,0,0,0
2757,L49936,0,299.7,309.2,1781,29.6,201,0,0,0,0,0,0
2758,L49937,0,299.8,309.2,1439,36.1,203,0,0,0,0,0,0
2759,M17618,1,299.7,309.2,1412,45.3,205,0,0,0,0,0,0
2760,L49939,0,299.7,309.1,1483,41.1,208,0,0,0,0,0,0
2761,L49940,0,299.8,309.2,1400,42.6,210,0,0,0,0,0,0
2762,L49941,0,299.8,309.3,1299,65.1,212,1,0,0,0,1,0
2763,L49942,0,299.8,309.2,1479,44.4,214,0,0,0,0,0,0
2764,L49943,0,299.8,309.2,1491,47.5,216,0,0,0,0,0,0
2765,M17624,1,299.9,309.3,1389,52.8,0,0,0,0,0,0,0
2766,M17625,1,299.9,309.4,1399,54.8,3,0,0,0,0,0,0
2767,M17626,1,299.9,309.4,1889,26.0,6,0,0,0,0,0,0
2768,L49947,0,300.0,309.5,1925,21.9,9,0,0,0,0,0,0
2769,L49948,0,300.0,309.5,1675,30.2,11,0,0,0,0,0,0
2770,M17629,1,300.0,309.6,1477,38.1,13,0,0,0,0,0,0
2771,L49950,0,300.0,309.6,1364,45.9,16,0,0,0,0,0,0
2772,L49951,0,299.9,309.5,1451,39.4,18,0,0,0,0,0,0
2773,L49952,0,299.9,309.4,1467,41.2,20,0,0,0,0,0,0
2774,L49953,0,299.9,309.4,1858,22.5,22,0,0,0,0,0,0
2775,L49954,0,300.1,309.4,1559,39.7,24,0,0,0,0,0,0
2776,L49955,0,300.1,309.4,1560,47.7,26,0,0,0,0,0,0
2777,L49956,0,300.1,309.4,1453,47.6,28,0,0,0,0,0,0
2778,L49957,0,300.1,309.4,1464,41.7,30,0,0,0,0,0,0
2779,L49958,0,300.0,309.4,1308,50.2,32,0,0,0,0,0,0
2780,L49959,0,300.1,309.5,1353,50.9,34,0,0,0,0,0,0
2781,M17640,1,300.2,309.6,1556,35.8,36,0,0,0,0,0,0
2782,L49961,0,300.2,309.5,2183,17.8,39,0,0,0,0,0,0
2783,M17642,1,300.2,309.6,1491,41.8,41,0,0,0,0,0,0
2784,M17643,1,300.2,309.6,1528,35.1,44,0,0,0,0,0,0
2785,L49964,0,300.2,309.6,1430,52.7,47,0,0,0,0,0,0
2786,L49965,0,300.2,309.5,1495,32.6,49,0,0,0,0,0,0
2787,M17646,1,300.2,309.5,1630,28.3,51,0,0,0,0,0,0
2788,M17647,1,300.3,309.6,1524,38.4,54,0,0,0,0,0,0
2789,L49968,0,300.3,309.6,1326,52.4,57,0,0,0,0,0,0
2790,H32203,2,300.3,309.5,1438,44.0,59,0,0,0,0,0,0
2791,L49970,0,300.4,309.6,1356,45.9,64,0,0,0,0,0,0
2792,H32205,2,300.4,309.6,1416,43.3,66,0,0,0,0,0,0
2793,L49972,0,300.4,309.7,1584,32.6,71,0,0,0,0,0,0
2794,L49973,0,300.3,309.6,1597,31.8,73,0,0,0,0,0,0
2795,L49974,0,300.4,309.6,1553,43.9,75,0,0,0,0,0,0
2796,M17655,1,300.3,309.5,1405,49.4,77,0,0,0,0,0,0
2797,L49976,0,300.2,309.5,1539,35.3,80,0,0,0,0,0,0
2798,M17657,1,300.3,309.6,1398,53.7,82,0,0,0,0,0,0
2799,L49978,0,300.3,309.6,1568,39.6,85,0,0,0,0,0,0
2800,L49979,0,300.3,309.6,1404,44.6,87,0,0,0,0,0,0
2801,M17660,1,300.2,309.5,1500,45.7,89,0,0,0,0,0,0
2802,M17661,1,300.2,309.5,1642,28.8,92,0,0,0,0,0,0
2803,M17662,1,300.3,309.6,1509,46.6,95,0,0,0,0,0,0
2804,L49983,0,300.2,309.5,1343,50.2,98,0,0,0,0,0,0
2805,L49984,0,300.1,309.5,1450,40.1,100,0,0,0,0,0,0
2806,L49985,0,300.0,309.4,1460,43.5,102,0,0,0,0,0,0
2807,L49986,0,300.0,309.3,1364,41.2,104,0,0,0,0,0,0
2808,M17667,1,299.9,309.3,1452,41.9,106,0,0,0,0,0,0
2809,L49988,0,299.9,309.3,1471,41.8,109,0,0,0,0,0,0
2810,L49989,0,299.9,309.2,1598,34.6,111,0,0,0,0,0,0
2811,L49990,0,299.8,309.1,1772,24.8,113,0,0,0,0,0,0
2812,L49991,0,299.9,309.2,1761,25.6,115,0,0,0,0,0,0
2813,M17672,1,300.0,309.3,1413,40.7,117,0,0,0,0,0,0
2814,L49993,0,300.0,309.3,1887,22.6,120,0,0,0,0,0,0
2815,L49994,0,300.0,309.3,1395,56.5,122,0,0,0,0,0,0
2816,M17675,1,300.1,309.4,1569,31.6,124,0,0,0,0,0,0
2817,L49996,0,300.1,309.4,1434,47.3,127,0,0,0,0,0,0
2818,L49997,0,300.2,309.5,1417,41.1,129,0,0,0,0,0,0
2819,L49998,0,300.2,309.5,1729,28.4,131,0,0,0,0,0,0
2820,L49999,0,300.2,309.5,1356,51.1,133,0,0,0,0,0,0
2821,L50000,0,300.2,309.5,1436,48.8,135,0,0,0,0,0,0
2822,M17681,1,300.3,309.6,1419,42.5,137,0,0,0,0,0,0
2823,L50002,0,300.3,309.6,1593,38.1,140,0,0,0,0,0,0
2824,M17683,1,300.3,309.5,1320,62.2,142,0,0,0,0,0,0
2825,M17684,1,300.3,309.5,1448,42.4,145,0,0,0,0,0,0
2826,L50005,0,300.3,309.4,1470,33.5,148,0,0,0,0,0,0
2827,M17686,1,300.3,309.4,1612,33.1,150,0,0,0,0,0,0
2828,L50007,0,300.4,309.4,1412,51.6,153,0,0,0,0,0,0
2829,M17688,1,300.4,309.4,1875,23.9,155,0,0,0,0,0,0
2830,L50009,0,300.3,309.3,1612,36.0,158,0,0,0,0,0,0
2831,M17690,1,300.4,309.3,1411,41.6,160,0,0,0,0,0,0
2832,M17691,1,300.3,309.2,1490,47.9,163,0,0,0,0,0,0
2833,M17692,1,300.4,309.3,1467,40.3,166,0,0,0,0,0,0
2834,L50013,0,300.3,309.2,1807,26.4,169,0,0,0,0,0,0
2835,L50014,0,300.3,309.1,1368,46.0,171,0,0,0,0,0,0
2836,L50015,0,300.3,309.2,1572,32.0,173,0,0,0,0,0,0
2837,M17696,1,300.3,309.1,1458,44.3,175,0,0,0,0,0,0
2838,L50017,0,300.3,309.1,1699,30.3,178,0,0,0,0,0,0
2839,L50018,0,300.3,309.3,1478,39.5,180,0,0,0,0,0,0
2840,M17699,1,300.4,309.4,1362,42.1,182,0,0,0,0,0,0
2841,H32254,2,300.4,309.4,1487,38.9,185,0,0,0,0,0,0
2842,L50021,0,300.3,309.4,1705,29.4,190,0,0,0,0,0,0
2843,L50022,0,300.3,309.3,1345,53.5,192,0,0,0,0,0,0
2844,L50023,0,300.3,309.2,1532,40.2,194,0,0,0,0,0,0
2845,L50024,0,300.3,309.2,1650,35.2,196,0,0,0,0,0,0
2846,L50025,0,300.3,309.2,1398,54.4,198,0,0,0,0,0,0
2847,L50026,0,300.3,309.2,1412,44.8,200,0,0,0,0,0,0
2848,L50027,0,300.4,309.3,1525,39.6,202,0,0,0,0,0,0
2849,M17708,1,300.3,309.3,1391,57.9,204,0,0,0,0,0,0
2850,L50029,0,300.4,309.3,1766,28.2,207,0,0,0,0,0,0
2851,L50030,0,300.4,309.3,1671,35.0,209,0,0,0,0,0,0
2852,L50031,0,300.5,309.3,1373,48.8,211,0,0,0,0,0,0
2853,M17712,1,300.5,309.4,1347,50.1,213,0,0,0,0,0,0
2854,M17713,1,300.5,309.3,1539,39.1,216,0,0,0,0,0,0
2855,L50034,0,300.5,309.3,1470,40.8,219,0,0,0,0,0,0
2856,L50035,0,300.5,309.3,1528,37.0,221,0,0,0,0,0,0
2857,H32270,2,300.5,309.3,1471,45.2,223,0,0,0,0,0,0
2858,M17717,1,300.4,309.2,1528,37.2,228,0,0,0,0,0,0
2859,L50038,0,300.5,309.3,1417,51.5,231,1,0,0,0,1,0
2860,L50039,0,300.6,309.4,1549,43.4,233,0,0,0,0,0,0
2861,H32274,2,300.6,309.4,1463,49.2,235,0,0,0,0,0,0
2862,L50041,0,300.7,309.5,1479,43.6,240,0,0,0,0,0,0
2863,L50042,0,300.6,309.5,1867,23.0,242,0,0,0,0,0,0
2864,L50043,0,300.6,309.4,1471,44.1,244,0,0,0,0,0,0
2865,H32278,2,300.6,309.4,1380,47.6,246,1,1,0,0,0,0
2866,H32279,2,300.7,309.7,1623,32.7,0,0,0,0,0,0,0
2867,L50046,0,300.8,309.7,1997,20.7,5,0,0,0,0,0,0
2868,H32281,2,300.7,309.6,1390,48.5,7,0,0,0,0,0,0
2869,L50048,0,300.8,309.7,1418,46.6,12,0,0,0,0,0,0
2870,L50049,0,300.8,309.7,1519,35.8,14,0,0,0,0,0,0
2871,M17730,1,300.8,309.7,1519,39.7,16,0,0,0,0,0,0
2872,M17731,1,300.7,309.6,1536,37.2,19,0,0,0,0,0,0
2873,L50052,0,300.8,309.6,1680,28.7,22,0,0,0,0,0,0
2874,H32287,2,300.6,309.4,1555,37.9,24,0,0,0,0,0,0
2875,L50054,0,300.6,309.5,1471,49.6,29,0,0,0,0,0,0
2876,M17735,1,300.5,309.4,1877,23.8,31,0,0,0,0,0,0
2877,M17736,1,300.5,309.3,1578,30.5,34,0,0,0,0,0,0
2878,M17737,1,300.5,309.4,1655,32.1,37,0,0,0,0,0,0
2879,H32292,2,300.5,309.4,1502,34.3,40,0,0,0,0,0,0
2880,M17739,1,300.6,309.4,1367,63.2,45,1,0,0,1,0,0
2881,L50060,0,300.7,309.5,1541,37.2,48,0,0,0,0,0,0
2882,M17741,1,300.6,309.6,1588,37.0,50,0,0,0,0,0,0
2883,L50062,0,300.6,309.6,1684,32.8,53,0,0,0,0,0,0
2884,L50063,0,300.6,309.5,1437,40.0,55,0,0,0,0,0,0
2885,L50064,0,300.6,309.6,1409,42.4,57,0,0,0,0,0,0
2886,M17745,1,300.5,309.5,1320,49.9,59,0,0,0,0,0,0
2887,H32300,2,300.5,309.5,1635,34.2,62,0,0,0,0,0,0
2888,M17747,1,300.5,309.5,1691,27.6,67,0,0,0,0,0,0
2889,M17748,1,300.6,309.6,1365,50.0,70,0,0,0,0,0,0
2890,M17749,1,300.7,309.7,1523,38.2,73,0,0,0,0,0,0
2891,L50070,0,300.6,309.7,1593,32.4,76,0,0,0,0,0,0
2892,L50071,0,300.6,309.6,1682,30.7,78,0,0,0,0,0,0
2893,L50072,0,300.7,309.6,1329,54.3,80,0,0,0,0,0,0
2894,M17753,1,300.7,309.6,1568,35.2,82,0,0,0,0,0,0
2895,L50074,0,300.7,309.6,1733,24.8,85,0,0,0,0,0,0
2896,M17755,1,300.7,309.6,1473,48.1,87,0,0,0,0,0,0
2897,M17756,1,300.7,309.5,1633,31.3,90,0,0,0,0,0,0
2898,M17757,1,300.6,309.5,1530,40.2,93,0,0,0,0,0,0
2899,M17758,1,300.6,309.5,1550,40.2,96,0,0,0,0,0,0
2900,L50079,0,300.6,309.4,1410,40.6,99,0,0,0,0,0,0
2901,L50080,0,300.5,309.3,1574,33.5,101,0,0,0,0,0,0
2902,L50081,0,300.6,309.4,1425,40.3,103,0,0,0,0,0,0
2903,M17762,1,300.6,309.4,1541,35.2,105,0,0,0,0,0,0
2904,M17763,1,300.7,309.5,1733,26.7,108,0,0,0,0,0,0
2905,L50084,0,300.6,309.4,2496,13.5,111,0,0,0,0,0,0
2906,L50085,0,300.6,309.4,1552,36.4,113,0,0,0,0,0,0
2907,L50086,0,300.6,309.3,1409,38.7,115,0,0,0,0,0,0
2908,M17767,1,300.6,309.4,1581,35.7,117,0,0,0,0,0,0
2909,L50088,0,300.7,309.5,1251,59.9,120,0,0,0,0,0,0
2910,L50089,0,300.7,309.6,1500,44.1,122,0,0,0,0,0,0
2911,L50090,0,300.6,309.5,1576,38.8,124,0,0,0,0,0,0
2912,M17771,1,300.7,309.5,1352,44.0,126,0,0,0,0,0,0
2913,L50092,0,300.7,309.6,1661,30.3,129,0,0,0,0,0,0
2914,L50093,0,300.7,309.6,1541,34.6,131,0,0,0,0,0,0
2915,H32328,2,300.6,309.6,1888,20.5,133,0,0,0,0,0,0
2916,L50095,0,300.5,309.5,1255,62.1,138,0,0,0,0,0,0
2917,L50096,0,300.6,309.6,1411,41.6,140,0,0,0,0,0,0
2918,L50097,0,300.6,309.5,1516,39.0,142,0,0,0,0,0,0
2919,M17778,1,300.6,309.5,1492,34.0,144,0,0,0,0,0,0
2920,L50099,0,300.6,309.6,1726,30.0,147,0,0,0,0,0,0
2921,L50100,0,300.7,309.7,1598,33.7,149,0,0,0,0,0,0
2922,L50101,0,300.8,309.8,1657,31.1,151,0,0,0,0,0,0
2923,L50102,0,300.8,309.7,1481,38.1,153,0,0,0,0,0,0
2924,M17783,1,300.7,309.7,1397,51.3,155,0,0,0,0,0,0
2925,L50104,0,300.8,309.7,1461,44.3,158,0,0,0,0,0,0
2926,M17785,1,300.7,309.6,1388,51.1,160,0,0,0,0,0,0
2927,L50106,0,300.7,309.7,1507,52.4,163,0,0,0,0,0,0
2928,M17787,1,300.7,309.6,1421,49.8,165,0,0,0,0,0,0
2929,M17788,1,300.8,309.7,1258,54.9,168,0,0,0,0,0,0
2930,M17789,1,300.8,309.7,1482,39.0,171,0,0,0,0,0,0
2931,H32344,2,300.7,309.6,1403,51.3,174,0,0,0,0,0,0
2932,L50111,0,300.8,309.7,1373,45.4,179,0,0,0,0,0,0
2933,L50112,0,300.9,309.7,1460,42.1,181,0,0,0,0,0,0
2934,M17793,1,300.8,309.7,1751,27.9,183,0,0,0,0,0,0
2935,M17794,1,300.8,309.6,1546,42.3,186,0,0,0,0,0,0
2936,M17795,1,300.8,309.7,1680,28.2,189,0,0,0,0,0,0
2937,M17796,1,300.9,309.7,1394,48.8,192,0,0,0,0,0,0
2938,L50117,0,300.7,309.6,1810,26.0,195,0,0,0,0,0,0
2939,L50118,0,300.7,309.5,1479,34.5,197,0,0,0,0,0,0
2940,L50119,0,300.9,309.7,1431,41.4,199,0,0,0,0,0,0
2941,L50120,0,300.9,309.7,2355,14.4,201,0,0,0,0,0,0
2942,M17801,1,300.7,309.6,1996,19.8,203,1,1,0,0,0,0
2943,L50122,0,300.7,309.5,1461,49.9,0,0,0,0,0,0,0
2944,H32357,2,300.7,309.5,2007,19.7,2,0,0,0,0,0,0
2945,L50124,0,300.7,309.6,1505,34.9,7,0,0,0,0,0,0
2946,H32359,2,300.7,309.6,1925,20.5,9,0,0,0,0,0,0
2947,M17806,1,300.7,309.5,1622,30.5,14,0,0,0,0,0,0
2948,L50127,0,300.7,309.5,1592,29.0,17,0,0,0,0,0,0
2949,L50128,0,300.7,309.5,1850,24.5,19,0,0,0,0,0,0
2950,M17809,1,300.7,309.5,1470,48.7,21,0,0,0,0,0,0
2951,M17810,1,300.7,309.5,1445,46.4,24,0,0,0,0,0,0
2952,L50131,0,300.7,309.5,1685,31.1,27,0,0,0,0,0,0
2953,H32366,2,300.7,309.5,1667,30.5,29,0,0,0,0,0,0
2954,L50133,0,300.7,309.5,1578,35.4,34,0,0,0,0,0,0
2955,H32368,2,300.6,309.4,1691,28.0,36,0,0,0,0,0,0
2956,M17815,1,300.7,309.5,1439,43.8,41,0,0,0,0,0,0
2957,M17816,1,300.8,309.6,1404,38.7,44,0,0,0,0,0,0
2958,L50137,0,300.8,309.6,1498,45.8,47,0,0,0,0,0,0
2959,M17818,1,300.8,309.5,1481,44.5,49,0,0,0,0,0,0
2960,M17819,1,300.7,309.4,1589,35.0,52,0,0,0,0,0,0
2961,L50140,0,300.7,309.5,1467,44.3,55,0,0,0,0,0,0
2962,L50141,0,300.6,309.4,1654,32.8,57,0,0,0,0,0,0
2963,L50142,0,300.7,309.5,1508,39.9,59,0,0,0,0,0,0
2964,M17823,1,300.7,309.6,1439,43.0,61,0,0,0,0,0,0
2965,L50144,0,300.7,309.5,1692,30.3,64,0,0,0,0,0,0
2966,M17825,1,300.7,309.5,1838,24.9,66,0,0,0,0,0,0
2967,L50146,0,300.6,309.3,1601,40.2,69,0,0,0,0,0,0
2968,L50147,0,300.6,309.4,1369,51.6,71,0,0,0,0,0,0
2969,M17828,1,300.6,309.4,1312,45.2,73,0,0,0,0,0,0
2970,L50149,0,300.6,309.4,1468,44.1,76,0,0,0,0,0,0
2971,M17830,1,300.6,309.4,1452,39.4,78,0,0,0,0,0,0
2972,M17831,1,300.7,309.5,1393,43.9,81,0,0,0,0,0,0
2973,M17832,1,300.6,309.4,1432,44.2,84,0,0,0,0,0,0
2974,M17833,1,300.6,309.3,1510,46.0,87,0,0,0,0,0,0
2975,M17834,1,300.6,309.4,1521,37.2,90,0,0,0,0,0,0
2976,H32389,2,300.5,309.4,1360,46.2,93,0,0,0,0,0,0
2977,M17836,1,300.5,309.3,1881,25.5,98,0,0,0,0,0,0
2978,L50157,0,300.4,309.3,1413,50.3,101,0,0,0,0,0,0
2979,H32392,2,300.5,309.4,1642,36.2,103,0,0,0,0,0,0
2980,L50159,0,300.5,309.5,1542,38.5,108,0,0,0,0,0,0
2981,L50160,0,300.4,309.5,1447,39.3,110,0,0,0,0,0,0
2982,H32395,2,300.4,309.4,1530,40.4,112,0,0,0,0,0,0
2983,L50162,0,300.5,309.5,1795,27.7,117,0,0,0,0,0,0
2984,L50163,0,300.6,309.6,1290,57.4,119,0,0,0,0,0,0
2985,L50164,0,300.6,309.7,1639,30.4,121,0,0,0,0,0,0
2986,L50165,0,300.7,309.8,1596,31.5,123,0,0,0,0,0,0
2987,L50166,0,300.6,309.8,1455,48.0,125,0,0,0,0,0,0
2988,M17847,1,300.6,309.8,1659,28.9,127,0,0,0,0,0,0
2989,M17848,1,300.6,309.8,1532,42.5,130,0,0,0,0,0,0
2990,L50169,0,300.6,309.8,1502,42.4,133,0,0,0,0,0,0
2991,L50170,0,300.6,309.8,1688,28.6,135,0,0,0,0,0,0
2992,M17851,1,300.5,309.7,1341,50.9,137,0,0,0,0,0,0
2993,M17852,1,300.5,309.7,1685,29.4,140,0,0,0,0,0,0
2994,M17853,1,300.5,309.8,1370,55.9,143,0,0,0,0,0,0
2995,L50174,0,300.5,309.8,1461,52.5,146,0,0,0,0,0,0
2996,L50175,0,300.5,309.8,1550,37.4,148,0,0,0,0,0,0
2997,M17856,1,300.5,309.8,1508,37.8,150,0,0,0,0,0,0
2998,L50177,0,300.5,309.8,1345,62.7,153,0,0,0,0,0,0
2999,L50178,0,300.5,309.7,1616,34.5,155,0,0,0,0,0,0
3000,L50179,0,300.5,309.7,1395,61.0,157,0,0,0,0,0,0
3001,H32414,2,300.5,309.8,1324,72.8,159,1,0,0,1,0,0
3002,L50181,0,300.5,309.8,1445,43.9,164,0,0,0,0,0,0
3003,M17862,1,300.5,309.8,1555,38.9,166,0,0,0,0,0,0
3004,M17863,1,300.6,309.9,1449,42.4,169,0,0,0,0,0,0
3005,M17864,1,300.5,309.9,1466,53.2,172,0,0,0,0,0,0
3006,L50185,0,300.5,309.9,1503,37.4,175,0,0,0,0,0,0
3007,L50186,0,300.4,309.7,1488,35.7,177,0,0,0,0,0,0
3008,L50187,0,300.4,309.7,1314,50.2,179,0,0,0,0,0,0
3009,M17868,1,300.4,309.7,1547,38.0,181,0,0,0,0,0,0
3010,M17869,1,300.4,309.7,1466,39.8,184,0,0,0,0,0,0
3011,L50190,0,300.3,309.6,1537,37.1,187,0,0,0,0,0,0
3012,M17871,1,300.2,309.5,1434,51.5,189,0,0,0,0,0,0
3013,L50192,0,300.4,309.6,1432,44.7,192,0,0,0,0,0,0
3014,L50193,0,300.5,309.6,1390,48.4,194,0,0,0,0,0,0
3015,L50194,0,300.5,309.7,1580,42.8,196,0,0,0,0,0,0
3016,L50195,0,300.5,309.7,1589,30.5,198,0,0,0,0,0,0
3017,L50196,0,300.5,309.8,1441,48.8,200,0,0,0,0,0,0
3018,L50197,0,300.5,309.8,1305,51.7,202,0,0,0,0,0,0
3019,M17878,1,300.5,309.8,1566,35.9,204,0,0,0,0,0,0
3020,L50199,0,300.5,309.8,1379,54.2,207,1,0,0,0,1,0
3021,L50200,0,300.4,309.6,1543,38.1,209,0,0,0,0,0,0
3022,L50201,0,300.5,309.8,1421,49.6,211,0,0,0,0,0,0
3023,L50202,0,300.5,309.6,1760,30.6,213,0,0,0,0,0,0
3024,L50203,0,300.4,309.5,1711,29.2,215,0,0,0,0,0,0
3025,L50204,0,300.5,309.6,1465,41.6,217,0,0,0,0,0,0
3026,L50205,0,300.5,309.6,1366,50.2,219,0,0,0,0,0,0
3027,M17886,1,300.4,309.5,1888,21.9,221,0,0,0,0,0,0
3028,L50207,0,300.5,309.5,1777,23.6,0,0,0,0,0,0,0
3029,L50208,0,300.5,309.5,1379,55.6,2,0,0,0,0,0,0
3030,L50209,0,300.4,309.5,1525,51.3,4,0,0,0,0,0,0
3031,M17890,1,300.4,309.6,1563,34.0,6,0,0,0,0,0,0
3032,M17891,1,300.5,309.7,1389,43.3,9,0,0,0,0,0,0
3033,M17892,1,300.6,309.8,1447,42.9,12,0,0,0,0,0,0
3034,M17893,1,300.6,309.7,1934,22.8,15,0,0,0,0,0,0
3035,H32448,2,300.6,309.7,1470,43.8,18,0,0,0,0,0,0
3036,M17895,1,300.6,309.7,1428,42.6,23,0,0,0,0,0,0
3037,L50216,0,300.4,309.6,1319,48.1,26,0,0,0,0,0,0
3038,L50217,0,300.5,309.7,1887,24.3,28,0,0,0,0,0,0
3039,L50218,0,300.4,309.5,1349,50.4,30,0,0,0,0,0,0
3040,M17899,1,300.3,309.5,1665,31.4,32,0,0,0,0,0,0
3041,L50220,0,300.3,309.5,1474,38.7,35,0,0,0,0,0,0
3042,L50221,0,300.4,309.5,1543,38.9,37,0,0,0,0,0,0
3043,M17902,1,300.2,309.4,1459,43.9,39,0,0,0,0,0,0
3044,L50223,0,300.3,309.5,1551,37.9,42,0,0,0,0,0,0
3045,L50224,0,300.2,309.4,1981,21.4,44,0,0,0,0,0,0
3046,L50225,0,300.2,309.4,1526,35.3,46,0,0,0,0,0,0
3047,M17906,1,300.2,309.4,1501,40.0,48,0,0,0,0,0,0
3048,L50227,0,300.2,309.4,1558,38.3,51,0,0,0,0,0,0
3049,L50228,0,300.2,309.3,1532,43.2,53,0,0,0,0,0,0
3050,L50229,0,300.1,309.2,1326,55.9,55,0,0,0,0,0,0
3051,L50230,0,300.2,309.2,1431,51.3,57,0,0,0,0,0,0
3052,L50231,0,300.2,309.3,1366,49.3,59,0,0,0,0,0,0
3053,L50232,0,300.1,309.2,1421,42.5,61,0,0,0,0,0,0
3054,H32467,2,300.2,309.3,1506,35.6,63,0,0,0,0,0,0
3055,H32468,2,300.2,309.3,1342,48.7,68,0,0,0,0,0,0
3056,L50235,0,300.1,309.2,1427,37.6,73,0,0,0,0,0,0
3057,L50236,0,300.2,309.2,1667,29.9,75,0,0,0,0,0,0
3058,L50237,0,300.1,309.1,1400,46.7,77,0,0,0,0,0,0
3059,L50238,0,300.0,309.0,1709,32.1,79,0,0,0,0,0,0
3060,M17919,1,300.0,309.0,1368,45.8,81,0,0,0,0,0,0
3061,L50240,0,300.0,309.1,1882,23.8,84,0,0,0,0,0,0
3062,L50241,0,300.1,309.1,1353,58.7,86,0,0,0,0,0,0
3063,L50242,0,299.9,309.0,1553,40.0,88,0,0,0,0,0,0
3064,L50243,0,300.0,309.1,1431,45.4,90,0,0,0,0,0,0
3065,M17924,1,300.1,309.1,1731,30.4,92,0,0,0,0,0,0
3067,M17926,1,300.1,309.2,1457,44.3,98,0,0,0,0,0,0
3068,L50247,0,300.1,309.2,1533,37.0,101,0,0,0,0,0,0
3069,H32482,2,300.0,309.0,1622,31.8,103,0,0,0,0,0,0
3070,L50249,0,300.0,309.1,1791,28.2,108,0,0,0,0,0,0
3071,L50250,0,300.0,309.1,1631,28.3,110,0,0,0,0,0,0
3072,L50251,0,300.0,309.0,2174,16.9,112,0,0,0,0,0,0
3073,L50252,0,300.1,309.0,1314,58.2,114,0,0,0,0,0,0
3074,L50253,0,300.1,309.1,1478,46.9,116,0,0,0,0,0,0
3075,L50254,0,300.1,309.2,1783,27.3,118,0,0,0,0,0,0
3076,M17935,1,300.1,309.2,1385,46.1,120,0,0,0,0,0,0
3077,L50256,0,300.0,309.2,1444,43.6,123,0,0,0,0,0,0
3078,L50257,0,300.1,309.3,1841,23.0,125,0,0,0,0,0,0
3079,M17938,1,300.1,309.4,1349,56.2,127,0,0,0,0,0,0
3080,L50259,0,300.1,309.3,1340,56.0,130,0,0,0,0,0,0
3081,M17940,1,299.9,309.2,1539,43.2,132,0,0,0,0,0,0
3082,M17941,1,300.0,309.3,1932,21.8,135,0,0,0,0,0,0
3083,M17942,1,300.0,309.3,1407,43.9,138,0,0,0,0,0,0
3084,L50263,0,300.1,309.3,1712,28.5,141,0,0,0,0,0,0
3085,H32498,2,300.1,309.4,1329,55.2,143,0,0,0,0,0,0
3086,L50265,0,300.1,309.2,1441,42.9,148,0,0,0,0,0,0
3087,L50266,0,300.0,309.2,1610,32.1,150,0,0,0,0,0,0
3088,M17947,1,300.0,309.1,1474,45.2,152,0,0,0,0,0,0
3089,M17948,1,300.0,309.1,1624,30.8,155,0,0,0,0,0,0
3090,H32503,2,300.1,309.3,1520,38.2,158,0,0,0,0,0,0
3091,H32504,2,300.1,309.3,1448,45.8,163,0,0,0,0,0,0
3092,L50271,0,300.0,309.3,1558,29.7,168,0,0,0,0,0,0
3093,M17952,1,300.0,309.3,2293,16.3,170,0,0,0,0,0,0
3094,L50273,0,300.0,309.3,1397,51.2,173,0,0,0,0,0,0
3095,L50274,0,300.0,309.3,1972,22.0,175,0,0,0,0,0,0
3096,M17955,1,299.9,309.2,1574,36.5,177,0,0,0,0,0,0
3097,L50276,0,299.9,309.2,1560,38.9,180,0,0,0,0,0,0
3098,M17957,1,299.9,309.2,1353,49.8,182,0,0,0,0,0,0
3099,M17958,1,299.9,309.2,1389,51.2,185,0,0,0,0,0,0
3100,M17959,1,299.9,309.1,1513,43.8,188,0,0,0,0,0,0
3101,L50280,0,299.8,309.1,1578,42.1,191,0,0,0,0,0,0
3102,H32515,2,299.8,309.0,1467,37.3,193,0,0,0,0,0,0
3103,L50282,0,299.9,309.1,1412,48.3,198,0,0,0,0,0,0
3104,L50283,0,299.8,309.1,1668,30.3,200,0,0,0,0,0,0
3105,M17964,1,299.8,309.2,1678,29.8,202,0,0,0,0,0,0
3106,L50285,0,299.8,309.1,1612,35.4,205,0,0,0,0,0,0
3107,L50286,0,299.8,309.1,1485,39.9,207,0,0,0,0,0,0
3108,M17967,1,299.8,309.1,1456,39.4,209,0,0,0,0,0,0
3109,L50288,0,299.8,309.2,1504,38.7,212,0,0,0,0,0,0
3110,L50289,0,299.9,309.2,1491,44.3,214,0,0,0,0,0,0
3111,H32524,2,299.9,309.2,1525,33.2,0,0,0,0,0,0,0
3112,L50291,0,300.0,309.2,1759,27.9,5,0,0,0,0,0,0
3113,M17972,1,299.8,309.1,1355,56.7,7,0,0,0,0,0,0
3114,M17973,1,299.9,309.1,1345,56.8,10,0,0,0,0,0,0
3115,M17974,1,299.9,309.2,1683,30.5,13,0,0,0,0,0,0
3116,L50295,0,299.9,309.2,1658,34.8,16,0,0,0,0,0,0
3117,L50296,0,300.0,309.2,1566,34.4,18,0,0,0,0,0,0
3118,M17977,1,300.1,309.3,1469,43.9,20,0,0,0,0,0,0
3119,M17978,1,300.2,309.5,1458,46.9,23,0,0,0,0,0,0
3120,L50299,0,300.1,309.4,1858,23.6,26,0,0,0,0,0,0
3121,H32534,2,300.1,309.4,1563,40.8,28,0,0,0,0,0,0
3122,L50301,0,300.1,309.4,2141,17.9,33,0,0,0,0,0,0
3123,L50302,0,300.0,309.3,1473,46.0,35,0,0,0,0,0,0
3124,H32537,2,300.0,309.4,1498,38.5,37,0,0,0,0,0,0
3125,L50304,0,300.1,309.4,1568,39.7,42,0,0,0,0,0,0
3126,L50305,0,300.1,309.4,1694,27.4,44,0,0,0,0,0,0
3127,L50306,0,300.0,309.4,1499,35.7,46,0,0,0,0,0,0
3128,L50307,0,300.0,309.5,1717,28.3,48,0,0,0,0,0,0
3129,M17988,1,300.1,309.5,1462,42.8,50,0,0,0,0,0,0
3130,L50309,0,300.1,309.6,1642,34.5,53,0,0,0,0,0,0
3131,L50310,0,300.1,309.6,1760,25.4,55,0,0,0,0,0,0
3132,L50311,0,300.1,309.5,1660,32.7,57,0,0,0,0,0,0
3133,L50312,0,300.1,309.5,1557,40.6,59,0,0,0,0,0,0
3134,H32547,2,300.2,309.6,1442,49.2,61,0,0,0,0,0,0
3135,L50314,0,300.2,309.6,1359,51.5,66,0,0,0,0,0,0
3136,L50315,0,300.4,309.8,1342,52.5,68,0,0,0,0,0,0
3137,L50316,0,300.4,309.9,1435,54.8,70,0,0,0,0,0,0
3138,L50317,0,300.4,309.9,1567,36.5,72,0,0,0,0,0,0
3139,L50318,0,300.4,309.9,1376,43.5,74,0,0,0,0,0,0
3140,H32553,2,300.4,309.9,1513,38.7,76,0,0,0,0,0,0
3141,H32554,2,300.4,309.9,2563,12.8,81,1,0,0,1,0,0
3142,L50321,0,300.5,310.0,1521,45.1,86,0,0,0,0,0,0
3143,L50322,0,300.6,310.0,1658,34.7,88,0,0,0,0,0,0
3144,H32557,2,300.6,310.0,1419,42.4,90,0,0,0,0,0,0
3145,M18004,1,300.6,310.0,1478,36.3,95,0,0,0,0,0,0
3146,M18005,1,300.5,310.0,1415,43.5,98,0,0,0,0,0,0
3147,M18006,1,300.5,309.9,1780,26.5,101,0,0,0,0,0,0
3148,M18007,1,300.4,309.7,1440,42.8,104,0,0,0,0,0,0
3149,H32562,2,300.4,309.8,1448,39.7,107,0,0,0,0,0,0
3150,H32563,2,300.4,309.7,1500,35.2,112,0,0,0,0,0,0
3151,L50330,0,300.4,309.8,1513,32.9,117,0,0,0,0,0,0
3152,L50331,0,300.5,309.8,1428,43.8,119,0,0,0,0,0,0
3153,M18012,1,300.5,309.8,1473,42.3,121,0,0,0,0,0,0
3154,M18013,1,300.5,309.9,1483,49.3,124,0,0,0,0,0,0
3155,L50334,0,300.4,309.7,1534,42.5,127,0,0,0,0,0,0
3156,L50335,0,300.5,309.8,1367,54.0,129,0,0,0,0,0,0
3157,L50336,0,300.4,309.7,1467,36.9,131,0,0,0,0,0,0
3158,M18017,1,300.4,309.7,1488,42.2,133,0,0,0,0,0,0
3159,L50338,0,300.4,309.7,1679,30.1,136,0,0,0,0,0,0
3160,H32573,2,300.4,309.8,1409,47.5,138,0,0,0,0,0,0
3161,M18020,1,300.4,309.7,1367,51.2,143,0,0,0,0,0,0
3162,L50341,0,300.4,309.8,1314,63.1,146,0,0,0,0,0,0
3163,L50342,0,300.5,309.9,1480,40.0,148,0,0,0,0,0,0
3164,L50343,0,300.4,309.8,1549,38.9,150,0,0,0,0,0,0
3165,L50344,0,300.4,309.7,1685,31.3,152,0,0,0,0,0,0
3166,L50345,0,300.4,309.6,1536,34.5,154,0,0,0,0,0,0
3167,M18026,1,300.4,309.7,1539,37.7,156,0,0,0,0,0,0
3168,L50347,0,300.4,309.7,1384,45.1,159,0,0,0,0,0,0
3169,M18028,1,300.4,309.6,1614,30.3,161,0,0,0,0,0,0
3170,M18029,1,300.4,309.6,1675,35.5,164,0,0,0,0,0,0
3171,M18030,1,300.4,309.7,1685,32.3,167,0,0,0,0,0,0
3172,L50351,0,300.4,309.6,1386,56.9,170,0,0,0,0,0,0
3173,M18032,1,300.3,309.6,1488,41.3,172,0,0,0,0,0,0
3174,L50353,0,300.3,309.6,1624,32.6,175,0,0,0,0,0,0
3175,L50354,0,300.3,309.6,1600,34.6,177,0,0,0,0,0,0
3176,L50355,0,300.3,309.6,1468,44.7,179,0,0,0,0,0,0
3177,L50356,0,300.3,309.6,1435,45.4,181,0,0,0,0,0,0
3178,M18037,1,300.2,309.5,1564,33.4,183,0,0,0,0,0,0
3179,M18038,1,300.2,309.4,1329,53.6,186,0,0,0,0,0,0
3180,L50359,0,300.1,309.3,1570,36.8,189,0,0,0,0,0,0
3181,M18040,1,300.2,309.4,1433,48.8,191,0,0,0,0,0,0
3182,L50361,0,300.2,309.4,1527,37.0,194,0,0,0,0,0,0
3183,M18042,1,300.1,309.3,1443,50.3,196,0,0,0,0,0,0
3184,L50363,0,300.1,309.3,1616,32.0,199,0,0,0,0,0,0
3185,L50364,0,300.1,309.3,1654,31.0,201,0,0,0,0,0,0
3186,L50365,0,300.1,309.3,1685,27.1,203,0,0,0,0,0,0
3187,M18046,1,300.2,309.4,1456,48.8,205,0,0,0,0,0,0
3188,M18047,1,300.2,309.4,1752,27.8,208,0,0,0,0,0,0
3189,M18048,1,300.1,309.2,1438,51.0,211,0,0,0,0,0,0
3190,L50369,0,300.1,309.1,1551,33.7,214,0,0,0,0,0,0
3191,L50370,0,300.1,309.2,1599,30.1,216,0,0,0,0,0,0
3192,M18051,1,300.1,309.2,1732,33.7,218,0,0,0,0,0,0
3193,M18052,1,300.1,309.2,1418,39.8,221,0,0,0,0,0,0
3194,L50373,0,300.0,309.1,1401,44.5,0,0,0,0,0,0,0
3195,L50374,0,300.0,309.0,1454,51.7,2,0,0,0,0,0,0
3196,M18055,1,300.0,309.2,1635,32.4,4,0,0,0,0,0,0
3197,L50376,0,300.0,309.1,1489,40.3,7,0,0,0,0,0,0
3198,L50377,0,300.0,309.1,1465,40.6,9,0,0,0,0,0,0
3199,M18058,1,300.0,309.1,1463,45.7,11,0,0,0,0,0,0
3200,H32613,2,300.1,309.1,1560,35.4,14,0,0,0,0,0,0
3201,M18060,1,300.1,309.2,1454,44.4,19,0,0,0,0,0,0
3202,L50381,0,300.2,309.1,1479,47.0,22,0,0,0,0,0,0
3203,L50382,0,300.2,309.2,1430,43.4,24,0,0,0,0,0,0
3204,M18063,1,300.1,309.1,1533,38.0,26,0,0,0,0,0,0
3205,L50384,0,300.1,309.0,1404,54.8,29,0,0,0,0,0,0
3206,M18065,1,300.1,308.9,1548,38.4,31,0,0,0,0,0,0
3207,M18066,1,300.1,309.0,1612,33.0,34,0,0,0,0,0,0
3208,M18067,1,300.2,309.0,1642,31.2,37,0,0,0,0,0,0
3209,M18068,1,300.2,309.1,1406,42.2,40,0,0,0,0,0,0
3210,L50389,0,300.3,309.2,1587,31.4,43,0,0,0,0,0,0
3211,M18070,1,300.3,309.2,1364,47.6,45,0,0,0,0,0,0
3212,L50391,0,300.3,309.2,1462,51.4,48,0,0,0,0,0,0
3213,L50392,0,300.3,309.2,1649,32.4,50,0,0,0,0,0,0
3214,L50393,0,300.4,309.2,1752,29.0,52,0,0,0,0,0,0
3215,H32628,2,300.4,309.3,1396,51.2,54,0,0,0,0,0,0
3216,M18075,1,300.5,309.4,2179,16.3,59,0,0,0,0,0,0
3217,L50396,0,300.5,309.5,1653,27.6,62,0,0,0,0,0,0
3218,L50397,0,300.6,309.5,2025,21.4,64,0,0,0,0,0,0
3219,L50398,0,300.6,309.6,1426,53.6,66,0,0,0,0,0,0
3220,M18079,1,300.6,309.6,1503,38.4,68,0,0,0,0,0,0
3221,M18080,1,300.7,309.6,1525,36.5,71,0,0,0,0,0,0
3222,L50401,0,300.6,309.6,1423,49.1,74,0,0,0,0,0,0
3223,M18082,1,300.7,309.7,1435,44.7,76,0,0,0,0,0,0
3224,H32637,2,300.6,309.5,1495,36.5,79,0,0,0,0,0,0
3225,M18084,1,300.6,309.5,1557,33.8,84,0,0,0,0,0,0
3226,L50405,0,300.6,309.4,1474,40.7,87,0,0,0,0,0,0
3227,L50406,0,300.5,309.3,1465,46.0,89,0,0,0,0,0,0
3228,M18087,1,300.5,309.3,1589,34.9,91,0,0,0,0,0,0
3229,L50408,0,300.5,309.3,1475,46.8,94,0,0,0,0,0,0
3230,L50409,0,300.6,309.4,1442,43.2,96,0,0,0,0,0,0
3231,L50410,0,300.6,309.4,1556,36.0,98,0,0,0,0,0,0
3232,L50411,0,300.7,309.3,1425,45.3,100,0,0,0,0,0,0
3233,L50412,0,300.7,309.3,1580,38.3,102,0,0,0,0,0,0
3234,H32647,2,300.8,309.4,1474,40.7,104,0,0,0,0,0,0
3235,L50414,0,300.8,309.4,1489,38.4,109,0,0,0,0,0,0
3236,L50415,0,300.8,309.4,1946,20.5,111,0,0,0,0,0,0
3237,M18096,1,300.8,309.4,1342,62.4,113,1,0,1,0,0,0
3238,M18097,1,300.9,309.5,1758,26.8,116,0,0,0,0,0,0
3239,M18098,1,300.9,309.4,1724,25.6,119,0,0,0,0,0,0
3240,L50419,0,301.0,309.5,1430,48.5,122,0,0,0,0,0,0
3241,L50420,0,300.9,309.5,1612,35.2,124,0,0,0,0,0,0
3242,H32655,2,300.9,309.5,1469,43.4,126,0,0,0,0,0,0
3243,L50422,0,300.9,309.6,1384,42.4,131,0,0,0,0,0,0
3244,L50423,0,301.0,309.6,1724,28.1,133,0,0,0,0,0,0
3245,M18104,1,301.0,309.6,1397,48.0,135,0,0,0,0,0,0
3246,M18105,1,301.0,309.6,1588,32.7,138,0,0,0,0,0,0
3247,L50426,0,301.0,309.7,1468,42.0,141,0,0,0,0,0,0
3248,M18107,1,301.0,309.8,1594,31.1,143,0,0,0,0,0,0
3249,M18108,1,301.0,309.7,1511,39.3,146,0,0,0,0,0,0
3250,L50429,0,301.1,309.8,1493,38.9,149,0,0,0,0,0,0
3251,H32664,2,301.2,309.8,1709,27.0,151,0,0,0,0,0,0
3252,L50431,0,301.1,309.6,1501,36.1,156,0,0,0,0,0,0
3253,L50432,0,301.1,309.7,1668,30.8,158,0,0,0,0,0,0
3254,L50433,0,301.1,309.6,1502,48.9,160,0,0,0,0,0,0
3255,M18114,1,301.0,309.7,1288,58.4,162,0,0,0,0,0,0
3256,L50435,0,301.0,309.7,1491,42.9,165,0,0,0,0,0,0
3257,L50436,0,301.1,309.8,1519,39.6,167,0,0,0,0,0,0
3258,L50437,0,301.2,309.9,1984,19.7,169,0,0,0,0,0,0
3259,L50438,0,301.2,309.9,1643,32.9,171,0,0,0,0,0,0
3260,M18119,1,301.2,310.0,1625,31.6,173,0,0,0,0,0,0
3261,M18120,1,301.3,310.0,2068,17.8,176,0,0,0,0,0,0
3262,H32675,2,301.3,310.1,1469,39.7,179,0,0,0,0,0,0
3263,L50442,0,301.3,310.1,1558,36.3,184,0,0,0,0,0,0
3264,L50443,0,301.3,310.0,1344,54.8,186,0,0,0,0,0,0
3265,H32678,2,301.3,310.1,1455,44.1,188,0,0,0,0,0,0
3266,L50445,0,301.3,310.1,1355,53.6,193,0,0,0,0,0,0
3267,L50446,0,301.3,310.1,1269,56.8,195,1,0,0,0,1,0
3268,L50447,0,301.3,310.0,1550,41.5,197,0,0,0,0,0,0
3269,M18128,1,301.3,310.1,1525,37.8,199,0,0,0,0,0,0
3270,M18129,1,301.3,310.0,1696,32.4,202,0,0,0,0,0,0
3271,L50450,0,301.4,310.1,1937,21.8,205,0,0,0,0,0,0
3272,M18131,1,301.4,310.0,1689,32.1,207,0,0,0,0,0,0
3273,M18132,1,301.3,310.0,1593,30.8,210,0,0,0,0,0,0
3274,M18133,1,301.3,309.9,1565,36.0,213,0,0,0,0,0,0
3275,L50454,0,301.3,310.0,1665,31.4,0,0,0,0,0,0,0
3276,H32689,2,301.3,310.0,1532,36.3,2,0,0,0,0,0,0
3277,L50456,0,301.3,310.0,1438,40.9,7,0,0,0,0,0,0
3278,L50457,0,301.3,310.1,1531,41.6,9,0,0,0,0,0,0
3279,L50458,0,301.3,310.0,1506,40.8,11,0,0,0,0,0,0
3280,L50459,0,301.2,309.9,1382,52.4,13,0,0,0,0,0,0
3281,M18140,1,301.2,309.9,1456,50.8,15,0,0,0,0,0,0
3282,M18141,1,301.2,310.0,1445,45.6,18,0,0,0,0,0,0
3283,L50462,0,301.2,309.9,1515,40.9,21,0,0,0,0,0,0
3284,L50463,0,301.2,309.9,1449,45.5,23,0,0,0,0,0,0
3285,H32698,2,301.2,309.9,1362,50.7,25,0,0,0,0,0,0
3286,L50465,0,301.2,309.9,1687,29.7,30,0,0,0,0,0,0
3287,L50466,0,301.2,310.0,1618,37.6,32,0,0,0,0,0,0
3288,M18147,1,301.2,310.1,1558,32.6,34,0,0,0,0,0,0
3289,L50468,0,301.3,310.1,1662,31.0,37,0,0,0,0,0,0
3290,M18149,1,301.2,310.1,1295,56.6,39,0,0,0,0,0,0
3291,L50470,0,301.2,310.2,1385,42.3,42,0,0,0,0,0,0
3292,M18151,1,301.2,310.1,1479,45.5,44,0,0,0,0,0,0
3293,L50472,0,301.3,310.3,1400,44.3,47,0,0,0,0,0,0
3294,M18153,1,301.2,310.3,1357,54.5,49,0,0,0,0,0,0
3295,L50474,0,301.1,310.2,1657,34.1,52,0,0,0,0,0,0
3296,L50475,0,301.1,310.2,1496,43.4,54,0,0,0,0,0,0
3297,M18156,1,301.2,310.3,1379,43.2,56,0,0,0,0,0,0
3298,L50477,0,301.2,310.3,1548,38.6,59,0,0,0,0,0,0
3299,L50478,0,301.2,310.3,1499,38.1,61,0,0,0,0,0,0
3300,L50479,0,301.3,310.5,1390,45.8,63,0,0,0,0,0,0
3301,H32714,2,301.3,310.4,1538,38.4,65,0,0,0,0,0,0
3302,L50481,0,301.3,310.5,1365,47.7,70,0,0,0,0,0,0
3303,L50482,0,301.3,310.5,1503,48.6,72,0,0,0,0,0,0
3304,L50483,0,301.2,310.4,1390,49.9,74,0,0,0,0,0,0
3305,L50484,0,301.2,310.3,1497,45.7,76,0,0,0,0,0,0
3306,M18165,1,301.3,310.4,1577,48.3,78,0,0,0,0,0,0
3307,L50486,0,301.4,310.5,1432,54.3,81,0,0,0,0,0,0
3308,M18167,1,301.4,310.5,1563,39.9,83,0,0,0,0,0,0
3309,L50488,0,301.4,310.4,1433,43.4,86,0,0,0,0,0,0
3310,L50489,0,301.3,310.4,1384,50.1,88,0,0,0,0,0,0
3311,L50490,0,301.3,310.4,1346,46.7,90,0,0,0,0,0,0
3312,L50491,0,301.3,310.4,1459,44.7,92,0,0,0,0,0,0
3313,L50492,0,301.4,310.4,1639,28.9,94,0,0,0,0,0,0
3314,L50493,0,301.4,310.4,1737,31.9,96,0,0,0,0,0,0
3315,L50494,0,301.4,310.5,1489,43.5,98,0,0,0,0,0,0
3316,M18175,1,301.5,310.6,1492,43.0,100,0,0,0,0,0,0
3317,M18176,1,301.4,310.5,1217,60.6,103,0,0,0,0,0,0
3318,L50497,0,301.5,310.5,1636,28.7,106,0,0,0,0,0,0
3319,L50498,0,301.4,310.4,1436,49.7,108,0,0,0,0,0,0
3320,L50499,0,301.4,310.4,1689,30.6,110,0,0,0,0,0,0
3321,L50500,0,301.5,310.5,2289,16.4,112,0,0,0,0,0,0
3322,L50501,0,301.5,310.6,1522,41.0,114,0,0,0,0,0,0
3323,L50502,0,301.5,310.5,1351,52.9,116,0,0,0,0,0,0
3324,L50503,0,301.5,310.5,1589,36.7,118,0,0,0,0,0,0
3325,L50504,0,301.5,310.6,1578,34.1,120,0,0,0,0,0,0
3326,L50505,0,301.5,310.6,1587,33.7,122,0,0,0,0,0,0
3327,L50506,0,301.5,310.6,1962,20.2,124,0,0,0,0,0,0
3328,M18187,1,301.5,310.6,2432,14.2,126,0,0,0,0,0,0
3329,L50508,0,301.6,310.6,1418,43.9,129,0,0,0,0,0,0
3330,L50509,0,301.6,310.7,1683,29.7,131,0,0,0,0,0,0
3331,L50510,0,301.7,310.8,1385,50.7,133,0,0,0,0,0,0
3332,L50511,0,301.7,310.8,1559,44.5,135,0,0,0,0,0,0
3333,M18192,1,301.7,310.8,1671,31.6,137,0,0,0,0,0,0
3334,M18193,1,301.6,310.8,1343,49.5,140,0,0,0,0,0,0
3335,M18194,1,301.6,310.8,1548,34.2,143,0,0,0,0,0,0
3336,L50515,0,301.7,310.9,1705,31.2,146,0,0,0,0,0,0
3337,L50516,0,301.6,310.8,1535,35.4,148,0,0,0,0,0,0
3338,L50517,0,301.6,310.8,1564,34.1,150,0,0,0,0,0,0
3339,M18198,1,301.6,310.9,1510,40.9,152,0,0,0,0,0,0
3340,L50519,0,301.6,310.9,1492,45.2,155,0,0,0,0,0,0
3341,M18200,1,301.5,310.8,1452,44.1,157,0,0,0,0,0,0
3342,H32755,2,301.4,310.7,1329,52.0,160,0,0,0,0,0,0
3343,L50522,0,301.5,310.8,1382,52.4,165,0,0,0,0,0,0
3344,M18203,1,301.5,310.8,1628,36.4,167,0,0,0,0,0,0
3345,L50524,0,301.4,310.7,1706,27.9,170,0,0,0,0,0,0
3346,L50525,0,301.3,310.7,1594,34.1,172,0,0,0,0,0,0
3347,L50526,0,301.3,310.7,1761,24.3,174,0,0,0,0,0,0
3348,L50527,0,301.3,310.6,1529,41.8,176,0,0,0,0,0,0
3349,M18208,1,301.3,310.7,1532,40.7,178,0,0,0,0,0,0
3350,L50529,0,301.4,310.7,1673,27.8,181,0,0,0,0,0,0
3351,L50530,0,301.4,310.8,1285,62.6,183,1,0,0,0,1,0
3352,L50531,0,301.4,310.8,1680,31.4,185,0,0,0,0,0,0
3353,L50532,0,301.4,310.8,1610,34.6,187,0,0,0,0,0,0
3354,L50533,0,301.6,310.9,1632,31.6,189,0,0,0,0,0,0
3355,L50534,0,301.6,310.9,1559,40.2,191,0,0,0,0,0,0
3356,L50535,0,301.5,310.8,1367,49.0,193,0,0,0,0,0,0
3357,L50536,0,301.6,310.8,1355,57.8,195,1,0,0,0,1,0
3358,H32771,2,301.6,310.7,1414,51.7,197,0,0,0,0,0,0
3359,L50538,0,301.5,310.6,1522,36.6,202,0,0,0,0,0,0
3360,L50539,0,301.5,310.6,1525,41.9,204,0,0,0,0,0,0
3361,L50540,0,301.5,310.6,1394,46.5,206,0,0,0,0,0,0
3362,L50541,0,301.5,310.6,1519,40.7,208,0,0,0,0,0,0
3363,L50542,0,301.4,310.6,1445,43.9,210,0,0,0,0,0,0
3364,L50543,0,301.4,310.6,1555,43.3,212,0,0,0,0,0,0
3365,L50544,0,301.4,310.5,1633,39.5,0,0,0,0,0,0,0
3366,M18225,1,301.4,310.6,1630,30.3,2,0,0,0,0,0,0
3367,M18226,1,301.4,310.7,1692,32.3,5,0,0,0,0,0,0
3368,H32781,2,301.5,310.7,1790,26.2,8,0,0,0,0,0,0
3369,L50548,0,301.5,310.8,1350,58.5,13,0,0,0,0,0,0
3370,L50549,0,301.5,310.9,2760,8.0,15,1,0,0,1,0,0
3371,L50550,0,301.4,310.7,1584,32.2,17,0,0,0,0,0,0
3372,L50551,0,301.4,310.7,1989,21.8,19,0,0,0,0,0,0
3373,L50552,0,301.4,310.8,1431,44.3,21,0,0,0,0,0,0
3374,L50553,0,301.4,310.7,1568,35.2,23,0,0,0,0,0,0
3375,L50554,0,301.4,310.7,1376,50.6,25,0,0,0,0,0,0
3376,M18235,1,301.4,310.6,1459,46.9,27,0,0,0,0,0,0
3377,M18236,1,301.5,310.8,1385,47.5,30,0,0,0,0,0,0
3378,H32791,2,301.5,310.8,1591,29.6,33,0,0,0,0,0,0
3379,L50558,0,301.5,310.7,1568,33.1,38,0,0,0,0,0,0
3380,M18239,1,301.4,310.7,1459,37.7,40,0,0,0,0,0,0
3381,L50560,0,301.4,310.7,1590,36.3,43,0,0,0,0,0,0
3382,L50561,0,301.3,310.6,1376,47.6,45,0,0,0,0,0,0
3383,L50562,0,301.3,310.6,1510,38.5,47,0,0,0,0,0,0
3384,H32797,2,301.4,310.6,1674,33.6,49,0,0,0,0,0,0
3385,L50564,0,301.3,310.6,1426,40.7,54,0,0,0,0,0,0
3386,L50565,0,301.5,310.7,1466,43.6,56,0,0,0,0,0,0
3387,H32800,2,301.5,310.8,1474,38.7,58,0,0,0,0,0,0
3388,M18247,1,301.6,310.8,1290,65.3,63,0,0,0,0,0,0
3389,M18248,1,301.7,310.9,1435,48.0,66,0,0,0,0,0,0
3390,M18249,1,301.5,310.7,1416,53.2,69,0,0,0,0,0,0
3391,H32804,2,301.5,310.7,1599,40.4,72,0,0,0,0,0,0
3392,L50571,0,301.5,310.7,1466,47.3,77,0,0,0,0,0,0
3393,L50572,0,301.5,310.7,1408,47.3,79,0,0,0,0,0,0
3394,L50573,0,301.5,310.6,1490,48.1,81,0,0,0,0,0,0
3395,L50574,0,301.5,310.6,1405,42.3,83,0,0,0,0,0,0
3396,L50575,0,301.4,310.5,1647,33.3,85,0,0,0,0,0,0
3397,M18256,1,301.4,310.6,1459,35.0,87,0,0,0,0,0,0
3398,L50577,0,301.4,310.6,1648,30.7,90,0,0,0,0,0,0
3399,L50578,0,301.4,310.7,1675,30.7,92,0,0,0,0,0,0
3400,L50579,0,301.4,310.7,1605,34.2,94,0,0,0,0,0,0
3401,H32814,2,301.4,310.7,1536,44.4,96,0,0,0,0,0,0
3402,M18261,1,301.4,310.7,1617,34.3,101,0,0,0,0,0,0
3403,L50582,0,301.4,310.6,1347,53.3,104,0,0,0,0,0,0
3404,L50583,0,301.3,310.5,1337,52.7,106,0,0,0,0,0,0
3405,L50584,0,301.3,310.4,1695,30.9,108,0,0,0,0,0,0
3406,M18265,1,301.3,310.4,1635,32.5,110,0,0,0,0,0,0
3407,L50586,0,301.2,310.4,1470,44.0,113,0,0,0,0,0,0
3408,L50587,0,301.2,310.4,1381,49.8,115,0,0,0,0,0,0
3409,M18268,1,301.2,310.4,1382,41.6,117,0,0,0,0,0,0
3410,M18269,1,301.2,310.4,1697,30.0,120,0,0,0,0,0,0
3411,L50590,0,301.2,310.3,1451,39.7,123,0,0,0,0,0,0
3412,L50591,0,301.3,310.3,1419,55.7,125,0,0,0,0,0,0
3413,L50592,0,301.3,310.3,1313,55.6,127,0,0,0,0,0,0
3414,L50593,0,301.3,310.3,1560,36.3,129,0,0,0,0,0,0
3415,L50594,0,301.3,310.3,1555,41.2,131,0,0,0,0,0,0
3416,L50595,0,301.4,310.4,1579,36.9,133,0,0,0,0,0,0
3417,L50596,0,301.5,310.5,1435,44.6,135,0,0,0,0,0,0
3418,L50597,0,301.6,310.6,1621,33.7,137,0,0,0,0,0,0
3419,H32832,2,301.6,310.6,1555,40.4,139,0,0,0,0,0,0
3420,L50599,0,301.5,310.5,1611,33.8,144,0,0,0,0,0,0
3421,L50600,0,301.6,310.6,1834,23.5,146,0,0,0,0,0,0
3422,M18281,1,301.5,310.5,1612,29.8,148,0,0,0,0,0,0
3423,L50602,0,301.5,310.4,1629,34.1,151,0,0,0,0,0,0
3424,L50603,0,301.4,310.4,1496,35.2,153,0,0,0,0,0,0
3425,L50604,0,301.5,310.5,1593,32.9,155,0,0,0,0,0,0
3426,M18285,1,301.5,310.5,1623,33.5,157,0,0,0,0,0,0
3427,L50606,0,301.5,310.5,1380,48.7,160,0,0,0,0,0,0
3428,L50607,0,301.6,310.6,1562,34.4,162,0,0,0,0,0,0
3429,L50608,0,301.6,310.6,1391,49.4,164,0,0,0,0,0,0
3430,H32843,2,301.5,310.5,1551,34.3,166,0,0,0,0,0,0
3431,H32844,2,301.6,310.6,1821,26.2,171,0,0,0,0,0,0
3432,L50611,0,301.6,310.7,1429,43.6,176,0,0,0,0,0,0
3433,M18292,1,301.6,310.7,2012,20.7,178,0,0,0,0,0,0
3434,M18293,1,301.6,310.6,1924,23.6,181,0,0,0,0,0,0
3435,M18294,1,301.5,310.5,1412,44.1,184,0,0,0,0,0,0
3436,L50615,0,301.5,310.5,1389,54.9,187,0,0,0,0,0,0
3437,L50616,0,301.5,310.5,1466,48.1,189,0,0,0,0,0,0
3438,L50617,0,301.5,310.5,2297,15.8,191,0,0,0,0,0,0
3439,L50618,0,301.4,310.4,1471,37.5,193,0,0,0,0,0,0
3440,L50619,0,301.4,310.3,1492,41.4,195,0,0,0,0,0,0
3441,L50620,0,301.3,310.3,1460,41.5,197,0,0,0,0,0,0
3442,L50621,0,301.4,310.4,1559,39.4,199,0,0,0,0,0,0
3443,M18302,1,301.4,310.5,1495,52.5,201,0,0,0,0,0,0
3444,L50623,0,301.5,310.5,1535,39.0,204,0,0,0,0,0,0
3445,L50624,0,301.5,310.6,1381,50.7,206,0,0,0,0,0,0
3446,M18305,1,301.6,310.6,1599,36.1,208,0,0,0,0,0,0
3447,H32860,2,301.6,310.6,1400,49.5,211,0,0,0,0,0,0
3448,L50627,0,301.7,310.6,1624,34.5,216,0,0,0,0,0,0
3449,L50628,0,301.6,310.6,1478,36.6,218,0,0,0,0,0,0
3450,L50629,0,301.7,310.7,1605,33.3,220,0,0,0,0,0,0
3451,L50630,0,301.6,310.6,1506,43.4,222,0,0,0,0,0,0
3452,L50631,0,301.6,310.6,1455,43.9,0,0,0,0,0,0,0
3454,L50633,0,301.5,310.4,1425,54.4,7,0,0,0,0,0,0
3455,L50634,0,301.5,310.4,1918,21.8,9,0,0,0,0,0,0
3456,H32869,2,301.4,310.3,1611,41.5,11,0,0,0,0,0,0
3457,H32870,2,301.4,310.4,1610,38.6,16,0,0,0,0,0,0
3458,M18317,1,301.5,310.4,2639,12.0,21,1,0,0,1,0,0
3459,L50638,0,301.5,310.4,1329,46.6,24,0,0,0,0,0,0
3460,L50639,0,301.5,310.4,1270,54.2,26,0,0,0,0,0,0
3461,L50640,0,301.5,310.3,1415,41.6,28,0,0,0,0,0,0
3462,H32875,2,301.6,310.4,1330,49.5,30,0,0,0,0,0,0
3463,H32876,2,301.6,310.5,1786,27.1,35,0,0,0,0,0,0
3464,L50643,0,301.6,310.5,1809,25.5,40,0,0,0,0,0,0
3465,L50644,0,301.7,310.6,1303,59.7,42,0,0,0,0,0,0
3466,M18325,1,301.8,310.7,1383,45.7,44,0,0,0,0,0,0
3467,L50646,0,301.7,310.6,1447,56.9,47,0,0,0,0,0,0
3468,L50647,0,301.8,310.7,1461,44.2,49,0,0,0,0,0,0
3469,L50648,0,301.8,310.7,2092,18.6,51,0,0,0,0,0,0
3470,M18329,1,301.8,310.7,1429,47.9,53,0,0,0,0,0,0
3471,L50650,0,301.8,310.8,1736,26.5,56,0,0,0,0,0,0
3472,L50651,0,301.8,310.7,1441,49.3,58,0,0,0,0,0,0
3473,L50652,0,301.8,310.7,1523,43.3,60,0,0,0,0,0,0
3474,M18333,1,301.8,310.8,1691,33.4,62,0,0,0,0,0,0
3475,M18334,1,301.9,310.8,1557,35.3,65,0,0,0,0,0,0
3476,L50655,0,301.8,310.7,1644,33.4,68,0,0,0,0,0,0
3477,L50656,0,301.8,310.6,1522,43.8,70,0,0,0,0,0,0
3478,L50657,0,301.8,310.7,1547,41.7,72,0,0,0,0,0,0
3479,L50658,0,301.8,310.7,1597,30.8,74,0,0,0,0,0,0
3480,M18339,1,301.8,310.8,1619,31.0,76,0,0,0,0,0,0
3481,L50660,0,301.9,310.8,1400,58.2,79,0,0,0,0,0,0
3482,L50661,0,302.0,310.9,1663,31.5,81,0,0,0,0,0,0
3483,L50662,0,301.9,310.8,1540,37.6,83,0,0,0,0,0,0
3484,H32897,2,301.9,310.8,1455,42.7,85,0,0,0,0,0,0
3485,L50664,0,301.9,310.8,1519,39.0,90,0,0,0,0,0,0
3486,L50665,0,301.9,310.8,1427,47.7,92,0,0,0,0,0,0
3487,L50666,0,301.9,310.8,1650,29.8,94,0,0,0,0,0,0
3488,M18347,1,301.8,310.8,1508,38.8,96,0,0,0,0,0,0
3489,L50668,0,301.9,310.9,1379,54.8,99,0,0,0,0,0,0
3490,L50669,0,301.9,310.9,1542,36.7,101,0,0,0,0,0,0
3491,M18350,1,301.9,310.9,1763,28.4,103,0,0,0,0,0,0
3492,H32905,2,301.9,310.9,1590,34.3,106,0,0,0,0,0,0
3493,H32906,2,301.9,311.0,1336,63.6,111,0,0,0,0,0,0
3494,M18353,1,301.9,311.0,1638,35.4,116,0,0,0,0,0,0
3495,L50674,0,301.9,311.0,1356,45.7,119,0,0,0,0,0,0
3496,M18355,1,301.9,311.0,1384,47.4,121,0,0,0,0,0,0
3497,L50676,0,301.9,310.9,1309,48.0,124,0,0,0,0,0,0
3498,L50677,0,301.9,311.0,1642,33.1,126,0,0,0,0,0,0
3499,L50678,0,301.9,311.0,1289,54.9,128,0,0,0,0,0,0
3500,L50679,0,301.9,311.0,1353,43.8,130,0,0,0,0,0,0
3501,H32914,2,301.9,311.0,1871,26.0,132,0,0,0,0,0,0
3502,H32915,2,301.9,311.0,1291,63.6,137,0,0,0,0,0,0
3503,M18362,1,301.8,310.9,1346,44.6,142,0,0,0,0,0,0
3504,L50683,0,301.7,310.8,1493,47.6,145,0,0,0,0,0,0
3505,M18364,1,301.7,310.8,1524,41.3,147,0,0,0,0,0,0
3506,L50685,0,301.6,310.8,1726,26.7,150,0,0,0,0,0,0
3507,H32920,2,301.6,310.8,1435,47.2,152,0,0,0,0,0,0
3508,M18367,1,301.7,310.8,1502,34.4,157,0,0,0,0,0,0
3509,L50688,0,301.7,310.9,1608,33.0,160,0,0,0,0,0,0
3510,L50689,0,301.8,311.0,1771,27.2,162,0,0,0,0,0,0
3511,L50690,0,301.7,311.0,1474,42.6,164,0,0,0,0,0,0
3512,L50691,0,301.8,311.0,1322,53.0,166,0,0,0,0,0,0
3513,M18372,1,301.8,311.0,1393,49.5,168,0,0,0,0,0,0
3514,M18373,1,301.9,311.1,1417,52.5,171,0,0,0,0,0,0
3515,H32928,2,301.9,311.0,1430,49.8,174,0,0,0,0,0,0
3516,M18375,1,301.9,311.1,1605,40.0,179,0,0,0,0,0,0
3517,L50696,0,302.0,311.1,1402,47.8,182,0,0,0,0,0,0
3518,L50697,0,302.0,311.0,1550,35.2,184,0,0,0,0,0,0
3519,L50698,0,301.9,311.0,1376,44.9,186,0,0,0,0,0,0
3520,M18379,1,301.9,310.9,1569,32.5,188,0,0,0,0,0,0
3521,L50700,0,301.9,311.0,1669,32.2,191,0,0,0,0,0,0
3522,L50701,0,301.9,311.0,1541,38.9,193,0,0,0,0,0,0
3523,L50702,0,301.8,311.0,1651,32.5,195,0,0,0,0,0,0
3524,L50703,0,301.8,310.9,1521,39.3,197,0,0,0,0,0,0
3525,M18384,1,301.8,310.8,1365,48.2,199,0,0,0,0,0,0
3526,L50705,0,301.8,310.9,1609,31.7,202,0,0,0,0,0,0
3527,H32940,2,301.8,310.8,1470,37.6,204,0,0,0,0,0,0
3528,M18387,1,301.9,310.9,1573,38.9,209,0,0,0,0,0,0
3529,L50708,0,302.0,310.9,1378,53.1,212,1,0,0,0,1,0
3530,L50709,0,301.9,310.9,1567,39.0,214,1,1,0,0,0,0
3531,M18390,1,301.9,310.9,1441,43.7,0,0,0,0,0,0,0
3532,M18391,1,301.9,310.9,1641,33.2,3,0,0,0,0,0,0
3533,L50712,0,301.9,310.9,1486,40.3,6,0,0,0,0,0,0
3534,L50713,0,302.0,311.0,1563,36.2,8,0,0,0,0,0,0
3535,M18394,1,302.0,311.1,1769,26.0,10,0,0,0,0,0,0
3536,H32949,2,301.9,311.0,1672,29.9,13,0,0,0,0,0,0
3537,L50716,0,302.0,311.0,1632,34.2,18,0,0,0,0,0,0
3538,M18397,1,302.0,311.0,1980,21.5,20,0,0,0,0,0,0
3539,L50718,0,302.0,311.1,1635,36.0,23,0,0,0,0,0,0
3540,L50719,0,302.0,311.0,1686,32.5,25,0,0,0,0,0,0
3541,L50720,0,301.9,310.9,1574,31.4,27,0,0,0,0,0,0
3542,L50721,0,301.8,310.8,1546,43.4,29,0,0,0,0,0,0
3543,L50722,0,301.8,310.9,1899,24.7,31,0,0,0,0,0,0
3544,L50723,0,301.8,310.9,1449,36.5,33,0,0,0,0,0,0
3545,M18404,1,301.9,310.9,1483,37.0,35,0,0,0,0,0,0
3546,L50725,0,301.8,310.8,1576,38.6,38,0,0,0,0,0,0
3547,M18406,1,301.9,310.9,1317,51.9,40,0,0,0,0,0,0
3548,M18407,1,301.9,311.0,1467,48.1,43,0,0,0,0,0,0
3549,L50728,0,301.9,310.9,1616,34.5,46,0,0,0,0,0,0
3550,M18409,1,301.8,310.9,1299,60.4,48,0,0,0,0,0,0
3551,M18410,1,301.9,311.0,1432,41.5,51,0,0,0,0,0,0
3552,L50731,0,301.9,310.9,1799,24.2,54,0,0,0,0,0,0
3553,M18412,1,301.8,310.9,1358,52.3,56,0,0,0,0,0,0
3554,M18413,1,301.8,310.8,1618,37.8,59,0,0,0,0,0,0
3555,L50734,0,301.9,310.8,1525,43.2,62,0,0,0,0,0,0
3556,L50735,0,301.8,310.7,1551,37.7,64,0,0,0,0,0,0
3557,L50736,0,301.9,310.8,1735,31.5,66,0,0,0,0,0,0
3558,M18417,1,301.8,310.7,1309,43.3,68,0,0,0,0,0,0
3559,L50738,0,301.7,310.6,1743,26.2,71,0,0,0,0,0,0
3560,M18419,1,301.7,310.7,1659,29.9,73,0,0,0,0,0,0
3561,L50740,0,301.8,310.7,1680,32.4,76,0,0,0,0,0,0
3562,L50741,0,301.7,310.6,1486,38.5,78,0,0,0,0,0,0
3563,L50742,0,301.7,310.6,1471,43.8,80,0,0,0,0,0,0
3564,M18423,1,301.8,310.7,1465,35.8,82,0,0,0,0,0,0
3565,M18424,1,301.7,310.6,1492,42.2,85,0,0,0,0,0,0
3566,M18425,1,301.8,310.7,1420,52.0,88,0,0,0,0,0,0
3567,L50746,0,301.8,310.6,1295,62.3,91,0,0,0,0,0,0
3568,L50747,0,301.8,310.5,1548,34.1,93,0,0,0,0,0,0
3569,L50748,0,301.8,310.6,1372,54.7,95,0,0,0,0,0,0
3570,M18429,1,301.8,310.6,1552,35.9,97,0,0,0,0,0,0
3571,H32984,2,301.8,310.6,1441,46.3,100,0,0,0,0,0,0
3572,M18431,1,301.7,310.6,1691,27.7,105,0,0,0,0,0,0
3573,L50752,0,301.8,310.6,1451,50.7,108,0,0,0,0,0,0
3574,L50753,0,301.8,310.6,1452,48.4,110,0,0,0,0,0,0
3575,L50754,0,301.7,310.6,1406,46.0,112,0,0,0,0,0,0
3576,L50755,0,301.7,310.5,1567,39.1,114,0,0,0,0,0,0
3577,L50756,0,301.6,310.4,1599,41.7,116,0,0,0,0,0,0
3578,M18437,1,301.6,310.4,1455,39.0,118,0,0,0,0,0,0
3579,M18438,1,301.7,310.5,1625,35.9,121,0,0,0,0,0,0
3580,L50759,0,301.8,310.6,2672,11.8,124,1,0,0,1,0,0
3581,L50760,0,301.8,310.6,1650,31.9,126,0,0,0,0,0,0
3582,M18441,1,301.8,310.6,1459,40.2,128,0,0,0,0,0,0
3583,L50762,0,301.8,310.6,1395,50.5,131,0,0,0,0,0,0
3584,L50763,0,301.8,310.7,1751,29.3,133,0,0,0,0,0,0
3585,L50764,0,301.8,310.6,1192,68.9,135,0,0,0,0,0,0
3586,L50765,0,301.9,310.7,1947,25.0,137,0,0,0,0,0,0
3587,L50766,0,301.8,310.5,1593,34.9,139,0,0,0,0,0,0
3588,H33001,2,301.8,310.5,1478,38.6,141,0,0,0,0,0,0
3589,M18448,1,301.7,310.6,1505,44.5,146,0,0,0,0,0,0
3590,L50769,0,301.7,310.5,2465,13.7,149,0,0,0,0,0,0
3591,L50770,0,301.8,310.6,1403,46.8,151,0,0,0,0,0,0
3592,M18451,1,301.7,310.5,1458,41.4,153,0,0,0,0,0,0
3593,H33006,2,301.6,310.4,1369,45.4,156,0,0,0,0,0,0
3594,M18453,1,301.6,310.4,1377,44.9,161,0,0,0,0,0,0
3595,M18454,1,301.6,310.4,1452,45.7,164,0,0,0,0,0,0
3596,L50775,0,301.6,310.4,1517,41.1,167,0,0,0,0,0,0
3597,L50776,0,301.7,310.5,1354,50.0,169,0,0,0,0,0,0
3598,M18457,1,301.7,310.5,1724,33.0,171,0,0,0,0,0,0
3599,L50778,0,301.7,310.5,1399,53.2,174,0,0,0,0,0,0
3600,H33013,2,301.7,310.5,1388,50.5,176,0,0,0,0,0,0
3601,L50780,0,301.7,310.5,1523,34.7,181,0,0,0,0,0,0
3602,L50781,0,301.7,310.5,1377,43.1,183,0,0,0,0,0,0
3603,M18462,1,301.7,310.6,1417,45.2,185,0,0,0,0,0,0
3604,L50783,0,301.7,310.7,1542,40.0,188,0,0,0,0,0,0
3605,L50784,0,301.8,310.8,1557,33.3,190,0,0,0,0,0,0
3606,L50785,0,301.7,310.7,1641,31.9,192,0,0,0,0,0,0
3607,L50786,0,301.7,310.7,1318,55.0,194,0,0,0,0,0,0
3608,L50787,0,301.6,310.7,1638,33.8,196,0,0,0,0,0,0
3609,M18468,1,301.7,310.8,1954,21.6,198,0,0,0,0,0,0
3610,M18469,1,301.7,310.9,1644,32.5,201,0,0,0,0,0,0
3611,M18470,1,301.7,310.8,1594,32.4,204,0,0,0,0,0,0
3612,L50791,0,301.7,310.9,1405,46.4,207,1,1,0,0,0,1
3613,L50792,0,301.7,310.8,1622,37.8,0,0,0,0,0,0,0
3614,L50793,0,301.7,310.9,1557,39.4,2,0,0,0,0,0,0
3615,L50794,0,301.8,311.0,1606,33.3,4,0,0,0,0,0,0
3616,M18475,1,301.8,311.1,1647,31.6,6,0,0,0,0,0,0
3617,M18476,1,301.8,311.1,1413,42.2,9,0,0,0,0,0,0
3618,L50797,0,301.8,311.0,1529,41.6,12,0,0,0,0,0,0
3619,L50798,0,301.9,311.1,1448,46.3,14,0,0,0,0,0,0
3620,L50799,0,301.9,311.2,1435,44.2,16,0,0,0,0,0,0
3621,H33034,2,301.9,311.2,1474,41.8,18,0,0,0,0,0,0
3622,L50801,0,301.9,311.2,1657,29.1,23,0,0,0,0,0,0
3623,L50802,0,302.0,311.3,1509,39.9,25,0,0,0,0,0,0
3624,M18483,1,302.0,311.3,1530,36.4,27,0,0,0,0,0,0
3625,M18484,1,302.0,311.4,1587,35.9,30,0,0,0,0,0,0
3626,M18485,1,302.1,311.4,1467,43.4,33,0,0,0,0,0,0
3627,M18486,1,302.2,311.5,1360,53.0,36,0,0,0,0,0,0
3628,L50807,0,302.2,311.5,1588,30.6,39,0,0,0,0,0,0
3629,L50808,0,302.2,311.4,1609,32.1,41,0,0,0,0,0,0
3630,L50809,0,302.1,311.3,1415,44.1,43,0,0,0,0,0,0
3631,L50810,0,302.0,311.2,1845,27.3,45,0,0,0,0,0,0
3632,M18491,1,302.1,311.4,1419,36.2,47,0,0,0,0,0,0
3633,L50812,0,302.1,311.3,1634,30.6,50,0,0,0,0,0,0
3634,M18493,1,302.2,311.3,1521,40.6,52,0,0,0,0,0,0
3635,L50814,0,302.2,311.4,1499,37.7,55,0,0,0,0,0,0
3636,M18495,1,302.1,311.2,1616,35.1,57,0,0,0,0,0,0
3637,L50816,0,302.2,311.4,1449,46.5,60,0,0,0,0,0,0
3638,M18497,1,302.2,311.4,1626,31.6,62,0,0,0,0,0,0
3639,M18498,1,302.3,311.5,1445,44.8,65,0,0,0,0,0,0
3640,L50819,0,302.4,311.6,1622,35.0,68,0,0,0,0,0,0
3641,H33054,2,302.4,311.6,1544,39.1,70,0,0,0,0,0,0
3642,L50821,0,302.3,311.6,1488,41.8,75,0,0,0,0,0,0
3643,L50822,0,302.3,311.6,1309,57.6,77,0,0,0,0,0,0
3644,L50823,0,302.3,311.6,1784,26.4,79,0,0,0,0,0,0
3645,L50824,0,302.2,311.5,1548,32.4,81,0,0,0,0,0,0
3646,L50825,0,302.2,311.5,1413,43.5,83,0,0,0,0,0,0
3647,M18506,1,302.2,311.5,1863,25.7,85,0,0,0,0,0,0
3648,L50827,0,302.2,311.5,1427,43.8,88,0,0,0,0,0,0
3649,M18508,1,302.2,311.5,1443,47.0,90,0,0,0,0,0,0
3650,L50829,0,302.2,311.5,1481,40.4,93,0,0,0,0,0,0
3651,L50830,0,302.1,311.4,1446,39.7,95,0,0,0,0,0,0
3652,L50831,0,302.1,311.5,1444,44.9,97,0,0,0,0,0,0
3653,M18512,1,302.1,311.5,1341,50.8,99,0,0,0,0,0,0
3654,L50833,0,302.1,311.4,1518,37.4,102,0,0,0,0,0,0
3655,L50834,0,302.1,311.4,1603,35.9,104,0,0,0,0,0,0
3656,L50835,0,302.1,311.4,1686,30.9,106,0,0,0,0,0,0
3657,M18516,1,302.1,311.5,1383,53.6,108,0,0,0,0,0,0
3658,L50837,0,302.1,311.5,1477,45.4,111,0,0,0,0,0,0
3659,M18518,1,302.2,311.5,1449,44.5,113,0,0,0,0,0,0
3660,M18519,1,302.2,311.5,1734,25.0,116,0,0,0,0,0,0
3661,L50840,0,302.3,311.6,1398,49.1,119,0,0,0,0,0,0
3662,M18521,1,302.3,311.7,1639,36.6,121,0,0,0,0,0,0
3663,M18522,1,302.3,311.7,1517,37.6,124,0,0,0,0,0,0
3664,M18523,1,302.3,311.7,1442,41.7,127,0,0,0,0,0,0
3665,M18524,1,302.3,311.7,1685,30.8,130,0,0,0,0,0,0
3666,M18525,1,302.4,311.8,1358,50.6,133,0,0,0,0,0,0
3667,M18526,1,302.3,311.6,1608,39.9,136,0,0,0,0,0,0
3668,L50847,0,302.3,311.6,1665,34.3,139,0,0,0,0,0,0
3669,L50848,0,302.3,311.7,1510,38.7,141,0,0,0,0,0,0
3670,L50849,0,302.4,311.8,1465,40.2,143,0,0,0,0,0,0
3671,L50850,0,302.3,311.7,1701,27.5,145,0,0,0,0,0,0
3672,M18531,1,302.3,311.7,1486,39.6,147,0,0,0,0,0,0
3673,L50852,0,302.3,311.6,1658,32.3,150,0,0,0,0,0,0
3674,H33087,2,302.3,311.7,1449,44.5,152,0,0,0,0,0,0
3675,L50854,0,302.2,311.5,1346,52.4,157,0,0,0,0,0,0
3676,M18535,1,302.1,311.5,1866,23.1,159,0,0,0,0,0,0
3677,M18536,1,302.2,311.5,1562,38.0,162,0,0,0,0,0,0
3678,M18537,1,302.3,311.7,1368,53.6,165,0,0,0,0,0,0
3679,L50858,0,302.2,311.5,1567,33.1,168,0,0,0,0,0,0
3680,L50859,0,302.2,311.5,1725,34.0,170,0,0,0,0,0,0
3681,L50860,0,302.2,311.5,1744,31.2,172,0,0,0,0,0,0
3682,M18541,1,302.1,311.3,1453,45.1,174,0,0,0,0,0,0
3683,L50862,0,302.1,311.2,1550,34.8,177,0,0,0,0,0,0
3684,M18543,1,302.0,311.2,1558,39.1,179,0,0,0,0,0,0
3685,L50864,0,302.0,311.2,1270,65.3,182,1,0,0,0,1,0
3686,M18545,1,301.9,311.1,1380,51.6,184,0,0,0,0,0,0
3687,L50866,0,302.0,311.1,1406,50.5,187,0,0,0,0,0,0
3688,M18547,1,302.0,311.2,1625,30.7,189,0,0,0,0,0,0
3689,L50868,0,302.0,311.2,1420,45.8,192,0,0,0,0,0,0
3690,L50869,0,302.1,311.4,1889,22.7,194,0,0,0,0,0,0
3691,L50870,0,302.1,311.3,1477,43.6,196,0,0,0,0,0,0
3692,L50871,0,302.1,311.2,1460,46.9,198,0,0,0,0,0,0
3693,L50872,0,302.1,311.3,1758,24.4,200,0,0,0,0,0,0
3694,L50873,0,302.1,311.3,1521,31.5,202,0,0,0,0,0,0
3695,M18554,1,302.1,311.3,1511,45.0,204,0,0,0,0,0,0
3696,L50875,0,302.2,311.3,1530,37.3,207,1,1,0,0,0,0
3697,L50876,0,302.1,311.2,1454,46.8,0,0,0,0,0,0,0
3698,L50877,0,302.2,311.2,1928,23.1,2,0,0,0,0,0,0
3699,H33112,2,302.2,311.3,1758,26.4,4,0,0,0,0,0,0
3700,L50879,0,302.2,311.2,1649,33.2,9,0,0,0,0,0,0
3701,L50880,0,302.1,311.2,1447,50.3,11,0,0,0,0,0,0
3702,L50881,0,302.1,311.2,1417,48.0,13,0,0,0,0,0,0
3703,L50882,0,302.0,311.2,1434,44.9,15,0,0,0,0,0,0
3704,M18563,1,302.0,311.2,1418,49.5,17,0,0,0,0,0,0
3705,M18564,1,302.0,311.2,1400,49.5,20,0,0,0,0,0,0
3706,M18565,1,302.0,311.3,1725,27.7,23,0,0,0,0,0,0
3707,L50886,0,302.0,311.3,1567,41.1,26,0,0,0,0,0,0
3708,M18567,1,302.1,311.3,1497,38.4,28,0,0,0,0,0,0
3709,L50888,0,302.1,311.4,1549,44.6,31,0,0,0,0,0,0
3710,L50889,0,302.2,311.4,1754,26.9,33,0,0,0,0,0,0
3711,L50890,0,302.2,311.5,1489,38.3,35,0,0,0,0,0,0
3712,L50891,0,302.2,311.5,1543,38.5,37,0,0,0,0,0,0
3713,L50892,0,302.3,311.5,1543,33.1,39,0,0,0,0,0,0
3714,L50893,0,302.3,311.5,1565,35.6,41,0,0,0,0,0,0
3715,M18574,1,302.3,311.4,1855,23.9,43,0,0,0,0,0,0
3716,M18575,1,302.4,311.4,1475,45.2,46,0,0,0,0,0,0
3717,L50896,0,302.3,311.4,1609,32.3,49,0,0,0,0,0,0
3718,H33131,2,302.3,311.4,1443,44.1,51,0,0,0,0,0,0
3719,L50898,0,302.4,311.4,1450,44.1,56,0,0,0,0,0,0
3720,L50899,0,302.4,311.5,1590,39.9,58,0,0,0,0,0,0
3721,M18580,1,302.4,311.4,1508,41.2,60,0,0,0,0,0,0
3722,M18581,1,302.2,311.2,1544,43.6,63,0,0,0,0,0,0
3723,L50902,0,302.2,311.2,1451,41.8,66,0,0,0,0,0,0
3724,L50903,0,302.3,311.2,1758,24.4,68,0,0,0,0,0,0
3725,M18584,1,302.3,311.2,1507,47.7,70,0,0,0,0,0,0
3726,H33139,2,302.3,311.1,1543,37.5,73,0,0,0,0,0,0
3727,M18586,1,302.3,311.2,1505,36.7,78,0,0,0,0,0,0
3728,L50907,0,302.3,311.2,1786,24.3,81,0,0,0,0,0,0
3729,L50908,0,302.3,311.3,1457,44.5,83,0,0,0,0,0,0
3730,M18589,1,302.4,311.3,1312,61.5,85,0,0,0,0,0,0
3731,M18590,1,302.3,311.2,1405,47.7,88,0,0,0,0,0,0
3732,M18591,1,302.2,311.2,1377,43.0,91,0,0,0,0,0,0
3733,M18592,1,302.2,311.2,1347,49.8,94,0,0,0,0,0,0
3734,L50913,0,302.2,311.1,1470,39.6,97,0,0,0,0,0,0
3735,M18594,1,302.2,311.2,1873,24.0,99,0,0,0,0,0,0
3736,M18595,1,302.2,311.1,1434,58.6,102,0,0,0,0,0,0
3737,H33150,2,302.2,311.1,1628,30.6,105,0,0,0,0,0,0
3738,L50917,0,302.2,311.1,1351,48.6,110,0,0,0,0,0,0
3739,M18598,1,302.3,311.2,1454,43.8,112,0,0,0,0,0,0
3740,M18599,1,302.2,311.2,1663,29.6,115,0,0,0,0,0,0
3741,L50920,0,302.3,311.2,1401,49.7,118,0,0,0,0,0,0
3742,L50921,0,302.4,311.3,1503,38.2,120,0,0,0,0,0,0
3743,L50922,0,302.4,311.4,1564,35.0,122,0,0,0,0,0,0
3744,L50923,0,302.5,311.4,1759,24.6,124,0,0,0,0,0,0
3745,L50924,0,302.5,311.4,1409,53.1,126,0,0,0,0,0,0
3746,L50925,0,302.6,311.4,1738,25.8,128,0,0,0,0,0,0
3747,H33160,2,302.5,311.3,1393,47.5,130,0,0,0,0,0,0
3748,L50927,0,302.5,311.1,1499,38.8,135,0,0,0,0,0,0
3749,L50928,0,302.5,311.1,1493,39.0,137,0,0,0,0,0,0
3750,L50929,0,302.4,311.1,1652,33.9,139,0,0,0,0,0,0
3751,L50930,0,302.3,311.1,1589,29.9,141,0,0,0,0,0,0
3752,L50931,0,302.4,311.1,1520,42.2,143,0,0,0,0,0,0
3753,H33166,2,302.3,311.1,1455,40.3,145,0,0,0,0,0,0
3754,L50933,0,302.2,311.0,1463,46.8,150,0,0,0,0,0,0
3755,L50934,0,302.3,311.0,1442,43.7,152,0,0,0,0,0,0
3756,L50935,0,302.3,311.0,1329,51.5,154,0,0,0,0,0,0
3757,L50936,0,302.3,311.1,1546,33.1,156,0,0,0,0,0,0
3758,M18617,1,302.2,311.1,1516,33.7,158,0,0,0,0,0,0
3759,M18618,1,302.2,311.0,1476,47.4,161,0,0,0,0,0,0
3760,L50939,0,302.3,311.0,1412,47.0,164,0,0,0,0,0,0
3761,L50940,0,302.3,310.9,1377,46.8,166,1,0,1,0,0,0
3762,M18621,1,302.4,311.0,1490,37.1,168,0,0,0,0,0,0
3763,M18622,1,302.3,311.0,1526,37.7,171,0,0,0,0,0,0
3764,L50943,0,302.3,311.0,1428,47.9,174,0,0,0,0,0,0
3765,L50944,0,302.4,311.0,1329,54.6,176,0,0,0,0,0,0
3766,M18625,1,302.4,311.1,1443,51.8,178,0,0,0,0,0,0
3767,L50946,0,302.3,311.1,1373,53.0,181,0,0,0,0,0,0
3768,L50947,0,302.3,311.1,1630,35.6,183,0,0,0,0,0,0
3769,L50948,0,302.2,311.0,1555,34.2,185,0,0,0,0,0,0
3770,M18629,1,302.2,311.0,1436,47.0,187,0,0,0,0,0,0
3771,L50950,0,302.3,311.0,1609,31.0,190,0,0,0,0,0,0
3772,M18631,1,302.3,311.0,1384,49.7,192,0,0,0,0,0,0
3773,L50952,0,302.4,311.1,1448,44.8,195,0,0,0,0,0,0
3774,M18633,1,302.4,311.1,1887,22.4,197,0,0,0,0,0,0
3775,M18634,1,302.4,311.1,1480,45.7,200,0,0,0,0,0,0
3776,H33189,2,302.5,311.1,1850,23.3,203,0,0,0,0,0,0
3777,L50956,0,302.5,311.1,1538,36.8,208,0,0,0,0,0,0
3778,M18637,1,302.4,311.1,1721,30.1,210,0,0,0,0,0,0
3779,M18638,1,302.4,311.1,1366,54.4,0,0,0,0,0,0,0
3780,L50959,0,302.3,311.0,1657,31.1,3,0,0,0,0,0,0
3781,L50960,0,302.4,311.1,1446,42.9,5,0,0,0,0,0,0
3782,L50961,0,302.3,310.8,1465,43.8,7,0,0,0,0,0,0
3783,L50962,0,302.2,310.8,1827,23.8,9,0,0,0,0,0,0
3784,H33197,2,302.2,310.8,1397,47.6,11,0,0,0,0,0,0
3785,L50964,0,302.2,310.8,1744,29.7,16,0,0,0,0,0,0
3786,L50965,0,302.3,310.9,1545,36.7,18,0,0,0,0,0,0
3787,L50966,0,302.3,310.9,1587,36.6,20,0,0,0,0,0,0
3788,L50967,0,302.3,310.8,1377,47.3,22,1,0,1,0,0,0
3789,L50968,0,302.3,310.8,1511,48.1,24,0,0,0,0,0,0
3790,L50969,0,302.3,310.8,1650,32.4,26,0,0,0,0,0,0
3791,L50970,0,302.3,310.9,1412,48.9,28,0,0,0,0,0,0
3792,L50971,0,302.3,311.0,1528,43.1,30,0,0,0,0,0,0
3793,L50972,0,302.3,310.9,1459,35.0,32,0,0,0,0,0,0
3794,L50973,0,302.3,310.9,1379,49.3,34,1,0,1,0,0,0
3795,M18654,1,302.2,310.8,1356,48.3,36,0,0,0,0,0,0
3796,M18655,1,302.1,310.8,1409,41.3,39,0,0,0,0,0,0
3797,M18656,1,302.1,310.8,1504,37.5,42,0,0,0,0,0,0
3798,L50977,0,302.1,310.8,1622,36.8,45,0,0,0,0,0,0
3799,L50978,0,302.1,310.8,1786,25.7,47,0,0,0,0,0,0
3800,L50979,0,302.2,310.9,1506,34.0,49,0,0,0,0,0,0
3801,M18660,1,302.1,310.9,1916,23.1,51,0,0,0,0,0,0
3802,M18661,1,302.2,310.9,1771,27.6,54,0,0,0,0,0,0
3803,M18662,1,302.2,310.9,1488,44.2,57,0,0,0,0,0,0
3804,L50983,0,302.2,310.9,1531,37.5,60,0,0,0,0,0,0
3805,L50984,0,302.3,310.9,1529,33.4,62,0,0,0,0,0,0
3806,M18665,1,302.4,311.0,1580,36.5,64,0,0,0,0,0,0
3807,M18666,1,302.3,310.9,1360,44.0,67,1,0,1,0,0,0
3808,M18667,1,302.3,311.0,1546,35.5,70,0,0,0,0,0,0
3809,M18668,1,302.3,310.9,1762,24.5,73,0,0,0,0,0,0
3810,L50989,0,302.2,310.8,1350,56.6,76,0,0,0,0,0,0
3811,M18670,1,302.2,310.8,1562,38.1,78,0,0,0,0,0,0
3812,M18671,1,302.1,310.7,1608,30.3,81,0,0,0,0,0,0
3813,L50992,0,302.0,310.6,1392,50.0,84,0,0,0,0,0,0
3814,L50993,0,302.0,310.6,1467,44.9,86,0,0,0,0,0,0
3815,M18674,1,302.1,310.6,1326,59.1,88,1,0,1,0,0,0
3816,L50995,0,302.2,310.7,1769,24.9,91,0,0,0,0,0,0
3817,L50996,0,302.1,310.6,1459,47.6,93,0,0,0,0,0,0
3818,M18677,1,302.1,310.6,1421,52.0,95,0,0,0,0,0,0
3819,L50998,0,302.1,310.7,1491,42.8,98,0,0,0,0,0,0
3820,L50999,0,302.2,310.7,1567,36.4,100,0,0,0,0,0,0
3821,L51000,0,302.3,310.8,1421,41.4,102,0,0,0,0,0,0
3822,L51001,0,302.3,310.9,1596,33.5,104,0,0,0,0,0,0
3823,M18682,1,302.4,311.0,1464,44.2,106,0,0,0,0,0,0
3824,M18683,1,302.3,310.9,1581,36.1,109,0,0,0,0,0,0
3825,L51004,0,302.3,310.9,1620,30.3,112,0,0,0,0,0,0
3826,H33239,2,302.2,310.7,1413,48.9,114,0,0,0,0,0,0
3827,H33240,2,302.3,310.8,1438,43.8,119,0,0,0,0,0,0
3828,M18687,1,302.4,310.9,1469,41.6,124,0,0,0,0,0,0
3829,M18688,1,302.3,310.8,1762,27.8,127,0,0,0,0,0,0
3830,H33243,2,302.3,310.9,1366,48.4,130,1,0,1,0,0,0
3831,L51010,0,302.3,310.9,1891,22.7,135,0,0,0,0,0,0
3832,M18691,1,302.3,310.9,1742,29.7,137,0,0,0,0,0,0
3833,M18692,1,302.2,310.9,1465,43.5,140,0,0,0,0,0,0
3834,M18693,1,302.3,311.0,1541,36.6,143,0,0,0,0,0,0
3835,M18694,1,302.3,311.1,1295,57.1,146,0,0,0,0,0,0
3836,M18695,1,302.3,311.1,1435,43.1,149,0,0,0,0,0,0
3837,L51016,0,302.4,311.2,1466,43.9,152,0,0,0,0,0,0
3838,L51017,0,302.4,311.2,1450,47.9,154,0,0,0,0,0,0
3839,L51018,0,302.4,311.1,1880,24.5,156,0,0,0,0,0,0
3840,M18699,1,302.3,311.0,1578,33.5,158,0,0,0,0,0,0
3841,L51020,0,302.4,311.0,1610,33.1,161,0,0,0,0,0,0
3842,L51021,0,302.4,311.1,1565,42.8,163,0,0,0,0,0,0
3843,L51022,0,302.5,311.2,1545,40.1,165,0,0,0,0,0,0
3844,L51023,0,302.5,311.2,1227,60.1,167,0,0,0,0,0,0
3845,L51024,0,302.4,311.1,1484,45.9,169,0,0,0,0,0,0
3846,L51025,0,302.3,311.0,1591,32.7,171,0,0,0,0,0,0
3847,L51026,0,302.3,310.9,1403,47.2,173,0,0,0,0,0,0
3848,M18707,1,302.3,311.0,1450,45.7,175,0,0,0,0,0,0
3849,L51028,0,302.3,310.9,1720,28.1,178,0,0,0,0,0,0
3850,L51029,0,302.3,311.0,1561,37.2,180,0,0,0,0,0,0
3851,M18710,1,302.3,311.0,1421,41.3,182,0,0,0,0,0,0
3852,H33265,2,302.2,310.9,1415,48.4,185,0,0,0,0,0,0
3853,L51032,0,302.3,310.9,2034,19.7,190,0,0,0,0,0,0
3854,L51033,0,302.4,311.0,1486,40.4,192,0,0,0,0,0,0
3855,L51034,0,302.4,311.0,1338,67.6,194,1,0,0,1,1,0
3856,H33269,2,302.4,311.1,1578,32.3,196,0,0,0,0,0,0
3857,M18716,1,302.4,311.2,1330,58.6,201,0,0,0,0,0,0
3858,H33271,2,302.4,311.2,1506,40.8,204,0,0,0,0,0,0
3859,L51038,0,302.5,311.4,1559,37.6,209,0,0,0,0,0,0
3860,L51039,0,302.6,311.5,1599,37.0,211,0,0,0,0,0,0
3861,L51040,0,302.6,311.5,1427,38.9,213,0,0,0,0,0,0
3862,M18721,1,302.5,311.5,1481,41.1,215,0,0,0,0,0,0
3863,H33276,2,302.5,311.5,1496,43.8,218,0,0,0,0,0,0
3864,L51043,0,302.5,311.4,1674,27.0,223,0,0,0,0,0,0
3865,M18724,1,302.5,311.4,1629,31.7,225,0,0,0,0,0,0
3866,H33279,2,302.6,311.5,1629,34.4,228,1,1,0,0,0,0
3867,L51046,0,302.6,311.6,1311,53.2,0,0,0,0,0,0,0
3868,M18727,1,302.7,311.6,2709,9.7,2,1,0,0,1,0,0
3869,M18728,1,302.7,311.7,1759,29.9,5,0,0,0,0,0,0
3870,L51049,0,302.7,311.7,1480,45.2,8,0,0,0,0,0,0
3871,L51050,0,302.7,311.8,1461,46.1,10,0,0,0,0,0,0
3872,M18731,1,302.7,311.8,1728,30.0,12,0,0,0,0,0,0
3873,L51052,0,302.7,311.9,1389,46.5,15,0,0,0,0,0,0
3874,L51053,0,302.6,311.8,1638,35.1,17,0,0,0,0,0,0
3875,L51054,0,302.6,311.7,1254,54.1,19,0,0,0,0,0,0
3876,L51055,0,302.6,311.8,1427,50.1,21,0,0,0,0,0,0
3877,L51056,0,302.6,311.8,1627,31.8,23,0,0,0,0,0,0
3878,H33291,2,302.6,311.7,1471,48.3,25,0,0,0,0,0,0
3879,L51058,0,302.6,311.7,1773,27.1,30,0,0,0,0,0,0
3880,M18739,1,302.6,311.7,1430,51.7,32,0,0,0,0,0,0
3881,L51060,0,302.5,311.6,1595,29.5,35,0,0,0,0,0,0
3882,L51061,0,302.5,311.5,1521,44.1,37,0,0,0,0,0,0
3883,L51062,0,302.5,311.6,1419,43.7,39,0,0,0,0,0,0
3884,M18743,1,302.4,311.4,1534,40.1,41,0,0,0,0,0,0
3885,H33298,2,302.5,311.5,1626,36.0,44,0,0,0,0,0,0
3886,L51065,0,302.5,311.5,1677,29.2,49,0,0,0,0,0,0
3887,L51066,0,302.4,311.3,1392,50.5,51,0,0,0,0,0,0
3888,L51067,0,302.4,311.2,1448,50.5,53,0,0,0,0,0,0
3889,L51068,0,302.3,311.2,1903,22.9,55,0,0,0,0,0,0
3890,L51069,0,302.4,311.2,1404,52.0,57,0,0,0,0,0,0
3891,L51070,0,302.3,311.2,1386,53.5,59,0,0,0,0,0,0
3892,L51071,0,302.2,311.1,1418,47.0,61,0,0,0,0,0,0
3893,M18752,1,302.3,311.1,1338,53.3,63,0,0,0,0,0,0
3894,L51073,0,302.3,311.2,1549,40.6,66,0,0,0,0,0,0
3895,M18754,1,302.3,311.2,1432,42.7,68,0,0,0,0,0,0
3896,M18755,1,302.3,311.2,1546,40.0,71,0,0,0,0,0,0
3897,M18756,1,302.2,311.2,1627,33.2,74,0,0,0,0,0,0
3898,M18757,1,302.2,311.1,1640,32.8,77,0,0,0,0,0,0
3899,M18758,1,302.1,311.1,1423,36.8,80,0,0,0,0,0,0
3900,M18759,1,302.1,311.0,1711,28.7,83,0,0,0,0,0,0
3901,M18760,1,302.1,311.1,1450,51.6,86,0,0,0,0,0,0
3902,H33315,2,302.2,311.1,1553,34.1,89,0,0,0,0,0,0
3903,L51082,0,302.2,311.1,1630,34.6,94,0,0,0,0,0,0
3904,H33317,2,302.2,311.1,1476,39.6,96,0,0,0,0,0,0
3905,H33318,2,302.2,311.1,1426,50.6,101,0,0,0,0,0,0
3906,M18765,1,302.2,311.2,1561,34.9,106,0,0,0,0,0,0
3907,L51086,0,302.3,311.2,1297,62.5,109,0,0,0,0,0,0
3908,M18767,1,302.3,311.2,1842,23.9,111,0,0,0,0,0,0
3909,L51088,0,302.3,311.2,1633,36.4,114,0,0,0,0,0,0
3910,H33323,2,302.3,311.3,1744,30.3,116,0,0,0,0,0,0
3911,L51090,0,302.4,311.4,1831,26.9,121,0,0,0,0,0,0
3912,M18771,1,302.3,311.3,1339,50.8,123,0,0,0,0,0,0
3913,L51092,0,302.4,311.4,1475,40.4,126,0,0,0,0,0,0
3914,M18773,1,302.4,311.4,1675,29.6,128,0,0,0,0,0,0
3915,L51094,0,302.5,311.5,1493,35.1,131,0,0,0,0,0,0
3916,L51095,0,302.5,311.5,1700,29.5,133,0,0,0,0,0,0
3917,L51096,0,302.6,311.6,1453,37.0,135,0,0,0,0,0,0
3918,L51097,0,302.6,311.7,1542,34.1,137,0,0,0,0,0,0
3919,M18778,1,302.5,311.5,1358,52.7,139,0,0,0,0,0,0
3920,H33333,2,302.5,311.5,1655,32.3,142,0,0,0,0,0,0
3921,L51100,0,302.6,311.5,1885,27.5,147,0,0,0,0,0,0
3922,L51101,0,302.7,311.5,1494,41.4,149,0,0,0,0,0,0
3923,M18782,1,302.6,311.4,1757,29.5,151,0,0,0,0,0,0
3924,M18783,1,302.6,311.4,1718,31.2,154,0,0,0,0,0,0
3925,M18784,1,302.5,311.4,1636,35.0,157,0,0,0,0,0,0
3926,L51105,0,302.6,311.6,1638,29.6,160,0,0,0,0,0,0
3927,L51106,0,302.6,311.5,1609,36.0,162,0,0,0,0,0,0
3928,H33341,2,302.7,311.5,1556,35.0,164,0,0,0,0,0,0
3929,L51108,0,302.6,311.5,1442,59.8,169,1,0,0,1,0,0
3930,M18789,1,302.7,311.6,1501,38.8,171,0,0,0,0,0,0
3931,M18790,1,302.6,311.6,2041,19.2,174,0,0,0,0,0,0
3932,M18791,1,302.7,311.7,1784,25.1,177,0,0,0,0,0,0
3933,L51112,0,302.6,311.6,1953,22.4,180,0,0,0,0,0,0
3934,L51113,0,302.6,311.6,1576,34.7,182,0,0,0,0,0,0
3935,M18794,1,302.6,311.6,1518,39.0,184,0,0,0,0,0,0
3936,M18795,1,302.6,311.6,1227,68.2,187,1,0,0,0,1,0
3937,L51116,0,302.5,311.5,1985,18.8,190,0,0,0,0,0,0
3938,L51117,0,302.5,311.5,1802,26.4,192,0,0,0,0,0,0
3939,L51118,0,302.5,311.5,1603,32.4,194,0,0,0,0,0,0
3940,L51119,0,302.5,311.6,1400,54.0,196,0,0,0,0,0,0
3941,L51120,0,302.3,311.5,1395,54.2,198,0,0,0,0,0,0
3942,L51121,0,302.2,311.4,1987,19.9,200,0,0,0,0,0,0
3943,M18802,1,302.2,311.4,1398,47.2,202,0,0,0,0,0,0
3944,L51123,0,302.3,311.4,1333,66.7,205,1,0,0,1,1,0
3945,L51124,0,302.2,311.2,1381,49.4,207,0,0,0,0,0,0
3946,L51125,0,302.2,311.3,1570,36.1,0,0,0,0,0,0,0
3947,M18806,1,302.2,311.3,1658,31.0,2,0,0,0,0,0,0
3948,H33361,2,302.2,311.3,1749,29.2,5,0,0,0,0,0,0
3949,M18808,1,302.2,311.3,1510,37.1,10,0,0,0,0,0,0
3950,L51129,0,302.3,311.5,1384,50.8,13,0,0,0,0,0,0
3951,L51130,0,302.3,311.4,1570,37.2,15,0,0,0,0,0,0
3952,M18811,1,302.3,311.4,1571,32.7,17,0,0,0,0,0,0
3953,L51132,0,302.3,311.4,1476,37.3,20,0,0,0,0,0,0
3954,M18813,1,302.3,311.4,1484,39.5,22,0,0,0,0,0,0
3955,M18814,1,302.3,311.4,1909,23.2,25,0,0,0,0,0,0
3956,L51135,0,302.3,311.5,1448,49.6,28,0,0,0,0,0,0
3957,M18816,1,302.3,311.4,1500,40.2,30,0,0,0,0,0,0
3958,L51137,0,302.2,311.4,1510,44.9,33,0,0,0,0,0,0
3959,L51138,0,302.2,311.3,1378,55.5,35,0,0,0,0,0,0
3960,M18819,1,302.2,311.4,1538,37.4,37,0,0,0,0,0,0
3961,L51140,0,302.2,311.4,1390,48.1,40,0,0,0,0,0,0
3962,M18821,1,302.2,311.4,1642,32.1,42,0,0,0,0,0,0
3963,L51142,0,302.4,311.5,1785,24.8,45,0,0,0,0,0,0
3964,H33377,2,302.3,311.5,1526,38.2,47,0,0,0,0,0,0
3965,M18824,1,302.3,311.6,1668,33.2,52,0,0,0,0,0,0
3966,L51145,0,302.3,311.5,1507,37.5,55,0,0,0,0,0,0
3967,L51146,0,302.3,311.5,1530,37.8,57,0,0,0,0,0,0
3968,M18827,1,302.3,311.4,1479,45.6,59,0,0,0,0,0,0
3969,M18828,1,302.3,311.4,1418,41.3,62,0,0,0,0,0,0
3970,L51149,0,302.3,311.4,1504,38.7,65,0,0,0,0,0,0
3971,M18830,1,302.3,311.4,1345,47.6,67,0,0,0,0,0,0
3972,H33385,2,302.2,311.4,1625,35.4,70,0,0,0,0,0,0
3973,L51152,0,302.3,311.4,1511,34.7,75,0,0,0,0,0,0
3974,L51153,0,302.3,311.4,1535,41.8,77,0,0,0,0,0,0
3975,L51154,0,302.4,311.5,1505,37.9,79,0,0,0,0,0,0
3976,H33389,2,302.4,311.5,1540,43.7,81,0,0,0,0,0,0
3977,H33390,2,302.3,311.4,1372,46.0,86,0,0,0,0,0,0
3978,M18837,1,302.2,311.3,1510,36.6,91,0,0,0,0,0,0
3979,L51158,0,302.2,311.3,1382,46.4,94,0,0,0,0,0,0
3980,L51159,0,302.3,311.3,1439,41.8,96,0,0,0,0,0,0
3981,M18840,1,302.2,311.3,1375,47.0,98,0,0,0,0,0,0
3982,M18841,1,302.2,311.3,1931,21.9,101,0,0,0,0,0,0
3983,L51162,0,302.2,311.3,1475,48.6,104,0,0,0,0,0,0
3984,L51163,0,302.2,311.3,1389,46.9,106,0,0,0,0,0,0
3985,L51164,0,302.3,311.3,1652,32.8,108,0,0,0,0,0,0
3986,L51165,0,302.3,311.2,1386,50.3,110,0,0,0,0,0,0
3987,M18846,1,302.2,311.3,1577,29.8,112,0,0,0,0,0,0
3988,M18847,1,302.3,311.3,1444,43.1,115,0,0,0,0,0,0
3989,L51168,0,302.2,311.3,1554,40.2,118,0,0,0,0,0,0
3990,L51169,0,302.2,311.3,1602,32.8,120,0,0,0,0,0,0
3991,H33404,2,302.2,311.2,1692,28.2,122,0,0,0,0,0,0
3992,L51171,0,302.3,311.3,1682,34.4,127,0,0,0,0,0,0
3993,L51172,0,302.3,311.3,1614,34.1,129,0,0,0,0,0,0
3994,L51173,0,302.3,311.3,1324,47.8,131,0,0,0,0,0,0
3995,L51174,0,302.3,311.4,1434,40.3,133,0,0,0,0,0,0
3996,L51175,0,302.3,311.3,1621,31.6,135,0,0,0,0,0,0
3997,M18856,1,302.3,311.3,1625,33.1,137,0,0,0,0,0,0
3998,L51177,0,302.2,311.1,1394,53.7,140,0,0,0,0,0,0
3999,L51178,0,302.1,311.0,1586,35.1,142,0,0,0,0,0,0
4000,L51179,0,302.0,311.0,1420,45.9,144,0,0,0,0,0,0
4001,L51180,0,302.1,311.2,1422,50.3,146,0,0,0,0,0,0
4002,H33415,2,302.1,311.2,1598,37.9,148,0,0,0,0,0,0
4003,L51182,0,302.1,311.2,1454,59.2,153,1,0,0,1,0,0
4004,L51183,0,302.1,311.2,1519,39.3,155,0,0,0,0,0,0
4005,L51184,0,302.0,311.1,1373,55.7,157,0,0,0,0,0,0
4006,M18865,1,302.0,311.1,1406,48.8,159,0,0,0,0,0,0
4007,L51186,0,302.1,311.2,1492,45.0,162,0,0,0,0,0,0
4008,L51187,0,302.1,311.2,1369,50.8,164,0,0,0,0,0,0
4009,M18868,1,302.2,311.2,1471,41.9,166,0,0,0,0,0,0
4010,L51189,0,302.2,311.2,1630,36.0,169,0,0,0,0,0,0
4011,M18870,1,302.1,311.1,1605,37.6,171,0,0,0,0,0,0
4012,L51191,0,302.2,311.1,1447,52.1,174,0,0,0,0,0,0
4013,M18872,1,302.2,311.2,1360,52.8,176,0,0,0,0,0,0
4014,M18873,1,302.2,311.1,1728,34.0,179,0,0,0,0,0,0
4015,L51194,0,302.1,311.0,1740,30.8,182,0,0,0,0,0,0
4016,L51195,0,302.1,310.9,1477,41.4,184,0,0,0,0,0,0
4017,L51196,0,302.1,310.9,1658,30.3,186,0,0,0,0,0,0
4018,L51197,0,302.0,310.8,1902,23.4,188,0,0,0,0,0,0
4019,M18878,1,302.0,310.8,1783,23.1,190,0,0,0,0,0,0
4020,M18879,1,302.0,310.9,1558,45.3,193,0,0,0,0,0,0
4021,L51200,0,302.1,311.0,1351,49.5,196,0,0,0,0,0,0
4022,H33435,2,302.1,310.9,1452,42.5,198,0,0,0,0,0,0
4023,L51202,0,302.1,310.9,1666,30.7,203,0,0,0,0,0,0
4024,L51203,0,302.1,311.0,1364,50.0,205,0,0,0,0,0,0
4025,M18884,1,302.1,311.0,1351,60.3,207,1,0,0,0,1,0
4026,H33439,2,302.1,311.0,1729,26.1,210,0,0,0,0,0,0
4027,M18886,1,302.1,311.0,1574,34.1,215,0,0,0,0,0,0
4028,L51207,0,302.0,311.0,1566,37.8,218,0,0,0,0,0,0
4029,L51208,0,302.0,310.9,1455,43.2,220,0,0,0,0,0,0
4030,H33443,2,302.0,310.9,1679,29.0,222,0,0,0,0,0,0
4031,L51210,0,302.0,310.8,2143,17.3,227,0,0,0,0,0,0
4032,L51211,0,302.0,310.8,1447,42.7,229,0,0,0,0,0,0
4033,L51212,0,302.0,310.8,1383,50.3,231,1,0,0,0,1,0
4034,L51213,0,302.1,310.8,1772,27.1,233,0,0,0,0,0,0
4035,L51214,0,302.0,310.8,1615,29.0,235,1,1,0,0,0,0
4036,L51215,0,302.0,310.8,1454,36.6,0,0,0,0,0,0,0
4037,L51216,0,302.0,310.8,1445,49.1,2,0,0,0,0,0,0
4038,M18897,1,302.0,310.8,1609,35.2,4,0,0,0,0,0,0
4039,L51218,0,302.0,310.9,1546,34.4,7,0,0,0,0,0,0
4040,L51219,0,301.9,310.8,1567,39.3,9,0,0,0,0,0,0
4041,L51220,0,302.0,310.8,1767,27.4,11,0,0,0,0,0,0
4042,L51221,0,302.0,310.9,1539,34.2,13,0,0,0,0,0,0
4043,L51222,0,302.0,310.9,1564,39.0,15,0,0,0,0,0,0
4044,M18903,1,302.0,310.8,1445,46.3,17,0,0,0,0,0,0
4046,M18905,1,301.8,310.9,1881,20.9,23,0,0,0,0,0,0
4047,M18906,1,301.9,310.9,1421,46.2,26,0,0,0,0,0,0
4048,L51227,0,301.9,311.0,1455,46.0,29,0,0,0,0,0,0
4049,L51228,0,301.9,311.0,2691,12.1,31,1,0,0,1,0,0
4050,L51229,0,301.8,310.8,1505,41.2,33,0,0,0,0,0,0
4051,L51230,0,301.8,310.8,1456,46.6,35,0,0,0,0,0,0
4052,L51231,0,301.8,310.8,1383,46.4,37,0,0,0,0,0,0
4053,M18912,1,301.9,310.8,1563,39.2,39,0,0,0,0,0,0
4054,M18913,1,301.9,310.9,2305,16.1,42,0,0,0,0,0,0
4055,M18914,1,301.9,310.9,1456,43.6,45,0,0,0,0,0,0
4056,L51235,0,302.0,311.0,1865,22.7,48,0,0,0,0,0,0
4057,L51236,0,301.9,310.9,1597,36.9,50,0,0,0,0,0,0
4058,L51237,0,302.0,310.9,1495,38.6,52,0,0,0,0,0,0
4059,M18918,1,302.0,310.9,1456,47.2,54,0,0,0,0,0,0
4060,L51239,0,301.9,310.8,1465,44.3,57,0,0,0,0,0,0
4061,M18920,1,302.0,310.9,1352,55.5,59,0,0,0,0,0,0
4062,L51241,0,301.9,310.8,1906,21.7,62,0,0,0,0,0,0
4063,L51242,0,302.0,310.9,1446,44.0,64,0,0,0,0,0,0
4064,L51243,0,302.0,310.8,1948,19.7,66,0,0,0,0,0,0
4065,L51244,0,301.9,310.7,1480,47.1,68,0,0,0,0,0,0
4066,M18925,1,301.9,310.7,1511,37.6,70,0,0,0,0,0,0
4067,M18926,1,301.9,310.7,1472,47.0,73,0,0,0,0,0,0
4068,L51247,0,301.9,310.7,1429,51.0,76,0,0,0,0,0,0
4069,L51248,0,301.9,310.7,1405,48.8,78,0,0,0,0,0,0
4070,M18929,1,301.9,310.7,1405,47.9,80,0,0,0,0,0,0
4071,L51250,0,302.0,310.7,1348,58.1,83,0,0,0,0,0,0
4072,L51251,0,301.9,310.6,1331,68.6,85,1,0,0,1,0,0
4073,L51252,0,301.9,310.6,1610,33.4,87,0,0,0,0,0,0
4074,M18933,1,301.9,310.6,1412,46.5,89,0,0,0,0,0,0
4075,L51254,0,302.0,310.7,1453,42.7,92,0,0,0,0,0,0
4076,L51255,0,302.0,310.6,1583,38.9,94,0,0,0,0,0,0
4077,M18936,1,302.0,310.6,1539,37.4,96,0,0,0,0,0,0
4078,L51257,0,302.0,310.5,1635,39.8,99,0,0,0,0,0,0
4079,H33492,2,302.1,310.7,1294,62.4,101,1,0,1,0,0,0
4080,L51259,0,302.0,310.5,1978,22.0,106,0,0,0,0,0,0
4081,L51260,0,302.0,310.4,1357,58.0,108,1,0,1,0,0,0
4082,L51261,0,302.0,310.4,1336,58.2,110,1,0,1,0,0,0
4083,L51262,0,302.0,310.4,1568,39.2,112,0,0,0,0,0,0
4084,M18943,1,302.0,310.4,1567,36.4,114,0,0,0,0,0,0
4085,L51264,0,302.0,310.4,1611,35.6,117,0,0,0,0,0,0
4086,H33499,2,302.0,310.5,1841,23.6,119,0,0,0,0,0,0
4087,L51266,0,302.0,310.5,1567,36.1,124,0,0,0,0,0,0
4088,L51267,0,301.9,310.4,1376,54.9,126,1,0,1,0,0,0
4089,L51268,0,301.9,310.5,1477,42.4,128,0,0,0,0,0,0
4090,M18949,1,301.9,310.5,1590,40.3,130,0,0,0,0,0,0
4091,L51270,0,302.0,310.5,2197,15.8,133,0,0,0,0,0,0
4092,M18951,1,302.0,310.4,1595,32.9,135,0,0,0,0,0,0
4093,H33506,2,302.0,310.5,1812,24.4,138,0,0,0,0,0,0
4094,M18953,1,302.0,310.5,1573,32.1,143,0,0,0,0,0,0
4095,L51274,0,302.0,310.5,1651,30.9,146,0,0,0,0,0,0
4096,H33509,2,302.0,310.5,1459,43.2,148,0,0,0,0,0,0
4097,L51276,0,301.9,310.4,1370,51.7,153,1,0,1,0,0,0
4098,L51277,0,301.9,310.4,1518,34.1,155,0,0,0,0,0,0
4099,L51278,0,302.0,310.3,1648,29.6,157,0,0,0,0,0,0
4100,L51279,0,302.0,310.4,1464,47.2,159,0,0,0,0,0,0
4101,L51280,0,302.0,310.4,1895,23.2,161,0,0,0,0,0,0
4102,L51281,0,301.9,310.4,1884,23.4,163,0,0,0,0,0,0
4103,L51282,0,302.0,310.4,1450,46.6,165,0,0,0,0,0,0
4104,L51283,0,302.0,310.4,1448,43.4,167,0,0,0,0,0,0
4105,L51284,0,302.1,310.5,1389,49.6,169,0,0,0,0,0,0
4106,L51285,0,302.0,310.6,1583,35.2,171,0,0,0,0,0,0
4107,L51286,0,301.9,310.5,1425,51.1,173,0,0,0,0,0,0
4108,L51287,0,302.0,310.5,1809,27.1,175,0,0,0,0,0,0
4109,L51288,0,301.9,310.5,1892,21.8,177,0,0,0,0,0,0
4110,M18969,1,301.9,310.6,1475,47.8,179,0,0,0,0,0,0
4111,L51290,0,302.0,310.6,1361,46.7,182,0,0,0,0,0,0
4112,M18971,1,302.0,310.6,1563,41.0,184,0,0,0,0,0,0
4113,H33526,2,301.9,310.5,1472,39.7,187,0,0,0,0,0,0
4114,L51293,0,302.0,310.6,1325,55.3,192,0,0,0,0,0,0
4115,L51294,0,302.0,310.6,1358,53.1,194,0,0,0,0,0,0
4116,H33529,2,302.0,310.6,1346,54.7,196,0,0,0,0,0,0
4117,M18976,1,302.0,310.5,1381,58.4,201,0,0,0,0,0,0
4118,L51297,0,301.9,310.5,1340,55.7,204,1,0,0,0,1,0
4119,L51298,0,302.0,310.6,1366,47.7,206,0,0,0,0,0,0
4120,L51299,0,302.1,310.7,1325,45.1,208,1,0,1,0,0,0
4121,M18980,1,302.1,310.7,1376,46.3,210,1,0,1,0,0,0
4122,M18981,1,302.1,310.7,1364,47.8,213,1,0,1,0,0,0
4123,L51302,0,302.2,310.6,1462,43.6,0,0,0,0,0,0,0
4124,M18983,1,302.1,310.6,1517,38.9,2,0,0,0,0,0,0
4125,L51304,0,302.1,310.6,1385,53.6,5,0,0,0,0,0,0
4126,L51305,0,302.1,310.6,1439,40.0,7,0,0,0,0,0,0
4127,M18986,1,302.0,310.6,1623,34.3,9,0,0,0,0,0,0
4128,H33541,2,302.0,310.6,1438,43.2,12,0,0,0,0,0,0
4129,L51308,0,301.9,310.4,1708,24.8,17,0,0,0,0,0,0
4130,M18989,1,301.8,310.3,1666,32.7,19,0,0,0,0,0,0
4131,L51310,0,301.9,310.4,1286,62.8,22,1,0,1,0,0,0
4132,L51311,0,301.9,310.3,1485,46.3,24,0,0,0,0,0,0
4133,M18992,1,301.8,310.3,1409,52.5,26,0,0,0,0,0,0
4134,L51313,0,301.8,310.3,1765,27.3,29,0,0,0,0,0,0
4135,L51314,0,301.8,310.3,1688,28.8,31,0,0,0,0,0,0
4136,M18995,1,301.7,310.3,1787,26.7,33,0,0,0,0,0,0
4137,L51316,0,301.7,310.1,1487,48.0,36,0,0,0,0,0,0
4138,L51317,0,301.7,310.1,1384,50.5,38,0,0,0,0,0,0
4139,L51318,0,301.7,310.2,1311,57.4,40,1,0,1,0,0,0
4140,H33553,2,301.7,310.2,1620,30.8,42,0,0,0,0,0,0
4141,L51320,0,301.7,310.2,1331,61.2,47,1,0,1,0,0,0
4142,H33555,2,301.7,310.1,1462,38.3,49,0,0,0,0,0,0
4143,L51322,0,301.7,310.1,1424,50.2,54,0,0,0,0,0,0
4144,L51323,0,301.7,310.1,1500,39.6,56,0,0,0,0,0,0
4145,L51324,0,301.8,310.1,1738,28.0,58,0,0,0,0,0,0
4146,M19005,1,301.8,310.3,1465,46.5,60,0,0,0,0,0,0
4147,L51326,0,301.8,310.3,1482,41.4,63,0,0,0,0,0,0
4148,L51327,0,301.9,310.3,1398,44.0,65,0,0,0,0,0,0
4149,L51328,0,301.9,310.3,1972,21.3,67,0,0,0,0,0,0
4150,L51329,0,301.9,310.4,1603,37.6,69,0,0,0,0,0,0
4151,L51330,0,301.9,310.4,1610,34.8,71,0,0,0,0,0,0
4152,M19011,1,301.9,310.4,1373,48.0,73,1,0,1,0,0,0
4153,M19012,1,302.0,310.5,1425,44.7,76,0,0,0,0,0,0
4154,M19013,1,302.0,310.4,1212,55.6,79,1,0,1,0,0,0
4155,M19014,1,302.0,310.4,1828,26.3,82,0,0,0,0,0,0
4156,L51335,0,302.0,310.5,1370,44.4,85,1,0,1,0,0,0
4157,M19016,1,302.0,310.5,1823,25.1,87,0,0,0,0,0,0
4158,L51337,0,302.0,310.5,1263,60.6,90,1,0,1,0,0,0
4159,L51338,0,301.9,310.4,1889,21.5,92,0,0,0,0,0,0
4160,M19019,1,302.0,310.5,1639,32.9,94,0,0,0,0,0,0
4161,M19020,1,302.0,310.4,1608,33.1,97,0,0,0,0,0,0
4162,H33575,2,301.9,310.3,1653,32.4,100,0,0,0,0,0,0
4163,L51342,0,302.0,310.4,1591,29.8,105,0,0,0,0,0,0
4164,L51343,0,302.1,310.5,1696,30.9,107,0,0,0,0,0,0
4165,L51344,0,302.2,310.6,1346,47.5,109,1,0,1,0,0,0
4166,M19025,1,302.2,310.5,1507,40.4,111,0,0,0,0,0,0
4167,H33580,2,302.3,310.6,1525,48.7,114,0,0,0,0,0,0
4168,M19027,1,302.3,310.7,1559,33.9,119,0,0,0,0,0,0
4169,L51348,0,302.2,310.6,1632,30.5,122,0,0,0,0,0,0
4170,L51349,0,302.1,310.5,1559,36.0,124,0,0,0,0,0,0
4171,M19030,1,302.2,310.6,1355,51.5,126,1,0,1,0,0,0
4172,M19031,1,302.2,310.5,1832,23.7,129,0,0,0,0,0,0
4173,L51352,0,302.2,310.6,1386,50.0,132,0,0,0,0,0,0
4174,M19033,1,302.2,310.6,1346,49.2,134,1,0,1,0,0,0
4175,L51354,0,302.3,310.7,1499,37.8,137,0,0,0,0,0,0
4176,L51355,0,302.3,310.7,1612,33.4,139,0,0,0,0,0,0
4177,M19036,1,302.3,310.7,1544,39.7,141,0,0,0,0,0,0
4178,L51357,0,302.5,310.9,1477,39.2,144,0,0,0,0,0,0
4179,L51358,0,302.5,310.9,1624,34.4,146,0,0,0,0,0,0
4180,L51359,0,302.4,310.9,1349,46.1,148,1,0,1,0,0,0
4181,L51360,0,302.4,310.8,1686,28.8,150,0,0,0,0,0,0
4182,M19041,1,302.4,310.7,1521,40.4,152,0,0,0,0,0,0
4183,L51362,0,302.4,310.7,1362,54.8,155,1,0,1,0,0,0
4184,L51363,0,302.3,310.7,1402,50.9,157,0,0,0,0,0,0
4185,L51364,0,302.2,310.6,1334,53.2,159,1,0,1,0,0,0
4186,L51365,0,302.2,310.6,1348,48.4,161,1,0,1,0,0,0
4187,M19046,1,302.2,310.6,1570,34.6,163,0,0,0,0,0,0
4188,M19047,1,302.2,310.7,1601,33.0,166,0,0,0,0,0,0
4189,M19048,1,302.3,310.8,1611,31.8,169,0,0,0,0,0,0
4190,L51369,0,302.4,310.9,1560,31.8,172,0,0,0,0,0,0
4191,H33604,2,302.4,310.9,1444,40.7,174,0,0,0,0,0,0
4192,L51371,0,302.4,311.0,1317,59.4,179,0,0,0,0,0,0
4193,M19052,1,302.5,311.0,1463,43.1,181,0,0,0,0,0,0
4194,L51373,0,302.4,311.1,1634,34.2,184,0,0,0,0,0,0
4195,L51374,0,302.4,311.0,1423,46.2,186,0,0,0,0,0,0
4196,L51375,0,302.5,311.0,1548,38.4,188,0,0,0,0,0,0
4197,M19056,1,302.5,311.0,1563,35.6,190,0,0,0,0,0,0
4198,L51377,0,302.4,311.0,1573,36.5,193,0,0,0,0,0,0
4199,M19058,1,302.4,311.1,1432,44.5,195,0,0,0,0,0,0
4200,M19059,1,302.5,311.1,1638,32.0,198,0,0,0,0,0,0
4201,L51380,0,302.5,311.1,1571,34.2,201,0,0,0,0,0,0
4202,L51381,0,302.4,311.0,2211,15.4,203,0,0,0,0,0,0
4203,L51382,0,302.4,311.0,1555,40.6,205,0,0,0,0,0,0
4204,M19063,1,302.3,310.9,1558,31.9,207,0,0,0,0,0,0
4205,M19064,1,302.3,310.9,1523,43.2,210,0,0,0,0,0,0
4206,L51385,0,302.3,310.8,1723,26.3,213,0,0,0,0,0,0
4207,M19066,1,302.3,310.8,1721,28.4,215,0,0,0,0,0,0
4208,M19067,1,302.3,310.9,1710,30.4,218,1,1,0,0,0,0
4209,M19068,1,302.3,310.9,1627,32.3,0,0,0,0,0,0,0
4210,M19069,1,302.2,310.8,1422,47.0,3,0,0,0,0,0,0
4211,L51390,0,302.1,310.8,1565,35.3,6,0,0,0,0,0,0
4212,L51391,0,302.1,310.7,1314,52.8,8,1,0,1,0,0,0
4213,M19072,1,302.0,310.6,1392,60.5,10,0,0,0,0,0,0
4214,L51393,0,302.1,310.7,1465,40.7,13,0,0,0,0,0,0
4215,L51394,0,301.9,310.6,1573,36.6,15,0,0,0,0,0,0
4216,M19075,1,302.0,310.7,2157,17.8,17,0,0,0,0,0,0
4217,L51396,0,301.9,310.7,1370,50.3,20,0,0,0,0,0,0
4218,L51397,0,301.9,310.6,1462,38.8,22,0,0,0,0,0,0
4219,M19078,1,302.0,310.6,1479,40.5,24,0,0,0,0,0,0
4220,L51399,0,301.9,310.7,1717,26.8,27,0,0,0,0,0,0
4221,M19080,1,301.9,310.6,1260,65.9,29,0,0,0,0,0,0
4222,L51401,0,301.9,310.6,1467,39.3,32,0,0,0,0,0,0
4223,M19082,1,302.0,310.6,1535,38.6,34,0,0,0,0,0,0
4224,L51403,0,302.0,310.7,1657,31.9,37,0,0,0,0,0,0
4225,L51404,0,302.0,310.7,1698,28.1,39,0,0,0,0,0,0
4226,L51405,0,302.1,310.7,1359,49.3,41,1,0,1,0,0,0
4227,L51406,0,302.1,310.8,1596,37.1,43,0,0,0,0,0,0
4228,L51407,0,302.2,310.8,1383,46.9,45,0,0,0,0,0,0
4229,L51408,0,302.2,310.8,2203,16.6,47,0,0,0,0,0,0
4230,M19089,1,302.2,310.8,1408,46.8,49,0,0,0,0,0,0
4231,L51410,0,302.2,310.8,1673,32.9,52,0,0,0,0,0,0
4232,L51411,0,302.2,310.8,1340,47.8,54,0,0,0,0,0,0
4233,L51412,0,302.2,310.9,1452,42.3,56,0,0,0,0,0,0
4234,M19093,1,302.2,310.9,1302,53.4,58,0,0,0,0,0,0
4235,H33648,2,302.2,310.9,1522,35.9,61,0,0,0,0,0,0
4236,L51415,0,302.2,310.8,1438,41.4,66,0,0,0,0,0,0
4237,L51416,0,302.2,310.9,1604,40.5,68,0,0,0,0,0,0
4238,L51417,0,302.2,311.0,1832,23.2,70,0,0,0,0,0,0
4239,M19098,1,302.3,311.0,1521,34.8,72,0,0,0,0,0,0
4240,L51419,0,302.3,311.0,1446,37.6,75,0,0,0,0,0,0
4241,L51420,0,302.4,311.1,1905,20.9,77,0,0,0,0,0,0
4242,L51421,0,302.4,311.0,1475,47.9,79,0,0,0,0,0,0
4243,L51422,0,302.4,311.0,1462,48.5,81,0,0,0,0,0,0
4244,M19103,1,302.4,310.9,1435,42.3,83,0,0,0,0,0,0
4245,L51424,0,302.4,310.9,1469,39.6,86,0,0,0,0,0,0
4246,M19105,1,302.6,311.1,1520,43.0,88,0,0,0,0,0,0
4247,L51426,0,302.6,311.0,1537,35.5,91,0,0,0,0,0,0
4248,L51427,0,302.6,311.0,1369,60.0,93,1,0,1,0,0,0
4249,L51428,0,302.6,311.0,1506,37.2,95,0,0,0,0,0,0
4250,L51429,0,302.5,310.9,1330,56.9,97,1,0,1,0,0,0
4251,L51430,0,302.6,311.0,1660,38.0,99,0,0,0,0,0,0
4252,H33665,2,302.5,310.9,1356,55.5,101,1,0,1,0,0,0
4253,H33666,2,302.6,311.0,1438,51.0,106,0,0,0,0,0,0
4254,M19113,1,302.6,311.0,1329,48.6,111,1,0,1,0,0,0
4255,L51434,0,302.6,311.0,1284,68.0,114,1,0,1,1,0,0
4256,M19115,1,302.5,311.0,1387,52.1,116,0,0,0,0,0,0
4257,M19116,1,302.6,311.0,1591,33.9,119,0,0,0,0,0,0
4258,M19117,1,302.6,311.0,1589,39.0,122,0,0,0,0,0,0
4259,M19118,1,302.7,311.1,1297,60.7,125,1,0,1,0,0,0
4260,L51439,0,302.7,311.2,1545,35.1,128,0,0,0,0,0,0
4261,H33674,2,302.7,311.1,1418,43.4,130,0,0,0,0,0,0
4262,L51441,0,302.7,311.1,1730,28.1,135,0,0,0,0,0,0
4263,L51442,0,302.6,311.0,2001,20.7,137,0,0,0,0,0,0
4264,L51443,0,302.6,311.0,1620,36.2,139,0,0,0,0,0,0
4265,M19124,1,302.6,311.0,1542,39.7,141,0,0,0,0,0,0
4266,L51445,0,302.6,311.0,1424,38.0,144,0,0,0,0,0,0
4267,L51446,0,302.7,311.1,1440,39.5,146,0,0,0,0,0,0
4268,L51447,0,302.6,311.0,1520,42.8,148,0,0,0,0,0,0
4269,L51448,0,302.7,311.0,1694,29.8,150,0,0,0,0,0,0
4270,L51449,0,302.6,311.0,1610,39.2,152,0,0,0,0,0,0
4271,L51450,0,302.6,310.9,1331,52.0,154,1,0,1,0,0,0
4272,L51451,0,302.6,310.8,1470,41.2,156,0,0,0,0,0,0
4273,L51452,0,302.5,310.8,1577,36.9,158,0,0,0,0,0,0
4274,L51453,0,302.6,310.8,1486,36.4,160,0,0,0,0,0,0
4275,L51454,0,302.4,310.6,1445,40.3,162,0,0,0,0,0,0
4276,M19135,1,302.4,310.5,1500,36.7,164,0,0,0,0,0,0
4277,M19136,1,302.2,310.4,1456,47.5,167,0,0,0,0,0,0
4278,L51457,0,302.2,310.4,1743,28.1,170,0,0,0,0,0,0
4279,L51458,0,302.0,310.1,1409,50.4,172,0,0,0,0,0,0
4280,L51459,0,302.0,310.1,1361,45.4,174,1,0,1,0,0,0
4281,L51460,0,302.1,310.1,1753,28.9,176,0,0,0,0,0,0
4282,L51461,0,302.0,310.0,1832,22.9,178,0,0,0,0,0,0
4283,L51462,0,301.9,309.9,1374,48.5,180,1,0,1,0,0,0
4284,M19143,1,301.8,309.9,1334,61.0,182,1,0,1,0,0,0
4285,L51464,0,301.8,310.0,1493,40.3,185,0,0,0,0,0,0
4286,L51465,0,301.7,309.9,1317,49.0,187,1,0,1,0,0,0
4287,M19146,1,301.7,309.9,1434,47.9,189,0,0,0,0,0,0
4288,M19147,1,301.7,309.9,1457,39.2,192,0,0,0,0,0,0
4289,M19148,1,301.7,310.0,1391,50.6,195,0,0,0,0,0,0
4290,M19149,1,301.8,310.0,1781,23.9,198,0,0,0,0,0,0
4291,L51470,0,301.8,310.0,1642,32.6,201,0,0,0,0,0,0
4292,L51471,0,301.8,310.0,2032,19.0,203,0,0,0,0,0,0
4293,M19152,1,301.8,310.1,2372,13.9,205,1,0,0,1,0,0
4294,L51473,0,301.8,310.0,1393,44.9,208,0,0,0,0,0,0
4295,M19154,1,301.7,310.1,1743,27.3,210,0,0,0,0,0,0
4296,L51475,0,301.8,310.2,1457,40.4,213,0,0,0,0,0,0
4297,L51476,0,301.8,310.2,2825,5.8,215,1,0,0,1,0,0
4298,M19157,1,301.8,310.2,1609,34.2,217,0,0,0,0,0,0
4299,M19158,1,301.8,310.2,1437,42.3,0,0,0,0,0,0,0
4300,L51479,0,301.7,310.1,1402,50.1,3,0,0,0,0,0,0
4301,M19160,1,301.7,310.1,1644,34.6,5,0,0,0,0,0,0
4302,L51481,0,301.7,310.2,1471,51.1,8,0,0,0,0,0,0
4303,L51482,0,301.7,310.1,2695,12.6,10,0,0,0,0,0,0
4304,L51483,0,301.7,310.2,1435,48.1,12,0,0,0,0,0,0
4305,L51484,0,301.6,310.1,1694,26.3,14,0,0,0,0,0,0
4306,L51485,0,301.6,310.1,1687,26.6,16,0,0,0,0,0,0
4307,L51486,0,301.6,310.0,1869,22.9,18,0,0,0,0,0,0
4308,L51487,0,301.4,309.9,1259,63.9,20,1,0,1,0,0,0
4309,H33722,2,301.4,309.9,1460,47.2,22,0,0,0,0,0,0
4310,M19169,1,301.3,309.9,1501,39.5,27,0,0,0,0,0,0
4311,L51490,0,301.4,310.0,1776,25.6,30,0,0,0,0,0,0
4312,M19171,1,301.5,310.1,1468,40.8,32,0,0,0,0,0,0
4313,L51492,0,301.5,310.1,1430,46.5,35,0,0,0,0,0,0
4314,L51493,0,301.4,310.1,1502,46.6,37,0,0,0,0,0,0
4315,H33728,2,301.4,310.1,1623,32.3,39,0,0,0,0,0,0
4316,M19175,1,301.4,310.0,1651,29.8,44,0,0,0,0,0,0
4317,L51496,0,301.5,310.1,1639,33.4,47,0,0,0,0,0,0
4318,M19177,1,301.5,310.0,1417,44.6,49,0,0,0,0,0,0
4319,L51498,0,301.5,310.1,1541,42.2,52,0,0,0,0,0,0
4320,M19179,1,301.6,310.2,1411,45.1,54,0,0,0,0,0,0
4321,L51500,0,301.7,310.3,1397,44.6,57,0,0,0,0,0,0
4322,L51501,0,301.7,310.2,1686,28.9,59,0,0,0,0,0,0
4323,M19182,1,301.7,310.1,1431,44.0,61,0,0,0,0,0,0
4324,L51503,0,301.8,310.3,1341,50.5,64,1,0,1,0,0,0
4325,L51504,0,301.7,310.2,1486,43.0,66,0,0,0,0,0,0
4326,L51505,0,301.6,310.2,1384,57.1,68,0,0,0,0,0,0
4327,L51506,0,301.6,310.1,1362,55.8,70,1,0,1,0,0,0
4328,H33741,2,301.7,310.1,1660,29.3,72,0,0,0,0,0,0
4329,L51508,0,301.6,310.1,1326,48.2,77,1,0,1,0,0,0
4330,L51509,0,301.6,310.0,1566,30.3,79,0,0,0,0,0,0
4331,L51510,0,301.5,309.8,1549,38.5,81,0,0,0,0,0,0
4332,M19191,1,301.6,309.9,1746,31.1,83,0,0,0,0,0,0
4333,M19192,1,301.7,309.9,1452,41.5,86,0,0,0,0,0,0
4334,L51513,0,301.6,309.8,1588,33.9,89,0,0,0,0,0,0
4335,L51514,0,301.6,309.8,1472,42.5,91,0,0,0,0,0,0
4336,L51515,0,301.7,309.9,1607,37.7,93,0,0,0,0,0,0
4337,H33750,2,301.6,309.9,1423,53.6,95,0,0,0,0,0,0
4338,L51517,0,301.6,309.9,1440,43.4,100,0,0,0,0,0,0
4339,L51518,0,301.6,309.9,1397,43.7,102,0,0,0,0,0,0
4340,L51519,0,301.7,309.9,1524,46.6,104,0,0,0,0,0,0
4341,M19200,1,301.7,309.9,1533,40.9,106,0,0,0,0,0,0
4342,L51521,0,301.7,309.8,1398,46.0,109,0,0,0,0,0,0
4343,M19202,1,301.7,309.8,1284,68.2,111,1,0,1,1,0,0
4344,L51523,0,301.7,309.8,1491,39.3,114,0,0,0,0,0,0
4345,H33758,2,301.8,309.9,1418,51.3,116,0,0,0,0,0,0
4346,M19205,1,301.8,309.8,1546,39.8,121,0,0,0,0,0,0
4347,L51526,0,301.8,309.7,1598,30.4,124,0,0,0,0,0,0
4348,H33761,2,301.9,309.8,1724,27.5,126,0,0,0,0,0,0
4349,L51528,0,301.9,309.8,1507,44.7,131,0,0,0,0,0,0
4350,L51529,0,301.9,309.7,1595,31.4,133,0,0,0,0,0,0
4351,M19210,1,301.9,309.7,1568,37.5,135,0,0,0,0,0,0
4352,L51531,0,301.8,309.6,1432,43.7,138,0,0,0,0,0,0
4353,L51532,0,301.9,309.7,1424,42.8,140,0,0,0,0,0,0
4354,M19213,1,302.0,309.7,1386,62.7,142,1,0,0,1,0,0
4355,L51534,0,302.0,309.8,1456,58.1,145,0,0,0,0,0,0
4356,H33769,2,302.0,309.8,1280,57.3,147,1,0,1,0,0,0
4357,L51536,0,302.0,309.8,1649,31.0,152,0,0,0,0,0,0
4358,L51537,0,302.0,309.9,1407,52.8,154,0,0,0,0,0,0
4359,H33772,2,302.0,309.9,1606,34.5,156,0,0,0,0,0,0
4360,M19219,1,302.1,310.0,1531,38.0,161,0,0,0,0,0,0
4361,L51540,0,302.1,310.1,1543,35.8,164,0,0,0,0,0,0
4362,M19221,1,302.1,310.1,1379,48.2,166,1,0,1,0,0,0
4363,L51542,0,302.1,310.1,1447,46.6,169,0,0,0,0,0,0
4364,H33777,2,302.1,310.1,1844,24.6,171,0,0,0,0,0,0
4365,H33778,2,302.1,310.1,1615,29.9,176,0,0,0,0,0,0
4366,L51545,0,302.0,310.0,1449,48.8,181,0,0,0,0,0,0
4367,L51546,0,302.0,309.9,1388,51.4,183,0,0,0,0,0,0
4368,H33781,2,302.0,309.9,1447,42.8,185,0,0,0,0,0,0
4369,L51548,0,302.0,310.0,1664,28.6,190,0,0,0,0,0,0
4370,H33783,2,302.0,309.9,1735,27.2,192,0,0,0,0,0,0
4371,L51550,0,302.0,309.9,1308,57.6,197,1,0,1,0,1,0
4372,L51551,0,302.0,309.8,1480,40.0,199,0,0,0,0,0,0
4373,M19232,1,301.9,309.6,1439,41.7,201,0,0,0,0,0,0
4374,M19233,1,301.9,309.7,1533,35.9,204,0,0,0,0,0,0
4375,L51554,0,302.0,309.7,1551,34.8,207,0,0,0,0,0,0
4376,L51555,0,302.0,309.7,1414,36.3,209,0,0,0,0,0,0
4377,M19236,1,301.9,309.6,1551,34.6,211,0,0,0,0,0,0
4378,M19237,1,301.8,309.6,1436,49.0,214,0,0,0,0,0,0
4379,M19238,1,301.9,309.6,1385,45.8,217,0,0,0,0,0,0
4380,M19239,1,301.8,309.5,1732,30.1,220,0,0,0,0,0,0
4381,L51560,0,301.9,309.6,1410,49.0,223,0,0,0,0,0,0
4382,L51561,0,301.9,309.6,1446,43.2,225,0,0,0,0,0,0
4383,L51562,0,301.8,309.5,1525,39.6,227,0,0,0,0,0,0
4384,L51563,0,301.7,309.5,1298,65.5,229,1,0,1,0,1,0
4385,L51564,0,301.8,309.6,1443,42.7,231,0,0,0,0,0,0
4386,L51565,0,301.8,309.7,1442,45.3,233,1,1,0,0,0,0
4387,L51566,0,301.9,309.7,1719,31.9,0,0,0,0,0,0,0
4388,L51567,0,302.0,309.8,1532,39.4,2,0,0,0,0,0,0
4389,L51568,0,302.0,309.8,1701,27.2,4,0,0,0,0,0,0
4390,M19249,1,302.1,310.0,1355,45.1,6,1,0,1,0,0,0
4391,M19250,1,302.2,310.1,1421,45.4,9,0,0,0,0,0,0
4392,M19251,1,302.2,310.1,1368,51.6,12,1,0,1,0,0,0
4393,L51572,0,302.2,310.1,1458,45.1,15,0,0,0,0,0,0
4394,M19253,1,302.2,310.1,1572,34.6,17,0,0,0,0,0,0
4395,L51574,0,302.2,310.0,1483,48.7,20,0,0,0,0,0,0
4396,L51575,0,302.3,310.1,1513,40.4,22,0,0,0,0,0,0
4397,H33810,2,302.3,310.1,1383,42.9,24,0,0,0,0,0,0
4398,L51577,0,302.4,310.2,1539,37.7,29,0,0,0,0,0,0
4399,M19258,1,302.3,310.1,1563,37.8,31,0,0,0,0,0,0
4400,L51579,0,302.3,310.1,1653,29.7,34,0,0,0,0,0,0
4401,L51580,0,302.3,310.1,1353,50.9,36,1,0,1,0,0,0
4402,H33815,2,302.2,310.0,1468,43.6,38,0,0,0,0,0,0
4403,H33816,2,302.3,310.2,1506,33.8,43,0,0,0,0,0,0
4404,L51583,0,302.3,310.1,1388,49.9,48,0,0,0,0,0,0
4405,M19264,1,302.4,310.2,1485,45.9,50,0,0,0,0,0,0
4406,L51585,0,302.4,310.2,1331,45.5,53,1,0,1,0,0,0
4407,L51586,0,302.5,310.3,1326,58.5,55,1,0,1,0,0,0
4408,L51587,0,302.3,310.2,1394,55.4,57,0,0,0,0,0,0
4409,L51588,0,302.4,310.1,2009,18.9,59,0,0,0,0,0,0
4410,M19269,1,302.4,310.1,1358,54.6,61,1,0,1,0,0,0
4411,L51590,0,302.5,310.2,1586,32.2,64,0,0,0,0,0,0
4412,L51591,0,302.5,310.3,1688,31.6,66,0,0,0,0,0,0
4413,L51592,0,302.6,310.5,1450,43.2,68,0,0,0,0,0,0
4414,M19273,1,302.7,310.5,1398,47.3,70,0,0,0,0,0,0
4415,L51594,0,302.7,310.5,1520,39.3,73,0,0,0,0,0,0
4416,L51595,0,302.6,310.4,1514,42.7,75,0,0,0,0,0,0
4417,M19276,1,302.6,310.4,1532,36.1,77,0,0,0,0,0,0
4418,L51597,0,302.6,310.4,1365,66.8,80,1,0,1,1,0,0
4419,L51598,0,302.6,310.3,1642,33.2,82,0,0,0,0,0,0
4420,M19279,1,302.6,310.2,2676,10.8,84,1,0,0,1,0,0
4421,H33834,2,302.6,310.2,1873,21.3,87,0,0,0,0,0,0
4422,L51601,0,302.6,310.2,1325,62.4,92,1,0,1,0,0,0
4423,M19282,1,302.6,310.2,2157,17.2,94,0,0,0,0,0,0
4424,M19283,1,302.6,310.2,1563,39.0,97,0,0,0,0,0,0
4425,M19284,1,302.6,310.2,1631,31.0,100,0,0,0,0,0,0
4426,L51605,0,302.5,310.2,1547,36.9,103,0,0,0,0,0,0
4427,L51606,0,302.6,310.3,1479,40.4,105,0,0,0,0,0,0
4428,M19287,1,302.4,310.1,1379,48.9,107,1,0,1,0,0,0
4429,L51608,0,302.4,310.1,1906,21.2,110,0,0,0,0,0,0
4430,M19289,1,302.3,310.1,1731,33.4,112,0,0,0,0,0,0
4431,H33844,2,302.3,310.1,1688,30.4,115,0,0,0,0,0,0
4432,H33845,2,302.3,310.2,1443,54.6,120,0,0,0,0,0,0
4433,L51612,0,302.4,310.2,1445,46.4,125,0,0,0,0,0,0
4434,H33847,2,302.4,310.2,1435,44.9,127,0,0,0,0,0,0
4435,L51614,0,302.4,310.1,1556,32.9,132,0,0,0,0,0,0
4436,L51615,0,302.3,310.1,1321,52.7,134,1,0,1,0,0,0
4437,M19296,1,302.4,310.1,1577,35.8,136,0,0,0,0,0,0
4438,L51617,0,302.4,310.2,1578,31.2,139,0,0,0,0,0,0
4439,L51618,0,302.4,310.1,1418,52.3,141,0,0,0,0,0,0
4440,M19299,1,302.4,310.2,1392,55.8,143,0,0,0,0,0,0
4441,L51620,0,302.5,310.3,1446,44.0,146,0,0,0,0,0,0
4442,L51621,0,302.5,310.2,1329,50.6,148,1,0,1,0,0,0
4443,L51622,0,302.5,310.2,1563,34.8,150,0,0,0,0,0,0
4444,L51623,0,302.5,310.3,1405,57.4,152,0,0,0,0,0,0
4445,L51624,0,302.4,310.2,2224,16.0,154,0,0,0,0,0,0
4446,L51625,0,302.5,310.2,1716,29.9,156,0,0,0,0,0,0
4447,L51626,0,302.5,310.3,1584,35.5,158,0,0,0,0,0,0
4448,M19307,1,302.5,310.3,1488,41.8,160,0,0,0,0,0,0
4449,L51628,0,302.4,310.3,1374,51.2,163,1,0,1,0,0,0
4450,M19309,1,302.4,310.3,1378,54.3,165,1,0,1,0,0,0
4451,L51630,0,302.5,310.3,1551,37.3,168,0,0,0,0,0,0
4452,L51631,0,302.5,310.3,1549,40.9,170,0,0,0,0,0,0
4453,M19312,1,302.5,310.3,1447,39.2,172,0,0,0,0,0,0
4454,L51633,0,302.4,310.2,1400,53.7,175,0,0,0,0,0,0
4455,L51634,0,302.4,310.1,1401,48.8,177,0,0,0,0,0,0
4456,H33869,2,302.4,310.1,1597,28.9,179,0,0,0,0,0,0
4457,L51636,0,302.3,310.1,1487,46.0,184,0,0,0,0,0,0
4458,M19317,1,302.5,310.3,1710,27.3,186,0,0,0,0,0,0
4459,L51638,0,302.6,310.4,1478,47.7,189,0,0,0,0,0,0
4460,L51639,0,302.6,310.4,1743,26.3,191,0,0,0,0,0,0
4461,L51640,0,302.6,310.5,1596,32.8,193,0,0,0,0,0,0
4462,L51641,0,302.7,310.5,1642,30.8,195,0,0,0,0,0,0
4463,L51642,0,302.7,310.5,1263,67.8,197,1,0,1,0,1,0
4464,L51643,0,302.8,310.6,2016,19.9,199,0,0,0,0,0,0
4465,L51644,0,302.8,310.6,1671,30.5,201,0,0,0,0,0,0
4466,L51645,0,302.8,310.6,1404,43.2,203,0,0,0,0,0,0
4467,L51646,0,302.8,310.6,1470,41.1,205,0,0,0,0,0,0
4468,L51647,0,302.8,310.6,1617,37.9,207,0,0,0,0,0,0
4469,L51648,0,302.7,310.5,1725,29.0,209,0,0,0,0,0,0
4470,L51649,0,302.7,310.5,1446,40.9,211,1,1,0,0,0,0
4471,L51650,0,302.7,310.6,1564,34.3,0,0,0,0,0,0,0
4472,L51651,0,302.8,310.6,1670,29.1,2,0,0,0,0,0,0
4473,L51652,0,302.7,310.6,1501,48.7,4,0,0,0,0,0,0
4474,L51653,0,302.7,310.5,1551,35.9,6,0,0,0,0,0,0
4475,L51654,0,302.7,310.5,1563,35.0,8,0,0,0,0,0,0
4476,L51655,0,302.7,310.5,1351,41.8,10,1,0,1,0,0,0
4477,L51656,0,302.6,310.4,1415,52.1,12,0,0,0,0,0,0
4478,L51657,0,302.6,310.3,1647,34.2,14,0,0,0,0,0,0
4479,L51658,0,302.5,310.2,1477,41.6,16,0,0,0,0,0,0
4480,L51659,0,302.6,310.2,1923,21.5,18,0,0,0,0,0,0
4481,H33894,2,302.7,310.4,1305,55.2,20,1,0,1,0,0,0
4482,M19341,1,302.6,310.4,1544,35.1,25,0,0,0,0,0,0
4483,H33896,2,302.7,310.5,1568,36.9,28,0,0,0,0,0,0
4484,L51663,0,302.7,310.4,1489,42.7,33,0,0,0,0,0,0
4485,M19344,1,302.6,310.4,1451,43.1,35,0,0,0,0,0,0
4486,L51665,0,302.7,310.4,1542,35.7,38,0,0,0,0,0,0
4487,M19346,1,302.6,310.5,1965,20.2,40,0,0,0,0,0,0
4488,L51667,0,302.5,310.5,1436,36.5,43,0,0,0,0,0,0
4489,M19348,1,302.5,310.4,1509,37.6,45,0,0,0,0,0,0
4490,L51669,0,302.5,310.4,1487,40.2,48,0,0,0,0,0,0
4491,L51670,0,302.5,310.4,1967,20.3,50,0,0,0,0,0,0
4492,H33905,2,302.6,310.4,1409,53.3,52,0,0,0,0,0,0
4493,M19352,1,302.6,310.5,1420,56.4,57,0,0,0,0,0,0
4494,L51673,0,302.7,310.5,1511,37.7,60,0,0,0,0,0,0
4495,H33908,2,302.6,310.4,1649,30.1,62,0,0,0,0,0,0
4496,L51675,0,302.6,310.4,1359,57.2,67,1,0,1,0,0,0
4497,M19356,1,302.5,310.4,1605,36.0,69,0,0,0,0,0,0
4498,L51677,0,302.5,310.3,1523,36.0,72,0,0,0,0,0,0
4499,H33912,2,302.6,310.4,1614,36.0,74,0,0,0,0,0,0
4500,H33913,2,302.6,310.3,1721,27.4,79,0,0,0,0,0,0
4501,L51680,0,302.6,310.4,1638,36.2,84,0,0,0,0,0,0
4502,L51681,0,302.5,310.2,1307,54.0,86,1,0,1,0,0,0
4503,L51682,0,302.4,310.2,1642,28.3,88,0,0,0,0,0,0
4504,M19363,1,302.5,310.2,1751,30.5,90,0,0,0,0,0,0
4505,L51684,0,302.4,310.1,1645,31.6,93,0,0,0,0,0,0
4506,L51685,0,302.4,310.1,1426,46.8,95,0,0,0,0,0,0
4507,M19366,1,302.4,310.1,1520,36.6,97,0,0,0,0,0,0
4508,L51687,0,302.4,310.1,1709,31.8,100,0,0,0,0,0,0
4509,L51688,0,302.4,310.0,1426,46.6,102,0,0,0,0,0,0
4510,L51689,0,302.4,310.1,1429,43.7,104,0,0,0,0,0,0
4511,L51690,0,302.4,310.2,1346,62.4,106,1,0,1,0,0,0
4512,L51691,0,302.5,310.2,1454,43.0,108,0,0,0,0,0,0
4513,M19372,1,302.5,310.3,1411,49.5,110,0,0,0,0,0,0
4514,L51693,0,302.4,310.3,1900,24.4,113,0,0,0,0,0,0
4515,L51694,0,302.4,310.3,1479,36.2,115,0,0,0,0,0,0
4516,L51695,0,302.5,310.4,1415,48.2,117,0,0,0,0,0,0
4517,L51696,0,302.5,310.3,1539,39.0,119,0,0,0,0,0,0
4518,L51697,0,302.4,310.3,1520,31.6,121,0,0,0,0,0,0
4519,L51698,0,302.4,310.3,1480,45.8,123,0,0,0,0,0,0
4520,L51699,0,302.4,310.4,1666,29.7,125,0,0,0,0,0,0
4521,L51700,0,302.4,310.4,1456,47.6,127,0,0,0,0,0,0
4522,L51701,0,302.4,310.4,1865,23.9,129,0,0,0,0,0,0
4523,M19382,1,302.5,310.5,1918,21.6,131,0,0,0,0,0,0
4524,L51703,0,302.5,310.4,1488,48.4,134,0,0,0,0,0,0
4525,M19384,1,302.5,310.5,1527,38.8,136,0,0,0,0,0,0
4526,M19385,1,302.4,310.4,1463,42.2,139,0,0,0,0,0,0
4527,L51706,0,302.4,310.4,1521,38.5,142,0,0,0,0,0,0
4528,M19387,1,302.4,310.5,1372,45.7,144,1,0,1,0,0,0
4529,L51708,0,302.5,310.5,1507,39.5,147,0,0,0,0,0,0
4530,M19389,1,302.4,310.4,1586,34.3,149,0,0,0,0,0,0
4531,L51710,0,302.5,310.4,1487,42.0,152,0,0,0,0,0,0
4532,L51711,0,302.5,310.5,1520,41.2,154,0,0,0,0,0,0
4533,H33946,2,302.5,310.4,1422,41.9,156,0,0,0,0,0,0
4534,M19393,1,302.4,310.3,1375,52.5,161,1,0,1,0,0,0
4535,L51714,0,302.4,310.2,1633,28.0,164,0,0,0,0,0,0
4536,L51715,0,302.4,310.2,1503,36.2,166,0,0,0,0,0,0
4537,L51716,0,302.4,310.2,1351,45.1,168,1,0,1,0,0,0
4538,L51717,0,302.3,310.2,1548,35.3,170,0,0,0,0,0,0
4539,L51718,0,302.4,310.3,1923,23.3,172,0,0,0,0,0,0
4540,L51719,0,302.5,310.3,1592,32.6,174,0,0,0,0,0,0
4541,M19400,1,302.5,310.4,1580,35.6,176,0,0,0,0,0,0
4542,L51721,0,302.5,310.4,1427,46.8,179,0,0,0,0,0,0
4543,M19402,1,302.5,310.4,1581,32.7,181,0,0,0,0,0,0
4544,M19403,1,302.6,310.5,1542,39.9,184,0,0,0,0,0,0
4545,L51724,0,302.5,310.4,1349,55.1,187,1,0,1,0,0,0
4546,L51725,0,302.5,310.5,1463,43.0,189,0,0,0,0,0,0
4547,M19406,1,302.5,310.4,1429,43.2,191,0,0,0,0,0,0
4548,M19407,1,302.5,310.4,1451,53.6,194,0,0,0,0,0,0
4549,L51728,0,302.6,310.5,1511,37.2,197,0,0,0,0,0,0
4550,L51729,0,302.6,310.6,1549,37.5,199,0,0,0,0,0,0
4551,M19410,1,302.5,310.5,1507,40.2,201,0,0,0,0,0,0
4552,M19411,1,302.6,310.5,1524,33.7,204,0,0,0,0,0,0
4553,M19412,1,302.7,310.5,1880,22.7,207,0,0,0,0,0,0
4554,L51733,0,302.6,310.5,1461,45.4,0,0,0,0,0,0,0
4555,L51734,0,302.6,310.5,1748,28.2,2,0,0,0,0,0,0
4556,L51735,0,302.7,310.6,1690,26.7,4,0,0,0,0,0,0
4557,M19416,1,302.7,310.6,1349,51.2,6,1,0,1,0,0,0
4558,L51737,0,302.7,310.6,1686,26.3,9,0,0,0,0,0,0
4559,L51738,0,302.7,310.7,1369,47.5,11,1,0,1,0,0,0
4560,L51739,0,302.7,310.7,1433,43.7,13,0,0,0,0,0,0
4561,L51740,0,302.7,310.7,1597,41.9,15,0,0,0,0,0,0
4562,L51741,0,302.9,310.8,1610,32.2,17,0,0,0,0,0,0
4563,L51742,0,302.7,310.7,1398,57.7,19,0,0,0,0,0,0
4564,L51743,0,302.7,310.7,1977,20.0,21,0,0,0,0,0,0
4565,L51744,0,302.8,310.8,1516,39.5,23,0,0,0,0,0,0
4566,H33979,2,302.7,310.8,1275,55.0,25,1,0,1,0,0,0
4567,L51746,0,302.8,310.8,1402,50.5,30,0,0,0,0,0,0
4568,M19427,1,302.8,310.8,1451,44.7,32,0,0,0,0,0,0
4569,M19428,1,302.7,310.8,1555,36.1,35,0,0,0,0,0,0
4570,L51749,0,302.8,310.9,1636,35.0,38,0,0,0,0,0,0
4571,L51750,0,302.8,310.9,1312,52.2,40,1,0,1,0,0,0
4572,L51751,0,302.8,310.9,1708,29.8,42,0,0,0,0,0,0
4573,M19432,1,302.9,311.0,1556,36.5,44,0,0,0,0,0,0
4574,H33987,2,302.8,311.0,1436,43.5,47,0,0,0,0,0,0
4575,M19434,1,302.9,311.0,1402,40.7,52,0,0,0,0,0,0
4576,M19435,1,302.9,311.0,1437,49.9,55,0,0,0,0,0,0
4577,M19436,1,302.9,311.1,1926,21.8,58,0,0,0,0,0,0
4578,L51757,0,303.0,311.2,1800,23.7,61,0,0,0,0,0,0
4579,L51758,0,303.0,311.2,1641,32.6,63,0,0,0,0,0,0
4580,L51759,0,303.0,311.2,1374,48.2,65,1,0,1,0,0,0
4581,L51760,0,303.0,311.2,1494,37.0,67,0,0,0,0,0,0
4582,L51761,0,303.0,311.2,1601,32.9,69,0,0,0,0,0,0
4583,L51762,0,302.9,311.2,1634,36.9,71,0,0,0,0,0,0
4584,M19443,1,302.9,311.2,1467,37.7,73,0,0,0,0,0,0
4585,L51764,0,302.8,311.1,1550,32.3,76,0,0,0,0,0,0
4586,L51765,0,302.8,311.1,1563,32.2,78,0,0,0,0,0,0
4587,L51766,0,302.7,310.9,1395,48.3,80,0,0,0,0,0,0
4588,M19447,1,302.8,311.0,1507,33.4,82,0,0,0,0,0,0
4589,L51768,0,302.8,311.0,1564,38.5,85,0,0,0,0,0,0
4590,L51769,0,302.8,311.1,1721,30.0,87,0,0,0,0,0,0
4591,L51770,0,302.8,311.1,1456,36.1,89,0,0,0,0,0,0
4592,H34005,2,302.9,311.2,2102,17.8,91,0,0,0,0,0,0
4593,L51772,0,302.9,311.1,1555,33.9,96,0,0,0,0,0,0
4594,L51773,0,303.0,311.2,1409,41.9,98,0,0,0,0,0,0
4595,M19454,1,303.0,311.2,1387,41.4,100,0,0,0,0,0,0
4596,M19455,1,303.0,311.2,1460,43.9,103,0,0,0,0,0,0
4597,L51776,0,303.0,311.2,1361,47.6,106,1,0,1,0,0,0
4598,M19457,1,303.0,311.1,1490,43.0,108,0,0,0,0,0,0
4599,L51778,0,303.1,311.2,1399,49.2,111,0,0,0,0,0,0
4600,L51779,0,303.1,311.1,1420,55.8,113,0,0,0,0,0,0
4601,L51780,0,303.0,311.0,1359,44.2,115,1,0,1,0,0,0
4602,M19461,1,303.0,311.1,1372,54.3,117,1,0,1,0,0,0
4603,M19462,1,303.0,311.0,1409,41.7,120,0,0,0,0,0,0
4604,H34017,2,302.9,311.0,1452,58.3,123,0,0,0,0,0,0
4605,L51784,0,302.9,311.0,1820,24.6,128,0,0,0,0,0,0
4606,H34019,2,302.9,311.0,1469,48.7,130,0,0,0,0,0,0
4607,L51786,0,302.9,311.1,1556,45.3,135,0,0,0,0,0,0
4608,L51787,0,303.0,311.1,1980,20.2,137,0,0,0,0,0,0
4609,M19468,1,303.0,311.2,1519,38.0,139,0,0,0,0,0,0
4610,L51789,0,303.0,311.2,1456,44.0,142,0,0,0,0,0,0
4611,L51790,0,303.1,311.2,1394,45.3,144,0,0,0,0,0,0
4612,L51791,0,303.0,311.3,1365,56.2,146,1,0,1,0,0,0
4613,L51792,0,303.0,311.3,2194,16.5,148,0,0,0,0,0,0
4614,L51793,0,303.1,311.3,1403,55.6,150,0,0,0,0,0,0
4615,H34028,2,303.0,311.2,1503,37.0,152,0,0,0,0,0,0
4616,L51795,0,303.0,311.3,1793,29.3,157,0,0,0,0,0,0
4617,L51796,0,303.1,311.4,1829,24.5,159,0,0,0,0,0,0
4618,M19477,1,303.1,311.4,1831,23.3,161,0,0,0,0,0,0
4619,M19478,1,303.0,311.3,1335,53.6,164,1,0,1,0,0,0
4620,H34033,2,303.1,311.3,2056,19.7,167,0,0,0,0,0,0
4621,L51800,0,303.1,311.3,1336,52.6,172,1,0,1,0,0,0
4622,L51801,0,303.0,311.2,1341,51.0,174,1,0,1,0,0,0
4623,M19482,1,303.0,311.1,1526,37.3,176,0,0,0,0,0,0
4624,L51803,0,303.0,311.1,1525,40.7,179,0,0,0,0,0,0
4625,M19484,1,303.0,311.1,1428,39.8,181,0,0,0,0,0,0
4626,L51805,0,303.0,311.2,1511,45.7,184,0,0,0,0,0,0
4627,L51806,0,303.0,311.2,1664,29.8,186,0,0,0,0,0,0
4628,M19487,1,303.0,311.2,1592,38.9,188,0,0,0,0,0,0
4629,M19488,1,303.0,311.1,1597,36.7,191,0,0,0,0,0,0
4630,L51809,0,303.0,311.2,1735,26.1,194,0,0,0,0,0,0
4631,L51810,0,302.9,311.2,1751,23.8,196,0,0,0,0,0,0
4632,L51811,0,303.0,311.2,1383,44.6,198,0,0,0,0,0,0
4633,M19492,1,302.9,311.2,1330,53.7,200,1,0,1,0,0,0
4634,L51813,0,303.0,311.2,1382,50.5,203,0,0,0,0,0,0
4635,L51814,0,303.0,311.2,1755,30.4,205,0,0,0,0,0,0
4636,M19495,1,303.0,311.2,1614,35.7,207,0,0,0,0,0,0
4637,L51816,0,303.0,311.3,1466,43.0,210,0,0,0,0,0,0
4638,M19497,1,303.1,311.3,1847,24.7,212,0,0,0,0,0,0
4639,L51818,0,303.1,311.3,1474,34.8,215,0,0,0,0,0,0
4640,L51819,0,303.1,311.3,1657,31.8,217,0,0,0,0,0,0
4641,L51820,0,303.1,311.2,1435,40.1,219,0,0,0,0,0,0
4642,H34055,2,303.1,311.3,1494,42.7,221,0,0,0,0,0,0
4643,L51822,0,303.2,311.4,1238,54.6,226,1,0,1,0,1,0
4644,L51823,0,303.2,311.4,1324,54.2,228,1,0,1,0,1,0
4645,L51824,0,303.2,311.4,1514,41.2,230,0,0,0,0,0,0
4646,L51825,0,303.3,311.4,1732,25.6,232,0,0,0,0,0,0
4647,L51826,0,303.3,311.4,1497,46.0,234,1,1,0,0,0,0
4648,L51827,0,303.3,311.4,1958,21.5,0,0,0,0,0,0,0
4649,L51828,0,303.3,311.4,1630,32.5,2,0,0,0,0,0,0
4650,M19509,1,303.3,311.4,1395,59.1,4,0,0,0,0,0,0
4651,L51830,0,303.3,311.4,1658,30.5,7,0,0,0,0,0,0
4652,L51831,0,303.2,311.4,1349,51.1,9,1,0,1,0,0,0
4653,L51832,0,303.1,311.2,1452,52.9,11,0,0,0,0,0,0
4654,M19513,1,303.1,311.1,1594,35.5,13,0,0,0,0,0,0
4655,M19514,1,303.1,311.0,1510,47.6,16,0,0,0,0,0,0
4656,L51835,0,303.1,311.1,1854,22.6,19,0,0,0,0,0,0
4657,L51836,0,303.1,311.2,1626,32.3,21,0,0,0,0,0,0
4658,L51837,0,303.1,311.2,1628,35.2,23,0,0,0,0,0,0
4659,L51838,0,303.1,311.2,1679,34.8,25,0,0,0,0,0,0
4660,M19519,1,303.1,311.2,1489,44.5,27,0,0,0,0,0,0
4661,L51840,0,303.2,311.2,1439,43.9,30,0,0,0,0,0,0
4662,L51841,0,303.3,311.3,1350,48.1,32,1,0,1,0,0,0
4663,H34076,2,303.3,311.2,1607,31.7,34,0,0,0,0,0,0
4664,L51843,0,303.3,311.3,1389,53.9,39,0,0,0,0,0,0
4665,M19524,1,303.3,311.3,1566,46.1,41,0,0,0,0,0,0
4666,M19525,1,303.4,311.4,1307,54.0,44,1,0,1,0,0,0
4667,M19526,1,303.3,311.5,1569,36.6,47,0,0,0,0,0,0
4668,H34081,2,303.3,311.4,1651,30.6,50,0,0,0,0,0,0
4669,H34082,2,303.3,311.4,1692,27.9,55,0,0,0,0,0,0
4670,M19529,1,303.3,311.5,1373,47.3,60,1,0,1,0,0,0
4671,L51850,0,303.2,311.4,1610,35.5,63,0,0,0,0,0,0
4672,L51851,0,303.3,311.4,1511,43.4,65,0,0,0,0,0,0
4673,L51852,0,303.3,311.5,1412,55.6,67,0,0,0,0,0,0
4674,L51853,0,303.4,311.5,1501,36.2,69,0,0,0,0,0,0
4675,L51854,0,303.4,311.5,1414,44.8,71,0,0,0,0,0,0
4676,H34089,2,303.5,311.5,1629,33.5,73,0,0,0,0,0,0
4677,L51856,0,303.4,311.5,1879,21.3,78,0,0,0,0,0,0
4678,H34091,2,303.5,311.6,1466,47.0,80,0,0,0,0,0,0
4679,H34092,2,303.6,311.7,1476,40.1,85,0,0,0,0,0,0
4680,L51859,0,303.6,311.8,1695,30.7,90,0,0,0,0,0,0
4681,L51860,0,303.6,311.7,1491,39.8,92,0,0,0,0,0,0
4682,M19541,1,303.6,311.8,1659,34.7,94,0,0,0,0,0,0
4683,L51862,0,303.6,311.8,1567,31.7,97,0,0,0,0,0,0
4684,L51863,0,303.6,311.8,1736,32.9,99,0,0,0,0,0,0
4686,M19545,1,303.6,311.8,1627,30.8,104,0,0,0,0,0,0
4687,M19546,1,303.5,311.6,1562,34.2,107,0,0,0,0,0,0
4688,L51867,0,303.5,311.6,2183,17.0,110,0,0,0,0,0,0
4689,L51868,0,303.5,311.6,1577,38.1,112,0,0,0,0,0,0
4690,M19549,1,303.4,311.5,1560,36.4,114,0,0,0,0,0,0
4691,M19550,1,303.4,311.5,1483,43.0,117,0,0,0,0,0,0
4692,L51871,0,303.5,311.5,1535,33.3,120,0,0,0,0,0,0
4693,M19552,1,303.4,311.4,1606,29.6,122,0,0,0,0,0,0
4694,M19553,1,303.4,311.5,1817,24.7,125,0,0,0,0,0,0
4695,L51874,0,303.4,311.5,1424,50.8,128,0,0,0,0,0,0
4696,L51875,0,303.3,311.6,1514,34.7,130,0,0,0,0,0,0
4697,L51876,0,303.4,311.6,1449,41.7,132,0,0,0,0,0,0
4698,M19557,1,303.5,311.6,1573,34.0,134,0,0,0,0,0,0
4699,L51878,0,303.4,311.6,1564,41.9,137,0,0,0,0,0,0
4700,L51879,0,303.5,311.6,1428,46.2,139,0,0,0,0,0,0
4701,L51880,0,303.5,311.7,1620,31.0,141,0,0,0,0,0,0
4702,H34115,2,303.5,311.7,1584,32.7,143,0,0,0,0,0,0
4703,L51882,0,303.6,311.8,1222,66.8,148,1,0,1,0,0,0
4704,M19563,1,303.6,311.8,1432,42.5,150,0,0,0,0,0,0
4705,L51884,0,303.7,311.9,1561,33.3,153,0,0,0,0,0,0
4706,L51885,0,303.6,311.8,1614,33.2,155,0,0,0,0,0,0
4707,L51886,0,303.5,311.7,1959,22.3,157,0,0,0,0,0,0
4708,L51887,0,303.5,311.8,1944,23.5,159,0,0,0,0,0,0
4709,L51888,0,303.4,311.7,1793,25.8,161,0,0,0,0,0,0
4710,M19569,1,303.4,311.6,1446,50.0,163,0,0,0,0,0,0
4711,L51890,0,303.4,311.7,1673,32.2,166,0,0,0,0,0,0
4712,M19571,1,303.4,311.7,1515,44.2,168,0,0,0,0,0,0
4713,L51892,0,303.4,311.8,1564,35.9,171,0,0,0,0,0,0
4714,L51893,0,303.5,311.8,1451,45.2,173,0,0,0,0,0,0
4715,H34128,2,303.4,311.8,1693,28.3,175,0,0,0,0,0,0
4716,L51895,0,303.4,311.7,1476,42.3,180,0,0,0,0,0,0
4717,L51896,0,303.4,311.6,1712,30.1,182,0,0,0,0,0,0
4718,M19577,1,303.4,311.6,1425,45.4,184,0,0,0,0,0,0
4719,L51898,0,303.3,311.6,1337,56.8,187,1,0,1,0,0,0
4720,M19579,1,303.4,311.7,1690,34.9,189,0,0,0,0,0,0
4721,M19580,1,303.4,311.7,1353,44.1,192,1,0,1,0,0,0
4722,L51901,0,303.5,311.8,1927,21.9,195,0,0,0,0,0,0
4723,M19582,1,303.4,311.8,1391,42.7,197,0,0,0,0,0,0
4724,L51903,0,303.4,311.8,1366,50.9,200,1,0,1,0,0,0
4725,L51904,0,303.4,311.9,1771,31.6,202,0,0,0,0,0,0
4726,M19585,1,303.4,311.8,1515,42.6,204,0,0,0,0,0,0
4727,M19586,1,303.4,311.8,2133,18.3,207,0,0,0,0,0,0
4728,M19587,1,303.4,311.8,1341,47.0,210,1,0,1,0,0,0
4729,L51908,0,303.4,311.7,1406,47.1,213,0,0,0,0,0,0
4730,L51909,0,303.4,311.8,1306,61.0,215,1,0,1,0,1,0
4731,L51910,0,303.3,311.7,1508,35.5,217,0,0,0,0,0,0
4732,L51911,0,303.3,311.6,1301,45.1,219,1,0,1,0,0,0
4733,L51912,0,303.3,311.7,1539,38.5,221,0,0,0,0,0,0
4734,L51913,0,303.3,311.6,1484,44.6,223,0,0,0,0,0,0
4735,L51914,0,303.2,311.5,1507,39.2,225,0,0,0,0,0,0
4736,L51915,0,303.2,311.5,1544,42.5,227,0,0,0,0,0,0
4737,L51916,0,303.2,311.5,1513,37.9,0,0,0,0,0,0,0
4738,M19597,1,303.2,311.5,1336,58.2,2,1,0,1,0,0,0
4739,M19598,1,303.2,311.4,2102,19.0,5,0,0,0,0,0,0
4740,L51919,0,303.2,311.4,1351,53.8,8,1,0,1,0,0,0
4741,L51920,0,303.3,311.5,1601,35.2,10,0,0,0,0,0,0
4742,L51921,0,303.2,311.3,1393,52.9,12,0,0,0,0,0,0
4743,L51922,0,303.3,311.3,1592,33.7,14,0,0,0,0,0,0
4744,L51923,0,303.3,311.3,1409,51.8,16,0,0,0,0,0,0
4745,L51924,0,303.3,311.3,1393,47.4,18,0,0,0,0,0,0
4746,H34159,2,303.2,311.2,1475,43.1,20,0,0,0,0,0,0
4747,L51926,0,303.2,311.2,1427,45.6,25,0,0,0,0,0,0
4748,L51927,0,303.3,311.2,1763,27.3,27,0,0,0,0,0,0
4749,L51928,0,303.2,311.2,1363,46.7,29,1,0,1,0,0,0
4750,L51929,0,303.2,311.2,1404,50.9,31,0,0,0,0,0,0
4751,M19610,1,303.2,311.2,1688,31.9,33,0,0,0,0,0,0
4752,L51931,0,303.3,311.4,1510,37.3,36,0,0,0,0,0,0
4753,H34166,2,303.3,311.3,1502,39.5,38,0,0,0,0,0,0
4754,H34167,2,303.2,311.4,1607,36.6,43,0,0,0,0,0,0
4755,M19614,1,303.3,311.5,1384,54.8,48,0,0,0,0,0,0
4756,L51935,0,303.4,311.7,1295,51.3,51,1,0,1,0,0,0
4757,H34170,2,303.4,311.7,1991,19.0,53,0,0,0,0,0,0
4758,L51937,0,303.4,311.6,1497,42.8,58,0,0,0,0,0,0
4759,L51938,0,303.5,311.6,1465,48.7,60,0,0,0,0,0,0
4760,L51939,0,303.5,311.6,1361,46.5,62,1,0,1,0,0,0
4761,L51940,0,303.6,311.7,1546,38.5,64,0,0,0,0,0,0
4762,H34175,2,303.7,311.9,1332,52.7,66,1,0,1,0,0,0
4763,M19622,1,303.7,312.0,2663,11.4,71,1,0,0,1,0,0
4764,L51943,0,303.7,312.1,1443,45.9,74,0,0,0,0,0,0
4765,M19624,1,303.7,312.0,1402,48.6,76,0,0,0,0,0,0
4766,L51945,0,303.7,312.0,1892,22.5,79,0,0,0,0,0,0
4767,M19626,1,303.6,312.0,1645,35.7,81,0,0,0,0,0,0
4768,L51947,0,303.6,311.9,1473,50.1,84,0,0,0,0,0,0
4769,L51948,0,303.6,312.0,1309,52.9,86,1,0,1,0,0,0
4770,H34183,2,303.6,311.9,1544,37.1,88,0,0,0,0,0,0
4771,L51950,0,303.5,311.9,1344,49.3,93,1,0,1,0,0,0
4772,M19631,1,303.6,311.9,1617,36.0,95,0,0,0,0,0,0
4773,M19632,1,303.6,312.0,1435,37.9,98,0,0,0,0,0,0
4774,L51953,0,303.6,312.0,1391,50.3,101,0,0,0,0,0,0
4775,L51954,0,303.6,312.0,1827,23.3,103,0,0,0,0,0,0
4776,L51955,0,303.5,312.0,1761,25.8,105,0,0,0,0,0,0
4777,L51956,0,303.5,312.1,1522,36.4,107,0,0,0,0,0,0
4778,M19637,1,303.5,312.2,1818,23.6,109,0,0,0,0,0,0
4779,H34192,2,303.6,312.2,1371,54.6,112,1,0,1,0,0,0
4780,L51959,0,303.7,312.3,1511,38.9,117,0,0,0,0,0,0
4781,L51960,0,303.7,312.4,1404,46.6,119,0,0,0,0,0,0
4782,L51961,0,303.7,312.3,1384,45.9,121,0,0,0,0,0,0
4783,L51962,0,303.8,312.5,1368,52.6,123,0,0,0,0,0,0
4784,L51963,0,303.7,312.5,1641,36.0,125,0,0,0,0,0,0
4785,L51964,0,303.9,312.6,1642,32.3,127,0,0,0,0,0,0
4786,H34199,2,303.9,312.7,1401,50.0,129,0,0,0,0,0,0
4787,L51966,0,303.8,312.6,1577,41.3,134,0,0,0,0,0,0
4788,L51967,0,303.7,312.6,1396,44.1,136,0,0,0,0,0,0
4789,H34202,2,303.7,312.6,1514,35.5,138,0,0,0,0,0,0
4790,L51969,0,303.8,312.8,1646,35.8,143,0,0,0,0,0,0
4791,L51970,0,303.8,312.8,1443,40.7,145,0,0,0,0,0,0
4792,M19651,1,303.7,312.7,1469,48.5,147,0,0,0,0,0,0
4793,H34206,2,303.7,312.7,1564,40.2,150,0,0,0,0,0,0
4794,H34207,2,303.6,312.6,1498,40.2,155,0,0,0,0,0,0
4795,L51974,0,303.6,312.6,1699,27.9,160,0,0,0,0,0,0
4796,L51975,0,303.6,312.5,1431,49.0,162,0,0,0,0,0,0
4797,L51976,0,303.5,312.4,1390,47.3,164,0,0,0,0,0,0
4798,L51977,0,303.5,312.5,1380,46.1,166,0,0,0,0,0,0
4799,L51978,0,303.5,312.5,1457,46.4,168,0,0,0,0,0,0
4800,L51979,0,303.5,312.5,1418,42.2,170,0,0,0,0,0,0
4801,M19660,1,303.5,312.5,1353,51.0,172,0,0,0,0,0,0
4802,L51981,0,303.5,312.4,1574,32.7,175,0,0,0,0,0,0
4803,M19662,1,303.5,312.4,1318,54.2,177,0,0,0,0,0,0
4804,L51983,0,303.6,312.5,1710,31.4,180,0,0,0,0,0,0
4805,L51984,0,303.7,312.6,1621,38.8,182,0,0,0,0,0,0
4806,L51985,0,303.6,312.6,1606,33.6,184,0,0,0,0,0,0
4807,H34220,2,303.6,312.5,1375,54.0,186,0,0,0,0,0,0
4808,L51987,0,303.5,312.4,1503,36.5,191,0,0,0,0,0,0
4809,L51988,0,303.5,312.3,1404,48.6,193,0,0,0,0,0,0
4810,L51989,0,303.4,312.2,1656,32.7,195,0,0,0,0,0,0
4811,M19670,1,303.4,312.1,1499,39.4,197,0,0,0,0,0,0
4812,M19671,1,303.4,312.0,1748,28.4,200,0,0,0,0,0,0
4813,L51992,0,303.4,311.9,1531,37.9,203,0,0,0,0,0,0
4814,M19673,1,303.3,311.8,1536,40.6,205,0,0,0,0,0,0
4815,L51994,0,303.4,311.8,1401,53.0,208,1,0,0,0,1,0
4816,H34229,2,303.4,311.9,1534,33.2,210,0,0,0,0,0,0
4817,L51996,0,303.4,312.0,1521,35.9,215,1,1,0,0,0,0
4818,L51997,0,303.5,312.1,1674,30.8,0,0,0,0,0,0,0
4819,M19678,1,303.6,312.1,1967,20.9,2,0,0,0,0,0,0
4820,L51999,0,303.6,312.2,1696,30.7,5,0,0,0,0,0,0
4821,M19680,1,303.6,312.1,1627,32.5,7,0,0,0,0,0,0
4822,L52001,0,303.5,311.9,1405,45.6,10,0,0,0,0,0,0
4823,L52002,0,303.5,311.9,1565,38.9,12,0,0,0,0,0,0
4824,L52003,0,303.5,311.9,1493,38.7,14,0,0,0,0,0,0
4825,L52004,0,303.4,311.8,1499,45.0,16,0,0,0,0,0,0
4826,L52005,0,303.3,311.8,1692,30.6,18,0,0,0,0,0,0
4827,L52006,0,303.4,311.8,2268,15.8,20,0,0,0,0,0,0
4828,L52007,0,303.4,311.8,1438,58.9,22,0,0,0,0,0,0
4829,L52008,0,303.5,311.9,1515,39.2,24,0,0,0,0,0,0
4830,L52009,0,303.4,311.9,1491,38.2,26,0,0,0,0,0,0
4831,L52010,0,303.5,312.0,1756,29.7,28,0,0,0,0,0,0
4832,L52011,0,303.5,312.0,1366,54.5,30,1,0,1,0,0,0
4833,L52012,0,303.5,312.0,1436,45.1,32,0,0,0,0,0,0
4834,L52013,0,303.4,311.9,1377,41.6,34,1,0,1,0,0,0
4835,M19694,1,303.4,311.9,1510,42.2,36,0,0,0,0,0,0
4836,M19695,1,303.4,311.9,1419,50.9,39,0,0,0,0,0,0
4837,L52016,0,303.3,311.8,1315,62.0,42,1,0,1,0,0,0
4838,H34251,2,303.3,311.8,1806,27.7,44,0,0,0,0,0,0
4839,H34252,2,303.3,311.8,1649,29.4,49,0,0,0,0,0,0
4840,H34253,2,303.4,311.9,1402,50.0,54,0,0,0,0,0,0
4841,L52020,0,303.4,311.9,1298,63.9,59,1,0,1,0,0,0
4842,M19701,1,303.3,311.8,1441,44.9,61,0,0,0,0,0,0
4843,M19702,1,303.3,311.8,1489,49.4,64,0,0,0,0,0,0
4844,L52023,0,303.3,311.8,1842,24.5,67,0,0,0,0,0,0
4845,M19704,1,303.4,311.8,1316,50.9,69,1,0,1,0,0,0
4846,M19705,1,303.3,311.8,1583,33.3,72,0,0,0,0,0,0
4847,M19706,1,303.3,311.8,1548,33.5,75,0,0,0,0,0,0
4848,L52027,0,303.4,311.9,1434,44.6,78,0,0,0,0,0,0
4849,H34262,2,303.5,312.0,1397,52.9,80,0,0,0,0,0,0
4850,M19709,1,303.5,312.0,1475,42.9,85,0,0,0,0,0,0
4851,L52030,0,303.5,312.0,1441,56.8,88,0,0,0,0,0,0
4852,L52031,0,303.7,312.1,1363,51.8,90,1,0,1,0,0,0
4853,L52032,0,303.7,312.2,1619,34.9,92,0,0,0,0,0,0
4854,L52033,0,303.7,312.2,1487,34.0,94,0,0,0,0,0,0
4855,L52034,0,303.7,312.2,1568,33.8,96,0,0,0,0,0,0
4856,L52035,0,303.7,312.3,1375,46.2,98,0,0,0,0,0,0
4857,M19716,1,303.6,312.3,1698,31.3,100,0,0,0,0,0,0
4858,L52037,0,303.7,312.3,1606,37.4,103,0,0,0,0,0,0
4859,L52038,0,303.7,312.3,1349,51.0,105,0,0,0,0,0,0
4860,L52039,0,303.7,312.4,1535,38.6,107,0,0,0,0,0,0
4861,M19720,1,303.6,312.4,1504,49.5,109,0,0,0,0,0,0
4862,L52041,0,303.5,312.3,1946,21.1,112,0,0,0,0,0,0
4863,L52042,0,303.5,312.1,1326,55.7,114,0,0,0,0,0,0
4864,M19723,1,303.6,312.3,1915,22.3,116,0,0,0,0,0,0
4865,L52044,0,303.6,312.3,1451,43.4,119,0,0,0,0,0,0
4866,M19725,1,303.5,312.3,1624,34.8,121,0,0,0,0,0,0
4867,L52046,0,303.6,312.4,1781,28.7,124,0,0,0,0,0,0
4868,L52047,0,303.6,312.5,1345,54.1,126,0,0,0,0,0,0
4869,L52048,0,303.6,312.4,1418,46.0,128,0,0,0,0,0,0
4870,L52049,0,303.7,312.4,1718,26.5,130,0,0,0,0,0,0
4871,M19730,1,303.7,312.4,1631,28.5,132,0,0,0,0,0,0
4872,L52051,0,303.7,312.4,1513,40.1,135,0,0,0,0,0,0
4873,L52052,0,303.7,312.4,1316,59.3,137,0,0,0,0,0,0
4874,M19733,1,303.7,312.4,1474,38.8,139,0,0,0,0,0,0
4875,L52054,0,303.8,312.5,1619,30.9,142,0,0,0,0,0,0
4876,L52055,0,303.7,312.4,1702,31.2,144,0,0,0,0,0,0
4877,M19736,1,303.7,312.4,1540,37.4,146,0,0,0,0,0,0
4878,M19737,1,303.7,312.4,1546,33.7,149,0,0,0,0,0,0
4879,L52058,0,303.7,312.4,1348,51.0,152,0,0,0,0,0,0
4880,H34293,2,303.7,312.5,1520,35.6,154,0,0,0,0,0,0
4881,M19740,1,303.8,312.6,1527,41.9,159,0,0,0,0,0,0
4882,M19741,1,303.8,312.6,1406,47.1,162,0,0,0,0,0,0
4883,L52062,0,303.7,312.5,1462,46.2,165,0,0,0,0,0,0
4884,M19743,1,303.8,312.6,1684,29.3,167,0,0,0,0,0,0
4885,H34298,2,303.8,312.5,1655,28.0,170,0,0,0,0,0,0
4886,H34299,2,303.8,312.5,1748,25.1,175,0,0,0,0,0,0
4887,L52066,0,303.8,312.5,1372,45.7,180,0,0,0,0,0,0
4888,L52067,0,303.7,312.5,1481,33.3,182,0,0,0,0,0,0
4889,L52068,0,303.7,312.4,1512,39.2,184,0,0,0,0,0,0
4890,L52069,0,303.7,312.5,1632,36.6,186,0,0,0,0,0,0
4891,L52070,0,303.7,312.4,1525,43.9,188,0,0,0,0,0,0
4892,M19751,1,303.7,312.3,1756,26.4,190,0,0,0,0,0,0
4893,L52072,0,303.7,312.3,1922,23.1,193,0,0,0,0,0,0
4894,M19753,1,303.8,312.5,1448,44.3,195,0,0,0,0,0,0
4895,H34308,2,303.8,312.5,1447,46.6,198,0,0,0,0,0,0
4896,M19755,1,303.8,312.4,1597,33.4,203,0,0,0,0,0,0
4897,M19756,1,303.7,312.4,1642,32.3,206,0,0,0,0,0,0
4898,H34311,2,303.8,312.5,1525,38.0,209,0,0,0,0,0,0
4899,H34312,2,303.6,312.4,1460,53.7,214,0,0,0,0,0,0
4900,L52079,0,303.6,312.3,2168,17.7,219,0,0,0,0,0,0
4901,L52080,0,303.6,312.4,1388,41.9,221,0,0,0,0,0,0
4902,M19761,1,303.6,312.3,1630,32.4,223,0,0,0,0,0,0
4903,L52082,0,303.6,312.3,1616,29.3,226,0,0,0,0,0,0
4904,L52083,0,303.6,312.4,2232,16.8,0,0,0,0,0,0,0
4905,H34318,2,303.6,312.4,1480,50.7,2,0,0,0,0,0,0
4906,L52085,0,303.6,312.4,1363,53.1,7,0,0,0,0,0,0
4907,H34320,2,303.6,312.4,1436,45.6,9,0,0,0,0,0,0
4908,M19767,1,303.6,312.5,1607,33.7,14,0,0,0,0,0,0
4909,M19768,1,303.6,312.5,1459,48.2,17,0,0,0,0,0,0
4910,L52089,0,303.5,312.4,1481,43.7,20,0,0,0,0,0,0
4911,M19770,1,303.5,312.4,1606,31.7,22,0,0,0,0,0,0
4912,L52091,0,303.5,312.3,1681,29.8,25,0,0,0,0,0,0
4913,L52092,0,303.5,312.2,1511,37.1,27,0,0,0,0,0,0
4914,M19773,1,303.5,312.3,1593,35.2,29,0,0,0,0,0,0
4915,M19774,1,303.5,312.3,1532,41.7,32,0,0,0,0,0,0
4916,H34329,2,303.5,312.3,1386,49.0,35,0,0,0,0,0,0
4917,H34330,2,303.4,312.3,1769,27.9,40,0,0,0,0,0,0
4918,M19777,1,303.4,312.2,1561,38.2,45,0,0,0,0,0,0
4919,L52098,0,303.3,312.2,1457,40.7,48,0,0,0,0,0,0
4920,L52099,0,303.3,312.2,1506,40.0,50,0,0,0,0,0,0
4921,L52100,0,303.4,312.2,1337,69.4,52,1,0,0,1,0,0
4922,L52101,0,303.4,312.3,1287,54.8,54,0,0,0,0,0,0
4923,M19782,1,303.4,312.2,1615,35.7,56,0,0,0,0,0,0
4924,M19783,1,303.4,312.2,1972,23.5,59,0,0,0,0,0,0
4925,H34338,2,303.4,312.3,1522,42.1,62,0,0,0,0,0,0
4926,L52105,0,303.4,312.3,1680,30.6,67,0,0,0,0,0,0
4927,L52106,0,303.4,312.3,1502,36.0,69,0,0,0,0,0,0
4928,M19787,1,303.5,312.3,1543,33.3,71,0,0,0,0,0,0
4929,L52108,0,303.5,312.3,1584,35.2,74,0,0,0,0,0,0
4930,L52109,0,303.5,312.4,1340,44.5,76,0,0,0,0,0,0
4931,L52110,0,303.4,312.3,1663,33.9,78,0,0,0,0,0,0
4932,M19791,1,303.3,312.1,1693,30.0,80,0,0,0,0,0,0
4933,L52112,0,303.3,312.1,1418,44.7,83,0,0,0,0,0,0
4934,H34347,2,303.4,312.2,1554,36.8,85,0,0,0,0,0,0
4935,L52114,0,303.4,312.2,1580,35.8,90,0,0,0,0,0,0
4936,L52115,0,303.4,312.3,1479,42.8,92,0,0,0,0,0,0
4937,L52116,0,303.5,312.4,1284,70.6,94,1,0,0,1,0,0
4938,L52117,0,303.4,312.3,1540,38.7,96,0,0,0,0,0,0
4939,M19798,1,303.5,312.4,1606,30.1,98,0,0,0,0,0,0
4940,L52119,0,303.6,312.5,1286,62.4,101,0,0,0,0,0,0
4941,L52120,0,303.6,312.6,1502,39.5,103,0,0,0,0,0,0
4942,M19801,1,303.6,312.7,1699,31.5,105,0,0,0,0,0,0
4943,L52122,0,303.5,312.6,1602,34.2,108,0,0,0,0,0,0
4944,H34357,2,303.6,312.6,1436,42.0,110,0,0,0,0,0,0
4945,M19804,1,303.6,312.7,1765,27.5,115,0,0,0,0,0,0
4946,L52125,0,303.6,312.7,1418,44.1,118,0,0,0,0,0,0
4947,M19806,1,303.7,312.7,1669,31.7,120,0,0,0,0,0,0
4948,L52127,0,303.7,312.7,1395,53.9,123,0,0,0,0,0,0
4949,M19808,1,303.8,312.7,1500,41.7,125,0,0,0,0,0,0
4950,M19809,1,303.8,312.7,1555,33.4,128,0,0,0,0,0,0
4951,M19810,1,303.8,312.7,1919,20.2,131,0,0,0,0,0,0
4952,L52131,0,303.8,312.7,1596,36.6,134,0,0,0,0,0,0
4953,M19812,1,303.8,312.7,1374,53.6,136,0,0,0,0,0,0
4954,L52133,0,303.7,312.5,1670,26.1,139,0,0,0,0,0,0
4955,L52134,0,303.7,312.6,1702,29.1,141,0,0,0,0,0,0
4956,M19815,1,303.8,312.5,1366,45.1,143,0,0,0,0,0,0
4957,M19816,1,303.8,312.5,2344,15.2,146,0,0,0,0,0,0
4958,M19817,1,303.8,312.6,1768,23.9,149,0,0,0,0,0,0
4959,L52138,0,303.8,312.5,1523,47.0,152,0,0,0,0,0,0
4960,L52139,0,303.8,312.6,1735,25.9,154,0,0,0,0,0,0
4961,L52140,0,303.9,312.7,1339,62.3,156,0,0,0,0,0,0
4962,L52141,0,303.9,312.7,1800,24.3,158,0,0,0,0,0,0
4963,M19822,1,304.0,312.7,1456,51.2,160,0,0,0,0,0,0
4964,L52143,0,303.9,312.7,1789,24.4,163,0,0,0,0,0,0
4965,L52144,0,303.9,312.7,1602,33.9,165,0,0,0,0,0,0
4966,M19825,1,303.8,312.7,1364,49.3,167,0,0,0,0,0,0
4967,L52146,0,303.8,312.6,1793,28.1,170,0,0,0,0,0,0
4968,L52147,0,303.9,312.6,1426,53.4,172,0,0,0,0,0,0
4969,M19828,1,303.9,312.7,1485,43.3,174,0,0,0,0,0,0
4970,L52149,0,303.9,312.7,1528,38.4,177,0,0,0,0,0,0
4971,L52150,0,303.8,312.6,1565,36.0,179,0,0,0,0,0,0
4972,L52151,0,303.8,312.7,1838,27.8,181,0,0,0,0,0,0
4973,H34386,2,303.8,312.6,1811,24.9,183,0,0,0,0,0,0
4974,L52153,0,303.8,312.7,1461,38.2,188,0,0,0,0,0,0
4975,L52154,0,303.8,312.7,1414,41.7,190,0,0,0,0,0,0
4976,L52155,0,303.7,312.7,1426,45.5,192,0,0,0,0,0,0
4977,L52156,0,303.7,312.7,1359,56.8,194,1,0,0,0,1,0
4978,L52157,0,303.7,312.7,1540,44.8,196,0,0,0,0,0,0
4979,L52158,0,303.6,312.7,1429,47.7,198,0,0,0,0,0,0
4980,M19839,1,303.7,312.7,1612,36.3,200,0,0,0,0,0,0
4981,M19840,1,303.7,312.8,1685,31.8,203,0,0,0,0,0,0
4982,M19841,1,303.7,312.8,1558,37.7,206,0,0,0,0,0,0
4983,L52162,0,303.7,313.0,1811,24.3,209,0,0,0,0,0,0
4984,L52163,0,303.8,313.1,1869,25.8,211,0,0,0,0,0,0
4985,L52164,0,303.8,313.1,1256,58.7,213,1,0,0,0,1,0
4986,M19845,1,303.8,313.0,1789,23.5,215,0,0,0,0,0,0
4987,L52166,0,303.7,312.9,1502,40.5,0,0,0,0,0,0,0
4988,M19847,1,303.7,313.0,1303,54.4,2,0,0,0,0,0,0
4989,L52168,0,303.8,313.1,2497,13.0,5,1,0,0,1,0,0
4990,L52169,0,303.9,313.2,1499,37.4,7,0,0,0,0,0,0
4991,L52170,0,303.9,313.2,1393,46.5,9,0,0,0,0,0,0
4992,M19851,1,303.9,313.0,1475,41.0,11,0,0,0,0,0,0
4993,L52172,0,303.8,312.9,1573,34.6,14,0,0,0,0,0,0
4994,L52173,0,303.8,312.9,1819,23.7,16,0,0,0,0,0,0
4995,M19854,1,303.5,312.6,1642,29.4,18,0,0,0,0,0,0
4996,L52175,0,303.6,312.6,1540,39.8,21,0,0,0,0,0,0
4997,M19856,1,303.6,312.8,1400,43.2,23,0,0,0,0,0,0
4998,M19857,1,303.6,312.8,2659,11.4,26,1,0,0,1,0,0
4999,M19858,1,303.6,312.8,1825,25.2,29,0,0,0,0,0,0
5000,M19859,1,303.7,312.9,1532,41.3,32,0,0,0,0,0,0
5001,L52180,0,303.7,312.8,1832,23.6,35,0,0,0,0,0,0
5002,M19861,1,303.6,312.7,2174,17.6,37,0,0,0,0,0,0
5003,L52182,0,303.7,312.8,1627,31.7,40,0,0,0,0,0,0
5004,L52183,0,303.7,312.8,1437,51.3,42,0,0,0,0,0,0
5005,L52184,0,303.7,312.8,1364,46.3,44,0,0,0,0,0,0
5006,M19865,1,303.7,312.9,1444,52.7,46,0,0,0,0,0,0
5007,M19866,1,303.7,312.8,1366,47.3,49,0,0,0,0,0,0
5008,L52187,0,303.8,312.9,1442,48.3,52,0,0,0,0,0,0
5009,H34422,2,303.7,312.8,1488,42.8,54,0,0,0,0,0,0
5010,L52189,0,303.7,312.8,1523,40.7,59,0,0,0,0,0,0
5011,L52190,0,303.7,312.8,1543,38.3,61,0,0,0,0,0,0
5012,M19871,1,303.7,312.8,1634,33.8,63,0,0,0,0,0,0
5013,M19872,1,303.8,312.9,1815,27.8,66,0,0,0,0,0,0
5014,M19873,1,303.8,312.9,1594,35.2,69,0,0,0,0,0,0
5015,L52194,0,303.8,313.0,1452,38.6,72,0,0,0,0,0,0
5016,L52195,0,303.9,313.0,1759,28.4,74,0,0,0,0,0,0
5017,L52196,0,303.9,313.0,1408,47.5,76,0,0,0,0,0,0
5018,L52197,0,303.9,313.0,1483,45.0,78,0,0,0,0,0,0
5019,M19878,1,303.9,313.0,1620,36.6,80,0,0,0,0,0,0
5020,M19879,1,304.0,313.1,1466,39.5,83,0,0,0,0,0,0
5021,L52200,0,304.1,313.1,1556,36.3,86,0,0,0,0,0,0
5022,L52201,0,304.0,313.0,1350,61.1,88,0,0,0,0,0,0
5023,L52202,0,304.0,313.1,1404,47.1,90,0,0,0,0,0,0
5024,M19883,1,304.0,313.0,1575,34.5,92,0,0,0,0,0,0
5025,L52204,0,303.9,313.1,1639,29.0,95,0,0,0,0,0,0
5026,M19885,1,303.9,313.1,1473,42.8,97,0,0,0,0,0,0
5027,L52206,0,303.9,313.2,1481,40.0,100,0,0,0,0,0,0
5028,L52207,0,304.0,313.3,1294,54.6,102,0,0,0,0,0,0
5029,M19888,1,303.9,313.2,1630,29.3,104,0,0,0,0,0,0
5030,M19889,1,303.9,313.2,1624,39.8,107,0,0,0,0,0,0
5031,M19890,1,303.9,313.1,1437,48.3,110,0,0,0,0,0,0
5032,M19891,1,303.8,313.0,1514,45.0,113,0,0,0,0,0,0
5033,M19892,1,304.0,313.1,1694,31.4,116,0,0,0,0,0,0
5034,L52213,0,304.0,313.1,1564,50.9,119,0,0,0,0,0,0
5035,M19894,1,303.9,313.1,1514,41.1,121,0,0,0,0,0,0
5036,M19895,1,304.0,313.2,1500,40.6,124,0,0,0,0,0,0
5037,L52216,0,304.0,313.2,1615,37.8,127,0,0,0,0,0,0
5038,M19897,1,304.1,313.2,1586,41.1,129,0,0,0,0,0,0
5039,L52218,0,304.1,313.3,1732,28.5,132,0,0,0,0,0,0
5040,H34453,2,304.1,313.3,1689,32.5,134,0,0,0,0,0,0
5041,H34454,2,304.1,313.2,1586,34.6,139,0,0,0,0,0,0
5042,L52221,0,304.0,313.2,1314,47.1,144,0,0,0,0,0,0
5043,L52222,0,304.1,313.2,1569,35.8,146,0,0,0,0,0,0
5044,L52223,0,304.1,313.2,1468,39.4,148,0,0,0,0,0,0
5045,L52224,0,304.1,313.2,1412,47.5,150,0,0,0,0,0,0
5046,M19905,1,304.1,313.2,1510,46.9,152,0,0,0,0,0,0
5047,M19906,1,304.1,313.2,1410,42.4,155,0,0,0,0,0,0
5048,M19907,1,304.1,313.3,1680,29.3,158,0,0,0,0,0,0
5049,H34462,2,304.0,313.2,1271,68.6,161,1,0,0,1,0,0
5050,H34463,2,304.0,313.1,1472,45.5,166,0,0,0,0,0,0
5051,H34464,2,304.0,313.0,1701,30.4,171,0,0,0,0,0,0
5052,L52231,0,303.9,313.0,1480,39.9,176,0,0,0,0,0,0
5053,L52232,0,303.9,313.0,1433,48.4,178,0,0,0,0,0,0
5054,L52233,0,303.8,312.9,1514,34.3,180,0,0,0,0,0,0
5055,L52234,0,303.8,312.9,1619,35.7,182,0,0,0,0,0,0
5056,H34469,2,303.8,312.9,1378,45.6,184,0,0,0,0,0,0
5057,M19916,1,303.9,312.9,1430,53.5,189,0,0,0,0,0,0
5058,L52237,0,303.8,312.9,1367,49.9,192,0,0,0,0,0,0
5059,L52238,0,303.9,312.9,1526,42.5,194,0,0,0,0,0,0
5060,L52239,0,303.9,312.8,1419,47.9,196,0,0,0,0,0,0
5061,L52240,0,304.0,312.8,1542,42.7,198,0,0,0,0,0,0
5062,L52241,0,304.0,312.9,1363,62.5,200,1,0,0,0,1,0
5063,L52242,0,304.0,312.9,1313,53.9,202,0,0,0,0,0,0
5064,H34477,2,304.0,312.9,1495,46.6,0,0,0,0,0,0,0
5065,L52244,0,304.0,313.0,1407,42.1,5,0,0,0,0,0,0
5066,L52245,0,304.1,313.0,1566,37.2,7,0,0,0,0,0,0
5067,L52246,0,304.1,313.1,1550,30.9,9,0,0,0,0,0,0
5068,M19927,1,304.2,313.2,1396,50.5,11,0,0,0,0,0,0
5069,M19928,1,304.3,313.3,1540,39.0,14,0,0,0,0,0,0
5070,M19929,1,304.2,313.2,1380,48.7,17,0,0,0,0,0,0
5071,M19930,1,304.2,313.1,1608,31.1,20,0,0,0,0,0,0
5072,H34485,2,304.2,313.0,1442,40.9,23,0,0,0,0,0,0
5073,L52252,0,304.1,313.0,1408,45.3,28,0,0,0,0,0,0
5074,M19933,1,304.0,313.0,1454,46.8,30,0,0,0,0,0,0
5075,L52254,0,304.1,313.1,1666,34.6,33,0,0,0,0,0,0
5076,L52255,0,304.1,313.2,1366,46.6,35,0,0,0,0,0,0
5077,L52256,0,304.2,313.2,1464,44.9,37,0,0,0,0,0,0
5078,L52257,0,304.3,313.3,1775,24.9,39,0,0,0,0,0,0
5079,M19938,1,304.3,313.4,1482,43.8,41,0,0,0,0,0,0
5080,M19939,1,304.2,313.4,1411,54.8,44,0,0,0,0,0,0
5081,L52260,0,304.2,313.3,1410,51.6,47,0,0,0,0,0,0
5082,M19941,1,304.1,313.3,1494,39.0,49,0,0,0,0,0,0
5083,H34496,2,304.1,313.2,1590,43.4,52,0,0,0,0,0,0
5084,L52263,0,304.1,313.1,1327,54.1,57,0,0,0,0,0,0
5085,L52264,0,304.1,313.1,1969,20.8,59,0,0,0,0,0,0
5086,M19945,1,304.0,313.0,1377,56.0,61,0,0,0,0,0,0
5087,L52266,0,304.0,313.0,1541,45.9,64,0,0,0,0,0,0
5088,M19947,1,304.0,313.0,1685,28.2,66,0,0,0,0,0,0
5089,L52268,0,304.0,313.1,1465,41.0,69,0,0,0,0,0,0
5090,M19949,1,303.9,313.1,1483,47.2,71,0,0,0,0,0,0
5091,M19950,1,303.9,313.2,1570,40.7,74,0,0,0,0,0,0
5092,L52271,0,303.9,313.2,1345,48.2,77,0,0,0,0,0,0
5093,M19952,1,303.9,313.2,1608,40.6,79,0,0,0,0,0,0
5094,M19953,1,304.0,313.3,1415,52.8,82,0,0,0,0,0,0
5095,M19954,1,304.1,313.5,1470,45.8,85,0,0,0,0,0,0
5096,M19955,1,304.1,313.5,1428,39.9,88,0,0,0,0,0,0
5097,H34510,2,304.2,313.5,1627,32.2,91,0,0,0,0,0,0
5098,L52277,0,304.2,313.4,1457,49.4,96,0,0,0,0,0,0
5099,L52278,0,304.2,313.4,1475,40.2,98,0,0,0,0,0,0
5100,L52279,0,304.2,313.5,1438,50.1,100,0,0,0,0,0,0
5101,M19960,1,304.2,313.5,1437,47.2,102,0,0,0,0,0,0
5102,M19961,1,304.1,313.4,1518,42.4,105,0,0,0,0,0,0
5103,M19962,1,304.1,313.5,1587,33.6,108,0,0,0,0,0,0
5104,L52283,0,304.1,313.4,1399,43.7,111,0,0,0,0,0,0
5105,L52284,0,304.1,313.5,1469,44.6,113,0,0,0,0,0,0
5106,L52285,0,304.1,313.4,1374,56.6,115,0,0,0,0,0,0
5107,L52286,0,304.0,313.3,1519,36.7,117,0,0,0,0,0,0
5108,L52287,0,303.9,313.2,1540,44.4,119,0,0,0,0,0,0
5109,L52288,0,303.9,313.3,1394,51.6,121,0,0,0,0,0,0
5110,M19969,1,304.0,313.4,1389,45.8,123,0,0,0,0,0,0
5111,M19970,1,304.0,313.5,1732,26.2,126,0,0,0,0,0,0
5112,L52291,0,304.1,313.6,1556,37.4,129,0,0,0,0,0,0
5113,M19972,1,304.1,313.6,1441,43.7,131,0,0,0,0,0,0
5114,L52293,0,304.1,313.6,1382,46.7,134,0,0,0,0,0,0
5115,M19974,1,304.2,313.8,1481,44.9,136,0,0,0,0,0,0
5116,M19975,1,304.2,313.7,2113,18.4,139,0,0,0,0,0,0
5117,L52296,0,304.2,313.8,1401,53.9,142,0,0,0,0,0,0
5118,L52297,0,304.1,313.6,1611,31.4,144,0,0,0,0,0,0
5119,M19978,1,304.2,313.6,1512,33.4,146,0,0,0,0,0,0
5120,L52299,0,304.2,313.6,1411,46.0,149,0,0,0,0,0,0
5121,M19980,1,304.2,313.6,1424,43.7,151,0,0,0,0,0,0
5122,L52301,0,304.2,313.6,1469,40.0,154,0,0,0,0,0,0
5123,H34536,2,304.2,313.5,1684,29.8,156,0,0,0,0,0,0
5124,M19983,1,304.2,313.5,1532,41.3,161,0,0,0,0,0,0
5125,M19984,1,304.2,313.5,1557,37.3,164,0,0,0,0,0,0
5126,M19985,1,304.3,313.5,1416,48.1,167,0,0,0,0,0,0
5127,L52306,0,304.3,313.5,1802,25.4,170,0,0,0,0,0,0
5128,M19987,1,304.3,313.5,2245,15.1,172,0,0,0,0,0,0
5129,L52308,0,304.2,313.4,1434,42.5,175,0,0,0,0,0,0
5130,M19989,1,304.1,313.3,1725,28.3,177,0,0,0,0,0,0
5131,L52310,0,304.2,313.3,1668,35.7,180,0,0,0,0,0,0
5132,L52311,0,304.1,313.3,1452,43.9,182,0,0,0,0,0,0
5133,L52312,0,304.1,313.3,1415,50.0,184,0,0,0,0,0,0
5134,L52313,0,304.1,313.2,1824,25.8,186,0,0,0,0,0,0
5135,L52314,0,304.1,313.3,1438,45.5,188,0,0,0,0,0,0
5136,L52315,0,304.1,313.3,1883,24.5,190,0,0,0,0,0,0
5137,L52316,0,304.2,313.4,1735,28.9,192,0,0,0,0,0,0
5138,L52317,0,304.3,313.5,1464,36.7,194,0,0,0,0,0,0
5139,M19998,1,304.3,313.6,1489,40.3,196,0,0,0,0,0,0
5140,M19999,1,304.4,313.6,1510,38.9,199,0,0,0,0,0,0
5141,M20000,1,304.3,313.6,1585,32.1,202,0,0,0,0,0,0
5142,L52321,0,304.4,313.7,1509,35.0,205,1,1,0,0,0,0
5143,L52322,0,304.4,313.6,1568,39.1,0,0,0,0,0,0,0
5144,M20003,1,304.3,313.5,1525,42.0,2,0,0,0,0,0,0
5145,L52324,0,304.4,313.7,1607,33.5,5,0,0,0,0,0,0
5146,L52325,0,304.5,313.7,1670,32.9,7,0,0,0,0,0,0
5147,L52326,0,304.4,313.6,1585,38.9,9,0,0,0,0,0,0
5148,L52327,0,304.4,313.6,1569,38.4,11,0,0,0,0,0,0
5149,L52328,0,304.4,313.6,1507,43.1,13,0,0,0,0,0,0
5150,L52329,0,304.3,313.5,1452,41.5,15,0,0,0,0,0,0
5151,L52330,0,304.3,313.5,1590,29.8,17,0,0,0,0,0,0
5152,L52331,0,304.3,313.6,1409,56.0,19,0,0,0,0,0,0
5153,L52332,0,304.3,313.5,2643,12.7,21,0,0,0,0,0,0
5154,L52333,0,304.2,313.4,1644,31.7,23,0,0,0,0,0,0
5155,L52334,0,304.2,313.4,1568,37.6,25,0,0,0,0,0,0
5156,H34569,2,304.2,313.3,1625,37.3,27,0,0,0,0,0,0
5157,L52336,0,304.2,313.4,1482,41.4,32,0,0,0,0,0,0
5158,H34571,2,304.1,313.3,1397,49.6,34,0,0,0,0,0,0
5159,L52338,0,304.1,313.3,1459,50.3,39,0,0,0,0,0,0
5160,L52339,0,304.2,313.4,1490,44.0,41,0,0,0,0,0,0
5161,L52340,0,304.1,313.2,1434,50.1,43,0,0,0,0,0,0
5162,M20021,1,304.1,313.2,2028,18.9,45,0,0,0,0,0,0
5163,L52342,0,304.2,313.3,1464,45.9,48,0,0,0,0,0,0
5164,M20023,1,304.2,313.4,1713,23.5,50,0,0,0,0,0,0
5165,M20024,1,304.3,313.4,1624,32.1,53,0,0,0,0,0,0
5166,L52345,0,304.2,313.4,1421,43.4,56,0,0,0,0,0,0
5167,H34580,2,304.2,313.5,1546,41.4,58,0,0,0,0,0,0
5168,L52347,0,304.2,313.4,1639,32.7,63,0,0,0,0,0,0
5169,H34582,2,304.1,313.4,1696,29.6,65,0,0,0,0,0,0
5170,L52349,0,304.1,313.3,1470,39.9,70,0,0,0,0,0,0
5171,M20030,1,304.1,313.3,1480,38.4,72,0,0,0,0,0,0
5172,M20031,1,304.2,313.4,1329,54.5,75,0,0,0,0,0,0
5173,L52352,0,304.2,313.4,1740,28.2,78,0,0,0,0,0,0
5174,M20033,1,304.2,313.5,1739,28.1,80,0,0,0,0,0,0
5175,M20034,1,304.2,313.5,1390,47.8,83,0,0,0,0,0,0
5176,L52355,0,304.2,313.4,1740,23.7,86,0,0,0,0,0,0
5177,M20036,1,304.0,313.3,1844,27.1,88,0,0,0,0,0,0
5178,H34591,2,304.0,313.1,1388,53.2,91,0,0,0,0,0,0
5179,H34592,2,304.0,313.2,1517,43.1,96,0,0,0,0,0,0
5180,M20039,1,304.0,313.1,1450,42.8,101,0,0,0,0,0,0
5181,L52360,0,304.0,313.2,1584,38.7,104,0,0,0,0,0,0
5182,L52361,0,304.0,313.1,1720,28.7,106,0,0,0,0,0,0
5183,L52362,0,303.9,313.1,1586,31.9,108,0,0,0,0,0,0
5184,M20043,1,303.9,313.0,1901,22.5,110,0,0,0,0,0,0
5185,L52364,0,304.0,313.0,1397,42.4,113,0,0,0,0,0,0
5186,L52365,0,304.0,313.0,2012,21.1,115,0,0,0,0,0,0
5187,L52366,0,304.0,313.0,2354,15.0,117,0,0,0,0,0,0
5188,L52367,0,304.0,313.1,1648,35.7,119,0,0,0,0,0,0
5189,L52368,0,304.0,313.2,1632,30.6,121,0,0,0,0,0,0
5190,M20049,1,304.1,313.2,1427,46.9,123,0,0,0,0,0,0
5191,L52370,0,304.1,313.2,1452,48.0,126,0,0,0,0,0,0
5192,L52371,0,304.0,313.2,1416,46.0,128,0,0,0,0,0,0
5193,L52372,0,303.9,313.1,1310,62.9,130,0,0,0,0,0,0
5194,H34607,2,304.0,313.1,1408,39.8,132,0,0,0,0,0,0
5195,M20054,1,303.9,313.1,1668,34.4,137,0,0,0,0,0,0
5196,L52375,0,303.9,313.0,1551,36.8,140,0,0,0,0,0,0
5197,H34610,2,303.9,313.0,1517,36.0,142,0,0,0,0,0,0
5198,H34611,2,303.8,312.9,1570,35.8,147,0,0,0,0,0,0
5199,L52378,0,303.8,312.8,1428,53.3,152,0,0,0,0,0,0
5200,L52379,0,303.8,312.8,1503,40.0,154,0,0,0,0,0,0
5201,L52380,0,303.8,312.8,1416,58.7,156,0,0,0,0,0,0
5202,M20061,1,303.7,312.7,1396,47.3,158,0,0,0,0,0,0
5203,L52382,0,303.7,312.7,1335,51.1,161,0,0,0,0,0,0
5204,M20063,1,303.7,312.6,1671,30.5,163,0,0,0,0,0,0
5205,L52384,0,303.7,312.7,1989,22.4,166,0,0,0,0,0,0
5206,L52385,0,303.7,312.7,1468,43.3,168,0,0,0,0,0,0
5207,H34620,2,303.7,312.6,1711,27.6,170,0,0,0,0,0,0
5208,M20067,1,303.8,312.7,1488,41.3,175,0,0,0,0,0,0
5209,L52388,0,303.8,312.7,1664,29.3,178,0,0,0,0,0,0
5210,M20069,1,303.8,312.7,1507,38.5,180,0,0,0,0,0,0
5211,L52390,0,303.7,312.6,1466,42.5,183,0,0,0,0,0,0
5212,L52391,0,303.7,312.5,1433,53.6,185,0,0,0,0,0,0
5213,L52392,0,303.7,312.5,1397,45.7,187,0,0,0,0,0,0
5214,M20073,1,303.7,312.6,1429,43.3,189,0,0,0,0,0,0
5215,L52394,0,303.7,312.7,1572,37.2,192,0,0,0,0,0,0
5216,M20075,1,303.7,312.7,1532,42.7,194,0,0,0,0,0,0
5217,M20076,1,303.7,312.7,1316,51.8,197,0,0,0,0,0,0
5218,M20077,1,303.8,312.8,1420,47.9,200,0,0,0,0,0,0
5219,L52398,0,303.8,312.9,1589,37.2,203,0,0,0,0,0,0
5220,L52399,0,303.8,313.0,1365,59.9,205,1,0,0,0,1,0
5221,L52400,0,303.8,313.0,1633,32.9,207,0,0,0,0,0,0
5222,L52401,0,303.9,313.0,1626,31.4,209,0,0,0,0,0,0
5223,L52402,0,303.9,313.1,1665,29.6,0,0,0,0,0,0,0
5224,M20083,1,303.9,313.2,1350,47.2,2,0,0,0,0,0,0
5225,L52404,0,303.9,313.2,1590,31.9,5,0,0,0,0,0,0
5226,M20085,1,304.0,313.2,1437,53.9,7,0,0,0,0,0,0
5227,L52406,0,303.9,313.0,1403,48.3,10,0,0,0,0,0,0
5228,L52407,0,303.9,313.1,1440,41.1,12,0,0,0,0,0,0
5229,M20088,1,303.9,313.1,1343,61.4,14,0,0,0,0,0,0
5230,H34643,2,303.9,313.1,1790,26.7,17,0,0,0,0,0,0
5231,M20090,1,303.8,313.1,2117,18.6,22,0,0,0,0,0,0
5232,L52411,0,303.8,313.1,1458,42.2,25,0,0,0,0,0,0
5233,L52412,0,303.6,312.9,1381,57.8,27,0,0,0,0,0,0
5234,L52413,0,303.6,312.9,1450,45.3,29,0,0,0,0,0,0
5235,L52414,0,303.7,312.9,1461,50.1,31,0,0,0,0,0,0
5236,M20095,1,303.7,312.9,1511,41.0,33,0,0,0,0,0,0
5237,L52416,0,303.8,313.1,1394,45.4,36,0,0,0,0,0,0
5238,L52417,0,303.8,313.0,1499,42.3,38,0,0,0,0,0,0
5239,L52418,0,303.7,313.0,1457,44.1,40,0,0,0,0,0,0
5240,L52419,0,303.7,313.0,1753,29.0,42,0,0,0,0,0,0
5241,L52420,0,303.7,313.0,1694,28.0,44,0,0,0,0,0,0
5242,L52421,0,303.7,313.1,1683,28.4,46,0,0,0,0,0,0
5243,L52422,0,303.7,313.1,1496,47.4,48,0,0,0,0,0,0
5244,L52423,0,303.7,313.1,1721,34.8,50,0,0,0,0,0,0
5245,L52424,0,303.6,313.0,1593,31.6,52,0,0,0,0,0,0
5246,L52425,0,303.6,313.0,1575,38.3,54,0,0,0,0,0,0
5247,L52426,0,303.5,313.0,1465,41.0,56,0,0,0,0,0,0
5248,L52427,0,303.6,313.1,1405,38.3,58,0,0,0,0,0,0
5249,M20108,1,303.5,313.0,1902,21.6,60,0,0,0,0,0,0
5250,M20109,1,303.4,312.9,1422,39.9,63,0,0,0,0,0,0
5251,L52430,0,303.5,312.9,1332,52.9,66,0,0,0,0,0,0
5252,M20111,1,303.4,312.9,1307,54.3,68,0,0,0,0,0,0
5253,L52432,0,303.5,313.0,1322,59.5,71,0,0,0,0,0,0
5254,L52433,0,303.5,313.0,1547,40.3,73,0,0,0,0,0,0
5255,L52434,0,303.5,313.1,1897,23.6,75,0,0,0,0,0,0
5256,M20115,1,303.5,313.0,1403,51.9,77,0,0,0,0,0,0
5257,L52436,0,303.5,313.0,1393,51.6,80,0,0,0,0,0,0
5258,L52437,0,303.5,313.0,1482,38.5,82,0,0,0,0,0,0
5259,M20118,1,303.5,312.9,1572,44.7,84,0,0,0,0,0,0
5260,L52439,0,303.5,312.9,1544,36.9,87,0,0,0,0,0,0
5261,M20120,1,303.5,313.0,1492,46.1,89,0,0,0,0,0,0
5262,L52441,0,303.4,312.8,1513,35.8,92,0,0,0,0,0,0
5263,L52442,0,303.4,312.8,1449,43.9,94,0,0,0,0,0,0
5264,L52443,0,303.5,312.8,1877,22.3,96,0,0,0,0,0,0
5265,L52444,0,303.4,312.8,1376,53.4,98,0,0,0,0,0,0
5266,M20125,1,303.5,312.9,1883,23.3,100,0,0,0,0,0,0
5267,M20126,1,303.4,312.8,1518,38.7,103,0,0,0,0,0,0
5268,M20127,1,303.5,312.9,1438,42.8,106,0,0,0,0,0,0
5269,L52448,0,303.4,312.9,1389,54.1,109,0,0,0,0,0,0
5270,L52449,0,303.5,312.9,1504,44.8,111,0,0,0,0,0,0
5271,L52450,0,303.5,312.9,1275,64.4,113,0,0,0,0,0,0
5272,L52451,0,303.6,313.0,1534,39.7,115,0,0,0,0,0,0
5273,M20132,1,303.6,313.0,1396,38.2,117,0,0,0,0,0,0
5274,L52453,0,303.6,313.1,1395,44.1,120,0,0,0,0,0,0
5275,L52454,0,303.6,313.0,1617,30.9,122,0,0,0,0,0,0
5276,L52455,0,303.7,313.1,1423,41.2,124,0,0,0,0,0,0
5277,L52456,0,303.5,313.0,1606,34.0,126,0,0,0,0,0,0
5278,L52457,0,303.5,312.9,1501,44.0,128,0,0,0,0,0,0
5279,M20138,1,303.5,312.9,1618,30.4,130,0,0,0,0,0,0
5280,L52459,0,303.6,313.0,1522,35.8,133,0,0,0,0,0,0
5281,L52460,0,303.6,312.9,1480,41.4,135,0,0,0,0,0,0
5282,M20141,1,303.7,313.0,1469,39.9,137,0,0,0,0,0,0
5283,H34696,2,303.8,313.2,1381,52.4,140,0,0,0,0,0,0
5284,L52463,0,303.8,313.2,1525,41.9,145,0,0,0,0,0,0
5285,M20144,1,303.8,313.2,1732,29.6,147,0,0,0,0,0,0
5286,L52465,0,303.8,313.1,1523,39.8,150,0,0,0,0,0,0
5287,L52466,0,303.8,313.1,1422,42.4,152,0,0,0,0,0,0
5288,H34701,2,303.8,313.2,1506,46.9,154,0,0,0,0,0,0
5289,L52468,0,303.8,313.2,1531,39.4,159,0,0,0,0,0,0
5290,M20149,1,303.9,313.3,1507,34.3,161,0,0,0,0,0,0
5291,L52470,0,303.9,313.3,1526,40.7,164,0,0,0,0,0,0
5292,L52471,0,303.8,313.3,1406,52.1,166,0,0,0,0,0,0
5293,M20152,1,303.9,313.3,1567,35.0,168,0,0,0,0,0,0
5294,M20153,1,303.9,313.4,1464,49.1,171,0,0,0,0,0,0
5295,L52474,0,303.9,313.4,1442,48.5,174,0,0,0,0,0,0
5296,L52475,0,303.8,313.2,1336,47.8,176,0,0,0,0,0,0
5297,H34710,2,303.8,313.2,1379,50.2,178,0,0,0,0,0,0
5298,L52477,0,303.7,313.1,1406,48.6,183,0,0,0,0,0,0
5299,M20158,1,303.7,313.1,2130,18.1,185,0,0,0,0,0,0
5300,L52479,0,303.7,313.1,1355,49.1,188,0,0,0,0,0,0
5301,M20160,1,303.8,313.2,1710,26.5,190,0,0,0,0,0,0
5302,L52481,0,303.8,313.1,1309,55.8,193,0,0,0,0,0,0
5303,L52482,0,303.9,313.1,1491,37.2,195,0,0,0,0,0,0
5304,L52483,0,303.9,313.2,1481,44.1,197,0,0,0,0,0,0
5305,L52484,0,303.9,313.1,1425,49.3,199,0,0,0,0,0,0
5306,H34719,2,303.9,313.2,1680,29.1,201,0,0,0,0,0,0
5307,H34720,2,304.0,313.2,1612,31.7,206,0,0,0,0,0,0
5308,L52487,0,304.0,313.3,1530,34.8,211,0,0,0,0,0,0
5309,L52488,0,304.0,313.2,1481,42.6,213,0,0,0,0,0,0
5310,M20169,1,303.9,313.2,1422,48.0,215,1,1,0,0,0,0
5311,L52490,0,303.8,313.0,1427,43.0,0,0,0,0,0,0,0
5312,H34725,2,303.7,312.9,1460,49.8,2,0,0,0,0,0,0
5313,L52492,0,303.6,312.9,1873,23.5,7,0,0,0,0,0,0
5314,M20173,1,303.7,312.9,1566,32.6,9,0,0,0,0,0,0
5315,L52494,0,303.6,312.8,1701,30.8,12,0,0,0,0,0,0
5316,L52495,0,303.6,312.8,1710,27.2,14,0,0,0,0,0,0
5317,M20176,1,303.6,312.8,1689,33.1,16,0,0,0,0,0,0
5318,L52497,0,303.6,312.7,1637,32.9,19,0,0,0,0,0,0
5319,L52498,0,303.5,312.6,1496,39.0,21,0,0,0,0,0,0
5320,M20179,1,303.5,312.7,1402,47.0,23,0,0,0,0,0,0
5321,L52500,0,303.4,312.7,1363,45.5,26,0,0,0,0,0,0
5322,M20181,1,303.4,312.7,1576,49.9,28,0,0,0,0,0,0
5323,M20182,1,303.4,312.7,1357,55.3,31,0,0,0,0,0,0
5324,M20183,1,303.4,312.7,1399,48.4,34,0,0,0,0,0,0
5325,M20184,1,303.4,312.8,1526,30.8,37,0,0,0,0,0,0
5326,L52505,0,303.5,312.7,1694,27.3,40,0,0,0,0,0,0
5327,M20186,1,303.5,312.7,1420,49.1,42,0,0,0,0,0,0
5328,M20187,1,303.5,312.7,2116,16.7,45,0,0,0,0,0,0
5329,M20188,1,303.7,312.9,1406,41.9,48,0,0,0,0,0,0
5330,L52509,0,303.7,313.0,1456,45.5,51,0,0,0,0,0,0
5331,L52510,0,303.6,312.9,1588,31.9,53,0,0,0,0,0,0
5332,L52511,0,303.7,312.8,1448,44.5,55,0,0,0,0,0,0
5333,H34746,2,303.6,312.7,1403,46.2,57,0,0,0,0,0,0
5334,M20193,1,303.5,312.6,1405,51.6,62,0,0,0,0,0,0
5335,M20194,1,303.4,312.6,2706,9.8,65,1,0,0,1,0,0
5336,M20195,1,303.3,312.4,1505,38.9,68,0,0,0,0,0,0
5337,L52516,0,303.2,312.4,1663,33.7,71,0,0,0,0,0,0
5338,M20197,1,303.3,312.6,1482,44.4,73,0,0,0,0,0,0
5339,M20198,1,303.3,312.5,1674,32.7,76,0,0,0,0,0,0
5340,M20199,1,303.4,312.7,1594,32.8,79,0,0,0,0,0,0
5341,L52520,0,303.5,312.7,1393,49.3,82,0,0,0,0,0,0
5342,H34755,2,303.5,312.8,1404,55.8,84,0,0,0,0,0,0
5343,M20202,1,303.5,312.8,1375,45.7,89,0,0,0,0,0,0
5344,L52523,0,303.5,312.8,1607,38.4,92,0,0,0,0,0,0
5345,L52524,0,303.4,312.8,1360,50.8,94,0,0,0,0,0,0
5346,L52525,0,303.5,312.8,1524,39.4,96,0,0,0,0,0,0
5347,L52526,0,303.4,312.7,1534,35.5,98,0,0,0,0,0,0
5348,L52527,0,303.3,312.7,1262,63.8,100,0,0,0,0,0,0
5349,L52528,0,303.3,312.6,1623,34.6,102,0,0,0,0,0,0
5350,M20209,1,303.3,312.7,1642,33.6,104,0,0,0,0,0,0
5351,M20210,1,303.4,312.8,1622,35.1,107,0,0,0,0,0,0
5352,M20211,1,303.5,312.9,1530,34.5,110,0,0,0,0,0,0
5353,M20212,1,303.4,312.8,1590,36.3,113,0,0,0,0,0,0
5354,L52533,0,303.4,312.7,1589,34.0,116,0,0,0,0,0,0
5355,L52534,0,303.4,312.6,1462,37.5,118,0,0,0,0,0,0
5356,H34769,2,303.3,312.5,1328,49.8,120,0,0,0,0,0,0
5357,H34770,2,303.3,312.6,1692,29.0,125,0,0,0,0,0,0
5358,L52537,0,303.3,312.5,1968,20.6,130,0,0,0,0,0,0
5359,H34772,2,303.3,312.6,1827,24.2,132,0,0,0,0,0,0
5360,M20219,1,303.3,312.6,1397,47.1,137,0,0,0,0,0,0
5361,L52540,0,303.3,312.6,1463,44.0,140,0,0,0,0,0,0
5362,L52541,0,303.3,312.7,1643,30.7,142,0,0,0,0,0,0
5363,L52542,0,303.2,312.6,1281,57.0,144,0,0,0,0,0,0
5364,L52543,0,303.2,312.5,1518,39.9,146,0,0,0,0,0,0
5365,L52544,0,303.2,312.6,1601,35.3,148,0,0,0,0,0,0
5366,L52545,0,303.1,312.6,1548,36.4,150,0,0,0,0,0,0
5367,H34780,2,303.1,312.6,1404,40.6,152,0,0,0,0,0,0
5368,M20227,1,303.1,312.5,1766,26.7,157,0,0,0,0,0,0
5369,M20228,1,303.1,312.5,1667,30.0,160,0,0,0,0,0,0
5370,H34783,2,303.0,312.5,1507,37.9,163,0,0,0,0,0,0
5371,H34784,2,303.0,312.4,1627,37.1,168,0,0,0,0,0,0
5372,L52551,0,302.9,312.3,1435,47.7,173,0,0,0,0,0,0
5373,H34786,2,302.9,312.3,1509,46.8,175,0,0,0,0,0,0
5374,M20233,1,302.9,312.3,1809,25.0,180,0,0,0,0,0,0
5375,L52554,0,302.9,312.3,1515,40.8,183,0,0,0,0,0,0
5376,L52555,0,302.9,312.3,1530,34.9,185,0,0,0,0,0,0
5377,H34790,2,302.8,312.3,1336,57.5,187,0,0,0,0,0,0
5378,L52557,0,302.9,312.4,2030,19.1,192,0,0,0,0,0,0
5379,L52558,0,302.9,312.4,1550,36.9,194,0,0,0,0,0,0
5380,L52559,0,302.9,312.4,1446,41.7,196,0,0,0,0,0,0
5381,L52560,0,302.8,312.3,1494,37.5,198,0,0,0,0,0,0
5382,L52561,0,302.8,312.4,1651,27.0,200,0,0,0,0,0,0
5383,L52562,0,302.9,312.4,1698,33.8,202,0,0,0,0,0,0
5384,L52563,0,302.8,312.3,1504,40.3,204,0,0,0,0,0,0
5385,M20244,1,302.9,312.4,1421,46.0,206,0,0,0,0,0,0
5386,H34799,2,302.9,312.3,1754,26.9,209,0,0,0,0,0,0
5387,L52566,0,302.9,312.2,1469,42.0,214,0,0,0,0,0,0
5388,L52567,0,302.8,312.2,1433,50.0,216,0,0,0,0,0,0
5389,M20248,1,302.8,312.3,1432,49.0,218,0,0,0,0,0,0
5390,L52569,0,302.8,312.3,1366,49.1,221,0,0,0,0,0,0
5391,H34804,2,302.8,312.3,1483,47.2,223,0,0,0,0,0,0
5392,L52571,0,302.7,312.2,1572,34.4,228,0,0,0,0,0,0
5393,L52572,0,302.8,312.2,1481,40.2,230,0,0,0,0,0,0
5394,L52573,0,302.8,312.3,1473,42.6,232,0,0,0,0,0,0
5395,M20254,1,302.8,312.3,1262,70.5,234,1,0,0,1,1,0
5396,L52575,0,302.8,312.4,1529,36.8,237,0,0,0,0,0,0
5397,L52576,0,302.8,312.4,1523,39.7,239,0,0,0,0,0,0
5398,M20257,1,302.8,312.3,1416,42.7,241,0,0,0,0,0,0
5399,L52578,0,302.9,312.4,1923,23.9,244,0,0,0,0,0,0
5400,H34813,2,302.8,312.4,1411,53.8,246,1,0,0,0,1,0
5401,L52580,0,302.7,312.4,1477,46.3,251,1,0,0,0,1,0
5402,M20261,1,302.6,312.3,1454,54.8,253,1,1,0,0,1,0
5403,L52582,0,302.7,312.3,1421,48.5,0,0,0,0,0,0,0
5404,L52583,0,302.7,312.3,1858,25.4,2,0,0,0,0,0,0
5405,H34818,2,302.8,312.5,1422,46.1,4,0,0,0,0,0,0
5406,L52585,0,302.7,312.4,1444,48.7,9,0,0,0,0,0,0
5407,L52586,0,302.7,312.4,1360,47.8,11,0,0,0,0,0,0
5408,L52587,0,302.7,312.4,1954,24.8,13,0,0,0,0,0,0
5409,L52588,0,302.6,312.4,1628,33.0,15,0,0,0,0,0,0
5410,L52589,0,302.7,312.4,1433,44.2,17,0,0,0,0,0,0
5411,M20270,1,302.7,312.5,1417,51.5,19,0,0,0,0,0,0
5412,L52591,0,302.8,312.6,1462,39.4,22,0,0,0,0,0,0
5413,L52592,0,302.9,312.6,1328,59.9,24,0,0,0,0,0,0
5414,H34827,2,302.7,312.5,1527,36.4,26,0,0,0,0,0,0
5415,L52594,0,302.6,312.3,1534,34.3,31,0,0,0,0,0,0
5416,M20275,1,302.6,312.4,1410,50.3,33,0,0,0,0,0,0
5417,L52596,0,302.6,312.3,1660,30.3,36,0,0,0,0,0,0
5418,L52597,0,302.6,312.4,1386,45.8,38,0,0,0,0,0,0
5419,L52598,0,302.6,312.4,1398,41.6,40,0,0,0,0,0,0
5420,L52599,0,302.6,312.3,1321,53.4,42,0,0,0,0,0,0
5421,L52600,0,302.6,312.3,1512,34.2,44,0,0,0,0,0,0
5422,M20281,1,302.6,312.3,1566,36.6,46,0,0,0,0,0,0
5423,M20282,1,302.7,312.4,1422,44.5,49,0,0,0,0,0,0
5424,L52603,0,302.6,312.3,1647,31.8,52,0,0,0,0,0,0
5425,L52604,0,302.6,312.2,1377,45.5,54,0,0,0,0,0,0
5426,L52605,0,302.5,312.2,1775,27.9,56,0,0,0,0,0,0
5427,L52606,0,302.6,312.3,1554,42.0,58,0,0,0,0,0,0
5428,L52607,0,302.7,312.4,1423,51.9,60,0,0,0,0,0,0
5429,L52608,0,302.7,312.4,1453,47.3,62,0,0,0,0,0,0
5430,L52609,0,302.8,312.4,1590,34.4,64,0,0,0,0,0,0
5431,L52610,0,302.8,312.5,1694,28.4,66,0,0,0,0,0,0
5432,L52611,0,302.8,312.5,1462,43.4,68,0,0,0,0,0,0
5433,L52612,0,302.8,312.4,1392,46.2,70,0,0,0,0,0,0
5434,L52613,0,302.9,312.5,1550,45.5,72,0,0,0,0,0,0
5435,L52614,0,302.9,312.5,1629,30.4,74,0,0,0,0,0,0
5436,M20295,1,303.0,312.5,1524,42.1,76,0,0,0,0,0,0
5437,M20296,1,302.9,312.5,1679,30.9,79,0,0,0,0,0,0
5438,M20297,1,302.9,312.6,1394,46.4,82,0,0,0,0,0,0
5439,L52618,0,302.9,312.5,1683,32.1,85,0,0,0,0,0,0
5440,L52619,0,303.0,312.5,1626,30.5,87,0,0,0,0,0,0
5441,H34854,2,303.0,312.5,1698,30.0,89,0,0,0,0,0,0
5442,M20301,1,303.0,312.6,1392,42.9,94,0,0,0,0,0,0
5443,L52622,0,303.1,312.7,1353,51.8,97,0,0,0,0,0,0
5444,M20303,1,303.0,312.7,1426,46.8,99,0,0,0,0,0,0
5445,L52624,0,303.0,312.7,2024,19.9,102,0,0,0,0,0,0
5446,M20305,1,303.0,312.8,1648,32.1,104,0,0,0,0,0,0
5447,L52626,0,303.1,312.9,1511,40.1,107,0,0,0,0,0,0
5448,L52627,0,303.1,312.8,1465,44.1,109,0,0,0,0,0,0
5449,L52628,0,303.0,312.7,1551,41.8,111,0,0,0,0,0,0
5450,L52629,0,303.1,312.8,2329,15.1,113,0,0,0,0,0,0
5451,H34864,2,303.1,312.8,1435,41.9,115,0,0,0,0,0,0
5452,L52631,0,303.0,312.7,1361,48.8,120,0,0,0,0,0,0
5453,M20312,1,303.0,312.7,1553,35.8,122,0,0,0,0,0,0
5454,L52633,0,303.0,312.6,1451,42.1,125,0,0,0,0,0,0
5455,L52634,0,303.0,312.5,1461,40.2,127,0,0,0,0,0,0
5456,M20315,1,303.1,312.6,1895,23.5,129,0,0,0,0,0,0
5457,M20316,1,303.1,312.6,1567,32.9,132,0,0,0,0,0,0
5458,M20317,1,303.0,312.5,1602,33.7,135,0,0,0,0,0,0
5459,L52638,0,303.1,312.6,1514,42.1,138,0,0,0,0,0,0
5460,L52639,0,303.1,312.5,1453,49.1,140,0,0,0,0,0,0
5461,M20320,1,303.0,312.4,1526,36.1,142,0,0,0,0,0,0
5462,M20321,1,302.9,312.3,1339,52.1,145,0,0,0,0,0,0
5463,L52642,0,302.9,312.3,1889,22.8,148,0,0,0,0,0,0
5464,L52643,0,302.9,312.4,1561,34.8,150,0,0,0,0,0,0
5465,M20324,1,302.9,312.4,1659,33.1,152,0,0,0,0,0,0
5466,L52645,0,302.9,312.4,1424,49.5,155,0,0,0,0,0,0
5467,M20326,1,302.9,312.3,1426,44.7,157,0,0,0,0,0,0
5468,L52647,0,302.9,312.4,1383,51.4,160,0,0,0,0,0,0
5469,L52648,0,302.8,312.3,1764,29.9,162,0,0,0,0,0,0
5470,M20329,1,302.7,312.2,1439,42.5,164,0,0,0,0,0,0
5471,M20330,1,302.7,312.2,1585,35.5,167,0,0,0,0,0,0
5473,L52652,0,302.8,312.3,1386,57.8,172,0,0,0,0,0,0
5474,L52653,0,302.7,312.2,1369,51.8,174,0,0,0,0,0,0
5475,M20334,1,302.7,312.1,1378,46.9,176,0,0,0,0,0,0
5476,L52655,0,302.7,312.2,1336,46.8,179,0,0,0,0,0,0
5477,M20336,1,302.6,312.1,1445,42.0,181,0,0,0,0,0,0
5478,L52657,0,302.7,312.1,1763,26.5,184,0,0,0,0,0,0
5479,L52658,0,302.7,312.2,1611,34.1,186,0,0,0,0,0,0
5480,M20339,1,302.7,312.1,1564,32.1,188,0,0,0,0,0,0
5481,H34894,2,302.7,312.1,1478,36.0,191,0,0,0,0,0,0
5482,L52661,0,302.6,312.0,1781,28.5,196,0,0,0,0,0,0
5483,L52662,0,302.6,312.1,1782,26.8,198,0,0,0,0,0,0
5484,M20343,1,302.6,312.1,2000,21.9,200,0,0,0,0,0,0
5485,M20344,1,302.5,312.0,1826,25.3,203,0,0,0,0,0,0
5486,L52665,0,302.6,312.1,1344,51.0,206,0,0,0,0,0,0
5487,L52666,0,302.6,312.2,1520,43.0,208,0,0,0,0,0,0
5488,M20347,1,302.6,312.1,1611,39.9,210,0,0,0,0,0,0
5489,L52668,0,302.7,312.2,1450,52.1,213,1,0,0,0,1,0
5491,L52670,0,302.6,312.1,1288,68.5,0,1,0,0,1,0,0
5492,M20351,1,302.7,312.2,1350,58.6,2,0,0,0,0,0,0
5493,M20352,1,302.9,312.4,1334,50.9,5,0,0,0,0,0,0
5494,L52673,0,302.8,312.4,1376,57.1,8,0,0,0,0,0,0
5495,L52674,0,302.8,312.4,1368,49.5,10,0,0,0,0,0,0
5497,M20356,1,302.9,312.5,1924,24.0,17,0,0,0,0,0,0
5498,M20357,1,302.9,312.5,1551,40.0,20,0,0,0,0,0,0
5499,M20358,1,302.9,312.5,1903,21.2,23,0,0,0,0,0,0
5500,H34913,2,302.9,312.3,1417,48.7,26,0,0,0,0,0,0
5501,L52680,0,302.7,312.1,1601,35.2,31,0,0,0,0,0,0
5502,L52681,0,302.7,312.1,1543,37.5,33,0,0,0,0,0,0
5503,L52682,0,302.6,312.1,1439,52.3,35,0,0,0,0,0,0
5504,H34917,2,302.6,312.0,1657,29.3,37,0,0,0,0,0,0
5505,L52684,0,302.8,312.2,1458,51.0,42,0,0,0,0,0,0
5506,L52685,0,302.8,312.2,1746,27.4,44,0,0,0,0,0,0
5507,L52686,0,302.9,312.2,1677,30.5,46,0,0,0,0,0,0
5508,L52687,0,302.8,312.1,1520,39.9,48,0,0,0,0,0,0
5509,L52688,0,302.9,312.2,1367,55.1,50,0,0,0,0,0,0
5511,L52690,0,302.8,312.1,1418,51.4,54,0,0,0,0,0,0
5512,L52691,0,302.8,312.1,1958,20.3,56,0,0,0,0,0,0
5513,L52692,0,302.8,312.2,1682,30.9,58,0,0,0,0,0,0
5514,M20373,1,302.8,312.2,1452,50.3,60,0,0,0,0,0,0
5515,L52694,0,302.7,312.0,1828,24.0,63,0,0,0,0,0,0
5516,H34929,2,302.7,312.0,1484,41.5,65,0,0,0,0,0,0
5517,L52696,0,302.6,312.0,1674,32.2,70,0,0,0,0,0,0
5518,L52697,0,302.6,311.9,1448,49.5,72,0,0,0,0,0,0
5519,M20378,1,302.5,311.8,2023,19.1,74,0,0,0,0,0,0
5520,L52699,0,302.5,311.9,1452,47.4,77,0,0,0,0,0,0
5521,M20380,1,302.6,312.0,1496,45.0,79,0,0,0,0,0,0
5522,L52701,0,302.6,311.9,1397,46.9,82,0,0,0,0,0,0
5523,L52702,0,302.6,311.9,1453,39.1,84,0,0,0,0,0,0
5524,M20383,1,302.5,311.9,1524,34.8,86,0,0,0,0,0,0
5525,L52704,0,302.6,311.9,1633,30.9,89,0,0,0,0,0,0
5526,M20385,1,302.6,312.0,1363,45.7,91,0,0,0,0,0,0
5527,L52706,0,302.5,311.9,1520,44.9,94,0,0,0,0,0,0
5528,M20387,1,302.5,311.9,1532,38.8,96,0,0,0,0,0,0
5529,L52708,0,302.4,311.8,1384,50.9,99,0,0,0,0,0,0
5530,M20389,1,302.4,311.8,1539,39.9,101,0,0,0,0,0,0
5531,M20390,1,302.3,311.8,1355,50.1,104,0,0,0,0,0,0
5532,M20391,1,302.3,311.7,1504,37.3,107,0,0,0,0,0,0
5533,L52712,0,302.4,311.8,1476,46.6,110,0,0,0,0,0,0
5534,L52713,0,302.4,311.7,1721,26.9,112,0,0,0,0,0,0
5535,M20394,1,302.3,311.7,1494,37.1,114,0,0,0,0,0,0
5536,L52715,0,302.3,311.7,1465,43.5,117,0,0,0,0,0,0
5538,L52717,0,302.4,311.8,1648,30.0,122,0,0,0,0,0,0
5539,M20398,1,302.3,311.8,1879,23.0,124,0,0,0,0,0,0
5540,H34953,2,302.3,311.7,1482,39.0,127,0,0,0,0,0,0
5541,L52720,0,302.4,311.8,1493,38.4,132,0,0,0,0,0,0
5542,L52721,0,302.4,311.8,1433,42.2,134,0,0,0,0,0,0
5543,L52722,0,302.3,311.7,1400,41.6,136,0,0,0,0,0,0
5544,L52723,0,302.4,311.8,1255,59.0,138,0,0,0,0,0,0
5545,L52724,0,302.2,311.7,1471,45.6,140,0,0,0,0,0,0
5546,H34959,2,302.2,311.6,1357,44.2,142,0,0,0,0,0,0
5547,L52726,0,302.3,311.7,1453,41.2,147,0,0,0,0,0,0
5548,M20407,1,302.3,311.7,1540,28.9,149,0,0,0,0,0,0
5549,L52728,0,302.3,311.8,1605,35.2,152,0,0,0,0,0,0
5550,H34963,2,302.3,311.9,1374,52.4,154,0,0,0,0,0,0
5551,M20410,1,302.3,311.9,1508,42.3,159,0,0,0,0,0,0
5552,H34965,2,302.4,311.9,1366,47.3,162,0,0,0,0,0,0
5553,H34966,2,302.5,312.0,1579,35.7,167,0,0,0,0,0,0
5555,M20414,1,302.5,312.0,1521,40.2,174,0,0,0,0,0,0
5556,L52735,0,302.5,312.0,1411,44.2,177,0,0,0,0,0,0
5557,H34970,2,302.5,312.0,1357,42.0,179,0,0,0,0,0,0
5558,M20417,1,302.5,312.0,1436,43.5,184,0,0,0,0,0,0
5559,L52738,0,302.5,311.9,1553,40.1,187,0,0,0,0,0,0
5560,M20419,1,302.5,312.0,1451,43.2,189,0,0,0,0,0,0
5561,L52740,0,302.4,311.9,1541,37.9,192,0,0,0,0,0,0
5562,M20421,1,302.3,311.7,1341,46.3,194,0,0,0,0,0,0
5563,L52742,0,302.3,311.7,1648,32.1,197,0,0,0,0,0,0
5564,M20423,1,302.3,311.7,1640,31.5,199,0,0,0,0,0,0
5565,L52744,0,302.4,311.8,1416,46.1,202,0,0,0,0,0,0
5566,L52745,0,302.4,311.9,1671,29.9,204,0,0,0,0,0,0
5567,L52746,0,302.4,312.0,1457,45.5,206,0,0,0,0,0,0
5568,M20427,1,302.5,312.0,1445,54.8,0,0,0,0,0,0,0
5569,L52748,0,302.5,312.1,1534,38.6,3,0,0,0,0,0,0
5570,L52749,0,302.4,312.0,1508,36.9,5,0,0,0,0,0,0
5571,M20430,1,302.4,312.1,1492,47.7,7,0,0,0,0,0,0
5572,L52751,0,302.4,312.0,1562,37.9,10,0,0,0,0,0,0
5573,L52752,0,302.4,312.0,1545,36.4,12,0,0,0,0,0,0
5574,L52753,0,302.5,312.2,1738,25.3,14,0,0,0,0,0,0
5575,L52754,0,302.4,312.0,1305,49.1,16,0,0,0,0,0,0
5576,H34989,2,302.4,312.0,1477,39.7,18,0,0,0,0,0,0
5577,H34990,2,302.4,312.0,1457,43.4,23,0,0,0,0,0,0
5578,L52757,0,302.4,312.1,1455,40.4,28,0,0,0,0,0,0
5579,L52758,0,302.5,312.2,1574,38.7,30,0,0,0,0,0,0
5580,L52759,0,302.6,312.2,1695,27.1,32,0,0,0,0,0,0
5581,M20440,1,302.6,312.2,1458,38.8,34,0,0,0,0,0,0
5582,M20441,1,302.5,312.1,1454,47.6,37,0,0,0,0,0,0
5583,L52762,0,302.5,312.0,2052,18.9,40,0,0,0,0,0,0
5584,L52763,0,302.5,312.0,1673,29.9,42,0,0,0,0,0,0
5585,L52764,0,302.4,311.9,1578,29.9,44,0,0,0,0,0,0
5586,M20445,1,302.5,312.0,1642,29.1,46,0,0,0,0,0,0
5587,M20446,1,302.4,311.8,1557,31.5,49,0,0,0,0,0,0
5588,L52767,0,302.5,311.9,1481,42.9,52,0,0,0,0,0,0
5589,M20448,1,302.5,311.8,1566,37.6,54,0,0,0,0,0,0
5590,M20449,1,302.5,311.9,1298,57.5,57,0,0,0,0,0,0
5591,M20450,1,302.5,311.9,1340,59.4,60,0,0,0,0,0,0
5592,L52771,0,302.5,312.0,1574,33.8,63,0,0,0,0,0,0
5593,L52772,0,302.5,311.9,1437,46.7,65,0,0,0,0,0,0
5594,L52773,0,302.6,311.9,1354,48.0,67,0,0,0,0,0,0
5595,L52774,0,302.6,311.9,1598,35.5,69,0,0,0,0,0,0
5596,M20455,1,302.7,312.0,1944,21.4,71,0,0,0,0,0,0
5597,M20456,1,302.7,312.0,1538,36.7,74,0,0,0,0,0,0
5598,L52777,0,302.7,312.0,1501,37.0,77,0,0,0,0,0,0
5599,L52778,0,302.8,312.1,1441,52.1,79,0,0,0,0,0,0
5600,M20459,1,302.7,312.0,1652,31.0,81,0,0,0,0,0,0
5601,L52780,0,302.8,312.1,1487,36.6,84,0,0,0,0,0,0
5602,L52781,0,302.9,312.2,1605,33.9,86,0,0,0,0,0,0
5603,L52782,0,302.9,312.1,1334,54.7,88,0,0,0,0,0,0
5604,L52783,0,302.9,312.2,1340,57.8,90,0,0,0,0,0,0
5605,L52784,0,302.9,312.2,1513,37.8,92,0,0,0,0,0,0
5606,L52785,0,302.9,312.2,1510,41.4,94,0,0,0,0,0,0
5607,L52786,0,302.9,312.2,1729,23.6,96,0,0,0,0,0,0
5608,M20467,1,302.9,312.2,1745,25.5,98,0,0,0,0,0,0
5609,M20468,1,303.1,312.3,1623,31.6,101,0,0,0,0,0,0
5610,M20469,1,303.1,312.4,1378,50.1,104,0,0,0,0,0,0
5611,L52790,0,303.1,312.4,1407,41.2,107,0,0,0,0,0,0
5612,M20471,1,303.0,312.3,1674,29.5,109,0,0,0,0,0,0
5613,L52792,0,303.0,312.3,1486,42.4,112,0,0,0,0,0,0
5614,M20473,1,303.0,312.3,1483,38.8,114,0,0,0,0,0,0
5615,H35028,2,303.0,312.2,1624,28.8,117,0,0,0,0,0,0
5616,M20475,1,303.0,312.2,1257,71.3,122,1,0,0,1,0,0
5617,L52796,0,303.0,312.3,1480,41.4,125,0,0,0,0,0,0
5618,L52797,0,303.1,312.4,1404,61.5,127,1,0,0,1,0,0
5619,M20478,1,303.0,312.4,1645,29.6,129,0,0,0,0,0,0
5620,L52799,0,303.0,312.3,1932,21.9,132,0,0,0,0,0,0
5621,L52800,0,303.0,312.3,1533,38.5,134,0,0,0,0,0,0
5622,M20481,1,302.9,312.2,1292,54.4,136,0,0,0,0,0,0
5623,L52802,0,302.9,312.2,1571,40.6,139,0,0,0,0,0,0
5624,L52803,0,302.9,312.3,1578,36.3,141,0,0,0,0,0,0
5625,M20484,1,302.8,312.2,1469,36.9,143,0,0,0,0,0,0
5626,L52805,0,302.7,312.1,1728,24.4,146,0,0,0,0,0,0
5627,H35040,2,302.7,312.1,1603,32.5,148,0,0,0,0,0,0
5628,L52807,0,302.7,312.1,1597,39.8,153,0,0,0,0,0,0
5629,L52808,0,302.7,312.1,1688,32.0,155,0,0,0,0,0,0
5630,L52809,0,302.7,312.2,1405,51.4,157,0,0,0,0,0,0
5631,M20490,1,302.8,312.2,1615,32.9,159,0,0,0,0,0,0
5632,L52811,0,302.8,312.2,1515,36.8,162,0,0,0,0,0,0
5633,L52812,0,302.7,312.2,1376,52.8,164,0,0,0,0,0,0
5634,L52813,0,302.7,312.2,1447,47.5,166,0,0,0,0,0,0
5635,M20494,1,302.6,312.2,1353,56.5,168,0,0,0,0,0,0
5636,L52815,0,302.6,312.1,1502,47.3,171,0,0,0,0,0,0
5637,L52816,0,302.6,312.0,1447,45.5,173,0,0,0,0,0,0
5638,M20497,1,302.5,312.0,1487,46.1,175,0,0,0,0,0,0
5639,L52818,0,302.6,312.1,1519,38.1,178,0,0,0,0,0,0
5641,L52820,0,302.6,312.1,1420,51.6,182,0,0,0,0,0,0
5642,L52821,0,302.6,312.1,1473,37.3,184,0,0,0,0,0,0
5643,L52822,0,302.5,312.0,1495,38.8,186,0,0,0,0,0,0
5644,L52823,0,302.5,312.0,1574,42.0,188,0,0,0,0,0,0
5645,L52824,0,302.5,312.0,1383,51.3,190,0,0,0,0,0,0
5646,M20505,1,302.5,312.0,1591,29.4,192,0,0,0,0,0,0
5647,M20506,1,302.4,311.8,1644,37.2,195,0,0,0,0,0,0
5648,H35061,2,302.5,311.8,2370,14.7,198,0,0,0,0,0,0
5649,L52828,0,302.5,311.9,1401,44.9,203,0,0,0,0,0,0
5650,M20509,1,302.5,311.9,1414,51.6,205,0,0,0,0,0,0
5651,L52830,0,302.5,312.0,1456,46.3,208,0,0,0,0,0,0
5652,M20511,1,302.5,312.0,1447,45.7,210,0,0,0,0,0,0
5653,L52832,0,302.4,311.8,1727,26.5,213,0,0,0,0,0,0
5654,L52833,0,302.4,311.7,1495,36.8,215,0,0,0,0,0,0
5655,L52834,0,302.3,311.6,1544,34.3,0,0,0,0,0,0,0
5656,L52835,0,302.3,311.5,1387,47.3,2,0,0,0,0,0,0
5657,M20516,1,302.3,311.5,1316,47.2,4,0,0,0,0,0,0
5658,L52837,0,302.3,311.5,1794,26.1,7,0,0,0,0,0,0
5659,M20518,1,302.2,311.4,1372,55.1,9,0,0,0,0,0,0
5660,M20519,1,302.3,311.5,1674,30.0,12,0,0,0,0,0,0
5661,L52840,0,302.2,311.4,1477,41.7,15,0,0,0,0,0,0
5662,L52841,0,302.2,311.4,1397,53.0,17,0,0,0,0,0,0
5663,L52842,0,302.2,311.5,1616,34.0,19,0,0,0,0,0,0
5664,M20523,1,302.3,311.5,1530,42.3,21,0,0,0,0,0,0
5665,M20524,1,302.2,311.4,1539,35.1,24,0,0,0,0,0,0
5666,L52845,0,302.3,311.4,1845,21.9,27,0,0,0,0,0,0
5667,L52846,0,302.2,311.4,1430,43.1,29,0,0,0,0,0,0
5668,L52847,0,302.2,311.4,2080,19.2,31,0,0,0,0,0,0
5669,M20528,1,302.2,311.4,1432,45.3,33,0,0,0,0,0,0
5670,M20529,1,302.2,311.5,1479,39.5,36,0,0,0,0,0,0
5671,L52850,0,302.2,311.5,1424,45.2,39,0,0,0,0,0,0
5672,H35085,2,302.2,311.6,1534,37.2,41,0,0,0,0,0,0
5673,H35086,2,302.1,311.6,1701,26.2,46,0,0,0,0,0,0
5674,L52853,0,302.2,311.6,1462,50.0,51,0,0,0,0,0,0
5675,M20534,1,302.2,311.7,1393,42.5,53,0,0,0,0,0,0
5676,M20535,1,302.3,311.7,1453,42.5,56,0,0,0,0,0,0
5677,L52856,0,302.3,311.8,1565,37.8,59,0,0,0,0,0,0
5678,L52857,0,302.3,311.8,1281,51.7,61,0,0,0,0,0,0
5679,M20538,1,302.2,311.7,1584,36.2,63,0,0,0,0,0,0
5680,M20539,1,302.2,311.7,1466,49.0,66,0,0,0,0,0,0
5681,M20540,1,302.2,311.6,1386,50.5,69,0,0,0,0,0,0
5682,L52861,0,302.2,311.6,1383,44.3,72,0,0,0,0,0,0
5683,H35096,2,302.3,311.6,1441,53.9,74,0,0,0,0,0,0
5684,M20543,1,302.2,311.6,1592,37.7,79,0,0,0,0,0,0
5685,H35098,2,302.2,311.6,1594,36.8,82,0,0,0,0,0,0
5686,L52865,0,302.2,311.5,1482,45.6,87,0,0,0,0,0,0
5687,L52866,0,302.2,311.6,1658,31.4,89,0,0,0,0,0,0
5688,L52867,0,302.3,311.7,2170,18.2,91,0,0,0,0,0,0
5689,M20548,1,302.3,311.7,1423,44.6,93,0,0,0,0,0,0
5690,L52869,0,302.4,311.8,1543,31.1,96,0,0,0,0,0,0
5691,L52870,0,302.3,311.8,1435,44.8,98,0,0,0,0,0,0
5692,L52871,0,302.4,311.8,1320,56.4,100,0,0,0,0,0,0
5693,M20552,1,302.4,311.9,1313,55.7,102,0,0,0,0,0,0
5694,M20553,1,302.4,311.8,1453,42.1,105,0,0,0,0,0,0
5695,L52874,0,302.4,311.8,1508,45.7,108,0,0,0,0,0,0
5696,L52875,0,302.4,311.8,1451,42.0,110,0,0,0,0,0,0
5697,H35110,2,302.5,311.9,1595,34.6,112,0,0,0,0,0,0
5698,L52877,0,302.5,311.9,1354,49.4,117,0,0,0,0,0,0
5699,L52878,0,302.5,311.9,1265,59.8,119,0,0,0,0,0,0
5700,L52879,0,302.4,311.9,1867,25.9,121,0,0,0,0,0,0
5701,L52880,0,302.5,311.9,1497,41.6,123,0,0,0,0,0,0
5702,M20561,1,302.5,311.9,1347,54.3,125,0,0,0,0,0,0
5703,L52882,0,302.3,311.7,1544,43.2,128,0,0,0,0,0,0
5704,H35117,2,302.3,311.7,1456,45.4,130,0,0,0,0,0,0
5705,L52884,0,302.5,311.8,1335,52.7,135,0,0,0,0,0,0
5706,L52885,0,302.4,311.9,1452,43.1,137,0,0,0,0,0,0
5707,L52886,0,302.4,311.9,1290,70.0,139,1,0,0,1,0,0
5708,L52887,0,302.4,311.8,1448,43.4,141,0,0,0,0,0,0
5709,L52888,0,302.3,311.7,1611,38.6,143,0,0,0,0,0,0
5710,L52889,0,302.2,311.7,1556,38.6,145,0,0,0,0,0,0
5711,H35124,2,302.2,311.7,1413,46.5,147,0,0,0,0,0,0
5712,L52891,0,302.2,311.6,1545,35.9,152,0,0,0,0,0,0
5713,L52892,0,302.2,311.7,1330,54.6,154,0,0,0,0,0,0
5714,L52893,0,302.2,311.9,1596,38.0,156,0,0,0,0,0,0
5715,L52894,0,302.2,311.8,1618,36.0,158,0,0,0,0,0,0
5716,H35129,2,302.2,311.9,1597,35.8,160,0,0,0,0,0,0
5717,L52896,0,302.3,312.0,1354,52.2,165,0,0,0,0,0,0
5718,L52897,0,302.3,312.0,1746,28.1,167,0,0,0,0,0,0
5719,L52898,0,302.4,312.0,1621,32.5,169,0,0,0,0,0,0
5720,L52899,0,302.3,312.0,1398,43.3,171,0,0,0,0,0,0
5721,L52900,0,302.3,311.9,1434,51.9,173,0,0,0,0,0,0
5722,M20581,1,302.3,311.8,1443,43.4,175,0,0,0,0,0,0
5723,L52902,0,302.2,311.7,1488,44.6,178,0,0,0,0,0,0
5724,M20583,1,302.3,311.8,1475,48.0,180,0,0,0,0,0,0
5725,L52904,0,302.3,311.8,1433,50.3,183,0,0,0,0,0,0
5726,M20585,1,302.3,311.8,1557,34.1,185,0,0,0,0,0,0
5727,M20586,1,302.4,311.9,1398,50.1,188,0,0,0,0,0,0
5728,M20587,1,302.3,311.8,1559,34.4,191,0,0,0,0,0,0
5729,M20588,1,302.4,311.9,1422,46.4,194,0,0,0,0,0,0
5730,M20589,1,302.3,311.8,1463,35.7,197,0,0,0,0,0,0
5731,L52910,0,302.3,311.7,1793,25.3,200,0,0,0,0,0,0
5732,L52911,0,302.2,311.6,1872,20.4,202,0,0,0,0,0,0
5733,L52912,0,302.2,311.7,1412,44.5,204,0,0,0,0,0,0
5734,L52913,0,302.3,311.8,1487,43.2,206,0,0,0,0,0,0
5735,L52914,0,302.3,311.8,1369,56.2,208,1,0,0,0,1,0
5736,L52915,0,302.4,311.8,1673,30.1,210,0,0,0,0,0,0
5737,M20596,1,302.4,311.9,1439,36.6,212,0,0,0,0,0,0
5738,L52917,0,302.3,311.8,1574,42.8,215,0,0,0,0,0,0
5739,L52918,0,302.3,311.7,1281,48.8,0,0,0,0,0,0,0
5740,M20599,1,302.2,311.7,1653,31.4,2,0,0,0,0,0,0
5741,M20600,1,302.3,311.7,1535,38.3,5,0,0,0,0,0,0
5742,M20601,1,302.3,311.7,1483,40.5,8,0,0,0,0,0,0
5743,L52922,0,302.3,311.7,1414,47.0,11,0,0,0,0,0,0
5744,M20603,1,302.2,311.6,1379,42.9,13,0,0,0,0,0,0
5745,H35158,2,302.2,311.5,1482,42.6,16,0,0,0,0,0,0
5746,L52925,0,302.1,311.5,1987,20.1,21,0,0,0,0,0,0
5747,M20606,1,302.1,311.5,1635,31.6,23,0,0,0,0,0,0
5748,L52927,0,302.1,311.5,1533,39.4,26,0,0,0,0,0,0
5749,M20608,1,302.2,311.7,1576,34.0,28,0,0,0,0,0,0
5750,H35163,2,302.2,311.8,1330,62.4,31,0,0,0,0,0,0
5751,L52930,0,302.2,311.8,1981,21.8,36,0,0,0,0,0,0
5752,H35165,2,302.3,311.8,1475,42.8,38,0,0,0,0,0,0
5753,H35166,2,302.3,311.8,1804,25.0,43,0,0,0,0,0,0
5754,L52933,0,302.2,311.6,1416,54.1,48,0,0,0,0,0,0
5755,L52934,0,302.1,311.5,1727,27.7,50,0,0,0,0,0,0
5756,L52935,0,302.1,311.4,1391,49.2,52,0,0,0,0,0,0
5757,M20616,1,302.0,311.5,1366,52.3,54,0,0,0,0,0,0
5758,L52937,0,301.9,311.3,1366,55.6,57,0,0,0,0,0,0
5759,L52938,0,301.9,311.3,1501,40.8,59,0,0,0,0,0,0
5760,L52939,0,301.8,311.3,1551,35.8,61,0,0,0,0,0,0
5761,M20620,1,301.9,311.3,1522,35.6,63,0,0,0,0,0,0
5762,L52941,0,301.9,311.2,1369,49.8,66,0,0,0,0,0,0
5763,L52942,0,301.8,311.2,1334,52.3,68,0,0,0,0,0,0
5764,H35177,2,301.8,311.2,1451,39.4,70,0,0,0,0,0,0
5765,L52944,0,301.7,311.2,1589,37.9,75,0,0,0,0,0,0
5766,L52945,0,301.7,311.3,1708,30.5,77,0,0,0,0,0,0
5767,M20626,1,301.7,311.2,1413,42.6,79,0,0,0,0,0,0
5768,M20627,1,301.6,311.2,1415,46.5,82,0,0,0,0,0,0
5769,L52948,0,301.7,311.3,1421,45.9,85,0,0,0,0,0,0
5770,L52949,0,301.7,311.3,1348,51.0,87,0,0,0,0,0,0
5771,L52950,0,301.6,311.2,1408,42.9,89,0,0,0,0,0,0
5772,L52951,0,301.6,311.2,1525,43.7,91,0,0,0,0,0,0
5773,L52952,0,301.6,311.3,1706,29.9,93,0,0,0,0,0,0
5774,H35187,2,301.6,311.2,1395,46.8,95,0,0,0,0,0,0
5775,L52954,0,301.5,311.1,1602,34.3,100,0,0,0,0,0,0
5776,L52955,0,301.6,311.1,1907,21.5,102,0,0,0,0,0,0
5777,L52956,0,301.6,311.1,1325,49.2,104,0,0,0,0,0,0
5778,L52957,0,301.6,311.1,1408,44.4,106,0,0,0,0,0,0
5779,M20638,1,301.7,311.1,1489,41.4,108,0,0,0,0,0,0
5780,L52959,0,301.6,311.1,1680,29.2,111,0,0,0,0,0,0
5781,L52960,0,301.7,311.2,1517,42.4,113,0,0,0,0,0,0
5782,M20641,1,301.7,311.1,1618,36.7,115,0,0,0,0,0,0
5783,L52962,0,301.7,311.1,1455,39.8,118,0,0,0,0,0,0
5784,H35197,2,301.8,311.1,1543,36.4,120,0,0,0,0,0,0
5785,M20644,1,301.8,311.1,1399,41.8,125,0,0,0,0,0,0
5786,L52965,0,301.7,311.1,1469,37.2,128,0,0,0,0,0,0
5787,L52966,0,301.7,311.2,1521,36.7,130,0,0,0,0,0,0
5788,L52967,0,301.7,311.3,1584,38.8,132,0,0,0,0,0,0
5789,L52968,0,301.8,311.5,1443,43.3,134,0,0,0,0,0,0
5790,M20649,1,301.8,311.5,1416,49.0,136,0,0,0,0,0,0
5791,M20650,1,301.7,311.2,1563,34.5,139,0,0,0,0,0,0
5792,M20651,1,301.8,311.3,1542,40.1,142,0,0,0,0,0,0
5793,M20652,1,301.8,311.3,1624,31.6,145,0,0,0,0,0,0
5794,L52973,0,301.8,311.3,1471,44.2,148,0,0,0,0,0,0
5795,M20654,1,301.9,311.5,1492,40.8,150,0,0,0,0,0,0
5796,M20655,1,301.9,311.4,1465,39.9,153,0,0,0,0,0,0
5797,L52976,0,301.7,311.1,1399,55.1,156,0,0,0,0,0,0
5798,L52977,0,301.6,311.0,1431,42.6,158,0,0,0,0,0,0
5799,L52978,0,301.5,310.9,1600,39.0,160,0,0,0,0,0,0
5800,L52979,0,301.5,310.8,1593,34.5,162,0,0,0,0,0,0
5801,L52980,0,301.5,310.9,1469,44.7,164,0,0,0,0,0,0
5802,L52981,0,301.5,310.8,1413,44.6,166,0,0,0,0,0,0
5803,L52982,0,301.4,310.8,1490,38.0,168,0,0,0,0,0,0
5804,L52983,0,301.5,310.9,1671,31.1,170,0,0,0,0,0,0
5805,L52984,0,301.5,310.9,1365,46.5,172,0,0,0,0,0,0
5806,M20665,1,301.4,310.9,1557,39.3,174,0,0,0,0,0,0
5807,L52986,0,301.4,310.9,1440,45.4,177,0,0,0,0,0,0
5808,M20667,1,301.4,310.9,1489,38.9,179,0,0,0,0,0,0
5809,L52988,0,301.4,311.0,1733,25.7,182,0,0,0,0,0,0
5810,H35223,2,301.3,311.0,1580,36.6,184,0,0,0,0,0,0
5811,L52990,0,301.3,311.0,1856,21.9,189,0,0,0,0,0,0
5812,L52991,0,301.3,311.1,1454,40.3,191,0,0,0,0,0,0
5813,L52992,0,301.4,311.1,1495,36.3,193,0,0,0,0,0,0
5814,L52993,0,301.2,311.0,1761,29.1,195,0,0,0,0,0,0
5815,M20674,1,301.3,311.0,1402,47.5,197,0,0,0,0,0,0
5816,L52995,0,301.2,311.0,1670,33.0,200,0,0,0,0,0,0
5817,L52996,0,301.3,311.0,1582,35.6,202,0,0,0,0,0,0
5818,L52997,0,301.3,311.0,1542,35.1,204,0,0,0,0,0,0
5819,L52998,0,301.3,311.0,1539,36.9,206,0,0,0,0,0,0
5820,L52999,0,301.3,311.0,1418,41.9,208,0,0,0,0,0,0
5821,L53000,0,301.3,311.1,1723,27.6,210,0,0,0,0,0,0
5822,L53001,0,301.3,311.1,1303,49.2,212,0,0,0,0,0,0
5823,M20682,1,301.3,311.0,1463,50.2,214,0,0,0,0,0,0
5824,L53003,0,301.2,311.0,1544,39.3,217,0,0,0,0,0,0
5825,L53004,0,301.2,311.0,1596,37.2,219,0,0,0,0,0,0
5826,L53005,0,301.3,311.1,1413,42.0,221,0,0,0,0,0,0
5827,M20686,1,301.3,311.1,1492,41.2,223,0,0,0,0,0,0
5828,L53007,0,301.3,311.1,1624,40.9,0,0,0,0,0,0,0
5829,L53008,0,301.3,311.1,1504,39.1,2,0,0,0,0,0,0
5830,M20689,1,301.2,311.1,1574,34.3,4,0,0,0,0,0,0
5831,M20690,1,301.3,311.2,1438,42.4,7,0,0,0,0,0,0
5832,L53011,0,301.3,311.3,1474,50.7,10,0,0,0,0,0,0
5833,L53012,0,301.3,311.2,1675,32.1,12,0,0,0,0,0,0
5834,L53013,0,301.3,311.2,1457,44.5,14,0,0,0,0,0,0
5835,L53014,0,301.3,311.3,1434,49.8,16,0,0,0,0,0,0
5836,L53015,0,301.3,311.2,1668,30.1,18,0,0,0,0,0,0
5837,L53016,0,301.2,311.1,1550,39.7,20,0,0,0,0,0,0
5838,M20697,1,301.3,311.1,1834,25.4,22,0,0,0,0,0,0
5839,M20698,1,301.4,311.2,1476,36.5,25,0,0,0,0,0,0
5840,M20699,1,301.4,311.2,1541,36.3,28,0,0,0,0,0,0
5841,M20700,1,301.3,311.1,1581,30.9,31,0,0,0,0,0,0
5842,M20701,1,301.3,311.1,1678,30.7,34,0,0,0,0,0,0
5843,L53022,0,301.4,311.2,1355,50.6,37,0,0,0,0,0,0
5844,L53023,0,301.5,311.2,1700,28.8,39,0,0,0,0,0,0
5845,L53024,0,301.4,311.1,1462,37.1,41,0,0,0,0,0,0
5846,M20705,1,301.4,311.2,1727,26.5,43,0,0,0,0,0,0
5847,L53026,0,301.4,311.3,1674,33.3,46,0,0,0,0,0,0
5848,L53027,0,301.4,311.3,1397,42.3,48,0,0,0,0,0,0
5849,L53028,0,301.4,311.3,2323,15.9,50,0,0,0,0,0,0
5850,M20709,1,301.4,311.2,1434,47.6,52,0,0,0,0,0,0
5851,L53030,0,301.3,311.1,1560,35.3,55,0,0,0,0,0,0
5852,L53031,0,301.2,311.0,1573,32.8,57,0,0,0,0,0,0
5853,H35266,2,301.2,310.9,1798,22.3,59,0,0,0,0,0,0
5854,L53033,0,301.2,311.0,1567,35.1,64,0,0,0,0,0,0
5855,L53034,0,301.2,310.9,1416,53.3,66,0,0,0,0,0,0
5856,M20715,1,301.2,310.9,1424,45.2,68,0,0,0,0,0,0
5857,H35270,2,301.2,310.9,1598,35.9,71,0,0,0,0,0,0
5858,L53037,0,301.3,310.9,1760,23.9,76,0,0,0,0,0,0
5859,L53038,0,301.3,311.0,1348,44.5,78,0,0,0,0,0,0
5860,L53039,0,301.3,311.0,1542,33.6,80,0,0,0,0,0,0
5861,L53040,0,301.3,310.9,1566,33.1,82,0,0,0,0,0,0
5862,L53041,0,301.3,311.0,1554,47.7,84,0,0,0,0,0,0
5863,L53042,0,301.4,311.0,1470,40.6,86,0,0,0,0,0,0
5864,M20723,1,301.4,311.1,1758,25.4,88,0,0,0,0,0,0
5865,M20724,1,301.4,311.0,1486,36.5,91,0,0,0,0,0,0
5866,M20725,1,301.5,311.1,1402,40.0,94,0,0,0,0,0,0
5867,L53046,0,301.5,311.1,1459,45.1,97,0,0,0,0,0,0
5868,L53047,0,301.5,311.0,1494,45.3,99,0,0,0,0,0,0
5869,L53048,0,301.5,311.1,1731,27.9,101,0,0,0,0,0,0
5870,L53049,0,301.5,311.1,2076,18.7,103,0,0,0,0,0,0
5871,L53050,0,301.5,311.1,2055,16.8,105,0,0,0,0,0,0
5872,L53051,0,301.5,311.1,1469,49.5,107,0,0,0,0,0,0
5873,M20732,1,301.5,311.0,1504,42.6,109,0,0,0,0,0,0
5874,M20733,1,301.5,311.1,1396,43.5,112,0,0,0,0,0,0
5875,M20734,1,301.5,311.1,1660,33.8,115,0,0,0,0,0,0
5876,M20735,1,301.5,311.0,1577,39.7,118,0,0,0,0,0,0
5877,L53056,0,301.5,311.1,1426,52.1,121,0,0,0,0,0,0
5878,L53057,0,301.5,311.1,1458,41.4,123,0,0,0,0,0,0
5879,L53058,0,301.4,311.0,1533,45.8,125,0,0,0,0,0,0
5880,L53059,0,301.4,311.0,1701,28.4,127,0,0,0,0,0,0
5881,L53060,0,301.5,311.1,1434,49.6,129,0,0,0,0,0,0
5882,L53061,0,301.4,311.1,1952,22.7,131,0,0,0,0,0,0
5883,L53062,0,301.4,311.1,1469,36.9,133,0,0,0,0,0,0
5884,L53063,0,301.4,311.1,1800,26.0,135,0,0,0,0,0,0
5885,M20744,1,301.3,311.1,1438,43.0,137,0,0,0,0,0,0
5886,L53065,0,301.3,311.1,1647,28.2,140,0,0,0,0,0,0
5887,L53066,0,301.4,311.1,1494,41.9,142,0,0,0,0,0,0
5888,H35301,2,301.4,311.1,1445,41.4,144,0,0,0,0,0,0
5889,M20748,1,301.5,311.1,1507,38.6,149,0,0,0,0,0,0
5890,M20749,1,301.4,311.0,1234,55.8,152,0,0,0,0,0,0
5891,L53070,0,301.4,311.0,1634,32.6,155,0,0,0,0,0,0
5892,L53071,0,301.4,311.0,1334,53.3,157,0,0,0,0,0,0
5893,L53072,0,301.4,311.1,1472,44.5,159,0,0,0,0,0,0
5894,M20753,1,301.3,311.0,1410,52.7,161,0,0,0,0,0,0
5895,L53074,0,301.2,310.9,1597,37.9,164,0,0,0,0,0,0
5896,M20755,1,301.2,310.9,1460,46.7,166,0,0,0,0,0,0
5897,L53076,0,301.1,310.8,1274,55.7,169,0,0,0,0,0,0
5898,M20757,1,301.0,310.7,1517,40.2,171,0,0,0,0,0,0
5899,L53078,0,301.0,310.7,1300,57.2,174,0,0,0,0,0,0
5900,H35313,2,300.9,310.6,1686,27.7,176,0,0,0,0,0,0
5901,M20760,1,300.9,310.7,1485,41.0,181,0,0,0,0,0,0
5902,L53081,0,301.0,310.7,1464,45.8,184,0,0,0,0,0,0
5903,L53082,0,300.9,310.6,1598,35.4,186,0,0,0,0,0,0
5904,L53083,0,300.9,310.5,1894,21.9,188,0,0,0,0,0,0
5905,M20764,1,300.8,310.5,1330,59.0,190,0,0,0,0,0,0
5906,H35319,2,300.8,310.5,1582,31.1,193,0,0,0,0,0,0
5907,L53086,0,300.7,310.3,1533,35.6,198,0,0,0,0,0,0
5908,H35321,2,300.8,310.4,1419,46.4,200,0,0,0,0,0,0
5909,M20768,1,300.8,310.3,1526,36.3,205,0,0,0,0,0,0
5910,H35323,2,300.7,310.2,1364,65.3,208,1,1,0,1,1,0
5911,M20770,1,300.8,310.3,1458,43.4,0,0,0,0,0,0,0
5912,M20771,1,300.8,310.4,1288,64.0,3,0,0,0,0,0,0
5913,M20772,1,300.7,310.3,1659,29.8,6,0,0,0,0,0,0
5914,H35327,2,300.7,310.2,1479,52.3,9,0,0,0,0,0,0
5915,L53094,0,300.7,310.3,1592,36.0,14,0,0,0,0,0,0
5916,M20775,1,300.6,310.2,1532,38.7,16,0,0,0,0,0,0
5917,L53096,0,300.6,310.2,1555,41.9,19,0,0,0,0,0,0
5918,L53097,0,300.6,310.2,1341,52.6,21,0,0,0,0,0,0
5919,L53098,0,300.6,310.1,1541,42.0,23,0,0,0,0,0,0
5920,L53099,0,300.6,310.3,1414,50.6,25,0,0,0,0,0,0
5921,L53100,0,300.5,310.2,1764,25.9,27,0,0,0,0,0,0
5922,L53101,0,300.5,310.3,1336,57.1,29,0,0,0,0,0,0
5923,L53102,0,300.5,310.3,1435,43.3,31,0,0,0,0,0,0
5924,M20783,1,300.4,310.3,1537,35.0,33,0,0,0,0,0,0
5925,L53104,0,300.3,310.2,1369,48.8,36,0,0,0,0,0,0
5926,M20785,1,300.2,310.1,1619,31.3,38,0,0,0,0,0,0
5927,L53106,0,300.2,310.1,1440,51.1,41,0,0,0,0,0,0
5928,L53107,0,300.2,310.1,1649,30.5,43,0,0,0,0,0,0
5929,M20788,1,300.2,310.1,1550,38.7,45,0,0,0,0,0,0
5930,L53109,0,300.3,310.2,1471,45.2,48,0,0,0,0,0,0
5931,L53110,0,300.3,310.3,1483,51.6,50,0,0,0,0,0,0
5932,L53111,0,300.3,310.4,1336,54.4,52,0,0,0,0,0,0
5933,L53112,0,300.5,310.5,1515,36.6,54,0,0,0,0,0,0
5934,L53113,0,300.5,310.5,1373,47.4,56,0,0,0,0,0,0
5935,H35348,2,300.6,310.5,1454,51.2,58,0,0,0,0,0,0
5936,L53115,0,300.5,310.5,1646,34.5,63,0,0,0,0,0,0
5937,M20796,1,300.5,310.4,1548,37.3,65,0,0,0,0,0,0
5938,M20797,1,300.6,310.5,1462,41.3,68,0,0,0,0,0,0
5939,L53118,0,300.5,310.4,1702,33.1,71,0,0,0,0,0,0
5940,L53119,0,300.5,310.5,1409,60.9,73,0,0,0,0,0,0
5941,M20800,1,300.6,310.6,1427,52.8,75,0,0,0,0,0,0
5943,L53122,0,300.7,310.7,1450,43.4,80,0,0,0,0,0,0
5944,L53123,0,300.7,310.7,1541,41.3,82,0,0,0,0,0,0
5945,M20804,1,300.7,310.6,1484,38.0,84,0,0,0,0,0,0
5946,M20805,1,300.8,310.8,1415,44.5,87,0,0,0,0,0,0
5947,L53126,0,300.7,310.8,1496,46.4,90,0,0,0,0,0,0
5948,M20807,1,300.7,310.8,1465,45.2,92,0,0,0,0,0,0
5949,L53128,0,300.7,310.8,2113,18.5,95,0,0,0,0,0,0
5950,M20809,1,300.7,310.8,1506,44.0,97,0,0,0,0,0,0
5951,L53130,0,300.7,310.8,1689,28.9,100,0,0,0,0,0,0
5952,L53131,0,300.7,310.9,1650,29.4,102,0,0,0,0,0,0
5953,L53132,0,300.7,310.8,1563,33.8,104,0,0,0,0,0,0
5954,M20813,1,300.7,310.9,1486,38.9,106,0,0,0,0,0,0
5955,L53134,0,300.8,310.9,1732,25.7,109,0,0,0,0,0,0
5956,L53135,0,300.7,310.8,1653,31.6,111,0,0,0,0,0,0
5957,L53136,0,300.7,310.9,1535,37.1,113,0,0,0,0,0,0
5958,L53137,0,300.7,310.9,1637,37.2,115,0,0,0,0,0,0
5959,L53138,0,300.6,310.8,1533,38.5,117,0,0,0,0,0,0
5960,L53139,0,300.6,310.8,1378,51.2,119,0,0,0,0,0,0
5961,L53140,0,300.5,310.7,1606,33.5,121,0,0,0,0,0,0
5962,L53141,0,300.3,310.7,1539,32.3,123,0,0,0,0,0,0
5963,L53142,0,300.5,310.8,1728,26.3,125,0,0,0,0,0,0
5964,H35377,2,300.4,310.7,1656,36.3,127,0,0,0,0,0,0
5965,H35378,2,300.5,310.8,1631,30.5,132,0,0,0,0,0,0
5966,H35379,2,300.5,310.9,1447,46.5,137,0,0,0,0,0,0
5967,L53146,0,300.4,310.8,1396,49.3,142,0,0,0,0,0,0
5968,L53147,0,300.4,310.8,1390,52.5,144,0,0,0,0,0,0
5969,L53148,0,300.4,310.8,1348,56.0,146,0,0,0,0,0,0
5970,M20829,1,300.4,310.8,1491,35.9,148,0,0,0,0,0,0
5971,L53150,0,300.4,310.8,1520,37.6,151,0,0,0,0,0,0
5972,L53151,0,300.5,310.8,1509,33.0,153,0,0,0,0,0,0
5973,L53152,0,300.5,310.8,1445,46.6,155,0,0,0,0,0,0
5974,L53153,0,300.5,310.8,1354,51.8,157,0,0,0,0,0,0
5975,L53154,0,300.5,310.7,1488,39.4,159,0,0,0,0,0,0
5976,H35389,2,300.5,310.7,1654,28.6,161,0,0,0,0,0,0
5977,H35390,2,300.5,310.6,1378,51.5,166,0,0,0,0,0,0
5978,L53157,0,300.6,310.7,1750,30.6,171,0,0,0,0,0,0
5979,L53158,0,300.5,310.6,1448,46.3,173,0,0,0,0,0,0
5980,H35393,2,300.6,310.7,1501,45.3,175,0,0,0,0,0,0
5981,M20840,1,300.6,310.7,1654,32.0,180,0,0,0,0,0,0
5982,M20841,1,300.7,310.7,1347,46.5,183,0,0,0,0,0,0
5983,L53162,0,300.7,310.8,1486,37.1,186,0,0,0,0,0,0
5984,H35397,2,300.8,310.8,1466,45.2,188,0,0,0,0,0,0
5985,H35398,2,300.7,310.8,1346,52.0,193,0,0,0,0,0,0
5986,L53165,0,300.7,310.7,1314,42.4,198,0,0,0,0,0,0
5987,L53166,0,300.6,310.7,1440,52.5,200,0,0,0,0,0,0
5988,L53167,0,300.7,310.8,1608,39.5,202,0,0,0,0,0,0
5989,H35402,2,300.7,310.8,1296,58.2,204,0,0,0,0,0,0
5990,L53169,0,300.7,310.7,1507,46.1,209,0,0,0,0,0,0
5991,M20850,1,300.7,310.7,1343,51.6,211,0,0,0,0,0,0
5992,L53171,0,300.7,310.7,1416,40.4,214,0,0,0,0,0,0
5993,L53172,0,300.7,310.6,1288,47.2,216,0,0,0,0,0,0
5994,M20853,1,300.7,310.6,1407,42.4,218,0,0,0,0,0,0
5995,L53174,0,300.6,310.4,1608,39.2,221,0,0,0,0,0,0
5996,L53175,0,300.6,310.3,1920,22.3,223,0,0,0,0,0,0
5997,M20856,1,300.5,310.2,1386,48.2,225,0,0,0,0,0,0
5998,M20857,1,300.5,310.2,1571,34.6,228,0,0,0,0,0,0
5999,M20858,1,300.4,310.2,1613,36.9,231,0,0,0,0,0,0
6000,M20859,1,300.4,310.2,1671,30.5,234,1,1,0,0,0,0
6001,H35414,2,300.4,310.2,1431,43.2,0,0,0,0,0,0,0
6002,M20861,1,300.4,310.2,1380,47.3,5,0,0,0,0,0,0
6003,L53182,0,300.5,310.3,1683,31.5,8,0,0,0,0,0,0
6004,L53183,0,300.4,310.2,1529,36.2,10,0,0,0,0,0,0
6005,L53184,0,300.5,310.4,1761,26.5,12,0,0,0,0,0,0
6006,L53185,0,300.6,310.5,1570,38.3,14,0,0,0,0,0,0
6007,M20866,1,300.6,310.5,2156,18.0,16,0,0,0,0,0,0
6008,M20867,1,300.7,310.6,1349,54.5,19,0,0,0,0,0,0
6009,L53188,0,300.7,310.7,1431,39.3,22,0,0,0,0,0,0
6010,L53189,0,300.6,310.6,1931,22.0,24,0,0,0,0,0,0
6011,H35424,2,300.7,310.7,1428,43.4,26,0,0,0,0,0,0
6012,L53191,0,300.8,310.8,1564,36.2,31,0,0,0,0,0,0
6013,H35426,2,300.8,310.9,1425,44.0,33,0,0,0,0,0,0
6014,L53193,0,300.7,310.8,1597,30.5,38,0,0,0,0,0,0
6015,H35428,2,300.8,310.8,1618,32.8,40,0,0,0,0,0,0
6016,M20875,1,300.8,310.8,1520,38.0,45,0,0,0,0,0,0
6017,L53196,0,300.7,310.7,1425,45.3,48,0,0,0,0,0,0
6018,L53197,0,300.8,310.9,1398,38.2,50,0,0,0,0,0,0
6019,M20878,1,300.8,310.9,1557,31.6,52,0,0,0,0,0,0
6020,L53199,0,300.7,310.8,1519,43.9,55,0,0,0,0,0,0
6021,L53200,0,300.7,310.8,1619,34.9,57,0,0,0,0,0,0
6022,L53201,0,300.7,310.8,1814,21.4,59,0,0,0,0,0,0
6023,L53202,0,300.7,310.9,1521,39.4,61,0,0,0,0,0,0
6024,M20883,1,300.7,310.9,1369,51.2,63,0,0,0,0,0,0
6025,L53204,0,300.7,310.9,1356,65.3,66,1,0,0,1,0,0
6026,L53205,0,300.7,311.0,1336,53.3,68,0,0,0,0,0,0
6027,L53206,0,300.7,311.0,1403,48.3,70,0,0,0,0,0,0
6028,M20887,1,300.7,311.0,1413,44.3,72,0,0,0,0,0,0
6029,L53208,0,300.6,310.9,1472,47.6,75,0,0,0,0,0,0
6030,M20889,1,300.7,310.8,1452,47.9,77,0,0,0,0,0,0
6031,L53210,0,300.6,310.7,1397,53.7,80,0,0,0,0,0,0
6032,L53211,0,300.6,310.7,1455,40.6,82,0,0,0,0,0,0
6033,L53212,0,300.7,310.8,1754,27.7,84,0,0,0,0,0,0
6034,L53213,0,300.6,310.9,1471,37.9,86,0,0,0,0,0,0
6035,M20894,1,300.6,310.8,1389,48.1,88,0,0,0,0,0,0
6036,M20895,1,300.6,310.9,1702,30.3,91,0,0,0,0,0,0
6037,M20896,1,300.6,311.0,1401,54.6,94,0,0,0,0,0,0
6038,L53217,0,300.7,311.1,1426,46.2,97,0,0,0,0,0,0
6039,L53218,0,300.7,311.0,1496,38.3,99,0,0,0,0,0,0
6040,L53219,0,300.6,310.9,1433,42.6,101,0,0,0,0,0,0
6041,M20900,1,300.7,311.1,1438,46.6,103,0,0,0,0,0,0
6042,M20901,1,300.7,311.0,1418,49.3,106,0,0,0,0,0,0
6043,M20902,1,300.8,311.0,1580,36.6,109,0,0,0,0,0,0
6044,M20903,1,300.7,310.9,1468,41.8,112,0,0,0,0,0,0
6045,M20904,1,300.8,310.9,1522,41.7,115,0,0,0,0,0,0
6046,L53225,0,300.8,310.9,1311,55.8,118,0,0,0,0,0,0
6047,L53226,0,300.9,311.0,1316,56.5,120,0,0,0,0,0,0
6048,H35461,2,300.9,311.0,1853,23.6,122,0,0,0,0,0,0
6049,M20908,1,300.9,311.0,1556,38.8,127,0,0,0,0,0,0
6050,M20909,1,300.9,311.0,1567,34.3,130,0,0,0,0,0,0
6051,M20910,1,300.9,311.1,1546,37.7,133,0,0,0,0,0,0
6052,L53231,0,300.9,311.0,1382,51.2,136,0,0,0,0,0,0
6053,L53232,0,300.9,311.0,2003,20.2,138,0,0,0,0,0,0
6054,L53233,0,300.8,310.9,1748,29.9,140,0,0,0,0,0,0
6055,H35468,2,300.7,310.8,1518,40.1,142,0,0,0,0,0,0
6056,L53235,0,300.7,310.8,1475,42.0,147,0,0,0,0,0,0
6057,L53236,0,300.8,310.8,1634,29.2,149,0,0,0,0,0,0
6058,L53237,0,300.8,310.8,1689,32.9,151,0,0,0,0,0,0
6059,M20918,1,300.9,310.9,1636,35.3,153,0,0,0,0,0,0
6060,L53239,0,300.9,311.0,2235,15.8,156,0,0,0,0,0,0
6061,L53240,0,301.0,311.1,1615,35.6,158,0,0,0,0,0,0
6062,H35475,2,301.1,311.1,1618,29.5,160,0,0,0,0,0,0
6063,M20922,1,301.1,311.2,1407,53.0,165,0,0,0,0,0,0
6064,L53243,0,301.1,311.1,1450,43.3,168,0,0,0,0,0,0
6065,L53244,0,301.1,311.1,1889,23.8,170,0,0,0,0,0,0
6066,L53245,0,301.0,310.9,1568,38.2,172,0,0,0,0,0,0
6067,L53246,0,301.0,311.0,1804,25.8,174,0,0,0,0,0,0
6068,L53247,0,301.0,311.0,1582,37.5,176,0,0,0,0,0,0
6069,M20928,1,301.0,310.9,2047,17.9,178,0,0,0,0,0,0
6070,L53249,0,300.9,310.9,1601,34.0,181,0,0,0,0,0,0
6071,L53250,0,300.9,310.9,1615,32.0,183,0,0,0,0,0,0
6072,M20931,1,300.9,310.8,1452,43.6,185,0,0,0,0,0,0
6073,M20932,1,300.9,310.8,1695,30.2,188,0,0,0,0,0,0
6074,M20933,1,300.9,310.8,1790,26.2,191,0,0,0,0,0,0
6075,M20934,1,301.0,310.8,1533,39.3,194,0,0,0,0,0,0
6076,L53255,0,301.0,310.9,1813,28.5,197,0,0,0,0,0,0
6077,L53256,0,301.0,310.9,1492,36.7,199,0,0,0,0,0,0
6078,L53257,0,300.9,310.7,1479,43.3,201,0,0,0,0,0,0
6079,L53258,0,300.8,310.7,1339,59.1,203,1,0,0,0,1,0
6080,M20939,1,300.8,310.7,1371,44.7,205,0,0,0,0,0,0
6081,L53260,0,300.9,310.7,1468,36.2,208,0,0,0,0,0,0
6082,L53261,0,300.9,310.7,1517,41.7,210,0,0,0,0,0,0
6083,L53262,0,300.9,310.7,1352,46.4,212,0,0,0,0,0,0
6084,L53263,0,300.9,310.7,1389,50.0,214,0,0,0,0,0,0
6085,M20944,1,300.8,310.6,1505,36.2,0,0,0,0,0,0,0
6086,L53265,0,300.9,310.6,1538,36.7,3,0,0,0,0,0,0
6087,L53266,0,300.9,310.8,1482,37.0,5,0,0,0,0,0,0
6088,M20947,1,300.9,310.8,1599,33.0,7,0,0,0,0,0,0
6089,L53268,0,300.9,310.8,1476,39.0,10,0,0,0,0,0,0
6090,L53269,0,300.9,310.7,1509,37.5,12,0,0,0,0,0,0
6091,L53270,0,300.9,310.8,1708,29.1,14,0,0,0,0,0,0
6093,L53272,0,300.9,310.7,1658,28.5,18,0,0,0,0,0,0
6094,L53273,0,301.0,310.8,1375,57.2,20,0,0,0,0,0,0
6095,M20954,1,300.9,310.8,1402,48.1,22,0,0,0,0,0,0
6096,M20955,1,300.9,310.7,1452,47.3,25,0,0,0,0,0,0
6097,M20956,1,300.8,310.7,1483,40.8,28,0,0,0,0,0,0
6098,H35511,2,300.9,310.8,1477,38.4,31,0,0,0,0,0,0
6099,M20958,1,300.8,310.7,1924,22.4,36,0,0,0,0,0,0
6100,H35513,2,300.9,310.7,1609,28.7,39,0,0,0,0,0,0
6101,M20960,1,300.8,310.7,1886,21.1,44,0,0,0,0,0,0
6102,L53281,0,300.7,310.6,1616,29.6,47,0,0,0,0,0,0
6103,L53282,0,300.7,310.7,1442,43.2,49,0,0,0,0,0,0
6104,L53283,0,300.8,310.8,1407,45.1,51,0,0,0,0,0,0
6105,M20964,1,300.8,310.8,1461,41.3,53,0,0,0,0,0,0
6106,M20965,1,300.8,310.9,1522,46.2,56,0,0,0,0,0,0
6107,L53286,0,300.9,311.0,1432,48.1,59,0,0,0,0,0,0
6108,L53287,0,300.9,311.0,1438,49.0,61,0,0,0,0,0,0
6109,M20968,1,300.8,310.9,1678,28.1,63,0,0,0,0,0,0
6110,M20969,1,300.8,310.9,1514,38.7,66,0,0,0,0,0,0
6111,L53290,0,300.7,310.8,1534,41.3,69,0,0,0,0,0,0
6112,M20971,1,300.7,310.8,1486,41.2,71,0,0,0,0,0,0
6113,L53292,0,300.7,310.8,1925,22.0,74,0,0,0,0,0,0
6114,M20973,1,300.7,310.8,1724,30.0,76,0,0,0,0,0,0
6115,M20974,1,300.8,310.8,1549,35.5,79,0,0,0,0,0,0
6116,L53295,0,300.8,310.9,1457,47.7,82,0,0,0,0,0,0
6117,L53296,0,300.8,310.9,1453,43.9,84,0,0,0,0,0,0
6118,L53297,0,300.8,311.0,1578,44.4,86,0,0,0,0,0,0
6119,M20978,1,300.9,311.1,1325,61.4,88,0,0,0,0,0,0
6120,L53299,0,300.9,311.1,1471,39.3,91,0,0,0,0,0,0
6121,M20980,1,300.9,311.2,1472,40.0,93,0,0,0,0,0,0
6122,L53301,0,300.9,311.1,1457,37.4,96,0,0,0,0,0,0
6123,L53302,0,301.0,311.0,1402,55.3,98,0,0,0,0,0,0
6124,L53303,0,300.9,310.9,1477,41.5,100,0,0,0,0,0,0
6125,M20984,1,300.9,310.9,1727,30.1,102,0,0,0,0,0,0
6126,L53305,0,300.9,310.9,1995,20.2,105,0,0,0,0,0,0
6127,L53306,0,300.9,310.9,1370,52.5,107,0,0,0,0,0,0
6128,L53307,0,300.9,310.9,1228,66.4,109,0,0,0,0,0,0
6129,L53308,0,300.9,311.0,1499,38.0,111,0,0,0,0,0,0
6130,M20989,1,301.0,311.0,1508,46.9,113,0,0,0,0,0,0
6131,L53310,0,301.0,310.9,1473,44.2,116,0,0,0,0,0,0
6132,H35545,2,301.0,311.0,1640,37.6,118,0,0,0,0,0,0
6133,L53312,0,301.1,311.1,1429,42.5,123,0,0,0,0,0,0
6134,L53313,0,301.1,311.1,1470,40.9,125,0,0,0,0,0,0
6135,L53314,0,301.0,311.0,1581,37.0,127,0,0,0,0,0,0
6136,L53315,0,301.0,310.9,1740,28.9,129,0,0,0,0,0,0
6137,H35550,2,300.9,310.8,1390,40.6,131,0,0,0,0,0,0
6138,M20997,1,300.9,310.8,1988,19.7,136,0,0,0,0,0,0
6139,M20998,1,300.8,310.7,1452,43.0,139,0,0,0,0,0,0
6140,L53319,0,300.8,310.7,1586,33.4,142,0,0,0,0,0,0
6141,L53320,0,300.8,310.7,1589,34.3,144,0,0,0,0,0,0
6142,L53321,0,300.8,310.8,1486,45.7,146,0,0,0,0,0,0
6143,L53322,0,300.9,310.9,1755,27.9,148,0,0,0,0,0,0
6144,M21003,1,301.0,310.9,1575,34.6,150,0,0,0,0,0,0
6145,M21004,1,301.1,311.1,1615,37.7,153,0,0,0,0,0,0
6146,M21005,1,301.1,311.1,1436,41.8,156,0,0,0,0,0,0
6147,M21006,1,301.1,311.1,1470,40.6,159,0,0,0,0,0,0
6148,M21007,1,301.1,311.1,2089,19.8,162,0,0,0,0,0,0
6149,L53328,0,301.1,311.2,1564,37.0,165,0,0,0,0,0,0
6150,M21009,1,301.0,311.1,1420,47.4,167,0,0,0,0,0,0
6151,L53330,0,301.1,311.1,1711,29.1,170,0,0,0,0,0,0
6152,L53331,0,301.1,311.2,1555,35.3,172,0,0,0,0,0,0
6153,M21012,1,301.1,311.1,1592,35.7,174,0,0,0,0,0,0
6154,L53333,0,301.0,311.1,1236,64.4,177,1,0,0,0,1,0
6155,M21014,1,301.0,310.9,1765,24.2,179,0,0,0,0,0,0
6156,L53335,0,301.0,311.0,1634,31.2,182,0,0,0,0,0,0
6157,L53336,0,301.1,311.1,1508,41.5,184,0,0,0,0,0,0
6158,L53337,0,301.1,311.2,1774,29.6,186,0,0,0,0,0,0
6159,L53338,0,301.1,311.0,1677,29.1,188,0,0,0,0,0,0
6160,L53339,0,301.0,311.0,1399,58.0,190,1,0,0,0,1,0
6161,L53340,0,301.0,310.9,1570,34.0,192,0,0,0,0,0,0
6162,L53341,0,301.0,310.9,1479,44.3,194,0,0,0,0,0,0
6163,L53342,0,301.0,310.8,1558,34.9,196,0,0,0,0,0,0
6164,L53343,0,300.8,310.7,1358,48.1,198,0,0,0,0,0,0
6165,H35578,2,300.9,310.7,1656,30.7,200,0,0,0,0,0,0
6166,L53345,0,300.9,310.7,1523,35.8,205,0,0,0,0,0,0
6167,H35580,2,300.9,310.7,1403,40.6,207,0,0,0,0,0,0
6168,M21027,1,300.9,310.7,1362,51.6,212,0,0,0,0,0,0
6169,M21028,1,300.7,310.6,1778,27.1,215,0,0,0,0,0,0
6170,L53349,0,300.7,310.5,1448,38.2,218,0,0,0,0,0,0
6171,H35584,2,300.8,310.5,1559,40.1,220,0,0,0,0,0,0
6172,L53351,0,300.8,310.6,1416,42.2,225,0,0,0,0,0,0
6173,L53352,0,300.8,310.6,1577,37.9,227,1,1,0,0,0,0
6174,L53353,0,300.8,310.7,1633,27.8,0,0,0,0,0,0,0
6175,L53354,0,300.9,310.7,1573,31.2,2,0,0,0,0,0,0
6176,L53355,0,300.9,310.8,1517,44.3,4,0,0,0,0,0,0
6177,L53356,0,301.0,310.9,1515,37.3,6,0,0,0,0,0,0
6178,L53357,0,301.0,310.8,1527,45.3,8,0,0,0,0,0,0
6179,L53358,0,301.1,310.9,1282,67.9,10,1,0,0,1,0,0
6180,M21039,1,301.1,310.9,1396,45.1,12,0,0,0,0,0,0
6181,L53360,0,301.0,310.9,1492,44.6,15,0,0,0,0,0,0
6182,L53361,0,301.0,310.8,1975,19.7,17,0,0,0,0,0,0
6183,L53362,0,301.0,310.8,1475,35.3,19,0,0,0,0,0,0
6184,H35597,2,301.0,310.9,1495,37.3,21,0,0,0,0,0,0
6185,L53364,0,301.0,311.0,1553,35.8,26,0,0,0,0,0,0
6186,L53365,0,301.1,311.0,1918,21.7,28,0,0,0,0,0,0
6187,M21046,1,301.1,311.0,1413,46.6,30,0,0,0,0,0,0
6188,L53367,0,301.0,311.0,1437,56.0,33,0,0,0,0,0,0
6189,L53368,0,301.0,310.9,1450,45.9,35,0,0,0,0,0,0
6190,M21049,1,301.0,310.9,1910,21.9,37,0,0,0,0,0,0
6191,L53370,0,300.9,310.9,1749,26.4,40,0,0,0,0,0,0
6192,H35605,2,301.0,310.9,1916,22.0,42,0,0,0,0,0,0
6193,L53372,0,301.0,310.9,1428,45.3,47,0,0,0,0,0,0
6194,L53373,0,301.0,310.9,1578,38.4,49,0,0,0,0,0,0
6195,L53374,0,300.9,310.8,1571,39.9,51,0,0,0,0,0,0
6196,L53375,0,300.9,310.8,1729,30.2,53,0,0,0,0,0,0
6197,L53376,0,300.9,310.8,1701,30.4,55,0,0,0,0,0,0
6198,L53377,0,300.9,310.8,1493,45.8,57,0,0,0,0,0,0
6199,M21058,1,301.0,310.9,1554,32.7,59,0,0,0,0,0,0
6200,L53379,0,300.9,310.9,1497,43.2,62,0,0,0,0,0,0
6201,L53380,0,301.0,310.9,1679,29.8,64,0,0,0,0,0,0
6202,M21061,1,301.0,310.9,1510,44.5,66,0,0,0,0,0,0
6203,L53382,0,301.0,310.9,1296,54.9,69,0,0,0,0,0,0
6204,L53383,0,301.0,310.9,1404,41.8,71,0,0,0,0,0,0
6205,M21064,1,300.9,310.8,1519,34.9,73,0,0,0,0,0,0
6206,M21065,1,300.9,310.7,1696,27.3,76,0,0,0,0,0,0
6207,M21066,1,300.8,310.6,1669,28.4,79,0,0,0,0,0,0
6208,L53387,0,300.7,310.6,1447,40.7,82,0,0,0,0,0,0
6209,M21068,1,300.7,310.6,1418,46.3,84,0,0,0,0,0,0
6210,L53389,0,300.7,310.6,1407,40.5,87,0,0,0,0,0,0
6211,L53390,0,300.8,310.5,1434,44.5,89,0,0,0,0,0,0
6212,L53391,0,300.8,310.6,1360,48.8,91,0,0,0,0,0,0
6213,L53392,0,300.8,310.6,1402,53.7,93,0,0,0,0,0,0
6214,L53393,0,300.9,310.6,1552,34.9,95,0,0,0,0,0,0
6215,L53394,0,300.9,310.7,1392,44.2,97,0,0,0,0,0,0
6216,L53395,0,301.1,310.8,1521,41.0,99,0,0,0,0,0,0
6217,L53396,0,301.1,310.8,1724,27.5,101,0,0,0,0,0,0
6218,M21077,1,301.0,310.7,1455,46.1,103,0,0,0,0,0,0
6219,H35632,2,301.0,310.6,1366,50.6,106,0,0,0,0,0,0
6220,H35633,2,301.1,310.6,1407,43.9,111,0,0,0,0,0,0
6221,L53400,0,301.1,310.8,1470,49.3,116,0,0,0,0,0,0
6222,M21081,1,301.2,310.9,1359,50.8,118,0,0,0,0,0,0
6223,H35636,2,301.1,310.8,1792,25.8,121,0,0,0,0,0,0
6224,M21083,1,301.1,310.9,1552,37.9,126,0,0,0,0,0,0
6225,L53404,0,301.2,311.0,1612,32.9,129,0,0,0,0,0,0
6226,M21085,1,301.2,311.0,1424,41.4,131,0,0,0,0,0,0
6227,H35640,2,301.3,311.0,1341,59.3,134,0,0,0,0,0,0
6228,L53407,0,301.2,310.8,1479,38.2,139,0,0,0,0,0,0
6229,L53408,0,301.2,310.9,1413,50.1,141,0,0,0,0,0,0
6230,L53409,0,301.3,310.9,2165,17.4,143,0,0,0,0,0,0
6231,M21090,1,301.3,311.0,1641,33.0,145,0,0,0,0,0,0
6232,M21091,1,301.3,311.0,1495,40.8,148,0,0,0,0,0,0
6233,L53412,0,301.3,311.0,1576,30.4,151,0,0,0,0,0,0
6234,L53413,0,301.2,310.9,1467,37.1,153,0,0,0,0,0,0
6235,L53414,0,301.2,310.8,1479,41.2,155,0,0,0,0,0,0
6236,L53415,0,301.3,310.9,1596,33.9,157,0,0,0,0,0,0
6237,M21096,1,301.3,310.9,1512,36.9,159,0,0,0,0,0,0
6238,L53417,0,301.4,310.9,1414,38.8,162,0,0,0,0,0,0
6239,L53418,0,301.3,310.8,1390,57.4,164,0,0,0,0,0,0
6240,L53419,0,301.2,310.7,1644,31.6,166,0,0,0,0,0,0
6241,M21100,1,301.2,310.7,1394,42.8,168,0,0,0,0,0,0
6242,L53421,0,301.1,310.5,1324,52.4,171,0,0,0,0,0,0
6243,L53422,0,301.0,310.4,1476,43.6,173,0,0,0,0,0,0
6244,L53423,0,301.0,310.4,2204,16.6,175,0,0,0,0,0,0
6245,M21104,1,301.0,310.4,1665,30.9,177,0,0,0,0,0,0
6246,L53425,0,300.9,310.4,1445,41.7,180,0,0,0,0,0,0
6247,H35660,2,300.8,310.3,1457,46.8,182,0,0,0,0,0,0
6248,L53427,0,300.8,310.2,1492,46.3,187,0,0,0,0,0,0
6249,L53428,0,300.8,310.1,1405,61.2,189,1,0,0,1,1,0
6250,L53429,0,300.7,310.1,1542,35.5,191,0,0,0,0,0,0
6251,L53430,0,300.8,310.2,1520,37.7,193,0,0,0,0,0,0
6252,M21111,1,300.8,310.2,1598,36.5,195,0,0,0,0,0,0
6253,L53432,0,300.8,310.3,1538,36.1,198,0,0,0,0,0,0
6254,L53433,0,300.9,310.4,1615,30.9,200,0,0,0,0,0,0
6255,L53434,0,301.0,310.5,1408,47.0,202,0,0,0,0,0,0
6256,L53435,0,301.0,310.5,1379,57.3,204,1,0,0,0,1,0
6257,L53436,0,301.0,310.6,1493,37.8,206,1,1,0,0,0,0
6258,L53437,0,301.1,310.7,1376,49.1,0,0,0,0,0,0,0
6259,M21118,1,301.1,310.7,1583,40.7,2,0,0,0,0,0,0
6260,M21119,1,301.2,310.8,1396,47.4,5,0,0,0,0,0,0
6261,L53440,0,301.1,310.7,1436,45.3,8,0,0,0,0,0,0
6262,L53441,0,301.1,310.6,1417,47.6,10,0,0,0,0,0,0
6263,L53442,0,301.0,310.6,1641,33.4,12,0,0,0,0,0,0
6264,M21123,1,301.0,310.6,1698,27.3,14,0,0,0,0,0,0
6265,L53444,0,300.9,310.4,1541,39.1,17,0,0,0,0,0,0
6266,L53445,0,300.8,310.3,1383,46.6,19,0,0,0,0,0,0
6267,L53446,0,300.8,310.4,1368,46.8,21,0,0,0,0,0,0
6268,L53447,0,300.8,310.4,1570,35.2,23,0,0,0,0,0,0
6269,L53448,0,300.9,310.5,1616,33.5,25,0,0,0,0,0,0
6270,M21129,1,300.9,310.5,1444,43.2,27,0,0,0,0,0,0
6271,L53450,0,300.9,310.4,2021,18.8,30,0,0,0,0,0,0
6272,M21131,1,300.9,310.5,1702,29.3,32,0,0,0,0,0,0
6273,M21132,1,301.1,310.6,1429,52.7,35,0,0,0,0,0,0
6274,L53453,0,301.2,310.8,1711,28.9,38,0,0,0,0,0,0
6275,M21134,1,301.2,310.7,1543,32.9,40,0,0,0,0,0,0
6276,L53455,0,301.3,310.8,1628,32.2,43,0,0,0,0,0,0
6277,L53456,0,301.2,310.8,1233,64.6,45,0,0,0,0,0,0
6278,L53457,0,301.2,310.8,1461,40.6,47,0,0,0,0,0,0
6279,L53458,0,301.2,310.7,1568,38.3,49,0,0,0,0,0,0
6280,L53459,0,301.3,310.8,1432,54.4,51,0,0,0,0,0,0
6281,M21140,1,301.2,310.7,1527,41.1,53,0,0,0,0,0,0
6282,M21141,1,301.3,310.8,1455,41.2,56,0,0,0,0,0,0
6283,M21142,1,301.3,310.8,1418,45.4,59,0,0,0,0,0,0
6284,L53463,0,301.3,310.8,1719,29.5,62,0,0,0,0,0,0
6285,M21144,1,301.2,310.8,1734,31.3,64,0,0,0,0,0,0
6286,M21145,1,301.2,310.7,1426,46.1,67,0,0,0,0,0,0
6287,L53466,0,301.1,310.6,1611,35.2,70,0,0,0,0,0,0
6288,M21147,1,301.1,310.6,1479,41.1,72,0,0,0,0,0,0
6289,L53468,0,301.0,310.5,1317,50.9,75,0,0,0,0,0,0
6290,L53469,0,301.0,310.5,1248,61.4,77,0,0,0,0,0,0
6291,L53470,0,301.0,310.5,1932,21.7,79,0,0,0,0,0,0
6292,M21151,1,301.1,310.5,1547,35.8,81,0,0,0,0,0,0
6293,L53472,0,301.0,310.4,1614,31.6,84,0,0,0,0,0,0
6294,H35707,2,301.0,310.4,1512,44.9,86,0,0,0,0,0,0
6295,L53474,0,301.1,310.5,1529,38.7,91,0,0,0,0,0,0
6296,H35709,2,301.1,310.6,1782,24.9,93,0,0,0,0,0,0
6297,L53476,0,301.0,310.5,1429,39.4,98,0,0,0,0,0,0
6298,M21157,1,301.1,310.5,1309,60.7,100,0,0,0,0,0,0
6299,L53478,0,301.1,310.5,1428,44.1,103,0,0,0,0,0,0
6300,L53479,0,301.2,310.6,1385,49.2,105,0,0,0,0,0,0
6301,L53480,0,301.2,310.7,1517,39.4,107,0,0,0,0,0,0
6302,M21161,1,301.2,310.6,1576,39.6,109,0,0,0,0,0,0
6303,L53482,0,301.2,310.6,1437,51.2,112,0,0,0,0,0,0
6304,H35717,2,301.2,310.6,1457,50.5,114,0,0,0,0,0,0
6305,L53484,0,301.1,310.5,1532,37.5,119,0,0,0,0,0,0
6306,M21165,1,301.1,310.5,1603,32.6,121,0,0,0,0,0,0
6307,L53486,0,301.0,310.4,1563,34.4,124,0,0,0,0,0,0
6308,L53487,0,301.0,310.3,1617,34.5,126,0,0,0,0,0,0
6309,M21168,1,300.8,310.1,1686,26.9,128,0,0,0,0,0,0
6310,L53489,0,300.9,310.2,1382,50.4,131,0,0,0,0,0,0
6311,L53490,0,300.9,310.1,2090,17.8,133,0,0,0,0,0,0
6312,L53491,0,300.9,310.3,1446,44.5,135,0,0,0,0,0,0
6313,M21172,1,300.9,310.2,1533,38.1,137,0,0,0,0,0,0
6314,L53493,0,300.9,310.3,1440,47.6,140,0,0,0,0,0,0
6315,M21174,1,301.0,310.4,1793,25.0,142,0,0,0,0,0,0
6316,M21175,1,301.0,310.4,1517,46.1,145,0,0,0,0,0,0
6317,L53496,0,300.9,310.4,1544,36.0,148,0,0,0,0,0,0
6318,L53497,0,300.9,310.3,1321,48.8,150,0,0,0,0,0,0
6319,M21178,1,300.9,310.3,1416,50.9,152,0,0,0,0,0,0
6320,L53499,0,300.8,310.2,1514,40.0,155,0,0,0,0,0,0
6321,M21180,1,300.8,310.2,1304,52.5,157,0,0,0,0,0,0
6322,L53501,0,300.7,310.2,1286,64.9,160,0,0,0,0,0,0
6323,M21182,1,300.7,310.1,1483,40.2,162,0,0,0,0,0,0
6324,L53503,0,300.7,310.1,1351,46.9,165,0,0,0,0,0,0
6325,M21184,1,300.7,310.1,1367,52.6,167,0,0,0,0,0,0
6326,L53505,0,300.7,310.1,1721,32.3,170,0,0,0,0,0,0
6327,L53506,0,300.6,310.0,1455,40.4,172,0,0,0,0,0,0
6328,L53507,0,300.6,310.0,1425,49.5,174,0,0,0,0,0,0
6329,L53508,0,300.7,310.0,1672,29.7,176,0,0,0,0,0,0
6330,M21189,1,300.7,310.0,1641,34.6,178,0,0,0,0,0,0
6331,M21190,1,300.5,310.0,1580,37.0,181,0,0,0,0,0,0
6332,H35745,2,300.5,310.0,1495,47.4,184,0,0,0,0,0,0
6333,M21192,1,300.5,309.9,1994,19.8,189,0,0,0,0,0,0
6334,M21193,1,300.4,309.9,1415,31.8,192,0,0,0,0,0,0
6335,M21194,1,300.4,309.8,1725,30.4,195,0,0,0,0,0,0
6336,M21195,1,300.4,309.8,1430,43.4,198,0,0,0,0,0,0
6337,L53516,0,300.4,309.8,1395,48.1,201,0,0,0,0,0,0
6338,M21197,1,300.4,309.8,1435,43.6,203,0,0,0,0,0,0
6339,L53518,0,300.4,309.9,1681,28.6,206,0,0,0,0,0,0
6340,L53519,0,300.5,310.0,1451,48.6,208,0,0,0,0,0,0
6341,H35754,2,300.5,309.9,1397,45.9,210,1,1,0,0,0,0
6342,M21201,1,300.4,309.8,1421,47.2,0,0,0,0,0,0,0
6343,M21202,1,300.3,309.8,1444,42.0,3,0,0,0,0,0,0
6344,L53523,0,300.2,309.8,1827,23.0,6,0,0,0,0,0,0
6345,H35758,2,300.2,309.8,1374,47.7,8,0,0,0,0,0,0
6346,L53525,0,300.2,309.8,1650,29.6,13,0,0,0,0,0,0
6347,L53526,0,300.2,309.7,1275,60.7,15,0,0,0,0,0,0
6348,L53527,0,300.2,309.7,1421,44.6,17,0,0,0,0,0,0
6349,L53528,0,300.2,309.8,1557,33.8,19,0,0,0,0,0,0
6350,L53529,0,300.1,309.8,1506,35.2,21,0,0,0,0,0,0
6351,L53530,0,300.1,309.7,1362,49.1,23,0,0,0,0,0,0
6352,L53531,0,300.0,309.7,1542,47.1,25,0,0,0,0,0,0
6353,L53532,0,300.0,309.6,1496,38.8,27,0,0,0,0,0,0
6354,M21213,1,300.0,309.6,1491,42.0,29,0,0,0,0,0,0
6355,L53534,0,300.1,309.6,1565,34.8,32,0,0,0,0,0,0
6356,L53535,0,300.1,309.7,1481,37.9,34,0,0,0,0,0,0
6357,M21216,1,300.1,309.7,1420,48.4,36,0,0,0,0,0,0
6358,L53537,0,300.2,309.8,1398,54.8,39,0,0,0,0,0,0
6359,M21218,1,300.2,309.8,1466,45.7,41,0,0,0,0,0,0
6360,L53539,0,300.1,309.8,1430,56.7,44,0,0,0,0,0,0
6361,L53540,0,300.1,309.7,1441,40.1,46,0,0,0,0,0,0
6362,M21221,1,300.1,309.7,1348,57.3,48,0,0,0,0,0,0
6363,L53542,0,300.0,309.6,1738,28.7,51,0,0,0,0,0,0
6364,M21223,1,300.0,309.6,1618,36.2,53,0,0,0,0,0,0
6365,M21224,1,299.9,309.6,1489,41.7,56,0,0,0,0,0,0
6366,M21225,1,299.9,309.5,1412,57.9,59,0,0,0,0,0,0
6367,M21226,1,299.9,309.5,2065,18.1,62,0,0,0,0,0,0
6368,L53547,0,300.0,309.6,1571,33.1,65,0,0,0,0,0,0
6369,M21228,1,300.0,309.6,1423,48.7,67,0,0,0,0,0,0
6370,H35783,2,300.0,309.5,1781,24.9,70,0,0,0,0,0,0
6371,L53550,0,300.1,309.6,1321,46.9,75,0,0,0,0,0,0
6372,L53551,0,300.1,309.6,1546,36.7,77,0,0,0,0,0,0
6373,M21232,1,300.0,309.5,1879,22.4,79,0,0,0,0,0,0
6374,H35787,2,300.0,309.5,1735,28.9,82,0,0,0,0,0,0
6375,L53554,0,300.0,309.5,1506,38.8,87,0,0,0,0,0,0
6376,H35789,2,300.0,309.6,1629,32.3,89,0,0,0,0,0,0
6377,L53556,0,300.0,309.6,1694,28.7,94,0,0,0,0,0,0
6378,L53557,0,300.1,309.6,1541,37.0,96,0,0,0,0,0,0
6379,L53558,0,300.0,309.6,1514,44.6,98,0,0,0,0,0,0
6380,L53559,0,300.1,309.7,1485,45.9,100,0,0,0,0,0,0
6381,L53560,0,300.2,309.8,1430,55.0,102,0,0,0,0,0,0
6382,L53561,0,300.2,309.7,1771,27.1,104,0,0,0,0,0,0
6383,L53562,0,300.2,309.8,1481,41.9,106,0,0,0,0,0,0
6384,H35797,2,300.2,309.7,1483,43.8,108,0,0,0,0,0,0
6385,H35798,2,300.1,309.6,1463,45.1,113,0,0,0,0,0,0
6386,L53565,0,300.1,309.7,1410,48.3,118,0,0,0,0,0,0
6387,L53566,0,300.2,309.7,1656,34.3,120,0,0,0,0,0,0
6388,M21247,1,300.2,309.8,1487,39.2,122,0,0,0,0,0,0
6389,H35802,2,300.3,309.9,1509,46.6,125,0,0,0,0,0,0
6390,H35803,2,300.3,309.9,1677,30.1,130,0,0,0,0,0,0
6391,L53570,0,300.3,309.8,1450,55.0,135,0,0,0,0,0,0
6392,M21251,1,300.2,309.7,1413,43.0,137,0,0,0,0,0,0
6393,L53572,0,300.1,309.7,1680,33.8,140,0,0,0,0,0,0
6394,L53573,0,300.2,309.7,1678,30.5,142,0,0,0,0,0,0
6395,M21254,1,300.2,309.7,1408,44.0,144,0,0,0,0,0,0
6396,M21255,1,300.1,309.6,1376,52.1,147,0,0,0,0,0,0
6397,L53576,0,300.0,309.6,1526,46.4,150,0,0,0,0,0,0
6398,M21257,1,300.0,309.6,1587,32.6,152,0,0,0,0,0,0
6399,L53578,0,300.1,309.7,1351,58.2,155,0,0,0,0,0,0
6400,M21259,1,300.1,309.6,1501,38.0,157,0,0,0,0,0,0
6401,L53580,0,300.1,309.7,1601,35.8,160,0,0,0,0,0,0
6402,M21261,1,300.0,309.6,1573,39.7,162,0,0,0,0,0,0
6403,M21262,1,300.1,309.6,1584,36.7,165,0,0,0,0,0,0
6404,L53583,0,300.1,309.6,1649,33.6,168,0,0,0,0,0,0
6405,M21264,1,300.2,309.7,1183,61.4,170,0,0,0,0,0,0
6406,L53585,0,300.1,309.7,2151,17.5,173,0,0,0,0,0,0
6407,L53586,0,300.2,309.8,1526,45.6,175,0,0,0,0,0,0
6408,M21267,1,300.3,309.9,1611,29.0,177,0,0,0,0,0,0
6409,L53588,0,300.3,309.9,1601,31.7,180,0,0,0,0,0,0
6410,L53589,0,300.3,310.0,1560,40.8,182,0,0,0,0,0,0
6411,L53590,0,300.4,310.1,1544,41.9,184,0,0,0,0,0,0
6412,M21271,1,300.4,310.0,1560,42.3,186,0,0,0,0,0,0
6413,L53592,0,300.4,310.0,1423,44.2,189,0,0,0,0,0,0
6414,L53593,0,300.4,310.1,1614,33.5,191,0,0,0,0,0,0
6415,M21274,1,300.4,310.1,1457,35.1,193,0,0,0,0,0,0
6416,L53595,0,300.4,310.1,1503,42.2,196,0,0,0,0,0,0
6417,H35830,2,300.4,310.1,1484,38.0,198,0,0,0,0,0,0
6418,L53597,0,300.3,309.9,1540,39.9,203,0,0,0,0,0,0
6419,H35832,2,300.3,309.9,1405,52.1,205,0,0,0,0,0,0
6420,H35833,2,300.3,309.9,1394,46.7,210,1,1,0,0,0,0
6421,L53600,0,300.3,309.9,1518,36.4,0,0,0,0,0,0,0
6422,L53601,0,300.3,309.9,1527,41.4,2,0,0,0,0,0,0
6423,L53602,0,300.3,309.9,1377,55.3,4,0,0,0,0,0,0
6424,M21283,1,300.3,310.0,1537,37.5,6,0,0,0,0,0,0
6425,M21284,1,300.3,310.0,1409,43.2,9,0,0,0,0,0,0
6426,L53605,0,300.3,309.9,1393,56.1,12,0,0,0,0,0,0
6427,L53606,0,300.2,309.7,1448,36.8,14,0,0,0,0,0,0
6428,L53607,0,300.2,309.8,1418,49.3,16,0,0,0,0,0,0
6429,M21288,1,300.2,309.8,1743,24.1,18,0,0,0,0,0,0
6430,M21289,1,300.2,309.8,1394,47.4,21,0,0,0,0,0,0
6431,L53610,0,300.3,309.8,1523,39.2,24,0,0,0,0,0,0
6432,L53611,0,300.2,309.8,1353,59.4,26,0,0,0,0,0,0
6433,M21292,1,300.3,309.9,1447,46.5,28,0,0,0,0,0,0
6434,L53613,0,300.3,309.9,1570,34.0,31,0,0,0,0,0,0
6435,M21294,1,300.3,309.9,1494,38.5,33,0,0,0,0,0,0
6436,L53615,0,300.3,309.9,1621,34.1,36,0,0,0,0,0,0
6437,L53616,0,300.4,310.0,1769,26.1,38,0,0,0,0,0,0
6438,L53617,0,300.4,310.0,1282,66.1,40,0,0,0,0,0,0
6439,L53618,0,300.4,310.0,1581,30.3,42,0,0,0,0,0,0
6440,L53619,0,300.6,310.1,1656,32.7,44,0,0,0,0,0,0
6441,L53620,0,300.6,310.2,1648,31.7,46,0,0,0,0,0,0
6442,L53621,0,300.7,310.2,1639,31.4,48,0,0,0,0,0,0
6443,L53622,0,300.7,310.2,1348,54.8,50,0,0,0,0,0,0
6444,L53623,0,300.8,310.3,1537,33.3,52,0,0,0,0,0,0
6445,M21304,1,300.8,310.3,1270,61.0,54,0,0,0,0,0,0
6446,L53625,0,300.7,310.3,1662,34.4,57,0,0,0,0,0,0
6447,M21306,1,300.7,310.3,1471,40.2,59,0,0,0,0,0,0
6448,L53627,0,300.6,310.1,1337,45.8,62,0,0,0,0,0,0
6449,H35862,2,300.7,310.2,1877,24.8,64,0,0,0,0,0,0
6450,L53629,0,300.6,310.2,1519,44.6,69,0,0,0,0,0,0
6451,L53630,0,300.6,310.2,1378,47.3,71,0,0,0,0,0,0
6452,L53631,0,300.7,310.2,1696,27.5,73,0,0,0,0,0,0
6453,L53632,0,300.7,310.1,1376,50.8,75,0,0,0,0,0,0
6454,L53633,0,300.7,310.2,1807,24.2,77,0,0,0,0,0,0
6455,L53634,0,300.7,310.1,1598,32.8,79,0,0,0,0,0,0
6456,L53635,0,300.7,310.1,1565,40.2,81,0,0,0,0,0,0
6457,L53636,0,300.7,310.2,1387,50.6,83,0,0,0,0,0,0
6458,L53637,0,300.7,310.0,1395,48.0,85,0,0,0,0,0,0
6459,M21318,1,300.6,310.0,1302,62.9,87,0,0,0,0,0,0
6460,M21319,1,300.6,310.0,1397,55.2,90,0,0,0,0,0,0
6461,L53640,0,300.6,310.0,1313,52.9,93,0,0,0,0,0,0
6462,L53641,0,300.6,310.0,1505,35.9,95,0,0,0,0,0,0
6463,H35876,2,300.6,310.0,1483,44.0,97,0,0,0,0,0,0
6464,H35877,2,300.5,310.0,1358,60.4,102,0,0,0,0,0,0
6465,M21324,1,300.5,309.9,1735,27.0,107,0,0,0,0,0,0
6466,M21325,1,300.5,309.8,1416,48.5,110,0,0,0,0,0,0
6467,L53646,0,300.4,309.7,1740,31.1,113,0,0,0,0,0,0
6468,L53647,0,300.4,309.7,1692,27.4,115,0,0,0,0,0,0
6469,L53648,0,300.5,309.8,1507,42.5,117,0,0,0,0,0,0
6470,M21329,1,300.4,309.6,1521,35.0,119,0,0,0,0,0,0
6471,L53650,0,300.4,309.6,1379,54.5,122,0,0,0,0,0,0
6472,L53651,0,300.4,309.6,1523,38.5,124,0,0,0,0,0,0
6473,H35886,2,300.4,309.6,1571,33.6,126,0,0,0,0,0,0
6474,H35887,2,300.4,309.5,1547,50.7,131,0,0,0,0,0,0
6475,M21334,1,300.5,309.7,1347,54.3,136,0,0,0,0,0,0
6476,L53655,0,300.5,309.7,1560,30.2,139,0,0,0,0,0,0
6477,L53656,0,300.5,309.7,1384,48.6,141,0,0,0,0,0,0
6478,L53657,0,300.5,309.7,1841,24.6,143,0,0,0,0,0,0
6480,L53659,0,300.6,309.8,1418,42.7,147,0,0,0,0,0,0
6481,L53660,0,300.7,309.9,1775,26.6,149,0,0,0,0,0,0
6482,L53661,0,300.7,309.8,1406,48.4,151,0,0,0,0,0,0
6483,L53662,0,300.6,309.9,1480,43.7,153,0,0,0,0,0,0
6484,L53663,0,300.7,309.9,1412,45.3,155,0,0,0,0,0,0
6485,H35898,2,300.6,309.8,1913,22.5,157,0,0,0,0,0,0
6486,L53665,0,300.6,309.8,1629,37.6,162,0,0,0,0,0,0
6487,L53666,0,300.5,309.8,1939,21.4,164,0,0,0,0,0,0
6488,H35901,2,300.6,309.8,1541,36.2,166,0,0,0,0,0,0
6489,L53668,0,300.7,309.8,1330,54.4,171,0,0,0,0,0,0
6490,M21349,1,300.7,309.8,1490,38.8,173,0,0,0,0,0,0
6491,L53670,0,300.7,309.9,1383,44.5,176,0,0,0,0,0,0
6492,L53671,0,300.8,310.0,1468,52.7,178,0,0,0,0,0,0
6493,M21352,1,300.8,309.9,1444,46.0,180,0,0,0,0,0,0
6494,L53673,0,300.7,309.8,1363,53.1,183,0,0,0,0,0,0
6495,L53674,0,300.6,309.7,1617,33.2,185,0,0,0,0,0,0
6496,M21355,1,300.6,309.8,1694,31.1,187,0,0,0,0,0,0
6497,L53676,0,300.7,309.9,1815,27.0,190,0,0,0,0,0,0
6498,L53677,0,300.8,309.9,1312,65.3,192,1,0,0,0,1,0
6499,H35912,2,300.8,309.9,2041,19.2,194,0,0,0,0,0,0
6500,L53679,0,300.9,310.0,1671,26.8,199,0,0,0,0,0,0
6501,M21360,1,300.9,310.0,1416,46.6,201,0,0,0,0,0,0
6502,M21361,1,300.9,310.0,1600,36.0,204,0,0,0,0,0,0
6503,L53682,0,300.9,310.0,2595,13.7,207,0,0,0,0,0,0
6504,M21363,1,300.9,309.9,1465,42.9,209,0,0,0,0,0,0
6505,M21364,1,301.0,310.1,1681,27.4,212,0,0,0,0,0,0
6506,L53685,0,301.1,310.1,1457,39.6,215,0,0,0,0,0,0
6507,H35920,2,301.0,310.1,1454,44.1,217,0,0,0,0,0,0
6508,L53687,0,301.0,310.1,1558,32.6,0,0,0,0,0,0,0
6509,H35922,2,301.0,310.1,1756,30.7,2,0,0,0,0,0,0
6510,L53689,0,301.1,310.1,1564,36.8,7,0,0,0,0,0,0
6511,L53690,0,301.1,310.2,1455,55.3,9,0,0,0,0,0,0
6512,M21371,1,301.2,310.1,2280,15.7,11,0,0,0,0,0,0
6513,M21372,1,301.1,310.0,1433,48.1,14,0,0,0,0,0,0
6514,L53693,0,301.1,310.0,1513,38.0,17,0,0,0,0,0,0
6515,L53694,0,301.0,309.9,1507,41.8,19,0,0,0,0,0,0
6516,L53695,0,301.0,310.0,1480,43.5,21,0,0,0,0,0,0
6517,H35930,2,301.1,310.0,1470,40.1,23,0,0,0,0,0,0
6518,L53697,0,301.1,310.1,1540,36.6,28,0,0,0,0,0,0
6519,H35932,2,301.0,310.0,1212,67.9,30,0,0,0,0,0,0
6520,L53699,0,301.1,310.1,1417,46.9,35,0,0,0,0,0,0
6521,M21380,1,301.2,310.1,1666,34.9,37,0,0,0,0,0,0
6522,L53701,0,301.1,310.1,1666,27.2,40,0,0,0,0,0,0
6523,L53702,0,301.1,310.1,1489,45.8,42,0,0,0,0,0,0
6524,M21383,1,301.1,310.2,1850,27.7,44,0,0,0,0,0,0
6525,L53704,0,301.1,310.4,1874,24.8,47,0,0,0,0,0,0
6526,L53705,0,301.1,310.4,1312,73.6,49,1,0,0,1,0,0
6527,L53706,0,301.2,310.4,1515,38.4,51,0,0,0,0,0,0
6528,L53707,0,301.2,310.4,1516,44.4,53,0,0,0,0,0,0
6529,L53708,0,301.2,310.5,1546,40.0,55,0,0,0,0,0,0
6530,L53709,0,301.3,310.6,1481,40.9,57,0,0,0,0,0,0
6531,H35944,2,301.3,310.6,1605,32.5,59,0,0,0,0,0,0
6532,H35945,2,301.2,310.7,1656,26.2,64,0,0,0,0,0,0
6533,H35946,2,301.2,310.6,1352,52.0,69,0,0,0,0,0,0
6534,L53713,0,301.3,310.7,1504,47.2,74,0,0,0,0,0,0
6535,L53714,0,301.3,310.6,1436,44.2,76,0,0,0,0,0,0
6536,H35949,2,301.2,310.5,1505,43.6,78,0,0,0,0,0,0
6537,L53716,0,301.3,310.5,1406,47.1,83,0,0,0,0,0,0
6538,M21397,1,301.3,310.5,1481,39.7,85,0,0,0,0,0,0
6539,L53718,0,301.4,310.7,1487,44.6,88,0,0,0,0,0,0
6540,L53719,0,301.4,310.7,1436,54.1,90,0,0,0,0,0,0
6541,M21400,1,301.4,310.7,1368,63.7,92,1,0,0,1,0,0
6542,L53721,0,301.4,310.7,1509,38.3,95,0,0,0,0,0,0
6543,L53722,0,301.4,310.8,1543,36.9,97,0,0,0,0,0,0
6544,L53723,0,301.4,310.8,1698,29.6,99,0,0,0,0,0,0
6545,M21404,1,301.4,310.7,1470,46.5,101,0,0,0,0,0,0
6546,M21405,1,301.4,310.8,1738,30.3,104,0,0,0,0,0,0
6547,M21406,1,301.4,310.8,1530,39.9,107,0,0,0,0,0,0
6548,L53727,0,301.4,310.8,1740,29.2,110,0,0,0,0,0,0
6549,L53728,0,301.4,310.8,1770,24.1,112,0,0,0,0,0,0
6550,H35963,2,301.3,310.6,1527,44.0,114,0,0,0,0,0,0
6551,L53730,0,301.3,310.7,1516,46.0,119,0,0,0,0,0,0
6552,L53731,0,301.4,310.7,1616,36.5,121,0,0,0,0,0,0
6553,L53732,0,301.4,310.7,1786,26.1,123,0,0,0,0,0,0
6554,L53733,0,301.4,310.8,1389,52.7,125,0,0,0,0,0,0
6555,M21414,1,301.4,310.7,1639,29.8,127,0,0,0,0,0,0
6556,H35969,2,301.5,310.7,1394,46.7,130,0,0,0,0,0,0
6557,L53736,0,301.5,310.7,1686,27.9,135,0,0,0,0,0,0
6558,M21417,1,301.5,310.6,1638,31.9,137,0,0,0,0,0,0
6559,M21418,1,301.5,310.6,1447,41.9,140,0,0,0,0,0,0
6560,H35973,2,301.5,310.6,1512,39.0,143,0,0,0,0,0,0
6561,L53740,0,301.6,310.8,1961,21.8,148,0,0,0,0,0,0
6562,L53741,0,301.5,310.7,1596,35.4,150,0,0,0,0,0,0
6563,M21422,1,301.5,310.7,1871,21.3,152,0,0,0,0,0,0
6564,L53743,0,301.5,310.7,1942,20.5,155,0,0,0,0,0,0
6565,L53744,0,301.4,310.6,1557,38.2,157,0,0,0,0,0,0
6566,L53745,0,301.4,310.6,1550,36.8,159,0,0,0,0,0,0
6567,L53746,0,301.3,310.6,1966,22.6,161,0,0,0,0,0,0
6568,M21427,1,301.3,310.6,1499,36.1,163,0,0,0,0,0,0
6569,L53748,0,301.3,310.6,1521,36.3,166,0,0,0,0,0,0
6570,M21429,1,301.4,310.7,1375,42.0,168,0,0,0,0,0,0
6571,L53750,0,301.4,310.6,1634,31.1,171,0,0,0,0,0,0
6572,M21431,1,301.3,310.6,1378,49.4,173,0,0,0,0,0,0
6573,L53752,0,301.4,310.7,1428,53.7,176,0,0,0,0,0,0
6574,M21433,1,301.4,310.6,1855,25.3,178,0,0,0,0,0,0
6575,L53754,0,301.4,310.6,1578,33.0,181,0,0,0,0,0,0
6576,M21435,1,301.4,310.5,1451,45.3,183,0,0,0,0,0,0
6577,L53756,0,301.5,310.5,1644,34.9,186,0,0,0,0,0,0
6578,L53757,0,301.4,310.4,1388,45.3,188,0,0,0,0,0,0
6579,L53758,0,301.4,310.4,1543,40.9,190,0,0,0,0,0,0
6580,L53759,0,301.3,310.4,1501,41.6,192,0,0,0,0,0,0
6581,L53760,0,301.3,310.4,1507,39.1,194,0,0,0,0,0,0
6582,L53761,0,301.4,310.4,1559,36.0,196,0,0,0,0,0,0
6583,L53762,0,301.5,310.5,1528,35.7,198,0,0,0,0,0,0
6584,M21443,1,301.5,310.5,1503,38.2,200,0,0,0,0,0,0
6585,L53764,0,301.5,310.5,1372,44.0,203,0,0,0,0,0,0
6586,M21445,1,301.5,310.5,1600,32.8,205,0,0,0,0,0,0
6587,L53766,0,301.5,310.6,1453,44.0,208,0,0,0,0,0,0
6588,M21447,1,301.6,310.7,1813,24.6,210,0,0,0,0,0,0
6589,L53768,0,301.6,310.7,1457,40.4,213,0,0,0,0,0,0
6590,M21449,1,301.6,310.6,1553,38.9,0,0,0,0,0,0,0
6591,L53770,0,301.7,310.7,1763,25.9,3,0,0,0,0,0,0
6592,L53771,0,301.7,310.7,2023,20.9,5,0,0,0,0,0,0
6593,M21452,1,301.6,310.7,1457,47.8,7,0,0,0,0,0,0
6594,L53773,0,301.6,310.7,1679,29.5,10,0,0,0,0,0,0
6595,L53774,0,301.6,310.6,2103,19.7,12,0,0,0,0,0,0
6596,M21455,1,301.5,310.7,1460,38.6,14,0,0,0,0,0,0
6597,M21456,1,301.5,310.7,1454,39.4,17,0,0,0,0,0,0
6598,L53777,0,301.5,310.6,1481,46.8,20,0,0,0,0,0,0
6599,L53778,0,301.5,310.7,1424,51.1,22,0,0,0,0,0,0
6600,L53779,0,301.6,310.7,1494,39.5,24,0,0,0,0,0,0
6601,M21460,1,301.5,310.6,1424,47.0,26,0,0,0,0,0,0
6602,M21461,1,301.5,310.7,1347,47.9,29,0,0,0,0,0,0
6603,L53782,0,301.5,310.6,1374,46.7,32,0,0,0,0,0,0
6604,M21463,1,301.5,310.6,1403,47.4,34,0,0,0,0,0,0
6605,M21464,1,301.5,310.6,1573,37.4,37,0,0,0,0,0,0
6606,M21465,1,301.6,310.6,1691,30.1,40,0,0,0,0,0,0
6607,H36020,2,301.5,310.5,1538,44.3,43,0,0,0,0,0,0
6608,L53787,0,301.5,310.5,1556,39.1,48,0,0,0,0,0,0
6609,M21468,1,301.5,310.4,1593,36.8,50,0,0,0,0,0,0
6610,L53789,0,301.5,310.4,1474,39.9,53,0,0,0,0,0,0
6611,L53790,0,301.5,310.4,1543,34.0,55,0,0,0,0,0,0
6612,H36025,2,301.5,310.5,1587,33.8,57,0,0,0,0,0,0
6613,L53792,0,301.6,310.6,1222,70.0,62,0,0,0,0,0,0
6614,L53793,0,301.7,310.6,1513,41.1,64,0,0,0,0,0,0
6615,L53794,0,301.7,310.6,1660,28.7,66,0,0,0,0,0,0
6616,L53795,0,301.7,310.6,1545,42.1,68,0,0,0,0,0,0
6617,M21476,1,301.7,310.6,1380,45.8,70,0,0,0,0,0,0
6618,L53797,0,301.6,310.6,1321,60.8,73,0,0,0,0,0,0
6619,M21478,1,301.6,310.6,1309,65.8,75,1,0,0,1,0,0
6620,M21479,1,301.7,310.7,1627,31.3,78,0,0,0,0,0,0
6621,M21480,1,301.6,310.7,1791,23.8,81,0,0,0,0,0,0
6622,M21481,1,301.7,310.7,1861,21.8,84,0,0,0,0,0,0
6623,L53802,0,301.7,310.7,1493,51.1,87,0,0,0,0,0,0
6624,M21483,1,301.7,310.7,1442,41.1,89,0,0,0,0,0,0
6625,L53804,0,301.7,310.7,1532,39.8,92,0,0,0,0,0,0
6626,M21485,1,301.6,310.7,1421,44.4,94,0,0,0,0,0,0
6627,L53806,0,301.6,310.6,1613,42.5,97,0,0,0,0,0,0
6628,M21487,1,301.7,310.6,1876,22.1,99,0,0,0,0,0,0
6629,L53808,0,301.6,310.5,1593,34.5,102,0,0,0,0,0,0
6630,L53809,0,301.6,310.5,1397,49.4,104,0,0,0,0,0,0
6631,M21490,1,301.6,310.5,1414,49.3,106,0,0,0,0,0,0
6632,M21491,1,301.5,310.4,1378,55.3,109,0,0,0,0,0,0
6633,L53812,0,301.4,310.4,1301,51.2,112,0,0,0,0,0,0
6634,M21493,1,301.5,310.5,1737,29.3,114,0,0,0,0,0,0
6635,L53814,0,301.5,310.5,1396,44.5,117,0,0,0,0,0,0
6636,L53815,0,301.5,310.5,1534,39.3,119,0,0,0,0,0,0
6637,M21496,1,301.5,310.5,1774,25.5,121,0,0,0,0,0,0
6638,H36051,2,301.5,310.5,1453,48.0,124,0,0,0,0,0,0
6639,L53818,0,301.5,310.5,1453,44.2,129,0,0,0,0,0,0
6640,L53819,0,301.4,310.5,1380,48.4,131,0,0,0,0,0,0
6641,L53820,0,301.4,310.4,1334,43.2,133,0,0,0,0,0,0
6642,L53821,0,301.5,310.5,1702,28.7,135,0,0,0,0,0,0
6643,L53822,0,301.6,310.6,1431,37.5,137,0,0,0,0,0,0
6644,M21503,1,301.5,310.5,1308,60.5,139,0,0,0,0,0,0
6645,L53824,0,301.5,310.6,1565,43.9,142,0,0,0,0,0,0
6646,M21505,1,301.5,310.4,1486,39.6,144,0,0,0,0,0,0
6647,L53826,0,301.5,310.5,1479,34.2,147,0,0,0,0,0,0
6648,L53827,0,301.5,310.5,1927,22.4,149,0,0,0,0,0,0
6649,L53828,0,301.5,310.4,1488,41.1,151,0,0,0,0,0,0
6650,M21509,1,301.5,310.4,1350,54.9,153,0,0,0,0,0,0
6651,L53830,0,301.6,310.4,1561,35.3,156,0,0,0,0,0,0
6652,M21511,1,301.5,310.4,1276,55.6,158,0,0,0,0,0,0
6653,H36066,2,301.5,310.4,1580,35.7,161,0,0,0,0,0,0
6654,M21513,1,301.4,310.3,1610,29.1,166,0,0,0,0,0,0
6655,L53834,0,301.4,310.3,2203,16.6,169,0,0,0,0,0,0
6656,L53835,0,301.4,310.3,1639,32.7,171,0,0,0,0,0,0
6657,M21516,1,301.4,310.4,1553,44.7,173,0,0,0,0,0,0
6658,L53837,0,301.4,310.3,1374,47.6,176,0,0,0,0,0,0
6659,L53838,0,301.4,310.4,1430,50.9,178,0,0,0,0,0,0
6660,L53839,0,301.3,310.3,1626,31.3,180,0,0,0,0,0,0
6661,H36074,2,301.4,310.5,1421,43.8,182,0,0,0,0,0,0
6662,M21521,1,301.3,310.4,1501,39.8,187,0,0,0,0,0,0
6663,M21522,1,301.3,310.4,2093,18.7,190,0,0,0,0,0,0
6664,L53843,0,301.3,310.4,1504,47.2,193,0,0,0,0,0,0
6665,L53844,0,301.3,310.4,1538,38.4,195,0,0,0,0,0,0
6666,L53845,0,301.3,310.4,1440,41.5,197,0,0,0,0,0,0
6667,L53846,0,301.3,310.4,1414,51.4,199,0,0,0,0,0,0
6668,H36081,2,301.4,310.5,1536,39.9,201,0,0,0,0,0,0
6669,L53848,0,301.4,310.5,1476,39.2,206,0,0,0,0,0,0
6670,L53849,0,301.4,310.5,1571,33.9,208,0,0,0,0,0,0
6671,L53850,0,301.5,310.6,1998,20.2,210,0,0,0,0,0,0
6672,L53851,0,301.5,310.6,1357,42.1,212,0,0,0,0,0,0
6673,L53852,0,301.6,310.7,1424,50.5,214,0,0,0,0,0,0
6674,L53853,0,301.6,310.7,1380,51.8,216,1,0,0,0,1,0
6675,L53854,0,301.5,310.7,1618,35.5,218,0,0,0,0,0,0
6676,L53855,0,301.5,310.6,1579,28.0,220,0,0,0,0,0,0
6677,L53856,0,301.5,310.7,1423,44.0,222,0,0,0,0,0,0
6678,L53857,0,301.5,310.7,1435,38.5,224,0,0,0,0,0,0
6679,M21538,1,301.5,310.7,1336,65.6,0,1,0,0,1,0,0
6680,L53859,0,301.6,310.8,1392,42.4,3,0,0,0,0,0,0
6681,L53860,0,301.5,310.8,1417,49.7,5,0,0,0,0,0,0
6682,L53861,0,301.4,310.7,1425,45.1,7,0,0,0,0,0,0
6683,L53862,0,301.5,310.8,1512,38.9,9,0,0,0,0,0,0
6684,L53863,0,301.5,310.9,1318,50.6,11,0,0,0,0,0,0
6685,L53864,0,301.6,310.9,1538,40.4,13,0,0,0,0,0,0
6686,L53865,0,301.6,310.9,1532,43.6,15,0,0,0,0,0,0
6687,L53866,0,301.7,311.0,1715,24.8,17,0,0,0,0,0,0
6688,L53867,0,301.7,311.0,1700,28.7,19,0,0,0,0,0,0
6689,L53868,0,301.7,311.0,1548,40.3,21,0,0,0,0,0,0
6690,L53869,0,301.7,311.0,1546,43.0,23,0,0,0,0,0,0
6691,L53870,0,301.7,311.0,1343,49.2,25,0,0,0,0,0,0
6692,M21551,1,301.7,311.0,1510,47.8,27,0,0,0,0,0,0
6693,M21552,1,301.8,311.0,1839,23.6,30,0,0,0,0,0,0
6694,M21553,1,301.8,311.0,1756,26.7,33,0,0,0,0,0,0
6695,M21554,1,301.7,310.9,1300,62.7,36,0,0,0,0,0,0
6696,M21555,1,301.7,311.0,1311,55.8,39,0,0,0,0,0,0
6697,L53876,0,301.7,310.9,1636,31.3,42,0,0,0,0,0,0
6698,L53877,0,301.6,310.9,1643,34.1,44,0,0,0,0,0,0
6699,L53878,0,301.6,310.8,1418,44.7,46,0,0,0,0,0,0
6700,M21559,1,301.7,310.8,1516,40.4,48,0,0,0,0,0,0
6701,H36114,2,301.6,310.9,1419,50.2,51,0,0,0,0,0,0
6702,L53881,0,301.6,310.9,1623,34.1,56,0,0,0,0,0,0
6703,M21562,1,301.6,310.8,1664,32.0,58,0,0,0,0,0,0
6704,M21563,1,301.5,310.7,1744,28.2,61,0,0,0,0,0,0
6705,M21564,1,301.5,310.7,1510,36.0,64,0,0,0,0,0,0
6706,M21565,1,301.5,310.6,1382,58.1,67,0,0,0,0,0,0
6707,L53886,0,301.4,310.6,1381,46.1,70,0,0,0,0,0,0
6708,L53887,0,301.3,310.6,1556,39.0,72,0,0,0,0,0,0
6709,M21568,1,301.4,310.6,1464,37.4,74,0,0,0,0,0,0
6710,L53889,0,301.4,310.6,1481,37.6,77,0,0,0,0,0,0
6711,L53890,0,301.5,310.7,1323,49.7,79,0,0,0,0,0,0
6712,L53891,0,301.5,310.7,1426,46.1,81,0,0,0,0,0,0
6713,H36126,2,301.4,310.7,1516,36.4,83,0,0,0,0,0,0
6714,L53893,0,301.3,310.6,1416,45.2,88,0,0,0,0,0,0
6715,L53894,0,301.3,310.6,1440,53.8,90,0,0,0,0,0,0
6716,L53895,0,301.3,310.6,1576,30.4,92,0,0,0,0,0,0
6717,L53896,0,301.3,310.6,1387,53.6,94,0,0,0,0,0,0
6718,M21577,1,301.4,310.6,1464,48.6,96,0,0,0,0,0,0
6719,L53898,0,301.4,310.6,2137,18.0,99,0,0,0,0,0,0
6720,M21579,1,301.4,310.6,1431,40.6,101,0,0,0,0,0,0
6721,L53900,0,301.3,310.6,1458,48.0,104,0,0,0,0,0,0
6722,L53901,0,301.4,310.7,1280,61.0,106,0,0,0,0,0,0
6723,L53902,0,301.4,310.7,1657,28.7,108,0,0,0,0,0,0
6724,M21583,1,301.4,310.6,1565,36.1,110,0,0,0,0,0,0
6725,L53904,0,301.3,310.6,1560,36.8,113,0,0,0,0,0,0
6726,M21585,1,301.5,310.7,1359,47.1,115,0,0,0,0,0,0
6727,L53906,0,301.5,310.8,1500,41.0,118,0,0,0,0,0,0
6728,L53907,0,301.5,310.8,1785,25.5,120,0,0,0,0,0,0
6729,L53908,0,301.5,310.9,1891,23.2,122,0,0,0,0,0,0
6730,H36143,2,301.5,310.9,1524,40.4,124,0,0,0,0,0,0
6731,M21590,1,301.6,311.0,1431,42.3,129,0,0,0,0,0,0
6732,L53911,0,301.6,310.9,1385,51.2,132,0,0,0,0,0,0
6733,L53912,0,301.7,311.0,1503,44.8,134,0,0,0,0,0,0
6734,M21593,1,301.7,311.0,1311,46.8,136,0,0,0,0,0,0
6735,M21594,1,301.6,310.9,1575,40.1,139,0,0,0,0,0,0
6736,L53915,0,301.6,311.0,1485,40.1,142,0,0,0,0,0,0
6737,L53916,0,301.7,311.0,1527,42.2,144,0,0,0,0,0,0
6738,M21597,1,301.7,311.0,1537,33.5,146,0,0,0,0,0,0
6739,H36152,2,301.8,311.1,1463,50.1,149,0,0,0,0,0,0
6740,L53919,0,301.7,311.2,1482,43.6,154,0,0,0,0,0,0
6741,L53920,0,301.8,311.2,1417,55.9,156,0,0,0,0,0,0
6742,M21601,1,301.7,311.1,1506,39.5,158,0,0,0,0,0,0
6743,H36156,2,301.7,311.2,1639,30.0,161,0,0,0,0,0,0
6744,L53923,0,301.7,311.2,1418,38.0,166,0,0,0,0,0,0
6745,M21604,1,301.7,311.0,1298,58.1,168,0,0,0,0,0,0
6746,M21605,1,301.8,311.1,1395,44.6,171,0,0,0,0,0,0
6747,M21606,1,301.7,311.1,1578,40.5,174,0,0,0,0,0,0
6748,M21607,1,301.8,311.1,1597,29.8,177,0,0,0,0,0,0
6749,H36162,2,301.7,311.0,2016,19.3,180,0,0,0,0,0,0
6750,L53929,0,301.7,311.0,1585,35.9,185,0,0,0,0,0,0
6751,M21610,1,301.7,311.0,1505,44.0,187,0,0,0,0,0,0
6752,M21611,1,301.7,311.0,1505,37.1,190,0,0,0,0,0,0
6753,L53932,0,301.6,310.9,1706,29.5,193,0,0,0,0,0,0
6754,L53933,0,301.6,310.9,1385,50.7,195,0,0,0,0,0,0
6755,L53934,0,301.8,311.1,1495,36.9,197,0,0,0,0,0,0
6756,M21615,1,301.8,311.1,1663,31.6,199,0,0,0,0,0,0
6757,L53936,0,301.8,311.2,1840,26.6,202,0,0,0,0,0,0
6758,L53937,0,301.8,311.2,1822,26.2,204,0,0,0,0,0,0
6759,L53938,0,301.7,311.1,1644,32.8,206,0,0,0,0,0,0
6760,L53939,0,301.7,311.0,1441,44.3,208,1,1,0,0,0,0
6761,L53940,0,301.5,310.9,1451,40.6,0,0,0,0,0,0,0
6762,L53941,0,301.5,310.9,1400,50.8,2,0,0,0,0,0,0
6763,L53942,0,301.4,310.8,1362,53.2,4,0,0,0,0,0,0
6764,M21623,1,301.4,310.8,1782,26.5,6,0,0,0,0,0,0
6765,L53944,0,301.4,310.9,1536,38.3,9,0,0,0,0,0,0
6766,L53945,0,301.5,310.9,1580,32.3,11,0,0,0,0,0,0
6767,M21626,1,301.4,311.0,1427,43.2,13,0,0,0,0,0,0
6768,L53947,0,301.3,310.9,1509,41.7,16,0,0,0,0,0,0
6769,H36182,2,301.3,310.8,1434,39.5,18,0,0,0,0,0,0
6770,L53949,0,301.2,310.8,1392,52.6,23,0,0,0,0,0,0
6771,M21630,1,301.3,310.8,1509,40.1,25,0,0,0,0,0,0
6772,M21631,1,301.2,310.7,1962,22.5,28,0,0,0,0,0,0
6773,L53952,0,301.3,310.7,1536,39.3,31,0,0,0,0,0,0
6774,L53953,0,301.3,310.8,1381,47.9,33,0,0,0,0,0,0
6775,H36188,2,301.2,310.7,1747,27.3,35,0,0,0,0,0,0
6776,L53955,0,301.2,310.6,1670,30.0,40,0,0,0,0,0,0
6777,L53956,0,301.3,310.6,1451,47.5,42,0,0,0,0,0,0
6778,L53957,0,301.2,310.7,1951,21.3,44,0,0,0,0,0,0
6779,M21638,1,301.3,310.7,1819,25.5,46,0,0,0,0,0,0
6780,M21639,1,301.3,310.8,1372,54.2,49,0,0,0,0,0,0
6781,L53960,0,301.3,310.8,1560,38.5,52,0,0,0,0,0,0
6782,M21641,1,301.3,310.8,1494,35.3,54,0,0,0,0,0,0
6783,L53962,0,301.3,310.8,1531,53.4,57,0,0,0,0,0,0
6784,L53963,0,301.3,310.8,1450,46.9,59,0,0,0,0,0,0
6785,M21644,1,301.3,310.7,1391,52.5,61,0,0,0,0,0,0
6786,L53965,0,301.2,310.6,1389,45.3,64,0,0,0,0,0,0
6787,L53966,0,301.2,310.6,1409,50.9,66,0,0,0,0,0,0
6788,H36201,2,301.1,310.6,1388,58.5,68,0,0,0,0,0,0
6789,M21648,1,301.1,310.6,1410,43.9,73,0,0,0,0,0,0
6790,M21649,1,301.1,310.5,1646,30.7,76,0,0,0,0,0,0
6791,M21650,1,301.1,310.7,2219,16.7,79,0,0,0,0,0,0
6792,L53971,0,301.2,310.7,1551,41.2,82,0,0,0,0,0,0
6793,L53972,0,301.2,310.6,1811,24.0,84,0,0,0,0,0,0
6794,L53973,0,301.3,310.7,1608,31.4,86,0,0,0,0,0,0
6795,L53974,0,301.3,310.8,1428,55.2,88,0,0,0,0,0,0
6796,L53975,0,301.4,310.8,1477,50.4,90,0,0,0,0,0,0
6797,M21656,1,301.3,310.7,1300,58.3,92,0,0,0,0,0,0
6798,M21657,1,301.2,310.7,1615,34.9,95,0,0,0,0,0,0
6799,L53978,0,301.2,310.7,1676,32.4,98,0,0,0,0,0,0
6800,M21659,1,301.1,310.7,2636,12.2,100,1,0,0,1,0,0
6801,M21660,1,301.1,310.6,1310,48.8,103,0,0,0,0,0,0
6802,L53981,0,301.1,310.7,1334,48.2,106,0,0,0,0,0,0
6803,M21662,1,301.1,310.7,1621,31.0,108,0,0,0,0,0,0
6804,M21663,1,301.1,310.7,1367,43.4,111,0,0,0,0,0,0
6805,L53984,0,301.0,310.6,1588,33.7,114,0,0,0,0,0,0
6806,M21665,1,301.0,310.7,1497,37.6,116,0,0,0,0,0,0
6807,L53986,0,301.1,310.8,1608,32.9,119,0,0,0,0,0,0
6808,L53987,0,301.0,310.8,1549,41.4,121,0,0,0,0,0,0
6809,L53988,0,301.0,310.7,1391,45.0,123,0,0,0,0,0,0
6810,L53989,0,300.9,310.8,1490,38.1,125,0,0,0,0,0,0
6811,L53990,0,301.0,310.7,1727,34.5,127,0,0,0,0,0,0
6812,L53991,0,300.9,310.6,1504,46.4,129,0,0,0,0,0,0
6813,L53992,0,300.9,310.6,1350,53.8,131,0,0,0,0,0,0
6814,M21673,1,300.9,310.7,1420,43.0,133,0,0,0,0,0,0
6815,H36228,2,300.8,310.6,1465,44.1,136,0,0,0,0,0,0
6816,L53995,0,300.9,310.7,1427,44.1,141,0,0,0,0,0,0
6817,L53996,0,300.9,310.7,1477,43.2,143,0,0,0,0,0,0
6818,M21677,1,301.0,310.7,1493,48.1,145,0,0,0,0,0,0
6819,M21678,1,301.0,310.7,1657,29.9,148,0,0,0,0,0,0
6820,L53999,0,300.9,310.7,1359,46.0,151,0,0,0,0,0,0
6821,L54000,0,300.8,310.6,1551,34.5,153,0,0,0,0,0,0
6822,M21681,1,300.8,310.6,1545,37.5,155,0,0,0,0,0,0
6823,M21682,1,300.9,310.6,1709,29.2,158,0,0,0,0,0,0
6824,M21683,1,300.9,310.7,1268,56.3,161,0,0,0,0,0,0
6825,L54004,0,300.9,310.7,1740,25.3,164,0,0,0,0,0,0
6826,L54005,0,301.0,310.9,1828,25.1,166,0,0,0,0,0,0
6827,L54006,0,301.0,310.9,1822,21.6,168,0,0,0,0,0,0
6828,M21687,1,301.0,310.9,1515,41.8,170,0,0,0,0,0,0
6829,L54008,0,301.0,310.9,1392,52.9,173,0,0,0,0,0,0
6830,H36243,2,300.9,310.9,1474,35.7,175,0,0,0,0,0,0
6831,M21690,1,301.0,310.9,1359,53.4,180,0,0,0,0,0,0
6832,L54011,0,301.1,311.0,1565,52.3,183,0,0,0,0,0,0
6833,M21692,1,301.1,311.1,1384,42.5,185,0,0,0,0,0,0
6834,L54013,0,301.1,311.1,1387,53.1,188,0,0,0,0,0,0
6835,L54014,0,301.1,311.0,1378,51.1,190,0,0,0,0,0,0
6836,L54015,0,301.0,310.9,1809,25.7,192,0,0,0,0,0,0
6837,H36250,2,301.1,311.0,1339,52.8,194,0,0,0,0,0,0
6838,M21697,1,301.0,311.0,1423,38.6,199,0,0,0,0,0,0
6839,L54018,0,301.1,311.1,1570,41.6,202,0,0,0,0,0,0
6840,L54019,0,301.2,311.2,1558,34.1,204,0,0,0,0,0,0
6841,L54020,0,301.1,311.1,1799,21.7,206,0,0,0,0,0,0
6842,M21701,1,301.1,311.2,1591,35.0,208,0,0,0,0,0,0
6843,L54022,0,301.2,311.2,1635,29.6,211,0,0,0,0,0,0
6844,L54023,0,301.3,311.3,1509,42.5,213,0,0,0,0,0,0
6845,M21704,1,301.3,311.4,1838,23.2,215,0,0,0,0,0,0
6846,M21705,1,301.3,311.5,1648,32.4,0,0,0,0,0,0,0
6847,M21706,1,301.2,311.5,1498,49.5,3,0,0,0,0,0,0
6848,L54027,0,301.2,311.4,1757,28.0,6,0,0,0,0,0,0
6849,M21708,1,301.1,311.3,1389,53.3,8,0,0,0,0,0,0
6850,L54029,0,301.1,311.3,1498,37.6,11,0,0,0,0,0,0
6851,M21710,1,301.0,311.2,1521,35.8,13,0,0,0,0,0,0
6852,M21711,1,301.0,311.2,1394,41.3,16,0,0,0,0,0,0
6853,H36266,2,301.0,311.2,1602,32.7,19,0,0,0,0,0,0
6854,L54033,0,300.9,311.1,1417,40.7,24,0,0,0,0,0,0
6855,L54034,0,301.0,311.2,1511,42.9,26,0,0,0,0,0,0
6856,M21715,1,301.1,311.3,1654,30.7,28,0,0,0,0,0,0
6857,M21716,1,301.1,311.3,1836,22.8,31,0,0,0,0,0,0
6858,L54037,0,301.1,311.3,1622,35.6,34,0,0,0,0,0,0
6859,L54038,0,301.0,311.2,1467,45.4,36,0,0,0,0,0,0
6860,M21719,1,301.1,311.3,1909,22.7,38,0,0,0,0,0,0
6861,L54040,0,301.1,311.2,1910,20.2,41,0,0,0,0,0,0
6862,H36275,2,301.1,311.3,2207,16.6,43,0,0,0,0,0,0
6863,M21722,1,301.1,311.2,1384,49.4,48,0,0,0,0,0,0
6864,L54043,0,301.1,311.3,1630,29.5,51,0,0,0,0,0,0
6865,L54044,0,301.1,311.3,1268,60.0,53,0,0,0,0,0,0
6866,L54045,0,301.1,311.4,1531,38.7,55,0,0,0,0,0,0
6867,M21726,1,301.0,311.3,1454,41.5,57,0,0,0,0,0,0
6868,L54047,0,301.0,311.3,1342,50.9,60,0,0,0,0,0,0
6869,L54048,0,301.0,311.2,1363,46.3,62,0,0,0,0,0,0
6870,L54049,0,301.0,311.2,1412,42.1,64,0,0,0,0,0,0
6871,H36284,2,301.0,311.3,1597,39.2,66,0,0,0,0,0,0
6872,L54051,0,301.0,311.3,1349,47.0,71,0,0,0,0,0,0
6873,L54052,0,301.0,311.3,1472,35.3,73,0,0,0,0,0,0
6874,L54053,0,301.0,311.4,1478,39.5,75,0,0,0,0,0,0
6875,H36288,2,300.9,311.3,1295,58.9,77,0,0,0,0,0,0
6876,M21735,1,300.8,311.2,1592,32.9,82,0,0,0,0,0,0
6877,L54056,0,300.8,311.2,1430,54.4,85,0,0,0,0,0,0
6878,M21737,1,300.8,311.2,1488,40.1,87,0,0,0,0,0,0
6879,H36292,2,300.9,311.2,1518,35.0,90,0,0,0,0,0,0
6880,H36293,2,300.8,311.2,2237,17.0,95,0,0,0,0,0,0
6881,M21740,1,300.9,311.3,1801,24.6,100,0,0,0,0,0,0
6882,L54061,0,301.0,311.4,1573,37.6,103,0,0,0,0,0,0
6883,L54062,0,300.9,311.4,2073,21.4,105,0,0,0,0,0,0
6884,L54063,0,300.9,311.3,1953,19.4,107,0,0,0,0,0,0
6885,L54064,0,300.8,311.2,1492,39.0,109,0,0,0,0,0,0
6886,L54065,0,300.8,311.2,1397,48.7,111,0,0,0,0,0,0
6887,M21746,1,300.8,311.3,1465,43.2,113,0,0,0,0,0,0
6888,L54067,0,300.8,311.3,1782,26.9,116,0,0,0,0,0,0
6889,M21748,1,300.9,311.4,1434,45.4,118,0,0,0,0,0,0
6890,H36303,2,300.9,311.4,1387,42.7,121,0,0,0,0,0,0
6891,M21750,1,300.9,311.4,1532,41.5,126,0,0,0,0,0,0
6892,L54071,0,300.9,311.5,1505,41.1,129,0,0,0,0,0,0
6893,L54072,0,301.0,311.6,1440,43.3,131,0,0,0,0,0,0
6894,L54073,0,301.0,311.6,1470,43.4,133,0,0,0,0,0,0
6895,L54074,0,301.1,311.7,1408,46.3,135,0,0,0,0,0,0
6896,M21755,1,301.0,311.6,1357,45.6,137,0,0,0,0,0,0
6897,M21756,1,301.0,311.6,1454,40.0,140,0,0,0,0,0,0
6898,L54077,0,301.0,311.6,1352,63.5,143,0,0,0,0,0,0
6899,M21758,1,301.0,311.6,1448,43.9,145,0,0,0,0,0,0
6900,L54079,0,300.9,311.6,1671,33.5,148,0,0,0,0,0,0
6901,L54080,0,301.0,311.7,1670,31.3,150,0,0,0,0,0,0
6902,L54081,0,301.0,311.7,1547,34.5,152,0,0,0,0,0,0
6903,L54082,0,301.0,311.6,1461,40.6,154,0,0,0,0,0,0
6904,M21763,1,301.0,311.6,1609,35.8,156,0,0,0,0,0,0
6905,M21764,1,300.9,311.5,1704,31.3,159,0,0,0,0,0,0
6906,M21765,1,301.0,311.5,1550,34.9,162,0,0,0,0,0,0
6907,M21766,1,301.0,311.5,1530,43.9,165,0,0,0,0,0,0
6908,L54087,0,300.9,311.3,1449,40.2,168,0,0,0,0,0,0
6909,L54088,0,300.9,311.3,1613,32.7,170,0,0,0,0,0,0
6910,L54089,0,300.8,311.2,1376,48.1,172,0,0,0,0,0,0
6911,L54090,0,300.8,311.2,1434,45.6,174,0,0,0,0,0,0
6912,L54091,0,300.8,311.1,1480,41.1,176,0,0,0,0,0,0
6913,M21772,1,300.8,311.2,1634,31.9,178,0,0,0,0,0,0
6915,H36328,2,300.9,311.3,1668,28.9,183,0,0,0,0,0,0
6916,L54095,0,301.0,311.4,1484,36.2,188,0,0,0,0,0,0
6917,M21776,1,300.9,311.3,1603,31.8,190,0,0,0,0,0,0
6918,L54097,0,301.0,311.4,1481,37.5,193,0,0,0,0,0,0
6919,L54098,0,301.0,311.5,1559,31.8,195,0,0,0,0,0,0
6920,L54099,0,301.0,311.5,1444,39.8,197,0,0,0,0,0,0
6921,M21780,1,301.2,311.6,1423,48.0,199,0,0,0,0,0,0
6922,L54101,0,301.1,311.6,1432,48.1,202,0,0,0,0,0,0
6923,L54102,0,301.2,311.7,1463,48.3,204,0,0,0,0,0,0
6924,L54103,0,301.2,311.7,1433,49.3,206,0,0,0,0,0,0
6925,L54104,0,301.2,311.6,1461,52.9,208,1,0,0,0,1,0
6926,M21785,1,301.1,311.6,1266,55.5,210,0,0,0,0,0,0
6927,H36340,2,301.1,311.6,1417,53.4,0,0,0,0,0,0,0
6928,L54107,0,301.1,311.6,1488,43.4,5,0,0,0,0,0,0
6929,L54108,0,301.1,311.7,1816,24.5,7,0,0,0,0,0,0
6930,M21789,1,301.0,311.6,1301,55.0,9,0,0,0,0,0,0
6931,M21790,1,300.9,311.5,1836,21.8,12,0,0,0,0,0,0
6932,M21791,1,300.8,311.4,1521,39.9,15,0,0,0,0,0,0
6933,L54112,0,300.8,311.4,1322,67.2,18,1,0,0,1,0,0
6934,L54113,0,300.8,311.4,1492,40.6,20,0,0,0,0,0,0
6935,L54114,0,300.8,311.4,1536,40.9,22,0,0,0,0,0,0
6936,L54115,0,300.7,311.2,1878,24.3,24,0,0,0,0,0,0
6937,L54116,0,300.6,311.1,1471,40.7,26,0,0,0,0,0,0
6938,H36351,2,300.6,311.1,1452,40.2,28,0,0,0,0,0,0
6939,L54118,0,300.7,311.2,1452,44.4,33,0,0,0,0,0,0
6940,M21799,1,300.7,311.3,1348,53.0,35,0,0,0,0,0,0
6941,H36354,2,300.8,311.4,1453,44.6,38,0,0,0,0,0,0
6942,L54121,0,300.8,311.4,1316,57.6,43,0,0,0,0,0,0
6943,M21802,1,300.8,311.4,1732,26.9,45,0,0,0,0,0,0
6944,L54123,0,300.7,311.3,1522,35.2,48,0,0,0,0,0,0
6945,M21804,1,300.7,311.3,1487,39.8,50,0,0,0,0,0,0
6946,M21805,1,300.8,311.4,1852,22.2,53,0,0,0,0,0,0
6947,L54126,0,300.7,311.2,1486,46.8,56,0,0,0,0,0,0
6948,M21807,1,300.7,311.3,1562,37.1,58,0,0,0,0,0,0
6949,L54128,0,300.7,311.2,1457,51.4,61,0,0,0,0,0,0
6950,M21809,1,300.7,311.2,1769,26.5,63,0,0,0,0,0,0
6951,H36364,2,300.7,311.3,1374,53.1,66,0,0,0,0,0,0
6952,L54131,0,300.8,311.3,1524,43.5,71,0,0,0,0,0,0
6953,L54132,0,300.8,311.3,1498,40.2,73,0,0,0,0,0,0
6954,L54133,0,300.8,311.3,1462,41.4,75,0,0,0,0,0,0
6955,M21814,1,300.8,311.2,1429,52.3,77,0,0,0,0,0,0
6956,L54135,0,300.7,311.2,1399,47.9,80,0,0,0,0,0,0
6957,M21816,1,300.8,311.2,1434,39.1,82,0,0,0,0,0,0
6958,L54137,0,300.7,311.1,1324,52.2,85,0,0,0,0,0,0
6959,L54138,0,300.6,311.0,1563,40.7,87,0,0,0,0,0,0
6960,L54139,0,300.6,311.0,1543,34.7,89,0,0,0,0,0,0
6962,M21821,1,300.7,311.0,1378,41.2,93,0,0,0,0,0,0
6963,M21822,1,300.7,311.1,1373,49.9,96,0,0,0,0,0,0
6964,H36377,2,300.7,311.0,1981,19.9,99,0,0,0,0,0,0
6965,M21824,1,300.7,311.0,1263,52.3,104,0,0,0,0,0,0
6966,L54145,0,300.7,311.0,1312,52.1,107,0,0,0,0,0,0
6967,L54146,0,300.7,311.0,1969,20.7,109,0,0,0,0,0,0
6968,M21827,1,300.8,311.2,1365,51.7,111,0,0,0,0,0,0
6969,L54148,0,300.9,311.2,1789,25.5,114,0,0,0,0,0,0
6970,M21829,1,300.8,311.1,1583,32.1,116,0,0,0,0,0,0
6971,L54150,0,300.7,311.0,1436,44.9,119,0,0,0,0,0,0
6972,M21831,1,300.7,311.0,1559,42.8,121,0,0,0,0,0,0
6973,L54152,0,300.7,311.0,1377,49.9,124,0,0,0,0,0,0
6974,L54153,0,300.7,311.0,1462,41.9,126,0,0,0,0,0,0
6975,L54154,0,300.7,311.0,1318,48.2,128,0,0,0,0,0,0
6976,M21835,1,300.7,311.0,1378,51.6,130,0,0,0,0,0,0
6977,L54156,0,300.6,310.9,1344,46.7,133,0,0,0,0,0,0
6978,L54157,0,300.7,311.1,2377,14.3,135,0,0,0,0,0,0
6979,L54158,0,300.7,311.1,1427,50.3,137,0,0,0,0,0,0
6980,L54159,0,300.9,311.2,1353,60.4,139,0,0,0,0,0,0
6981,L54160,0,300.8,311.3,1505,45.5,141,0,0,0,0,0,0
6982,H36395,2,300.8,311.2,1612,32.5,143,0,0,0,0,0,0
6983,L54162,0,300.7,311.1,1440,43.0,148,0,0,0,0,0,0
6984,M21843,1,300.7,311.0,1334,53.9,150,0,0,0,0,0,0
6985,M21844,1,300.7,311.0,1706,25.0,153,0,0,0,0,0,0
6986,H36399,2,300.8,311.1,1698,24.8,156,0,0,0,0,0,0
6987,L54166,0,300.7,311.1,1688,30.7,161,0,0,0,0,0,0
6988,L54167,0,300.7,311.1,2437,13.8,163,0,0,0,0,0,0
6989,L54168,0,300.7,311.1,1478,46.8,165,0,0,0,0,0,0
6990,M21849,1,300.7,311.1,1608,35.3,167,0,0,0,0,0,0
6991,L54170,0,300.7,311.1,2478,13.4,170,1,0,0,1,0,0
6992,L54171,0,300.8,311.1,1509,33.4,172,0,0,0,0,0,0
6993,L54172,0,300.7,311.0,1596,36.9,174,0,0,0,0,0,0
6994,M21853,1,300.7,311.0,1740,25.6,176,0,0,0,0,0,0
6995,L54174,0,300.6,310.8,1375,53.2,179,0,0,0,0,0,0
6996,M21855,1,300.6,310.7,1705,31.2,181,0,0,0,0,0,0
6997,M21856,1,300.5,310.6,1621,32.0,184,0,0,0,0,0,0
6998,M21857,1,300.6,310.7,1566,38.2,187,0,0,0,0,0,0
6999,M21858,1,300.6,310.7,1388,42.9,190,0,0,0,0,0,0
7000,M21859,1,300.6,310.7,1457,36.7,193,0,0,0,0,0,0
7001,M21860,1,300.6,310.6,1463,45.5,196,0,0,0,0,0,0
7002,L54181,0,300.5,310.5,1564,38.2,199,0,0,0,0,0,0
7003,H36416,2,300.5,310.6,1411,47.2,201,0,0,0,0,0,0
7004,L54183,0,300.5,310.6,1540,46.7,206,0,0,0,0,0,0
7005,L54184,0,300.5,310.6,1950,20.3,208,0,0,0,0,0,0
7006,M21865,1,300.6,310.7,1339,52.9,0,0,0,0,0,0,0
7007,H36420,2,300.6,310.6,1419,39.6,3,0,0,0,0,0,0
7008,L54187,0,300.5,310.6,1499,45.2,8,0,0,0,0,0,0
7009,L54188,0,300.5,310.6,1368,49.6,10,0,0,0,0,0,0
7010,L54189,0,300.5,310.5,1536,36.2,12,0,0,0,0,0,0
7011,M21870,1,300.5,310.5,1469,42.9,14,0,0,0,0,0,0
7012,L54191,0,300.5,310.5,2633,12.2,17,1,0,0,1,0,0
7013,L54192,0,300.4,310.4,1298,61.4,19,0,0,0,0,0,0
7014,M21873,1,300.4,310.4,1544,36.3,21,0,0,0,0,0,0
7015,H36428,2,300.5,310.5,1403,47.7,24,0,0,0,0,0,0
7016,L54195,0,300.5,310.5,1452,42.9,29,0,0,0,0,0,0
7017,L54196,0,300.6,310.5,1509,43.1,31,0,0,0,0,0,0
7018,M21877,1,300.7,310.6,1474,37.0,33,0,0,0,0,0,0
7019,M21878,1,300.7,310.7,1377,46.7,36,0,0,0,0,0,0
7020,L54199,0,300.8,310.8,1741,27.1,39,0,0,0,0,0,0
7021,L54200,0,300.8,310.8,1460,53.8,41,0,0,0,0,0,0
7022,H36435,2,300.7,310.6,1631,32.6,43,0,0,0,0,0,0
7023,L54202,0,300.7,310.5,1561,33.2,48,0,0,0,0,0,0
7024,M21883,1,300.7,310.6,1572,38.5,50,0,0,0,0,0,0
7025,L54204,0,300.6,310.6,2127,18.7,53,0,0,0,0,0,0
7026,H36439,2,300.6,310.6,1448,44.7,55,0,0,0,0,0,0
7027,L54206,0,300.6,310.7,1543,39.6,60,0,0,0,0,0,0
7028,L54207,0,300.6,310.6,1508,34.8,62,0,0,0,0,0,0
7029,M21888,1,300.6,310.6,1403,50.4,64,0,0,0,0,0,0
7030,L54209,0,300.6,310.6,1454,39.7,67,0,0,0,0,0,0
7031,L54210,0,300.7,310.8,1772,27.3,69,0,0,0,0,0,0
7032,L54211,0,300.7,310.8,1479,49.1,71,0,0,0,0,0,0
7033,L54212,0,300.7,310.9,1723,31.0,73,0,0,0,0,0,0
7034,M21893,1,300.7,310.8,1469,46.4,75,0,0,0,0,0,0
7035,H36448,2,300.6,310.6,1830,26.2,78,0,0,0,0,0,0
7036,L54215,0,300.6,310.6,1497,38.2,83,0,0,0,0,0,0
7037,L54216,0,300.7,310.6,1540,52.7,85,0,0,0,0,0,0
7038,L54217,0,300.6,310.6,1514,39.5,87,0,0,0,0,0,0
7039,L54218,0,300.7,310.6,1654,34.2,89,0,0,0,0,0,0
7040,H36453,2,300.6,310.5,1519,37.0,91,0,0,0,0,0,0
7041,L54220,0,300.7,310.6,1720,30.3,96,0,0,0,0,0,0
7042,L54221,0,300.6,310.5,1470,37.7,98,0,0,0,0,0,0
7043,L54222,0,300.6,310.5,1642,29.9,100,0,0,0,0,0,0
7044,M21903,1,300.7,310.6,2006,19.1,102,0,0,0,0,0,0
7045,M21904,1,300.7,310.6,1505,35.6,105,0,0,0,0,0,0
7046,M21905,1,300.7,310.6,1609,27.6,108,0,0,0,0,0,0
7047,M21906,1,300.7,310.5,1863,22.2,111,0,0,0,0,0,0
7048,L54227,0,300.6,310.4,1401,42.6,114,0,0,0,0,0,0
7049,L54228,0,300.6,310.4,2007,19.8,116,0,0,0,0,0,0
7050,L54229,0,300.6,310.4,1494,47.3,118,0,0,0,0,0,0
7051,L54230,0,300.6,310.4,1457,47.7,120,0,0,0,0,0,0
7052,L54231,0,300.6,310.4,1556,37.7,122,0,0,0,0,0,0
7053,H36466,2,300.6,310.4,1510,42.8,124,0,0,0,0,0,0
7054,H36467,2,300.7,310.5,1567,38.7,129,0,0,0,0,0,0
7055,H36468,2,300.7,310.5,1476,43.1,134,0,0,0,0,0,0
7056,L54235,0,300.8,310.6,1663,30.6,139,0,0,0,0,0,0
7057,M21916,1,300.8,310.5,1409,50.6,141,0,0,0,0,0,0
7058,L54237,0,300.8,310.6,1666,36.2,144,0,0,0,0,0,0
7059,L54238,0,300.7,310.6,1520,45.9,146,0,0,0,0,0,0
7060,L54239,0,300.6,310.5,1644,33.8,148,0,0,0,0,0,0
7061,H36474,2,300.6,310.4,1479,35.6,150,0,0,0,0,0,0
7062,L54241,0,300.6,310.4,1446,49.7,155,0,0,0,0,0,0
7063,M21922,1,300.6,310.4,1407,51.1,157,0,0,0,0,0,0
7064,L54243,0,300.7,310.4,1234,51.7,160,0,0,0,0,0,0
7065,M21924,1,300.8,310.5,1696,29.7,162,0,0,0,0,0,0
7066,L54245,0,300.8,310.6,1384,52.9,165,0,0,0,0,0,0
7067,M21926,1,300.8,310.7,1572,36.2,167,0,0,0,0,0,0
7068,M21927,1,300.8,310.7,1386,42.1,170,0,0,0,0,0,0
7069,L54248,0,300.8,310.7,1461,42.8,173,0,0,0,0,0,0
7070,L54249,0,300.8,310.7,1525,39.4,175,0,0,0,0,0,0
7071,L54250,0,300.7,310.7,1333,61.0,177,0,0,0,0,0,0
7072,H36485,2,300.7,310.6,1505,40.6,179,0,0,0,0,0,0
7073,M21932,1,300.7,310.6,1439,41.7,184,0,0,0,0,0,0
7074,L54253,0,300.7,310.6,1491,43.2,187,0,0,0,0,0,0
7075,M21934,1,300.7,310.6,1488,39.2,189,0,0,0,0,0,0
7076,L54255,0,300.7,310.5,1536,47.4,192,0,0,0,0,0,0
7077,L54256,0,300.7,310.5,1960,21.0,194,0,0,0,0,0,0
7078,M21937,1,300.7,310.5,1594,31.0,196,0,0,0,0,0,0
7079,L54258,0,300.7,310.5,1357,52.6,199,0,0,0,0,0,0
7080,L54259,0,300.7,310.5,1445,41.1,201,0,0,0,0,0,0
7081,L54260,0,300.7,310.4,1543,47.3,203,0,0,0,0,0,0
7082,L54261,0,300.7,310.4,1366,52.6,205,0,0,0,0,0,0
7083,L54262,0,300.7,310.3,1458,40.0,207,0,0,0,0,0,0
7084,L54263,0,300.7,310.4,1416,61.8,209,1,0,0,1,1,0
7085,L54264,0,300.6,310.3,1794,24.4,211,0,0,0,0,0,0
7086,L54265,0,300.6,310.3,1484,41.0,213,0,0,0,0,0,0
7087,L54266,0,300.6,310.4,2514,13.4,215,0,0,0,0,0,0
7088,L54267,0,300.6,310.3,1648,30.5,217,1,1,0,0,0,0
7089,M21948,1,300.6,310.3,1614,32.7,0,0,0,0,0,0,0
7090,L54269,0,300.6,310.2,1622,34.1,3,0,0,0,0,0,0
7091,M21950,1,300.6,310.2,1478,40.1,5,0,0,0,0,0,0
7092,L54271,0,300.6,310.2,1318,51.0,8,0,0,0,0,0,0
7093,L54272,0,300.7,310.2,1493,35.9,10,0,0,0,0,0,0
7094,H36507,2,300.7,310.3,1369,50.7,12,0,0,0,0,0,0
7095,L54274,0,300.6,310.2,1447,45.9,17,0,0,0,0,0,0
7096,L54275,0,300.6,310.1,1485,49.9,19,0,0,0,0,0,0
7097,L54276,0,300.6,310.2,1489,47.8,21,0,0,0,0,0,0
7098,M21957,1,300.6,310.2,1233,52.3,23,0,0,0,0,0,0
7099,L54278,0,300.7,310.2,1642,32.6,26,0,0,0,0,0,0
7100,M21959,1,300.7,310.2,1373,44.1,28,0,0,0,0,0,0
7101,L54280,0,300.7,310.2,1569,32.8,31,0,0,0,0,0,0
7102,L54281,0,300.8,310.2,1850,22.8,33,0,0,0,0,0,0
7103,M21962,1,300.8,310.3,1494,42.2,35,0,0,0,0,0,0
7104,H36517,2,300.8,310.3,1777,30.1,38,0,0,0,0,0,0
7105,L54284,0,300.9,310.4,1454,43.1,43,0,0,0,0,0,0
7106,L54285,0,300.9,310.4,1536,34.2,45,0,0,0,0,0,0
7107,L54286,0,300.8,310.5,1482,39.0,47,0,0,0,0,0,0
7108,H36521,2,300.9,310.5,1512,41.2,49,0,0,0,0,0,0
7109,M21968,1,300.8,310.5,1511,35.8,54,0,0,0,0,0,0
7110,L54289,0,300.9,310.5,1599,40.5,57,0,0,0,0,0,0
7111,M21970,1,300.8,310.4,1518,36.0,59,0,0,0,0,0,0
7112,M21971,1,300.8,310.4,1450,39.4,62,0,0,0,0,0,0
7113,L54292,0,300.9,310.4,1427,47.0,65,0,0,0,0,0,0
7114,L54293,0,300.9,310.4,1561,32.7,67,0,0,0,0,0,0
7115,H36528,2,300.9,310.4,1457,43.8,69,0,0,0,0,0,0
7116,M21975,1,301.0,310.6,1460,53.6,74,0,0,0,0,0,0
7117,L54296,0,301.0,310.5,1601,33.2,77,0,0,0,0,0,0
7118,L54297,0,300.9,310.5,1570,40.1,79,0,0,0,0,0,0
7119,L54298,0,300.9,310.5,1565,35.9,81,0,0,0,0,0,0
7120,L54299,0,301.0,310.5,1378,44.4,83,0,0,0,0,0,0
7121,L54300,0,300.9,310.5,2288,16.1,85,0,0,0,0,0,0
7122,M21981,1,300.9,310.4,1375,44.7,87,0,0,0,0,0,0
7123,L54302,0,300.9,310.4,1788,27.8,90,0,0,0,0,0,0
7124,M21983,1,300.9,310.4,1576,40.4,92,0,0,0,0,0,0
7125,M21984,1,300.8,310.3,1868,24.5,95,0,0,0,0,0,0
7126,L54305,0,300.7,310.1,1261,56.6,98,0,0,0,0,0,0
7127,M21986,1,300.6,310.0,1542,33.9,100,0,0,0,0,0,0
7128,L54307,0,300.6,310.0,1438,53.8,103,0,0,0,0,0,0
7129,L54308,0,300.6,310.0,1511,36.9,105,0,0,0,0,0,0
7130,L54309,0,300.6,310.0,1635,31.0,107,0,0,0,0,0,0
7131,L54310,0,300.6,309.9,1428,48.8,109,0,0,0,0,0,0
7132,M21991,1,300.5,309.8,1410,44.4,111,0,0,0,0,0,0
7133,L54312,0,300.5,309.9,1423,47.9,114,0,0,0,0,0,0
7134,M21993,1,300.5,309.9,1552,41.3,116,0,0,0,0,0,0
7135,M21994,1,300.5,310.0,1406,50.2,119,0,0,0,0,0,0
7136,L54315,0,300.5,309.9,1443,48.3,122,0,0,0,0,0,0
7137,M21996,1,300.5,309.9,1343,63.7,124,0,0,0,0,0,0
7138,M21997,1,300.6,310.0,1486,41.2,127,0,0,0,0,0,0
7139,L54318,0,300.6,310.1,1297,50.0,130,0,0,0,0,0,0
7140,L54319,0,300.6,310.1,1495,42.3,132,0,0,0,0,0,0
7141,L54320,0,300.5,309.9,1382,46.5,134,0,0,0,0,0,0
7142,M22001,1,300.4,309.8,1356,44.4,136,0,0,0,0,0,0
7143,H36556,2,300.3,309.7,1452,41.5,139,0,0,0,0,0,0
7144,H36557,2,300.3,309.7,1582,30.8,144,0,0,0,0,0,0
7145,M22004,1,300.4,309.8,1517,40.3,149,0,0,0,0,0,0
7146,L54325,0,300.5,310.0,1413,44.5,152,0,0,0,0,0,0
7147,L54326,0,300.4,309.9,1496,31.8,154,0,0,0,0,0,0
7148,L54327,0,300.3,309.8,1466,41.2,156,0,0,0,0,0,0
7149,M22008,1,300.3,309.8,1617,40.8,158,0,0,0,0,0,0
7150,L54329,0,300.2,309.8,1506,41.8,161,0,0,0,0,0,0
7151,L54330,0,300.2,309.8,1401,49.3,163,0,0,0,0,0,0
7152,H36565,2,300.2,309.9,1906,22.9,165,0,0,0,0,0,0
7153,L54332,0,300.2,309.9,1566,36.4,170,0,0,0,0,0,0
7154,L54333,0,300.2,310.0,1493,47.3,172,0,0,0,0,0,0
7155,L54334,0,300.3,310.1,1483,39.9,174,0,0,0,0,0,0
7156,M22015,1,300.2,309.9,1569,31.2,176,0,0,0,0,0,0
7157,M22016,1,300.2,310.0,1664,30.7,179,0,0,0,0,0,0
7158,L54337,0,300.2,310.0,1486,40.1,182,0,0,0,0,0,0
7159,L54338,0,300.2,310.0,1389,53.6,184,0,0,0,0,0,0
7160,L54339,0,300.1,310.0,1511,41.7,186,0,0,0,0,0,0
7161,M22020,1,300.2,310.1,1485,40.5,188,0,0,0,0,0,0
7162,L54341,0,300.2,310.2,1440,42.9,191,0,0,0,0,0,0
7163,L54342,0,300.2,310.2,1378,43.9,193,0,0,0,0,0,0
7164,M22023,1,300.1,310.1,1501,39.3,195,0,0,0,0,0,0
7165,M22024,1,300.2,310.1,1474,44.0,198,0,0,0,0,0,0
7166,L54345,0,300.2,310.1,1392,47.9,201,0,0,0,0,0,0
7167,M22026,1,300.3,310.2,1429,44.7,203,0,0,0,0,0,0
7168,L54347,0,300.3,310.3,1362,60.3,206,1,0,0,0,1,0
7169,L54348,0,300.3,310.3,1704,29.5,0,0,0,0,0,0,0
7170,L54349,0,300.3,310.2,1492,52.3,2,0,0,0,0,0,0
7171,M22030,1,300.3,310.2,1442,39.5,4,0,0,0,0,0,0
7172,M22031,1,300.2,310.2,1438,51.5,7,0,0,0,0,0,0
7173,M22032,1,300.1,310.1,1402,46.6,10,0,0,0,0,0,0
7174,L54353,0,300.1,310.1,1684,30.8,13,0,0,0,0,0,0
7175,L54354,0,300.2,310.2,1530,48.5,15,0,0,0,0,0,0
7176,L54355,0,300.1,310.1,1569,43.5,17,0,0,0,0,0,0
7177,L54356,0,300.1,310.1,1650,31.6,19,0,0,0,0,0,0
7178,L54357,0,300.2,310.2,1415,49.6,21,0,0,0,0,0,0
7179,L54358,0,300.2,310.2,1600,31.5,23,0,0,0,0,0,0
7180,L54359,0,300.2,310.1,1523,42.3,25,0,0,0,0,0,0
7181,M22040,1,300.2,310.2,1628,30.3,27,0,0,0,0,0,0
7182,L54361,0,300.2,310.3,1331,52.1,30,0,0,0,0,0,0
7183,L54362,0,300.3,310.3,2158,16.8,32,0,0,0,0,0,0
7184,L54363,0,300.2,310.3,1445,50.9,34,0,0,0,0,0,0
7185,M22044,1,300.2,310.3,1593,36.1,36,0,0,0,0,0,0
7186,L54365,0,300.3,310.4,1672,29.2,39,0,0,0,0,0,0
7187,M22046,1,300.4,310.5,1644,31.4,41,0,0,0,0,0,0
7188,L54367,0,300.4,310.5,1402,54.3,44,0,0,0,0,0,0
7189,L54368,0,300.4,310.4,1286,56.8,46,0,0,0,0,0,0
7190,L54369,0,300.4,310.4,1486,46.3,48,0,0,0,0,0,0
7191,L54370,0,300.3,310.3,1345,46.3,50,0,0,0,0,0,0
7192,L54371,0,300.3,310.3,1629,34.1,52,0,0,0,0,0,0
7193,M22052,1,300.2,310.2,1429,43.8,54,0,0,0,0,0,0
7194,L54373,0,300.1,310.1,1306,64.7,57,0,0,0,0,0,0
7195,L54374,0,300.1,310.1,1380,52.6,59,0,0,0,0,0,0
7196,M22055,1,300.1,310.1,1443,49.3,61,0,0,0,0,0,0
7197,H36610,2,300.1,310.1,1426,42.7,64,0,0,0,0,0,0
7198,L54377,0,300.0,310.0,1486,41.8,69,0,0,0,0,0,0
7199,M22058,1,300.0,309.9,1530,34.5,71,0,0,0,0,0,0
7200,L54379,0,300.0,309.9,1507,41.4,74,0,0,0,0,0,0
7201,L54380,0,300.0,309.9,1608,33.4,76,0,0,0,0,0,0
7202,L54381,0,300.0,309.8,1474,40.6,78,0,0,0,0,0,0
7203,L54382,0,300.0,309.7,1326,61.9,80,0,0,0,0,0,0
7204,M22063,1,299.8,309.6,1434,48.0,82,0,0,0,0,0,0
7205,L54384,0,299.8,309.6,1526,41.7,85,0,0,0,0,0,0
7206,L54385,0,299.8,309.7,1483,39.6,87,0,0,0,0,0,0
7207,L54386,0,299.8,309.7,1457,51.9,89,0,0,0,0,0,0
7208,M22067,1,299.7,309.6,1540,34.4,91,0,0,0,0,0,0
7209,L54388,0,299.8,309.7,1707,29.1,94,0,0,0,0,0,0
7210,L54389,0,299.8,309.7,1624,34.2,96,0,0,0,0,0,0
7211,M22070,1,299.8,309.6,1331,50.2,98,0,0,0,0,0,0
7212,L54391,0,299.8,309.7,1431,40.3,101,0,0,0,0,0,0
7213,M22072,1,299.8,309.7,1705,28.5,103,0,0,0,0,0,0
7214,M22073,1,299.8,309.8,1427,45.2,106,0,0,0,0,0,0
7215,M22074,1,299.9,309.8,1625,41.2,109,0,0,0,0,0,0
7216,L54395,0,299.9,309.8,1477,47.7,112,0,0,0,0,0,0
7217,M22076,1,300.0,309.9,1651,28.1,114,0,0,0,0,0,0
7218,L54397,0,299.9,309.8,1716,28.2,117,0,0,0,0,0,0
7219,H36632,2,299.9,309.8,1400,48.7,119,0,0,0,0,0,0
7220,M22079,1,299.8,309.7,1556,37.7,124,0,0,0,0,0,0
7221,L54400,0,299.8,309.7,1429,42.6,127,0,0,0,0,0,0
7222,H36635,2,299.7,309.6,1433,49.6,129,0,0,0,0,0,0
7223,M22082,1,299.8,309.7,1320,61.7,134,0,0,0,0,0,0
7224,L54403,0,299.8,309.6,1374,51.6,137,0,0,0,0,0,0
7225,L54404,0,299.8,309.6,1598,31.0,139,0,0,0,0,0,0
7226,M22085,1,299.8,309.7,1910,21.8,141,0,0,0,0,0,0
7227,L54406,0,299.7,309.6,1399,51.3,144,0,0,0,0,0,0
7228,L54407,0,299.7,309.6,1720,27.1,146,0,0,0,0,0,0
7229,H36642,2,299.8,309.7,1368,47.4,148,0,0,0,0,0,0
7230,L54409,0,299.8,309.8,1749,33.4,153,0,0,0,0,0,0
7231,L54410,0,299.8,309.8,1542,39.4,155,0,0,0,0,0,0
7232,L54411,0,299.8,309.9,1553,36.6,157,0,0,0,0,0,0
7233,M22092,1,299.9,309.9,1639,42.1,159,0,0,0,0,0,0
7234,L54413,0,299.9,310.0,1447,45.9,162,0,0,0,0,0,0
7235,M22094,1,299.8,310.0,1397,48.1,164,0,0,0,0,0,0
7236,L54415,0,299.8,310.0,1361,53.8,167,0,0,0,0,0,0
7237,M22096,1,299.8,310.0,1460,37.1,169,0,0,0,0,0,0
7238,M22097,1,299.8,310.0,1632,33.7,172,0,0,0,0,0,0
7239,L54418,0,299.8,310.0,1697,36.0,175,0,0,0,0,0,0
7240,L54419,0,299.8,310.1,1553,42.0,177,0,0,0,0,0,0
7241,M22100,1,299.9,310.1,1362,56.3,179,0,0,0,0,0,0
7242,M22101,1,299.9,310.0,1484,42.1,182,0,0,0,0,0,0
7243,H36656,2,299.9,310.1,1447,51.4,185,0,0,0,0,0,0
7244,M22103,1,300.0,310.2,1393,51.2,190,0,0,0,0,0,0
7245,L54424,0,300.0,310.2,1760,26.9,193,0,0,0,0,0,0
7246,L54425,0,300.0,310.1,1477,34.6,195,0,0,0,0,0,0
7247,L54426,0,299.9,310.1,1681,29.1,197,0,0,0,0,0,0
7248,M22107,1,300.0,310.1,1314,53.5,199,0,0,0,0,0,0
7249,L54428,0,300.0,310.1,1762,28.0,202,0,0,0,0,0,0
7250,L54429,0,299.9,310.0,1402,44.7,204,0,0,0,0,0,0
7251,M22110,1,300.1,310.2,1429,42.0,206,0,0,0,0,0,0
7252,M22111,1,300.2,310.3,1448,40.1,209,0,0,0,0,0,0
7253,H36666,2,300.2,310.4,1501,42.9,212,0,0,0,0,0,0
7254,L54433,0,300.3,310.5,1522,39.1,217,0,0,0,0,0,0
7255,L54434,0,300.3,310.4,1493,37.5,219,0,0,0,0,0,0
7256,M22115,1,300.2,310.3,1704,29.4,221,0,0,0,0,0,0
7257,H36670,2,300.2,310.3,1408,42.5,0,0,0,0,0,0,0
7258,L54437,0,300.2,310.4,1518,41.8,5,0,0,0,0,0,0
7259,L54438,0,300.3,310.4,1742,25.9,7,0,0,0,0,0,0
7260,M22119,1,300.4,310.5,1500,43.0,9,0,0,0,0,0,0
7261,L54440,0,300.4,310.5,2424,14.5,12,0,0,0,0,0,0
7262,L54441,0,300.4,310.5,1818,25.1,14,0,0,0,0,0,0
7263,M22122,1,300.4,310.6,1545,35.6,16,0,0,0,0,0,0
7264,L54443,0,300.4,310.6,1429,46.9,19,0,0,0,0,0,0
7265,M22124,1,300.4,310.6,1448,44.9,21,0,0,0,0,0,0
7266,L54445,0,300.4,310.6,1384,48.7,24,0,0,0,0,0,0
7267,L54446,0,300.4,310.5,1578,32.8,26,0,0,0,0,0,0
7268,L54447,0,300.5,310.5,1695,26.7,28,0,0,0,0,0,0
7269,L54448,0,300.5,310.6,1543,36.2,30,0,0,0,0,0,0
7270,M22129,1,300.4,310.5,1540,33.4,32,0,0,0,0,0,0
7271,L54450,0,300.2,310.4,1808,25.8,35,0,0,0,0,0,0
7272,M22131,1,300.3,310.4,1293,49.7,37,0,0,0,0,0,0
7273,L54452,0,300.2,310.3,1202,59.5,40,0,0,0,0,0,0
7274,M22133,1,300.2,310.3,1704,29.2,42,0,0,0,0,0,0
7275,M22134,1,300.2,310.3,1478,38.1,45,0,0,0,0,0,0
7276,L54455,0,300.2,310.3,1514,38.7,48,0,0,0,0,0,0
7277,M22136,1,300.1,310.3,1350,48.8,50,0,0,0,0,0,0
7278,L54457,0,300.1,310.2,1475,54.2,53,0,0,0,0,0,0
7279,H36692,2,300.0,310.1,1714,28.7,55,0,0,0,0,0,0
7280,L54459,0,300.0,310.1,1465,40.9,60,0,0,0,0,0,0
7281,L54460,0,299.9,310.2,1288,69.6,62,1,0,0,1,0,0
7282,L54461,0,300.0,310.2,1675,29.7,64,0,0,0,0,0,0
7283,L54462,0,300.0,310.2,1486,36.4,66,0,0,0,0,0,0
7284,M22143,1,300.0,310.2,1443,58.7,68,0,0,0,0,0,0
7285,M22144,1,300.1,310.3,1345,57.1,71,0,0,0,0,0,0
7286,M22145,1,300.2,310.4,1202,61.7,74,0,0,0,0,0,0
7287,M22146,1,300.1,310.4,1480,37.1,77,0,0,0,0,0,0
7288,M22147,1,300.2,310.4,1530,35.7,80,0,0,0,0,0,0
7289,M22148,1,300.2,310.6,1983,20.8,83,0,0,0,0,0,0
7290,L54469,0,300.3,310.6,1433,53.8,86,0,0,0,0,0,0
7291,L54470,0,300.3,310.6,1806,24.4,88,0,0,0,0,0,0
7292,L54471,0,300.2,310.5,1416,46.7,90,0,0,0,0,0,0
7293,M22152,1,300.1,310.4,1556,38.1,92,0,0,0,0,0,0
7294,L54473,0,300.1,310.5,1627,29.2,95,0,0,0,0,0,0
7295,L54474,0,300.1,310.6,1809,24.3,97,0,0,0,0,0,0
7296,M22155,1,300.1,310.5,1329,57.4,99,0,0,0,0,0,0
7297,H36710,2,300.0,310.4,1881,21.9,102,0,0,0,0,0,0
7298,L54477,0,300.1,310.5,1500,39.8,107,0,0,0,0,0,0
7299,L54478,0,300.1,310.5,1532,36.0,109,0,0,0,0,0,0
7300,L54479,0,300.1,310.5,1492,50.9,111,0,0,0,0,0,0
7301,L54480,0,300.2,310.6,1431,42.3,113,0,0,0,0,0,0
7302,L54481,0,300.1,310.4,1554,39.4,115,0,0,0,0,0,0
7303,L54482,0,300.1,310.5,1494,44.2,117,0,0,0,0,0,0
7304,L54483,0,300.1,310.6,1374,45.4,119,0,0,0,0,0,0
7305,L54484,0,300.1,310.5,1394,44.3,121,0,0,0,0,0,0
7306,M22165,1,300.0,310.5,1790,25.7,123,0,0,0,0,0,0
7307,L54486,0,300.1,310.5,1356,45.8,126,0,0,0,0,0,0
7308,M22167,1,300.0,310.4,1385,52.1,128,0,0,0,0,0,0
7309,L54488,0,300.0,310.4,1333,49.1,131,0,0,0,0,0,0
7310,L54489,0,300.0,310.4,1505,44.9,133,0,0,0,0,0,0
7311,L54490,0,300.0,310.5,1606,33.5,135,0,0,0,0,0,0
7312,H36725,2,300.0,310.5,1558,36.7,137,0,0,0,0,0,0
7313,L54492,0,300.0,310.5,1412,52.4,142,0,0,0,0,0,0
7314,L54493,0,299.9,310.4,1408,38.4,144,0,0,0,0,0,0
7315,L54494,0,299.9,310.3,1268,53.3,146,0,0,0,0,0,0
7316,L54495,0,299.9,310.4,1470,50.0,148,0,0,0,0,0,0
7317,L54496,0,299.9,310.4,1497,47.0,150,0,0,0,0,0,0
7318,L54497,0,299.9,310.3,1638,29.1,152,0,0,0,0,0,0
7319,H36732,2,299.9,310.3,1535,43.9,154,0,0,0,0,0,0
7320,L54499,0,299.8,310.2,1654,32.7,159,0,0,0,0,0,0
7321,H36734,2,299.8,310.2,1411,49.7,161,0,0,0,0,0,0
7322,L54501,0,299.8,310.2,1911,23.5,166,0,0,0,0,0,0
7323,H36736,2,299.8,310.2,1573,33.3,168,0,0,0,0,0,0
7324,L54503,0,299.9,310.2,1479,46.3,173,0,0,0,0,0,0
7325,M22184,1,299.9,310.4,1820,26.6,175,0,0,0,0,0,0
7326,L54505,0,299.9,310.4,1419,45.7,178,0,0,0,0,0,0
7327,M22186,1,299.9,310.5,1335,52.9,180,0,0,0,0,0,0
7328,M22187,1,299.9,310.5,1576,39.4,183,0,0,0,0,0,0
7329,L54508,0,300.0,310.5,1517,42.2,186,0,0,0,0,0,0
7330,M22189,1,299.9,310.4,1576,34.3,188,0,0,0,0,0,0
7331,H36744,2,299.8,310.2,1537,36.6,191,0,0,0,0,0,0
7332,L54511,0,299.8,310.3,1524,34.2,196,0,0,0,0,0,0
7333,M22192,1,299.8,310.3,1805,23.7,198,0,0,0,0,0,0
7334,M22193,1,299.9,310.4,1367,53.3,201,0,0,0,0,0,0
7335,L54514,0,299.8,310.4,1694,30.3,204,0,0,0,0,0,0
7336,L54515,0,299.9,310.4,1328,49.9,206,0,0,0,0,0,0
7337,H36750,2,299.9,310.5,1549,42.8,208,0,0,0,0,0,0
7338,L54517,0,299.9,310.5,1539,32.8,213,0,0,0,0,0,0
7339,L54518,0,299.8,310.5,1496,38.8,215,0,0,0,0,0,0
7340,L54519,0,299.8,310.4,1579,36.4,0,0,0,0,0,0,0
7341,L54520,0,299.7,310.3,1386,46.6,2,0,0,0,0,0,0
7342,L54521,0,299.7,310.3,1505,37.7,4,0,0,0,0,0,0
7343,M22202,1,299.7,310.3,1661,34.5,6,0,0,0,0,0,0
7344,L54523,0,299.6,310.2,1468,48.0,9,0,0,0,0,0,0
7345,L54524,0,299.6,310.1,1384,49.8,11,0,0,0,0,0,0
7346,L54525,0,299.6,310.2,1381,60.5,13,0,0,0,0,0,0
7347,L54526,0,299.6,310.2,1469,47.0,15,0,0,0,0,0,0
7348,L54527,0,299.6,310.2,1627,36.6,17,0,0,0,0,0,0
7349,H36762,2,299.7,310.3,1462,40.4,19,0,0,0,0,0,0
7350,L54529,0,299.7,310.2,1633,36.5,24,0,0,0,0,0,0
7351,L54530,0,299.7,310.2,1469,39.5,26,0,0,0,0,0,0
7352,L54531,0,299.7,310.2,1458,43.4,28,0,0,0,0,0,0
7353,M22212,1,299.7,310.2,1440,42.8,30,0,0,0,0,0,0
7354,L54533,0,299.8,310.3,1687,30.4,33,0,0,0,0,0,0
7355,M22214,1,299.7,310.3,1429,47.7,35,0,0,0,0,0,0
7356,L54535,0,299.6,310.2,1588,34.1,38,0,0,0,0,0,0
7357,L54536,0,299.6,310.2,1333,51.2,40,0,0,0,0,0,0
7358,L54537,0,299.6,310.1,1487,42.9,42,0,0,0,0,0,0
7359,M22218,1,299.5,310.1,1659,31.5,44,0,0,0,0,0,0
7360,M22219,1,299.4,310.0,1512,43.2,47,0,0,0,0,0,0
7361,L54540,0,299.5,310.1,1585,35.2,50,0,0,0,0,0,0
7362,L54541,0,299.5,310.0,1502,38.5,52,0,0,0,0,0,0
7363,L54542,0,299.5,310.0,1594,35.1,54,0,0,0,0,0,0
7364,L54543,0,299.5,310.0,1412,48.9,56,0,0,0,0,0,0
7365,L54544,0,299.5,309.9,1402,51.7,58,0,0,0,0,0,0
7366,L54545,0,299.6,310.1,2057,20.4,60,0,0,0,0,0,0
7367,H36780,2,299.6,310.1,1531,36.8,62,0,0,0,0,0,0
7368,M22227,1,299.5,310.1,1359,61.1,67,0,0,0,0,0,0
7369,M22228,1,299.6,310.2,1620,30.0,70,0,0,0,0,0,0
7370,M22229,1,299.6,310.1,1646,29.6,73,0,0,0,0,0,0
7371,M22230,1,299.6,310.1,1455,46.1,76,0,0,0,0,0,0
7372,L54551,0,299.6,310.2,1512,44.0,79,0,0,0,0,0,0
7373,L54552,0,299.6,310.2,1473,42.7,81,0,0,0,0,0,0
7374,L54553,0,299.6,310.1,1553,38.0,83,0,0,0,0,0,0
7375,L54554,0,299.5,310.0,1379,50.4,85,0,0,0,0,0,0
7376,M22235,1,299.4,309.9,1567,40.6,87,0,0,0,0,0,0
7377,L54556,0,299.5,310.0,1481,43.1,90,0,0,0,0,0,0
7378,L54557,0,299.5,310.0,1349,52.7,92,0,0,0,0,0,0
7379,L54558,0,299.5,310.0,1388,52.4,94,0,0,0,0,0,0
7380,M22239,1,299.6,310.1,1357,48.7,96,0,0,0,0,0,0
7381,L54560,0,299.6,310.2,1743,24.8,99,0,0,0,0,0,0
7382,L54561,0,299.7,310.3,1495,43.1,101,0,0,0,0,0,0
7383,L54562,0,299.8,310.4,1698,28.3,103,0,0,0,0,0,0
7384,M22243,1,299.7,310.4,1410,44.5,105,0,0,0,0,0,0
7385,L54564,0,299.7,310.4,1614,36.2,108,0,0,0,0,0,0
7386,M22245,1,299.8,310.5,1375,53.9,110,0,0,0,0,0,0
7387,M22246,1,299.8,310.6,1574,31.8,113,0,0,0,0,0,0
7388,H36801,2,299.8,310.6,1423,44.6,116,0,0,0,0,0,0
7389,M22248,1,299.8,310.6,1694,31.3,121,0,0,0,0,0,0
7390,L54569,0,299.8,310.6,1707,32.5,124,0,0,0,0,0,0
7391,M22250,1,299.7,310.5,1490,41.2,126,0,0,0,0,0,0
7392,L54571,0,299.7,310.6,1675,31.3,129,0,0,0,0,0,0
7393,M22252,1,299.7,310.5,1492,39.3,131,0,0,0,0,0,0
7394,M22253,1,299.7,310.5,1594,35.4,134,0,0,0,0,0,0
7395,L54574,0,299.7,310.6,1479,38.0,137,0,0,0,0,0,0
7396,M22255,1,299.7,310.6,1572,38.0,139,0,0,0,0,0,0
7397,L54576,0,299.7,310.6,1616,35.1,142,0,0,0,0,0,0
7398,L54577,0,299.7,310.6,1737,26.1,144,0,0,0,0,0,0
7399,M22258,1,299.7,310.7,1498,37.8,146,0,0,0,0,0,0
7400,L54579,0,299.6,310.6,1642,35.1,149,0,0,0,0,0,0
7401,M22260,1,299.6,310.6,1633,34.2,151,0,0,0,0,0,0
7402,L54581,0,299.8,310.8,1409,51.9,154,0,0,0,0,0,0
7403,M22262,1,299.8,310.8,1463,43.5,156,0,0,0,0,0,0
7404,L54583,0,299.8,310.8,1376,48.6,159,0,0,0,0,0,0
7405,L54584,0,299.8,310.8,1553,32.2,161,0,0,0,0,0,0
7406,M22265,1,299.8,310.8,1530,35.2,163,0,0,0,0,0,0
7407,L54586,0,299.8,310.9,1545,40.7,166,0,0,0,0,0,0
7408,H36821,2,299.8,310.9,1427,47.2,168,0,0,0,0,0,0
7409,L54588,0,299.9,310.9,1292,51.1,173,0,0,0,0,0,0
7410,L54589,0,299.8,310.9,2084,17.6,175,0,0,0,0,0,0
7411,L54590,0,299.9,311.0,1747,27.6,177,0,0,0,0,0,0
7412,L54591,0,300.0,311.1,1425,47.8,179,0,0,0,0,0,0
7413,L54592,0,300.0,311.0,1637,33.6,181,0,0,0,0,0,0
7414,M22273,1,300.1,311.1,1616,35.2,183,0,0,0,0,0,0
7415,L54594,0,300.1,311.1,1619,33.4,186,0,0,0,0,0,0
7416,L54595,0,300.1,311.2,1489,39.1,188,0,0,0,0,0,0
7417,M22276,1,300.1,311.2,1452,42.4,190,0,0,0,0,0,0
7418,M22277,1,300.1,311.3,1495,41.0,193,0,0,0,0,0,0
7419,M22278,1,300.2,311.4,1427,39.7,196,0,0,0,0,0,0
7420,L54599,0,300.1,311.4,1572,36.2,199,0,0,0,0,0,0
7421,L54600,0,300.1,311.3,1547,40.0,201,0,0,0,0,0,0
7422,M22281,1,300.1,311.4,1342,48.5,203,0,0,0,0,0,0
7423,L54602,0,300.0,311.2,1351,44.1,206,0,0,0,0,0,0
7424,L54603,0,300.0,311.3,1407,47.3,208,0,0,0,0,0,0
7425,M22284,1,300.1,311.4,1575,29.8,210,0,0,0,0,0,0
7426,M22285,1,300.0,311.4,1791,24.1,213,0,0,0,0,0,0
7427,M22286,1,300.0,311.4,1692,29.0,216,1,1,0,0,0,0
7428,L54607,0,300.0,311.4,1634,31.9,0,0,0,0,0,0,0
7429,M22288,1,300.0,311.4,1864,23.3,2,0,0,0,0,0,0
7430,L54609,0,300.0,311.4,1590,33.6,5,0,0,0,0,0,0
7431,M22290,1,300.0,311.4,1384,46.1,7,0,0,0,0,0,0
7432,M22291,1,300.0,311.4,1352,61.8,10,0,0,0,0,0,0
7433,L54612,0,300.1,311.4,1484,43.1,13,0,0,0,0,0,0
7434,M22293,1,300.1,311.4,1913,21.9,15,0,0,0,0,0,0
7435,L54614,0,300.0,311.4,1508,38.2,18,0,0,0,0,0,0
7436,L54615,0,299.9,311.3,1504,40.7,20,0,0,0,0,0,0
7437,L54616,0,300.0,311.4,1487,41.2,22,0,0,0,0,0,0
7438,L54617,0,299.8,311.3,1727,30.0,24,0,0,0,0,0,0
7439,L54618,0,299.9,311.3,1647,27.5,26,0,0,0,0,0,0
7440,L54619,0,300.0,311.3,1493,41.4,28,0,0,0,0,0,0
7441,L54620,0,300.0,311.4,1655,29.6,30,0,0,0,0,0,0
7442,M22301,1,299.9,311.4,1337,54.8,32,0,0,0,0,0,0
7443,L54622,0,300.0,311.5,1601,36.9,35,0,0,0,0,0,0
7444,H36857,2,300.1,311.6,1589,37.9,37,0,0,0,0,0,0
7445,L54624,0,300.2,311.7,1286,55.1,42,0,0,0,0,0,0
7446,L54625,0,300.2,311.7,1553,41.3,44,0,0,0,0,0,0
7447,L54626,0,300.2,311.8,1379,51.0,46,0,0,0,0,0,0
7448,M22307,1,300.3,311.9,1677,30.8,48,0,0,0,0,0,0
7449,L54628,0,300.3,311.8,1488,38.4,51,0,0,0,0,0,0
7450,L54629,0,300.3,311.8,1418,45.9,53,0,0,0,0,0,0
7451,L54630,0,300.3,311.8,1451,41.0,55,0,0,0,0,0,0
7452,L54631,0,300.3,311.8,1508,43.1,57,0,0,0,0,0,0
7453,L54632,0,300.3,311.7,1579,33.6,59,0,0,0,0,0,0
7454,H36867,2,300.3,311.7,1432,47.7,61,0,0,0,0,0,0
7455,L54634,0,300.2,311.6,1446,47.3,66,0,0,0,0,0,0
7456,M22315,1,300.2,311.7,1597,39.5,68,0,0,0,0,0,0
7457,M22316,1,300.2,311.7,1397,50.2,71,0,0,0,0,0,0
7458,L54637,0,300.1,311.6,1530,36.6,74,0,0,0,0,0,0
7459,M22318,1,300.1,311.6,1433,51.4,76,0,0,0,0,0,0
7460,L54639,0,300.0,311.5,1591,32.0,79,0,0,0,0,0,0
7461,L54640,0,300.0,311.5,1445,41.6,81,0,0,0,0,0,0
7462,L54641,0,300.0,311.5,1749,28.3,83,0,0,0,0,0,0
7463,L54642,0,300.0,311.3,1703,30.4,85,0,0,0,0,0,0
7464,H36877,2,300.1,311.4,1518,46.9,87,0,0,0,0,0,0
7465,L54644,0,300.1,311.3,1535,42.3,92,0,0,0,0,0,0
7466,M22325,1,300.1,311.4,1390,52.1,94,0,0,0,0,0,0
7467,H36880,2,300.3,311.6,1801,23.6,97,0,0,0,0,0,0
7468,H36881,2,300.3,311.6,1463,41.6,102,0,0,0,0,0,0
7469,L54648,0,300.3,311.6,1560,37.7,107,0,0,0,0,0,0
7470,L54649,0,300.3,311.6,1607,33.5,109,0,0,0,0,0,0
7471,L54650,0,300.4,311.6,1332,54.6,111,0,0,0,0,0,0
7472,L54651,0,300.3,311.7,1365,53.3,113,0,0,0,0,0,0
7473,M22332,1,300.3,311.6,1617,32.5,115,0,0,0,0,0,0
7474,M22333,1,300.3,311.6,1304,62.8,118,0,0,0,0,0,0
7475,L54654,0,300.3,311.7,1989,22.3,121,0,0,0,0,0,0
7476,H36889,2,300.3,311.6,1339,53.4,123,0,0,0,0,0,0
7477,L54656,0,300.2,311.5,1492,41.8,128,0,0,0,0,0,0
7478,M22337,1,300.1,311.3,1518,40.2,130,0,0,0,0,0,0
7479,L54658,0,300.1,311.3,1479,39.5,133,0,0,0,0,0,0
7480,M22339,1,300.1,311.3,1523,34.1,135,0,0,0,0,0,0
7481,M22340,1,300.2,311.4,1570,35.3,138,0,0,0,0,0,0
7482,H36895,2,300.2,311.4,1506,36.1,141,0,0,0,0,0,0
7483,M22342,1,300.2,311.6,1510,47.5,146,0,0,0,0,0,0
7484,L54663,0,300.2,311.6,1671,28.8,149,0,0,0,0,0,0
7485,M22344,1,300.3,311.6,1312,53.4,151,0,0,0,0,0,0
7486,L54665,0,300.3,311.6,1595,38.8,154,0,0,0,0,0,0
7487,L54666,0,300.3,311.7,1635,31.8,156,0,0,0,0,0,0
7488,L54667,0,300.3,311.7,1707,33.6,158,0,0,0,0,0,0
7490,M22349,1,300.2,311.6,1751,28.0,162,0,0,0,0,0,0
7491,M22350,1,300.4,311.8,1707,30.0,165,0,0,0,0,0,0
7492,L54671,0,300.4,311.8,1320,57.9,168,0,0,0,0,0,0
7493,M22352,1,300.3,311.7,1319,51.4,170,0,0,0,0,0,0
7494,L54673,0,300.2,311.7,1448,54.2,173,0,0,0,0,0,0
7495,L54674,0,300.2,311.8,1436,48.2,175,0,0,0,0,0,0
7496,L54675,0,300.3,311.9,1609,34.0,177,0,0,0,0,0,0
7497,L54676,0,300.2,311.8,1464,44.5,179,0,0,0,0,0,0
7498,M22357,1,300.3,311.8,1483,45.1,181,0,0,0,0,0,0
7499,M22358,1,300.2,311.8,1748,28.5,184,0,0,0,0,0,0
7500,L54679,0,300.3,311.8,1746,26.3,187,0,0,0,0,0,0
7501,L54680,0,300.2,311.8,1410,51.4,189,0,0,0,0,0,0
7502,L54681,0,300.2,311.7,1640,30.8,191,0,0,0,0,0,0
7503,H36916,2,300.3,311.7,1655,29.9,193,0,0,0,0,0,0
7504,M22363,1,300.3,311.7,1646,28.9,198,0,0,0,0,0,0
7505,L54684,0,300.4,311.8,1589,42.0,201,0,0,0,0,0,0
7506,L54685,0,300.5,311.9,1546,39.4,203,0,0,0,0,0,0
7507,L54686,0,300.5,311.9,1511,41.8,205,0,0,0,0,0,0
7508,L54687,0,300.5,311.9,1750,28.3,207,0,0,0,0,0,0
7509,M22368,1,300.5,311.9,1730,27.5,209,0,0,0,0,0,0
7510,L54689,0,300.6,311.9,1372,60.1,212,1,0,0,0,1,0
7511,L54690,0,300.5,311.8,1524,38.9,214,1,1,0,0,0,0
7512,L54691,0,300.4,311.8,1601,36.1,0,0,0,0,0,0,0
7513,M22372,1,300.5,311.8,1636,34.4,2,0,0,0,0,0,0
7514,L54693,0,300.4,311.8,2261,14.9,5,0,0,0,0,0,0
7515,L54694,0,300.4,311.8,1636,32.3,7,0,0,0,0,0,0
7516,M22375,1,300.4,311.9,1335,58.3,9,0,0,0,0,0,0
7517,M22376,1,300.3,311.7,1236,57.5,12,0,0,0,0,0,0
7518,L54697,0,300.3,311.7,1445,47.3,15,0,0,0,0,0,0
7519,L54698,0,300.2,311.5,1500,40.8,17,0,0,0,0,0,0
7520,L54699,0,300.2,311.6,1999,21.0,19,0,0,0,0,0,0
7521,L54700,0,300.2,311.6,1529,35.5,21,0,0,0,0,0,0
7522,M22381,1,300.2,311.6,1467,40.7,23,0,0,0,0,0,0
7523,L54702,0,300.1,311.5,1334,54.0,26,0,0,0,0,0,0
7524,M22383,1,300.1,311.5,1343,46.2,28,0,0,0,0,0,0
7525,L54704,0,300.2,311.5,1639,31.1,31,0,0,0,0,0,0
7526,H36939,2,300.1,311.5,1383,49.1,33,0,0,0,0,0,0
7527,L54706,0,300.1,311.4,1660,31.4,38,0,0,0,0,0,0
7528,L54707,0,300.1,311.3,1470,45.2,40,0,0,0,0,0,0
7529,M22388,1,300.1,311.3,1748,26.6,42,0,0,0,0,0,0
7530,L54709,0,300.1,311.4,1467,35.7,45,0,0,0,0,0,0
7531,M22390,1,300.1,311.4,1617,39.3,47,0,0,0,0,0,0
7532,H36945,2,300.1,311.4,1377,56.7,50,0,0,0,0,0,0
7533,M22392,1,300.0,311.3,1629,32.1,55,0,0,0,0,0,0
7534,L54713,0,300.0,311.2,1504,37.9,58,0,0,0,0,0,0
7535,L54714,0,300.0,311.2,1418,47.3,60,0,0,0,0,0,0
7536,L54715,0,300.0,311.2,1629,31.7,62,0,0,0,0,0,0
7537,L54716,0,300.1,311.3,2579,12.5,64,1,0,0,1,0,0
7538,L54717,0,300.1,311.3,1305,64.7,66,0,0,0,0,0,0
7539,M22398,1,300.2,311.4,1450,38.5,68,0,0,0,0,0,0
7540,L54719,0,300.2,311.3,1487,36.9,71,0,0,0,0,0,0
7541,M22400,1,300.2,311.3,1587,31.2,73,0,0,0,0,0,0
7542,M22401,1,300.3,311.5,1528,40.9,76,0,0,0,0,0,0
7543,M22402,1,300.4,311.6,1401,49.9,79,0,0,0,0,0,0
7544,L54723,0,300.3,311.5,1446,45.0,82,0,0,0,0,0,0
7545,L54724,0,300.2,311.4,1425,44.2,84,0,0,0,0,0,0
7546,L54725,0,300.2,311.4,1891,22.6,86,0,0,0,0,0,0
7547,H36960,2,300.2,311.5,1454,42.8,88,0,0,0,0,0,0
7548,L54727,0,300.1,311.4,1430,40.9,93,0,0,0,0,0,0
7549,L54728,0,300.2,311.4,1495,43.6,95,0,0,0,0,0,0
7550,L54729,0,300.3,311.4,1544,41.6,97,0,0,0,0,0,0
7551,M22410,1,300.3,311.4,1554,34.3,99,0,0,0,0,0,0
7552,M22411,1,300.2,311.3,1491,37.3,102,0,0,0,0,0,0
7553,L54732,0,300.3,311.3,1525,40.7,105,0,0,0,0,0,0
7554,L54733,0,300.3,311.3,1505,39.6,107,0,0,0,0,0,0
7555,M22414,1,300.3,311.4,1371,50.2,109,0,0,0,0,0,0
7556,L54735,0,300.3,311.3,1332,60.5,112,0,0,0,0,0,0
7557,L54736,0,300.3,311.4,1471,37.0,114,0,0,0,0,0,0
7558,M22417,1,300.4,311.5,1750,27.3,116,0,0,0,0,0,0
7559,M22418,1,300.3,311.4,1386,48.1,119,0,0,0,0,0,0
7560,M22419,1,300.4,311.4,1355,56.2,122,0,0,0,0,0,0
7561,M22420,1,300.3,311.3,1377,53.8,125,0,0,0,0,0,0
7562,L54741,0,300.3,311.1,1388,49.4,128,0,0,0,0,0,0
7563,M22422,1,300.3,311.1,1350,58.7,130,0,0,0,0,0,0
7564,M22423,1,300.4,311.2,1831,23.4,133,0,0,0,0,0,0
7565,M22424,1,300.3,311.2,1381,65.2,136,1,0,0,1,0,0
7566,M22425,1,300.3,311.2,1783,25.6,139,0,0,0,0,0,0
7567,L54746,0,300.3,311.0,1613,34.7,142,0,0,0,0,0,0
7568,M22427,1,300.2,311.0,2370,14.7,144,0,0,0,0,0,0
7569,L54748,0,300.2,311.0,1627,33.7,147,0,0,0,0,0,0
7570,L54749,0,300.2,311.0,1255,71.8,149,1,0,0,1,0,0
7571,H36984,2,300.2,311.0,1777,27.5,151,0,0,0,0,0,0
7572,L54751,0,300.3,311.1,1606,30.9,156,0,0,0,0,0,0
7573,L54752,0,300.3,311.1,1676,28.6,158,0,0,0,0,0,0
7574,L54753,0,300.3,311.1,1605,37.1,160,0,0,0,0,0,0
7575,L54754,0,300.4,311.1,1487,37.4,162,0,0,0,0,0,0
7576,L54755,0,300.4,311.2,1471,46.5,164,0,0,0,0,0,0
7577,M22436,1,300.3,311.1,1477,44.2,166,0,0,0,0,0,0
7578,L54757,0,300.4,311.2,1530,32.0,169,0,0,0,0,0,0
7579,L54758,0,300.4,311.2,1673,28.9,171,0,0,0,0,0,0
7580,L54759,0,300.4,311.2,1436,56.8,173,0,0,0,0,0,0
7581,L54760,0,300.4,311.3,1495,51.2,175,0,0,0,0,0,0
7582,M22441,1,300.4,311.2,1366,56.1,177,0,0,0,0,0,0
7583,H36996,2,300.4,311.2,1489,45.3,180,0,0,0,0,0,0
7584,L54763,0,300.3,311.1,1480,46.6,185,0,0,0,0,0,0
7585,L54764,0,300.4,311.2,1472,37.3,187,0,0,0,0,0,0
7586,L54765,0,300.4,311.1,1397,50.8,189,0,0,0,0,0,0
7587,L54766,0,300.4,311.1,1589,35.5,191,0,0,0,0,0,0
7588,L54767,0,300.4,311.1,1405,54.1,193,0,0,0,0,0,0
7589,L54768,0,300.4,311.1,2013,20.1,195,0,0,0,0,0,0
7590,L54769,0,300.4,311.0,1802,26.0,197,0,0,0,0,0,0
7591,M22450,1,300.4,311.0,1433,46.1,199,0,0,0,0,0,0
7592,M22451,1,300.5,311.1,1296,61.3,202,1,0,0,0,1,0
7593,M22452,1,300.5,311.2,1551,36.6,205,0,0,0,0,0,0
7594,L54773,0,300.5,311.2,1270,67.5,208,1,0,0,0,1,0
7595,L54774,0,300.6,311.3,1531,38.5,0,0,0,0,0,0,0
7596,H37009,2,300.5,311.2,1397,45.2,2,0,0,0,0,0,0
7597,L54776,0,300.5,311.1,1547,37.2,7,0,0,0,0,0,0
7598,L54777,0,300.5,311.0,2074,18.9,9,0,0,0,0,0,0
7599,L54778,0,300.5,311.1,1491,42.6,11,0,0,0,0,0,0
7600,L54779,0,300.5,311.0,1759,28.3,13,0,0,0,0,0,0
7601,M22460,1,300.4,311.0,1595,35.4,15,0,0,0,0,0,0
7602,L54781,0,300.4,311.2,1351,62.0,18,0,0,0,0,0,0
7603,L54782,0,300.4,311.2,1705,28.7,20,0,0,0,0,0,0
7604,L54783,0,300.4,311.2,1406,43.6,22,0,0,0,0,0,0
7605,L54784,0,300.4,311.3,1639,34.6,24,0,0,0,0,0,0
7606,H37019,2,300.4,311.3,2026,20.3,26,0,0,0,0,0,0
7607,M22466,1,300.4,311.3,1350,56.5,31,0,0,0,0,0,0
7608,M22467,1,300.5,311.3,1468,41.1,34,0,0,0,0,0,0
7609,L54788,0,300.5,311.4,1642,27.1,37,0,0,0,0,0,0
7610,L54789,0,300.5,311.3,1490,41.8,39,0,0,0,0,0,0
7611,M22470,1,300.5,311.3,1507,43.4,41,0,0,0,0,0,0
7612,L54791,0,300.5,311.4,1611,32.7,44,0,0,0,0,0,0
7613,M22472,1,300.5,311.4,1743,27.6,46,0,0,0,0,0,0
7614,L54793,0,300.5,311.3,1475,46.3,49,0,0,0,0,0,0
7615,L54794,0,300.5,311.4,1432,47.5,51,0,0,0,0,0,0
7616,L54795,0,300.5,311.4,1442,47.0,53,0,0,0,0,0,0
7617,M22476,1,300.6,311.4,1468,40.4,55,0,0,0,0,0,0
7618,L54797,0,300.5,311.4,1556,45.3,58,0,0,0,0,0,0
7619,M22478,1,300.5,311.4,1312,51.4,60,0,0,0,0,0,0
7620,L54799,0,300.6,311.5,1459,47.0,63,0,0,0,0,0,0
7621,L54800,0,300.5,311.5,1651,36.9,65,0,0,0,0,0,0
7622,L54801,0,300.5,311.5,1490,38.4,67,0,0,0,0,0,0
7623,M22482,1,300.6,311.6,1473,31.5,69,0,0,0,0,0,0
7624,L54803,0,300.6,311.7,1734,29.9,72,0,0,0,0,0,0
7625,L54804,0,300.6,311.7,1507,45.5,74,0,0,0,0,0,0
7626,L54805,0,300.6,311.7,1556,34.9,76,0,0,0,0,0,0
7627,H37040,2,300.5,311.6,1351,53.5,78,0,0,0,0,0,0
7628,L54807,0,300.5,311.7,1445,44.8,83,0,0,0,0,0,0
7629,L54808,0,300.5,311.7,1619,32.7,85,0,0,0,0,0,0
7630,M22489,1,300.5,311.7,1269,64.0,87,0,0,0,0,0,0
7631,L54810,0,300.5,311.6,1534,37.7,90,0,0,0,0,0,0
7632,L54811,0,300.5,311.6,1444,49.3,92,0,0,0,0,0,0
7633,L54812,0,300.5,311.6,1744,26.8,94,0,0,0,0,0,0
7634,L54813,0,300.4,311.5,1441,44.6,96,0,0,0,0,0,0
7635,M22494,1,300.3,311.3,1506,40.7,98,0,0,0,0,0,0
7636,L54815,0,300.3,311.4,1526,38.5,101,0,0,0,0,0,0
7637,L54816,0,300.4,311.5,1704,29.7,103,0,0,0,0,0,0
7638,H37051,2,300.4,311.4,1445,52.4,105,0,0,0,0,0,0
7639,L54818,0,300.5,311.5,1661,35.9,110,0,0,0,0,0,0
7640,L54819,0,300.5,311.4,1466,41.8,112,0,0,0,0,0,0
7641,L54820,0,300.4,311.3,1608,35.1,114,0,0,0,0,0,0
7642,M22501,1,300.4,311.4,1352,57.3,116,0,0,0,0,0,0
7643,M22502,1,300.4,311.4,1604,31.7,119,0,0,0,0,0,0
7644,H37057,2,300.4,311.4,1427,50.7,122,0,0,0,0,0,0
7645,L54824,0,300.4,311.4,1424,44.6,127,0,0,0,0,0,0
7646,L54825,0,300.4,311.4,1662,29.3,129,0,0,0,0,0,0
7647,L54826,0,300.4,311.4,1936,23.9,131,0,0,0,0,0,0
7648,L54827,0,300.4,311.4,1728,31.7,133,0,0,0,0,0,0
7649,L54828,0,300.4,311.4,1552,28.8,135,0,0,0,0,0,0
7650,H37063,2,300.4,311.5,1662,29.0,137,0,0,0,0,0,0
7651,L54830,0,300.3,311.4,1343,57.7,142,0,0,0,0,0,0
7652,M22511,1,300.4,311.5,1476,32.6,144,0,0,0,0,0,0
7653,L54832,0,300.3,311.4,1346,51.1,147,0,0,0,0,0,0
7654,L54833,0,300.4,311.5,1492,44.6,149,0,0,0,0,0,0
7655,M22514,1,300.3,311.5,1540,41.5,151,0,0,0,0,0,0
7656,L54835,0,300.4,311.5,1596,32.5,154,0,0,0,0,0,0
7657,L54836,0,300.5,311.6,1541,47.8,156,0,0,0,0,0,0
7658,L54837,0,300.5,311.6,1661,30.0,158,0,0,0,0,0,0
7659,M22518,1,300.4,311.6,1359,55.4,160,0,0,0,0,0,0
7660,L54839,0,300.5,311.6,1528,42.4,163,0,0,0,0,0,0
7661,M22520,1,300.5,311.6,1246,52.9,165,0,0,0,0,0,0
7662,L54841,0,300.5,311.6,1575,32.5,168,0,0,0,0,0,0
7663,M22522,1,300.5,311.6,1658,30.4,170,0,0,0,0,0,0
7664,L54843,0,300.5,311.6,1385,54.8,173,0,0,0,0,0,0
7665,H37078,2,300.5,311.7,1454,50.3,175,0,0,0,0,0,0
7666,L54845,0,300.5,311.6,1497,40.5,180,0,0,0,0,0,0
7667,M22526,1,300.6,311.7,1424,50.8,182,0,0,0,0,0,0
7668,L54847,0,300.6,311.7,1528,43.9,185,0,0,0,0,0,0
7669,L54848,0,300.6,311.8,1539,37.0,187,0,0,0,0,0,0
7670,L54849,0,300.7,311.8,1336,58.4,189,1,0,0,0,1,0
7671,L54850,0,300.5,311.6,1525,37.6,191,0,0,0,0,0,0
7672,M22531,1,300.5,311.6,1456,51.1,193,0,0,0,0,0,0
7673,M22532,1,300.5,311.7,2141,17.2,196,0,0,0,0,0,0
7674,M22533,1,300.5,311.6,1476,39.1,199,0,0,0,0,0,0
7675,L54854,0,300.5,311.6,1509,47.2,202,0,0,0,0,0,0
7676,L54855,0,300.5,311.6,1447,45.4,204,0,0,0,0,0,0
7677,L54856,0,300.6,311.7,1448,49.1,206,0,0,0,0,0,0
7678,L54857,0,300.6,311.7,1428,52.6,208,0,0,0,0,0,0
7679,M22538,1,300.6,311.7,1389,52.1,210,0,0,0,0,0,0
7680,L54859,0,300.7,311.7,1635,32.4,213,0,0,0,0,0,0
7681,L54860,0,300.7,311.7,1395,43.7,215,0,0,0,0,0,0
7682,L54861,0,300.7,311.8,1443,43.7,217,0,0,0,0,0,0
7683,M22542,1,300.7,311.7,1412,49.1,219,0,0,0,0,0,0
7684,L54863,0,300.7,311.7,1524,43.5,222,0,0,0,0,0,0
7685,M22544,1,300.7,311.8,1407,42.4,224,0,0,0,0,0,0
7686,L54865,0,300.8,311.7,1397,43.5,227,0,0,0,0,0,0
7687,M22546,1,300.7,311.7,1504,36.9,229,0,0,0,0,0,0
7688,M22547,1,300.7,311.7,2097,18.9,232,1,1,0,0,0,0
7689,L54868,0,300.6,311.7,1553,39.8,0,0,0,0,0,0,0
7690,L54869,0,300.6,311.7,1432,39.2,2,0,0,0,0,0,0
7691,M22550,1,300.5,311.6,1577,36.5,4,0,0,0,0,0,0
7692,M22551,1,300.5,311.5,1370,56.1,7,0,0,0,0,0,0
7693,H37106,2,300.5,311.6,1506,36.2,10,0,0,0,0,0,0
7694,L54873,0,300.6,311.6,1964,21.4,15,0,0,0,0,0,0
7695,H37108,2,300.6,311.7,1500,36.7,17,0,0,0,0,0,0
7696,L54875,0,300.6,311.7,1488,47.7,22,0,0,0,0,0,0
7697,H37110,2,300.6,311.5,1282,60.2,24,0,0,0,0,0,0
7698,L54877,0,300.5,311.4,1400,45.1,29,0,0,0,0,0,0
7699,L54878,0,300.6,311.5,1419,38.6,31,0,0,0,0,0,0
7700,M22559,1,300.7,311.5,1441,40.6,33,0,0,0,0,0,0
7701,M22560,1,300.7,311.6,1348,62.5,36,0,0,0,0,0,0
7702,H37115,2,300.8,311.7,1468,38.7,39,0,0,0,0,0,0
7703,M22562,1,300.7,311.7,1701,30.8,44,0,0,0,0,0,0
7704,H37117,2,300.7,311.7,1864,23.6,47,0,0,0,0,0,0
7705,M22564,1,300.6,311.6,1630,31.8,52,0,0,0,0,0,0
7706,L54885,0,300.5,311.5,1316,49.7,55,0,0,0,0,0,0
7707,L54886,0,300.5,311.5,1708,31.2,57,0,0,0,0,0,0
7708,H37121,2,300.5,311.4,1679,27.5,59,0,0,0,0,0,0
7709,L54888,0,300.5,311.4,1709,32.3,64,0,0,0,0,0,0
7710,L54889,0,300.5,311.4,1445,41.5,66,0,0,0,0,0,0
7711,M22570,1,300.5,311.4,1390,51.9,68,0,0,0,0,0,0
7712,L54891,0,300.4,311.4,1309,55.5,71,0,0,0,0,0,0
7713,L54892,0,300.5,311.5,1499,37.6,73,0,0,0,0,0,0
7714,M22573,1,300.5,311.4,2072,18.8,75,0,0,0,0,0,0
7715,L54894,0,300.5,311.5,1487,43.0,78,0,0,0,0,0,0
7716,L54895,0,300.5,311.5,1302,49.6,80,0,0,0,0,0,0
7717,M22576,1,300.5,311.5,1378,48.2,82,0,0,0,0,0,0
7718,L54897,0,300.5,311.6,1365,53.0,85,0,0,0,0,0,0
7719,H37132,2,300.6,311.7,1427,44.6,87,0,0,0,0,0,0
7720,H37133,2,300.6,311.7,1535,33.3,92,0,0,0,0,0,0
7721,H37134,2,300.5,311.6,1476,41.7,97,0,0,0,0,0,0
7722,L54901,0,300.5,311.6,1425,42.4,102,0,0,0,0,0,0
7723,L54902,0,300.5,311.7,1409,54.7,104,0,0,0,0,0,0
7724,L54903,0,300.5,311.6,1730,30.2,106,0,0,0,0,0,0
7725,M22584,1,300.5,311.6,1454,41.4,108,0,0,0,0,0,0
7726,L54905,0,300.6,311.7,1744,26.9,111,0,0,0,0,0,0
7727,M22586,1,300.8,311.9,1761,29.0,113,0,0,0,0,0,0
7728,M22587,1,300.7,311.9,1657,30.9,116,0,0,0,0,0,0
7729,L54908,0,300.7,311.8,1420,47.0,119,0,0,0,0,0,0
7730,H37143,2,300.7,311.9,1329,59.2,121,0,0,0,0,0,0
7731,L54910,0,300.6,311.9,1472,44.2,126,0,0,0,0,0,0
7732,L54911,0,300.6,312.0,1566,30.1,128,0,0,0,0,0,0
7733,L54912,0,300.6,312.0,1430,42.7,130,0,0,0,0,0,0
7734,L54913,0,300.6,312.0,1481,40.9,132,0,0,0,0,0,0
7735,L54914,0,300.6,312.0,1670,29.4,134,0,0,0,0,0,0
7736,L54915,0,300.6,312.0,1406,55.1,136,0,0,0,0,0,0
7737,H37150,2,300.6,312.1,1354,46.9,138,0,0,0,0,0,0
7738,M22597,1,300.5,312.0,1985,19.3,143,0,0,0,0,0,0
7739,M22598,1,300.5,312.0,1263,60.8,146,0,0,0,0,0,0
7740,L54919,0,300.5,311.9,1576,31.1,149,0,0,0,0,0,0
7741,L54920,0,300.5,312.0,1453,45.1,151,0,0,0,0,0,0
7742,L54921,0,300.5,312.0,1478,39.0,153,0,0,0,0,0,0
7743,M22602,1,300.5,311.9,1323,57.9,155,0,0,0,0,0,0
7744,L54923,0,300.5,311.9,1710,28.4,158,0,0,0,0,0,0
7745,L54924,0,300.4,311.7,1314,59.5,160,0,0,0,0,0,0
7746,L54925,0,300.4,311.7,1460,39.6,162,0,0,0,0,0,0
7747,M22606,1,300.4,311.7,1508,45.4,164,0,0,0,0,0,0
7748,M22607,1,300.5,311.8,1331,55.3,167,0,0,0,0,0,0
7749,L54928,0,300.4,311.7,1515,47.4,170,0,0,0,0,0,0
7750,L54929,0,300.4,311.6,1674,33.0,172,0,0,0,0,0,0
7751,L54930,0,300.4,311.7,1444,51.2,174,0,0,0,0,0,0
7752,M22611,1,300.4,311.7,1398,42.6,176,0,0,0,0,0,0
7753,M22612,1,300.4,311.7,1832,24.2,179,0,0,0,0,0,0
7754,M22613,1,300.5,311.8,1591,42.0,182,0,0,0,0,0,0
7755,M22614,1,300.4,311.7,1478,39.9,185,0,0,0,0,0,0
7756,M22615,1,300.4,311.8,1362,47.6,188,0,0,0,0,0,0
7757,L54936,0,300.5,311.8,1368,57.9,191,1,0,0,0,1,0
7758,M22617,1,300.3,311.7,1723,28.3,193,0,0,0,0,0,0
7759,L54938,0,300.4,311.8,1689,30.8,196,0,0,0,0,0,0
7760,L54939,0,300.4,311.8,1272,59.2,198,1,0,0,0,1,0
7761,M22620,1,300.4,311.7,1511,33.0,200,0,0,0,0,0,0
7762,H37175,2,300.4,311.6,1715,30.8,203,0,0,0,0,0,0
7763,M22622,1,300.3,311.5,1400,43.8,0,0,0,0,0,0,0
7764,L54943,0,300.4,311.6,1200,76.6,3,1,0,0,1,0,0
7765,M22624,1,300.4,311.7,1555,38.7,5,0,0,0,0,0,0
7766,H37179,2,300.3,311.6,1427,56.2,8,0,0,0,0,0,0
7767,L54946,0,300.3,311.4,1318,52.7,13,0,0,0,0,0,0
7768,H37181,2,300.2,311.4,1319,54.6,15,0,0,0,0,0,0
7769,M22628,1,300.2,311.4,1960,20.9,20,0,0,0,0,0,0
7770,L54949,0,300.3,311.5,1552,38.9,23,0,0,0,0,0,0
7771,L54950,0,300.3,311.5,1548,32.2,25,0,0,0,0,0,0
7772,L54951,0,300.3,311.6,1709,29.5,27,0,0,0,0,0,0
7773,H37186,2,300.3,311.5,1464,41.0,29,0,0,0,0,0,0
7774,L54953,0,300.3,311.4,1759,24.8,34,0,0,0,0,0,0
7775,L54954,0,300.3,311.5,1634,31.9,36,0,0,0,0,0,0
7776,L54955,0,300.3,311.5,1663,33.6,38,0,0,0,0,0,0
7777,M22636,1,300.3,311.5,1445,47.3,40,0,0,0,0,0,0
7778,L54957,0,300.3,311.5,1695,25.6,43,0,0,0,0,0,0
7779,L54958,0,300.4,311.6,1517,39.0,45,0,0,0,0,0,0
7780,L54959,0,300.5,311.7,1811,26.8,47,0,0,0,0,0,0
7781,L54960,0,300.4,311.6,1815,23.5,49,0,0,0,0,0,0
7782,L54961,0,300.4,311.7,1513,40.0,51,0,0,0,0,0,0
7783,M22642,1,300.4,311.6,1518,36.4,53,0,0,0,0,0,0
7784,L54963,0,300.3,311.5,1667,28.8,56,0,0,0,0,0,0
7785,L54964,0,300.3,311.5,1403,60.1,58,0,0,0,0,0,0
7786,L54965,0,300.2,311.5,1383,42.1,60,0,0,0,0,0,0
7787,L54966,0,300.3,311.5,1466,46.2,62,0,0,0,0,0,0
7788,L54967,0,300.3,311.5,1378,47.5,64,0,0,0,0,0,0
7789,M22648,1,300.2,311.5,1547,40.9,66,0,0,0,0,0,0
7790,L54969,0,300.2,311.5,1495,38.5,69,0,0,0,0,0,0
7791,L54970,0,300.1,311.4,1729,29.3,71,0,0,0,0,0,0
7792,L54971,0,300.1,311.4,1418,47.7,73,0,0,0,0,0,0
7793,H37206,2,300.1,311.4,1485,40.4,75,0,0,0,0,0,0
7794,L54973,0,300.1,311.5,1434,40.8,80,0,0,0,0,0,0
7795,M22654,1,300.2,311.6,1415,55.8,82,0,0,0,0,0,0
7796,H37209,2,300.1,311.6,1674,29.6,85,0,0,0,0,0,0
7797,L54976,0,300.1,311.5,1454,52.4,90,0,0,0,0,0,0
7798,L54977,0,300.0,311.4,1476,39.0,92,0,0,0,0,0,0
7799,L54978,0,300.0,311.5,1812,28.3,94,0,0,0,0,0,0
7800,L54979,0,300.0,311.4,1374,41.9,96,0,0,0,0,0,0
7801,M22660,1,300.1,311.4,1524,40.6,98,0,0,0,0,0,0
7802,L54981,0,300.0,311.4,1383,49.6,101,0,0,0,0,0,0
7803,L54982,0,299.9,311.3,1429,58.2,103,0,0,0,0,0,0
7804,M22663,1,299.8,311.3,1517,41.2,105,0,0,0,0,0,0
7805,M22664,1,299.9,311.4,1480,44.9,108,0,0,0,0,0,0
7806,L54985,0,299.9,311.4,1706,28.8,111,0,0,0,0,0,0
7807,L54986,0,300.0,311.5,1349,48.6,113,0,0,0,0,0,0
7808,M22667,1,300.0,311.5,1451,49.0,115,0,0,0,0,0,0
7809,L54988,0,299.9,311.4,1627,36.7,118,0,0,0,0,0,0
7810,M22669,1,300.0,311.4,1537,35.4,120,0,0,0,0,0,0
7811,L54990,0,300.1,311.5,2218,17.0,123,0,0,0,0,0,0
7812,M22671,1,300.0,311.4,1466,39.0,125,0,0,0,0,0,0
7813,L54992,0,300.0,311.5,1666,32.0,128,0,0,0,0,0,0
7814,L54993,0,300.0,311.5,1455,41.7,130,0,0,0,0,0,0
7815,L54994,0,300.0,311.4,1927,24.6,132,0,0,0,0,0,0
7816,M22675,1,299.9,311.3,1703,28.4,134,0,0,0,0,0,0
7817,L54996,0,299.8,311.2,1533,35.9,137,0,0,0,0,0,0
7818,H37231,2,299.8,311.3,1785,25.4,139,0,0,0,0,0,0
7819,L54998,0,299.8,311.2,2142,16.6,144,0,0,0,0,0,0
7820,L54999,0,299.8,311.2,1369,46.2,146,0,0,0,0,0,0
7821,M22680,1,299.8,311.2,1706,29.2,148,0,0,0,0,0,0
7822,L55001,0,299.9,311.3,1802,24.4,151,0,0,0,0,0,0
7823,H37236,2,299.9,311.3,1413,41.8,153,0,0,0,0,0,0
7824,L55003,0,300.0,311.3,1484,53.2,158,0,0,0,0,0,0
7825,L55004,0,299.9,311.3,1535,38.1,160,0,0,0,0,0,0
7826,M22685,1,299.9,311.2,1579,35.5,162,0,0,0,0,0,0
7827,L55006,0,299.8,311.1,1300,64.2,165,0,0,0,0,0,0
7828,M22687,1,299.8,311.1,1452,44.3,167,0,0,0,0,0,0
7829,M22688,1,299.8,311.1,1562,35.7,170,0,0,0,0,0,0
7830,L55009,0,299.8,311.2,1664,28.3,173,0,0,0,0,0,0
7831,H37244,2,299.9,311.2,1495,35.8,175,0,0,0,0,0,0
7832,M22691,1,300.0,311.4,1533,42.6,180,0,0,0,0,0,0
7833,L55012,0,300.0,311.4,1484,37.0,183,0,0,0,0,0,0
7834,L55013,0,300.0,311.4,1604,38.7,185,0,0,0,0,0,0
7835,L55014,0,300.0,311.4,1483,45.6,187,0,0,0,0,0,0
7836,L55015,0,300.1,311.5,1549,34.7,189,0,0,0,0,0,0
7837,L55016,0,300.1,311.4,1604,35.0,191,0,0,0,0,0,0
7838,L55017,0,300.2,311.5,1685,31.0,193,0,0,0,0,0,0
7839,L55018,0,300.2,311.6,1372,49.2,195,0,0,0,0,0,0
7840,L55019,0,300.3,311.6,1374,47.4,197,0,0,0,0,0,0
7841,L55020,0,300.2,311.6,1606,31.0,199,0,0,0,0,0,0
7842,L55021,0,300.1,311.5,1471,47.2,201,0,0,0,0,0,0
7843,L55022,0,300.1,311.5,1659,31.1,203,0,0,0,0,0,0
7844,M22703,1,300.1,311.7,1400,48.5,205,0,0,0,0,0,0
7845,L55024,0,300.1,311.7,1503,42.6,208,0,0,0,0,0,0
7846,L55025,0,300.2,311.8,1798,23.2,210,0,0,0,0,0,0
7847,M22706,1,300.2,311.6,1608,35.0,212,0,0,0,0,0,0
7848,L55027,0,300.2,311.6,1322,50.9,215,0,0,0,0,0,0
7849,H37262,2,300.2,311.6,1547,37.7,217,0,0,0,0,0,0
7850,M22709,1,300.3,311.7,1374,47.9,222,1,1,0,0,0,0
7851,M22710,1,300.3,311.7,1447,36.8,0,0,0,0,0,0,0
7852,L55031,0,300.4,311.7,1373,47.2,3,0,0,0,0,0,0
7853,L55032,0,300.3,311.7,1515,37.5,5,0,0,0,0,0,0
7854,L55033,0,300.3,311.7,1317,56.5,7,0,0,0,0,0,0
7855,L55034,0,300.3,311.8,1551,37.2,9,0,0,0,0,0,0
7856,M22715,1,300.3,311.8,1592,32.1,11,0,0,0,0,0,0
7857,L55036,0,300.4,311.8,1433,42.2,14,0,0,0,0,0,0
7858,L55037,0,300.5,311.9,1432,43.1,16,0,0,0,0,0,0
7859,L55038,0,300.5,311.9,1350,51.7,18,0,0,0,0,0,0
7860,M22719,1,300.5,311.9,1370,44.8,20,0,0,0,0,0,0
7861,L55040,0,300.5,312.0,1415,44.6,23,0,0,0,0,0,0
7862,L55041,0,300.5,312.0,1498,42.9,25,0,0,0,0,0,0
7863,M22722,1,300.5,312.0,1382,54.1,27,0,0,0,0,0,0
7864,M22723,1,300.5,311.9,1511,44.5,30,0,0,0,0,0,0
7865,L55044,0,300.5,311.9,1330,59.5,33,0,0,0,0,0,0
7866,L55045,0,300.5,311.9,1383,50.5,35,0,0,0,0,0,0
7867,L55046,0,300.5,311.9,1431,49.4,37,0,0,0,0,0,0
7868,L55047,0,300.5,312.0,1461,38.1,39,0,0,0,0,0,0
7870,M22729,1,300.5,312.0,1779,27.7,46,0,0,0,0,0,0
7871,M22730,1,300.6,312.1,1293,52.3,49,0,0,0,0,0,0
7872,L55051,0,300.6,312.2,1308,54.7,52,0,0,0,0,0,0
7873,L55052,0,300.6,312.3,1532,37.2,54,0,0,0,0,0,0
7874,L55053,0,300.7,312.4,1470,38.6,56,0,0,0,0,0,0
7875,L55054,0,300.7,312.3,1548,37.9,58,0,0,0,0,0,0
7876,L55055,0,300.7,312.3,1898,24.0,60,0,0,0,0,0,0
7877,H37290,2,300.7,312.2,1335,49.0,62,0,0,0,0,0,0
7878,L55057,0,300.7,312.3,1420,53.8,67,0,0,0,0,0,0
7879,L55058,0,300.7,312.3,1418,49.0,69,0,0,0,0,0,0
7880,M22739,1,300.8,312.3,1535,40.3,71,0,0,0,0,0,0
7881,H37294,2,300.7,312.4,1457,47.2,74,0,0,0,0,0,0
7882,L55061,0,300.8,312.4,1493,39.1,79,0,0,0,0,0,0
7883,H37296,2,300.7,312.3,1670,27.3,81,0,0,0,0,0,0
7884,H37297,2,300.7,312.3,1446,45.4,86,0,0,0,0,0,0
7885,L55064,0,300.8,312.4,1465,59.1,91,1,0,0,1,0,0
7886,L55065,0,300.7,312.3,1590,36.3,93,0,0,0,0,0,0
7887,M22746,1,300.6,312.2,2174,18.5,95,0,0,0,0,0,0
7888,L55067,0,300.7,312.4,1590,37.9,98,0,0,0,0,0,0
7889,L55068,0,300.7,312.3,1577,33.2,100,0,0,0,0,0,0
7890,M22749,1,300.7,312.4,1371,61.7,102,0,0,0,0,0,0
7891,L55070,0,300.8,312.4,1767,25.6,105,0,0,0,0,0,0
7892,L55071,0,300.8,312.5,1517,39.2,107,0,0,0,0,0,0
7893,M22752,1,300.9,312.6,1555,40.6,109,0,0,0,0,0,0
7894,L55073,0,300.9,312.7,1416,43.8,112,0,0,0,0,0,0
7895,M22754,1,300.8,312.6,1588,35.6,114,0,0,0,0,0,0
7896,L55075,0,300.8,312.6,1422,50.0,117,0,0,0,0,0,0
7897,L55076,0,300.8,312.6,1376,53.6,119,0,0,0,0,0,0
7898,L55077,0,300.8,312.5,1434,50.7,121,0,0,0,0,0,0
7899,L55078,0,300.8,312.5,1423,47.3,123,0,0,0,0,0,0
7900,L55079,0,300.9,312.4,1364,52.5,125,0,0,0,0,0,0
7901,L55080,0,300.8,312.4,1825,23.8,127,0,0,0,0,0,0
7902,L55081,0,300.8,312.4,1365,44.5,129,0,0,0,0,0,0
7903,M22762,1,300.7,312.3,1430,47.2,131,0,0,0,0,0,0
7904,L55083,0,300.8,312.3,1435,44.8,134,0,0,0,0,0,0
7905,M22764,1,300.8,312.4,1811,25.1,136,0,0,0,0,0,0
7906,M22765,1,300.8,312.4,1465,43.7,139,0,0,0,0,0,0
7907,L55086,0,300.9,312.4,1372,51.0,142,0,0,0,0,0,0
7908,L55087,0,300.8,312.3,1858,26.3,144,0,0,0,0,0,0
7909,L55088,0,300.7,312.3,1715,26.8,146,0,0,0,0,0,0
7910,L55089,0,300.7,312.2,1590,38.5,148,0,0,0,0,0,0
7911,M22770,1,300.8,312.2,1664,25.7,150,0,0,0,0,0,0
7912,L55091,0,300.7,312.1,1512,36.9,153,0,0,0,0,0,0
7913,L55092,0,300.7,312.1,1498,44.0,155,0,0,0,0,0,0
7914,L55093,0,300.7,312.1,1395,41.9,157,0,0,0,0,0,0
7915,H37328,2,300.7,312.1,1490,43.1,159,0,0,0,0,0,0
7916,H37329,2,300.8,312.1,1527,35.1,164,0,0,0,0,0,0
7917,L55096,0,300.8,312.1,1512,37.1,169,0,0,0,0,0,0
7918,L55097,0,300.9,312.1,1474,42.4,171,0,0,0,0,0,0
7919,L55098,0,300.8,312.1,1505,41.3,173,0,0,0,0,0,0
7920,L55099,0,300.8,312.0,1496,40.0,175,0,0,0,0,0,0
7921,L55100,0,300.8,312.0,1382,49.3,177,0,0,0,0,0,0
7922,L55101,0,300.7,311.9,1419,47.7,179,0,0,0,0,0,0
7923,L55102,0,300.7,311.9,1462,39.7,181,0,0,0,0,0,0
7924,M22783,1,300.8,312.0,1450,45.0,183,0,0,0,0,0,0
7925,H37338,2,300.7,311.9,1389,46.5,186,0,0,0,0,0,0
7926,M22785,1,300.7,311.9,1697,28.2,191,0,0,0,0,0,0
7927,L55106,0,300.7,311.9,1335,57.1,194,1,0,0,0,1,0
7928,L55107,0,300.7,311.9,1476,42.0,196,0,0,0,0,0,0
7929,L55108,0,300.6,311.7,1497,43.6,198,0,0,0,0,0,0
7930,M22789,1,300.6,311.6,1669,29.2,200,0,0,0,0,0,0
7931,L55110,0,300.6,311.6,1455,48.0,203,0,0,0,0,0,0
7932,L55111,0,300.7,311.7,1499,38.4,205,0,0,0,0,0,0
7933,L55112,0,300.7,311.8,1478,41.9,207,0,0,0,0,0,0
7934,L55113,0,300.8,311.8,1928,21.8,209,0,0,0,0,0,0
7935,M22794,1,300.8,311.9,1621,28.3,211,0,0,0,0,0,0
7936,M22795,1,300.8,311.9,1356,44.3,214,0,0,0,0,0,0
7937,L55116,0,300.8,311.7,1490,46.4,217,0,0,0,0,0,0
7938,L55117,0,300.8,311.7,1578,31.4,219,0,0,0,0,0,0
7939,L55118,0,300.8,311.7,1681,31.3,221,0,0,0,0,0,0
7940,L55119,0,300.8,311.8,1417,43.4,223,0,0,0,0,0,0
7941,M22800,1,300.7,311.7,1532,40.0,0,0,0,0,0,0,0
7942,M22801,1,300.7,311.7,1499,38.9,3,0,0,0,0,0,0
7943,L55122,0,300.8,311.7,1432,45.8,6,0,0,0,0,0,0
7944,L55123,0,300.8,311.7,1753,29.0,8,0,0,0,0,0,0
7945,L55124,0,300.8,311.7,1414,49.0,10,0,0,0,0,0,0
7946,L55125,0,300.8,311.7,1655,32.2,12,0,0,0,0,0,0
7947,L55126,0,300.8,311.6,1516,35.6,14,0,0,0,0,0,0
7948,L55127,0,300.8,311.7,1426,45.5,16,0,0,0,0,0,0
7949,L55128,0,300.8,311.7,1479,39.4,18,0,0,0,0,0,0
7950,M22809,1,300.7,311.5,1569,36.4,20,0,0,0,0,0,0
7951,L55130,0,300.8,311.6,1568,36.0,23,0,0,0,0,0,0
7952,M22811,1,300.9,311.8,1843,24.5,25,0,0,0,0,0,0
7953,M22812,1,300.9,311.9,1480,40.9,28,0,0,0,0,0,0
7954,L55133,0,301.0,312.0,1447,36.8,31,0,0,0,0,0,0
7955,L55134,0,301.0,311.9,1454,41.9,33,0,0,0,0,0,0
7956,M22815,1,300.9,311.9,1310,56.1,35,0,0,0,0,0,0
7957,H37370,2,300.9,311.9,1513,38.0,38,0,0,0,0,0,0
7958,H37371,2,300.9,311.9,2140,16.5,43,0,0,0,0,0,0
7959,L55138,0,301.0,312.1,1377,49.9,48,0,0,0,0,0,0
7960,L55139,0,301.0,312.1,1585,32.3,50,0,0,0,0,0,0
7961,H37374,2,301.1,312.2,1491,42.6,52,0,0,0,0,0,0
7962,L55141,0,301.0,312.2,1264,59.0,57,0,0,0,0,0,0
7963,L55142,0,301.0,312.2,1372,47.0,59,0,0,0,0,0,0
7964,L55143,0,301.0,312.2,1510,39.9,61,0,0,0,0,0,0
7965,L55144,0,300.9,312.1,1423,40.2,63,0,0,0,0,0,0
7966,L55145,0,301.1,312.3,1464,35.3,65,0,0,0,0,0,0
7967,L55146,0,301.0,312.2,1602,35.9,67,0,0,0,0,0,0
7968,M22827,1,301.0,312.2,1629,32.6,69,0,0,0,0,0,0
7969,L55148,0,300.9,312.2,1811,23.2,72,0,0,0,0,0,0
7970,L55149,0,300.9,312.1,1711,28.8,74,0,0,0,0,0,0
7971,M22830,1,300.9,312.1,1297,48.6,76,0,0,0,0,0,0
7972,L55151,0,301.0,312.1,1405,46.1,79,0,0,0,0,0,0
7973,L55152,0,301.1,312.2,1397,54.9,81,0,0,0,0,0,0
7974,L55153,0,301.1,312.3,1682,29.7,83,0,0,0,0,0,0
7975,L55154,0,301.2,312.3,1528,38.4,85,0,0,0,0,0,0
7976,M22835,1,301.2,312.3,1548,38.3,87,0,0,0,0,0,0
7977,H37390,2,301.2,312.4,1395,47.8,90,0,0,0,0,0,0
7978,L55157,0,301.2,312.4,1378,59.0,95,0,0,0,0,0,0
7979,L55158,0,301.2,312.4,1480,53.5,97,0,0,0,0,0,0
7980,M22839,1,301.2,312.4,1428,36.6,99,0,0,0,0,0,0
7981,M22840,1,301.2,312.4,1505,39.6,102,0,0,0,0,0,0
7982,L55161,0,301.0,312.3,1445,36.4,105,0,0,0,0,0,0
7983,L55162,0,301.0,312.3,1488,42.6,107,0,0,0,0,0,0
7984,L55163,0,301.0,312.2,1601,33.0,109,0,0,0,0,0,0
7985,L55164,0,301.0,312.3,1550,34.9,111,0,0,0,0,0,0
7986,L55165,0,301.0,312.2,1540,34.1,113,0,0,0,0,0,0
7987,L55166,0,301.1,312.3,1587,34.5,115,0,0,0,0,0,0
7988,H37401,2,301.0,312.2,1489,40.3,117,0,0,0,0,0,0
7989,L55168,0,301.1,312.3,1486,34.9,122,0,0,0,0,0,0
7990,L55169,0,301.1,312.4,1430,37.9,124,0,0,0,0,0,0
7991,M22850,1,301.1,312.4,1809,25.1,126,0,0,0,0,0,0
7992,L55171,0,301.1,312.3,1534,39.0,129,0,0,0,0,0,0
7993,M22852,1,301.1,312.3,1852,25.9,131,0,0,0,0,0,0
7994,L55173,0,301.1,312.3,1595,31.9,134,0,0,0,0,0,0
7995,L55174,0,301.0,312.3,1424,43.5,136,0,0,0,0,0,0
7996,L55175,0,301.0,312.2,1776,28.8,138,0,0,0,0,0,0
7997,M22856,1,301.0,312.2,1499,41.5,140,0,0,0,0,0,0
7998,M22857,1,301.0,312.2,2710,9.7,143,1,0,0,1,0,0
7999,L55178,0,300.9,312.1,1359,51.7,146,0,0,0,0,0,0
8000,M22859,1,300.9,312.1,1617,31.0,148,0,0,0,0,0,0
8001,M22860,1,300.8,312.0,1443,53.3,151,0,0,0,0,0,0
8002,L55181,0,300.8,312.0,1374,50.2,154,0,0,0,0,0,0
8003,M22862,1,300.9,312.1,1851,23.0,156,0,0,0,0,0,0
8004,M22863,1,300.8,312.0,1274,67.3,159,0,0,0,0,0,0
8005,L55184,0,300.9,312.0,1533,44.0,162,0,0,0,0,0,0
8006,L55185,0,300.8,312.0,1477,37.3,164,0,0,0,0,0,0
8007,L55186,0,300.9,312.1,1462,46.0,166,0,0,0,0,0,0
8008,M22867,1,301.0,312.1,1664,28.4,168,0,0,0,0,0,0
8009,L55188,0,300.8,311.9,1414,41.1,171,0,0,0,0,0,0
8010,H37423,2,300.9,312.0,2129,17.8,173,0,0,0,0,0,0
8011,L55190,0,300.8,311.8,1323,61.1,178,0,0,0,0,0,0
8012,L55191,0,300.8,311.8,1427,43.3,180,0,0,0,0,0,0
8013,M22872,1,300.9,312.0,1375,56.1,182,0,0,0,0,0,0
8014,M22873,1,300.9,312.0,1402,50.7,185,0,0,0,0,0,0
8015,L55194,0,300.9,312.0,1500,44.2,188,0,0,0,0,0,0
8016,M22875,1,301.0,312.0,1558,37.5,190,0,0,0,0,0,0
8017,M22876,1,300.9,312.0,1447,41.4,193,0,0,0,0,0,0
8018,L55197,0,301.0,312.0,1518,39.3,196,0,0,0,0,0,0
8019,L55198,0,301.0,311.9,1889,23.5,198,0,0,0,0,0,0
8020,L55199,0,301.0,312.1,1675,30.7,200,0,0,0,0,0,0
8021,H37434,2,300.9,312.0,1720,27.9,202,0,0,0,0,0,0
8022,M22881,1,301.0,312.0,1499,34.6,207,0,0,0,0,0,0
8023,L55202,0,300.9,312.0,1441,43.8,210,0,0,0,0,0,0
8024,H37437,2,300.9,312.0,1397,42.7,212,0,0,0,0,0,0
8025,L55204,0,300.9,312.0,1493,38.7,217,0,0,0,0,0,0
8026,M22885,1,300.8,312.0,1422,50.7,219,0,0,0,0,0,0
8027,L55206,0,300.7,311.9,1399,50.2,222,1,0,0,0,1,0
8028,L55207,0,300.6,311.9,1425,44.9,224,0,0,0,0,0,0
8029,L55208,0,300.6,311.8,1501,44.8,226,0,0,0,0,0,0
8030,M22889,1,300.6,311.9,1629,35.3,0,0,0,0,0,0,0
8031,L55210,0,300.6,312.0,1490,42.2,3,0,0,0,0,0,0
8032,L55211,0,300.7,312.0,1550,32.4,5,0,0,0,0,0,0
8033,L55212,0,300.8,312.0,1416,46.5,7,0,0,0,0,0,0
8034,L55213,0,300.7,311.9,1485,38.8,9,0,0,0,0,0,0
8035,L55214,0,300.7,311.8,1564,36.8,11,0,0,0,0,0,0
8036,L55215,0,300.7,311.7,1910,19.7,13,0,0,0,0,0,0
8037,L55216,0,300.7,311.7,1460,46.1,15,0,0,0,0,0,0
8038,L55217,0,300.7,311.8,1603,34.1,17,0,0,0,0,0,0
8039,L55218,0,300.7,311.8,1486,47.3,19,0,0,0,0,0,0
8040,L55219,0,300.8,311.9,1560,31.8,21,0,0,0,0,0,0
8041,L55220,0,300.8,311.9,1498,39.3,23,0,0,0,0,0,0
8042,H37455,2,300.8,311.9,1431,48.5,25,0,0,0,0,0,0
8043,L55222,0,300.8,311.9,1486,45.1,30,0,0,0,0,0,0
8044,L55223,0,300.7,311.9,1486,35.8,32,0,0,0,0,0,0
8045,L55224,0,300.7,311.8,1441,38.1,34,0,0,0,0,0,0
8046,M22905,1,300.7,311.9,1366,55.1,36,0,0,0,0,0,0
8047,L55226,0,300.6,311.8,1471,41.4,39,0,0,0,0,0,0
8048,L55227,0,300.6,311.9,1463,38.2,41,0,0,0,0,0,0
8049,L55228,0,300.6,311.9,1413,41.3,43,0,0,0,0,0,0
8050,H37463,2,300.6,311.9,1604,30.5,45,0,0,0,0,0,0
8051,L55230,0,300.7,312.0,1401,51.1,50,0,0,0,0,0,0
8052,L55231,0,300.6,311.8,1652,27.2,52,0,0,0,0,0,0
8053,L55232,0,300.5,311.9,1403,45.7,54,0,0,0,0,0,0
8054,L55233,0,300.5,311.9,1887,21.7,56,0,0,0,0,0,0
8055,L55234,0,300.4,311.8,1405,47.9,58,0,0,0,0,0,0
8056,H37469,2,300.2,311.6,1496,41.1,60,0,0,0,0,0,0
8057,L55236,0,300.1,311.5,1499,43.4,65,0,0,0,0,0,0
8058,L55237,0,300.2,311.5,1549,37.2,67,0,0,0,0,0,0
8059,L55238,0,300.3,311.6,1515,44.9,69,0,0,0,0,0,0
8060,L55239,0,300.2,311.6,1540,37.7,71,0,0,0,0,0,0
8061,H37474,2,300.2,311.5,1426,44.3,73,0,0,0,0,0,0
8062,M22921,1,300.2,311.6,1465,41.4,78,0,0,0,0,0,0
8063,M22922,1,300.3,311.6,1359,54.1,81,0,0,0,0,0,0
8064,M22923,1,300.3,311.7,1551,36.4,84,0,0,0,0,0,0
8065,L55244,0,300.5,311.8,1596,34.8,87,0,0,0,0,0,0
8066,M22925,1,300.5,311.9,1670,26.3,89,0,0,0,0,0,0
8067,L55246,0,300.4,311.9,1868,21.3,92,0,0,0,0,0,0
8068,M22927,1,300.6,312.0,1490,39.8,94,0,0,0,0,0,0
8069,M22928,1,300.5,311.9,1676,35.2,97,0,0,0,0,0,0
8070,M22929,1,300.5,311.9,1875,22.1,100,0,0,0,0,0,0
8071,M22930,1,300.5,312.0,1867,23.0,103,0,0,0,0,0,0
8072,L55251,0,300.5,312.0,1646,29.5,106,0,0,0,0,0,0
8073,H37486,2,300.5,312.0,1375,43.2,108,0,0,0,0,0,0
8074,L55253,0,300.5,312.0,1558,36.7,113,0,0,0,0,0,0
8075,L55254,0,300.4,312.0,1631,34.9,115,0,0,0,0,0,0
8076,L55255,0,300.4,312.0,1366,43.0,117,0,0,0,0,0,0
8077,L55256,0,300.3,311.8,1360,48.0,119,0,0,0,0,0,0
8078,L55257,0,300.3,311.8,1547,39.7,121,0,0,0,0,0,0
8079,L55258,0,300.3,311.7,1571,31.2,123,0,0,0,0,0,0
8080,L55259,0,300.2,311.5,1528,36.1,125,0,0,0,0,0,0
8081,H37494,2,300.2,311.5,1432,43.6,127,0,0,0,0,0,0
8082,L55261,0,300.2,311.6,1356,53.5,132,0,0,0,0,0,0
8083,H37496,2,300.1,311.5,1422,46.2,134,0,0,0,0,0,0
8084,L55263,0,300.1,311.4,1438,42.2,139,0,0,0,0,0,0
8085,L55264,0,300.2,311.4,1483,44.4,141,0,0,0,0,0,0
8086,L55265,0,300.2,311.4,1331,49.8,143,0,0,0,0,0,0
8087,L55266,0,300.2,311.4,1463,37.5,145,0,0,0,0,0,0
8088,L55267,0,300.1,311.4,1446,40.6,147,0,0,0,0,0,0
8089,L55268,0,300.1,311.4,1356,45.7,149,0,0,0,0,0,0
8090,L55269,0,300.1,311.3,1676,30.3,151,0,0,0,0,0,0
8091,L55270,0,300.1,311.4,1910,23.0,153,0,0,0,0,0,0
8092,L55271,0,300.2,311.6,1375,56.9,155,0,0,0,0,0,0
8093,M22952,1,300.2,311.6,1513,40.8,157,0,0,0,0,0,0
8094,L55273,0,300.2,311.6,1511,35.7,160,0,0,0,0,0,0
8095,H37508,2,300.2,311.6,1662,28.8,162,0,0,0,0,0,0
8096,L55275,0,300.2,311.7,1493,48.3,167,0,0,0,0,0,0
8097,M22956,1,300.2,311.7,1555,37.4,169,0,0,0,0,0,0
8098,L55277,0,300.3,311.7,1452,41.5,172,0,0,0,0,0,0
8099,L55278,0,300.2,311.6,1500,39.0,174,0,0,0,0,0,0
8100,L55279,0,300.2,311.7,1603,30.5,176,0,0,0,0,0,0
8101,L55280,0,300.3,311.7,1682,27.8,178,0,0,0,0,0,0
8102,L55281,0,300.3,311.8,1567,37.7,180,0,0,0,0,0,0
8103,L55282,0,300.3,311.8,1413,46.0,182,0,0,0,0,0,0
8104,M22963,1,300.3,311.9,1429,41.6,184,0,0,0,0,0,0
8105,L55284,0,300.3,311.9,1692,31.5,187,0,0,0,0,0,0
8106,L55285,0,300.4,311.9,1476,48.7,189,0,0,0,0,0,0
8107,M22966,1,300.4,312.0,1596,30.4,191,0,0,0,0,0,0
8108,H37521,2,300.3,311.9,1390,49.0,194,0,0,0,0,0,0
8109,M22968,1,300.3,311.8,1607,33.7,199,0,0,0,0,0,0
8110,L55289,0,300.3,311.7,1821,26.3,202,0,0,0,0,0,0
8111,H37524,2,300.3,311.8,2141,18.5,204,0,0,0,0,0,0
8112,M22971,1,300.4,311.8,1553,33.1,209,1,1,0,0,0,0
8113,M22972,1,300.4,311.8,1442,45.1,0,0,0,0,0,0,0
8114,L55293,0,300.4,311.7,1459,45.6,3,0,0,0,0,0,0
8115,H37528,2,300.4,311.8,2496,13.5,5,0,0,0,0,0,0
8116,L55295,0,300.4,311.8,1367,57.2,10,0,0,0,0,0,0
8117,L55296,0,300.3,311.8,2004,19.6,12,0,0,0,0,0,0
8118,L55297,0,300.3,311.7,1406,47.5,14,0,0,0,0,0,0
8119,L55298,0,300.3,311.8,1548,33.0,16,0,0,0,0,0,0
8120,L55299,0,300.3,311.7,1333,55.2,18,0,0,0,0,0,0
8121,L55300,0,300.2,311.6,1767,26.4,20,0,0,0,0,0,0
8122,L55301,0,300.2,311.6,1827,27.0,22,0,0,0,0,0,0
8123,M22982,1,300.2,311.6,1533,46.4,24,0,0,0,0,0,0
8124,H37537,2,300.2,311.5,1515,36.8,27,0,0,0,0,0,0
8125,L55304,0,300.2,311.4,1568,41.0,32,0,0,0,0,0,0
8126,L55305,0,300.2,311.4,1452,47.8,34,0,0,0,0,0,0
8127,L55306,0,300.2,311.4,1433,37.9,36,0,0,0,0,0,0
8128,M22987,1,300.1,311.3,1650,33.8,38,0,0,0,0,0,0
8129,L55308,0,300.1,311.4,1629,31.3,41,0,0,0,0,0,0
8130,L55309,0,300.0,311.3,1520,39.2,43,0,0,0,0,0,0
8131,H37544,2,300.0,311.2,1393,43.1,45,0,0,0,0,0,0
8132,H37545,2,299.9,311.2,1364,49.6,50,0,0,0,0,0,0
8133,M22992,1,299.9,311.3,1389,50.0,55,0,0,0,0,0,0
8134,L55313,0,299.8,311.1,1466,46.1,58,0,0,0,0,0,0
8135,L55314,0,299.7,311.1,1650,32.4,60,0,0,0,0,0,0
8136,L55315,0,299.6,311.0,1554,36.3,62,0,0,0,0,0,0
8137,M22996,1,299.6,310.9,1474,39.7,64,0,0,0,0,0,0
8138,H37551,2,299.5,310.8,1600,32.4,67,0,0,0,0,0,0
8139,L55318,0,299.5,310.8,1356,54.9,72,0,0,0,0,0,0
8140,L55319,0,299.5,310.8,1571,38.2,74,0,0,0,0,0,0
8141,L55320,0,299.6,310.9,1658,28.0,76,0,0,0,0,0,0
8142,L55321,0,299.6,310.8,1393,49.9,78,0,0,0,0,0,0
8143,M23002,1,299.7,311.0,1448,49.8,80,0,0,0,0,0,0
8144,L55323,0,299.7,310.9,1477,40.4,83,0,0,0,0,0,0
8145,M23004,1,299.7,311.0,1506,42.7,85,0,0,0,0,0,0
8146,M23005,1,299.7,310.9,1685,32.1,88,0,0,0,0,0,0
8147,L55326,0,299.6,310.9,1533,31.8,91,0,0,0,0,0,0
8148,L55327,0,299.5,310.8,1447,41.0,93,0,0,0,0,0,0
8149,M23008,1,299.5,310.7,1488,39.5,95,0,0,0,0,0,0
8150,M23009,1,299.6,310.8,1427,50.4,98,0,0,0,0,0,0
8151,M23010,1,299.5,310.7,1424,41.3,101,0,0,0,0,0,0
8152,L55331,0,299.5,310.7,1472,40.9,104,0,0,0,0,0,0
8153,L55332,0,299.5,310.7,1438,45.7,106,0,0,0,0,0,0
8154,L55333,0,299.6,310.8,1507,42.4,108,0,0,0,0,0,0
8155,L55334,0,299.6,310.7,1393,52.1,110,0,0,0,0,0,0
8156,L55335,0,299.5,310.8,1283,52.4,112,0,0,0,0,0,0
8157,L55336,0,299.6,310.8,1644,30.9,114,0,0,0,0,0,0
8158,L55337,0,299.6,310.8,1498,46.9,116,0,0,0,0,0,0
8159,L55338,0,299.6,310.8,1400,40.8,118,0,0,0,0,0,0
8160,H37573,2,299.6,310.9,1679,31.2,120,0,0,0,0,0,0
8161,M23020,1,299.7,311.1,1618,30.3,125,0,0,0,0,0,0
8162,H37575,2,299.6,311.0,1714,30.2,128,0,0,0,0,0,0
8163,L55342,0,299.6,311.0,1574,35.0,133,0,0,0,0,0,0
8164,L55343,0,299.7,311.1,1574,36.4,135,0,0,0,0,0,0
8165,L55344,0,299.6,310.9,1472,40.9,137,0,0,0,0,0,0
8166,L55345,0,299.6,311.0,1552,33.2,139,0,0,0,0,0,0
8167,L55346,0,299.7,311.1,1603,31.4,141,0,0,0,0,0,0
8168,H37581,2,299.7,311.1,1353,47.1,143,0,0,0,0,0,0
8169,L55348,0,299.7,311.1,1690,30.6,148,0,0,0,0,0,0
8170,M23029,1,299.8,311.2,1745,26.3,150,0,0,0,0,0,0
8171,L55350,0,299.9,311.3,1522,45.7,153,0,0,0,0,0,0
8172,H37585,2,300.0,311.4,1641,34.5,155,0,0,0,0,0,0
8173,L55352,0,299.9,311.4,1596,28.9,160,0,0,0,0,0,0
8174,H37587,2,299.9,311.4,1497,37.0,162,0,0,0,0,0,0
8175,L55354,0,299.9,311.3,1371,52.3,167,0,0,0,0,0,0
8176,M23035,1,299.9,311.3,1445,41.2,169,0,0,0,0,0,0
8177,L55356,0,299.8,311.2,1564,40.0,172,0,0,0,0,0,0
8178,L55357,0,299.7,311.1,1439,44.9,174,0,0,0,0,0,0
8179,L55358,0,299.7,311.2,1352,52.1,176,0,0,0,0,0,0
8180,L55359,0,299.8,311.3,1560,35.4,178,0,0,0,0,0,0
8181,M23040,1,299.7,311.2,1616,42.3,180,0,0,0,0,0,0
8182,L55361,0,299.7,311.2,1835,23.7,183,0,0,0,0,0,0
8183,M23042,1,299.7,311.1,1649,32.7,185,0,0,0,0,0,0
8184,L55363,0,299.8,311.1,1452,47.3,188,0,0,0,0,0,0
8185,L55364,0,299.8,311.1,2144,17.7,190,0,0,0,0,0,0
8186,L55365,0,299.7,311.1,1554,41.0,192,0,0,0,0,0,0
8187,L55366,0,299.7,311.0,1827,25.4,194,0,0,0,0,0,0
8188,L55367,0,299.6,310.9,1448,46.3,196,0,0,0,0,0,0
8189,M23048,1,299.6,310.9,1530,38.8,198,0,0,0,0,0,0
8190,L55369,0,299.7,311.0,1983,21.0,201,0,0,0,0,0,0
8191,M23050,1,299.7,310.9,1620,37.2,203,0,0,0,0,0,0
8192,M23051,1,299.6,310.9,1630,29.8,206,0,0,0,0,0,0
8193,L55372,0,299.6,310.9,1229,65.2,209,1,0,0,0,1,0
8194,L55373,0,299.5,310.8,1873,22.3,211,0,0,0,0,0,0
8195,L55374,0,299.4,310.7,1426,45.7,213,0,0,0,0,0,0
8196,L55375,0,299.4,310.8,1376,53.9,215,1,0,0,0,1,0
8197,L55376,0,299.4,310.8,1622,33.6,217,0,0,0,0,0,0
8198,M23057,1,299.4,310.7,1492,45.7,219,0,0,0,0,0,0
8199,M23058,1,299.3,310.7,1374,48.9,222,0,0,0,0,0,0
8200,L55379,0,299.2,310.7,1737,27.0,225,1,1,0,0,0,0
8201,L55380,0,299.3,310.8,1426,42.4,0,0,0,0,0,0,0
8202,M23061,1,299.3,310.9,1826,25.1,2,0,0,0,0,0,0
8203,L55382,0,299.3,310.9,1669,32.4,5,0,0,0,0,0,0
8204,M23063,1,299.4,310.9,1473,40.1,7,0,0,0,0,0,0
8205,L55384,0,299.4,310.9,1751,27.8,10,0,0,0,0,0,0
8206,M23065,1,299.4,310.9,1446,47.3,12,0,0,0,0,0,0
8207,L55386,0,299.3,310.8,1483,43.5,15,0,0,0,0,0,0
8208,L55387,0,299.2,310.7,1535,42.6,17,0,0,0,0,0,0
8209,L55388,0,299.2,310.7,1477,44.0,19,0,0,0,0,0,0
8210,L55389,0,299.3,310.8,1391,46.9,21,0,0,0,0,0,0
8211,H37624,2,299.2,310.7,1636,29.4,23,0,0,0,0,0,0
8212,L55391,0,299.2,310.6,1675,33.3,28,0,0,0,0,0,0
8213,H37626,2,299.2,310.5,1329,48.9,30,0,0,0,0,0,0
8214,M23073,1,299.2,310.5,1548,33.5,35,0,0,0,0,0,0
8215,L55394,0,299.2,310.5,1391,45.8,38,0,0,0,0,0,0
8216,L55395,0,299.1,310.5,1437,43.1,40,0,0,0,0,0,0
8217,L55396,0,299.2,310.6,1370,61.9,42,0,0,0,0,0,0
8218,L55397,0,299.1,310.6,1577,37.1,44,0,0,0,0,0,0
8219,L55398,0,299.1,310.5,1485,37.8,46,0,0,0,0,0,0
8220,L55399,0,299.0,310.4,1504,34.3,48,0,0,0,0,0,0
8221,M23080,1,298.9,310.3,1551,35.2,50,0,0,0,0,0,0
8222,M23081,1,299.1,310.5,1428,43.0,53,0,0,0,0,0,0
8223,L55402,0,299.0,310.5,1755,27.9,56,0,0,0,0,0,0
8224,L55403,0,299.1,310.5,1329,54.9,58,0,0,0,0,0,0
8225,L55404,0,299.1,310.5,1496,35.2,60,0,0,0,0,0,0
8226,L55405,0,299.1,310.5,1532,36.6,62,0,0,0,0,0,0
8227,L55406,0,299.1,310.5,1389,61.4,64,0,0,0,0,0,0
8228,M23087,1,299.1,310.4,1524,51.4,66,0,0,0,0,0,0
8229,M23088,1,299.1,310.4,1422,49.3,69,0,0,0,0,0,0
8230,L55409,0,299.1,310.5,1739,27.4,72,0,0,0,0,0,0
8231,L55410,0,299.1,310.5,1736,26.9,74,0,0,0,0,0,0
8232,L55411,0,299.1,310.5,1419,48.8,76,0,0,0,0,0,0
8233,L55412,0,299.1,310.6,1326,49.7,78,0,0,0,0,0,0
8234,M23093,1,299.1,310.6,1449,43.2,80,0,0,0,0,0,0
8235,L55414,0,299.2,310.6,1534,39.7,83,0,0,0,0,0,0
8236,M23095,1,299.2,310.6,1443,50.9,85,0,0,0,0,0,0
8237,L55416,0,299.2,310.6,1498,41.1,88,0,0,0,0,0,0
8238,L55417,0,299.1,310.6,1796,26.0,90,0,0,0,0,0,0
8239,L55418,0,299.1,310.4,1519,45.3,92,0,0,0,0,0,0
8240,L55419,0,299.0,310.4,1339,49.6,94,0,0,0,0,0,0
8241,L55420,0,299.0,310.4,1483,41.5,96,0,0,0,0,0,0
8242,M23101,1,298.9,310.2,2099,20.0,98,0,0,0,0,0,0
8243,M23102,1,299.0,310.3,1689,29.7,101,0,0,0,0,0,0
8244,H37657,2,299.1,310.4,1369,54.5,104,0,0,0,0,0,0
8245,L55424,0,299.0,310.4,1512,38.8,109,0,0,0,0,0,0
8246,M23105,1,299.0,310.3,1303,68.6,111,1,0,0,1,0,0
8247,L55426,0,299.0,310.3,1552,39.9,114,0,0,0,0,0,0
8248,L55427,0,299.0,310.4,1713,28.0,116,0,0,0,0,0,0
8249,L55428,0,298.9,310.3,1456,44.1,118,0,0,0,0,0,0
8250,L55429,0,299.0,310.4,1524,39.8,120,0,0,0,0,0,0
8251,M23110,1,299.0,310.4,1394,45.2,122,0,0,0,0,0,0
8252,L55431,0,299.0,310.4,1981,21.2,125,0,0,0,0,0,0
8253,L55432,0,299.0,310.4,1565,36.1,127,0,0,0,0,0,0
8254,L55433,0,299.1,310.4,1657,31.0,129,0,0,0,0,0,0
8255,M23114,1,299.0,310.4,1625,37.1,131,0,0,0,0,0,0
8256,L55435,0,299.0,310.4,1606,31.1,134,0,0,0,0,0,0
8257,H37670,2,299.0,310.5,1336,56.8,136,0,0,0,0,0,0
8258,M23117,1,299.0,310.6,1587,34.2,141,0,0,0,0,0,0
8259,L55438,0,299.1,310.6,1602,39.7,144,0,0,0,0,0,0
8260,L55439,0,299.1,310.5,1471,38.4,146,0,0,0,0,0,0
8261,H37674,2,299.1,310.6,1332,48.0,148,0,0,0,0,0,0
8262,H37675,2,299.2,310.6,1434,48.4,153,0,0,0,0,0,0
8263,L55442,0,299.1,310.6,1921,23.9,158,0,0,0,0,0,0
8264,H37677,2,299.2,310.6,1704,30.6,160,0,0,0,0,0,0
8265,M23124,1,299.1,310.6,1397,49.5,165,0,0,0,0,0,0
8266,H37679,2,299.1,310.6,1791,28.0,168,0,0,0,0,0,0
8267,L55446,0,299.1,310.6,1818,24.1,173,0,0,0,0,0,0
8268,L55447,0,299.2,310.7,1540,36.3,175,0,0,0,0,0,0
8269,M23128,1,299.2,310.8,1502,39.8,177,0,0,0,0,0,0
8270,H37683,2,299.2,310.8,1761,30.4,180,0,0,0,0,0,0
8271,M23130,1,299.1,310.8,1517,38.4,185,0,0,0,0,0,0
8272,L55451,0,299.1,310.7,1309,51.1,188,0,0,0,0,0,0
8273,L55452,0,298.9,310.6,1363,52.6,190,0,0,0,0,0,0
8274,M23133,1,299.0,310.6,1787,22.2,192,0,0,0,0,0,0
8275,L55454,0,298.9,310.5,1640,29.2,195,0,0,0,0,0,0
8276,M23135,1,298.9,310.6,1720,25.3,197,0,0,0,0,0,0
8277,L55456,0,298.8,310.5,1384,52.8,200,0,0,0,0,0,0
8278,H37691,2,298.8,310.5,1294,55.8,202,0,0,0,0,0,0
8279,L55458,0,298.8,310.5,1464,46.4,207,0,0,0,0,0,0
8280,L55459,0,298.8,310.6,1803,25.4,209,0,0,0,0,0,0
8281,L55460,0,298.8,310.6,1602,39.1,211,0,0,0,0,0,0
8282,H37695,2,298.9,310.6,1519,38.8,213,0,0,0,0,0,0
8283,M23142,1,298.9,310.7,1638,33.6,218,0,0,0,0,0,0
8284,H37697,2,298.9,310.6,1615,33.0,221,0,0,0,0,0,0
8285,L55464,0,298.8,310.6,1651,33.3,0,0,0,0,0,0,0
8286,L55465,0,298.9,310.6,1387,52.7,2,0,0,0,0,0,0
8287,M23146,1,298.8,310.5,1678,32.8,4,0,0,0,0,0,0
8288,L55467,0,298.9,310.6,1585,38.1,7,0,0,0,0,0,0
8289,M23148,1,298.8,310.6,1640,33.8,9,0,0,0,0,0,0
8290,L55469,0,298.9,310.6,1406,43.8,12,0,0,0,0,0,0
8291,M23150,1,298.9,310.6,1679,35.8,14,0,0,0,0,0,0
8292,L55471,0,298.9,310.5,1717,26.9,17,0,0,0,0,0,0
8293,H37706,2,298.9,310.5,1429,39.9,19,0,0,0,0,0,0
8294,M23153,1,298.9,310.4,1533,44.4,24,0,0,0,0,0,0
8295,M23154,1,298.9,310.5,1525,38.5,27,0,0,0,0,0,0
8296,L55475,0,298.9,310.4,1739,26.3,30,0,0,0,0,0,0
8297,L55476,0,298.9,310.3,1436,39.0,32,0,0,0,0,0,0
8298,M23157,1,298.8,310.2,1595,33.1,34,0,0,0,0,0,0
8299,H37712,2,298.7,310.1,1435,45.6,37,0,0,0,0,0,0
8300,L55479,0,298.7,310.0,1637,31.8,42,0,0,0,0,0,0
8301,L55480,0,298.7,310.1,1558,37.6,44,0,0,0,0,0,0
8302,M23161,1,298.7,310.1,1644,34.1,46,0,0,0,0,0,0
8303,L55482,0,298.7,310.1,1641,31.1,49,0,0,0,0,0,0
8304,L55483,0,298.8,310.2,1504,41.0,51,0,0,0,0,0,0
8305,M23164,1,298.7,310.1,1506,50.7,53,0,0,0,0,0,0
8306,H37719,2,298.8,310.1,1380,44.0,56,0,0,0,0,0,0
8307,M23166,1,298.7,310.1,1549,42.5,61,0,0,0,0,0,0
8308,M23167,1,298.7,310.1,1402,69.7,64,1,0,0,1,0,0
8309,L55488,0,298.7,310.1,1401,45.3,67,0,0,0,0,0,0
8310,M23169,1,298.7,310.0,1459,40.2,69,0,0,0,0,0,0
8311,L55490,0,298.7,309.9,1465,39.7,72,0,0,0,0,0,0
8312,M23171,1,298.8,310.0,1295,52.7,74,0,0,0,0,0,0
8313,M23172,1,298.8,310.0,1529,38.5,77,0,0,0,0,0,0
8314,M23173,1,298.8,310.0,1484,44.9,80,0,0,0,0,0,0
8315,L55494,0,298.8,309.9,1739,30.6,83,0,0,0,0,0,0
8316,H37729,2,298.7,309.8,1422,40.7,85,0,0,0,0,0,0
8317,L55496,0,298.8,309.8,1463,40.0,90,0,0,0,0,0,0
8318,L55497,0,298.7,309.7,1667,30.4,92,0,0,0,0,0,0
8319,H37732,2,298.7,309.7,1565,39.3,94,0,0,0,0,0,0
8320,L55499,0,298.7,309.7,1393,45.7,99,0,0,0,0,0,0
8321,M23180,1,298.8,309.7,1453,47.7,101,0,0,0,0,0,0
8322,L55501,0,298.8,309.6,1442,50.0,104,0,0,0,0,0,0
8323,L55502,0,298.7,309.6,1364,44.9,106,0,0,0,0,0,0
8324,H37737,2,298.7,309.5,1453,40.4,108,0,0,0,0,0,0
8325,M23184,1,298.7,309.5,1394,46.0,113,0,0,0,0,0,0
8326,M23185,1,298.7,309.5,1500,38.8,116,0,0,0,0,0,0
8327,H37740,2,298.6,309.5,1523,34.2,119,0,0,0,0,0,0
8328,M23187,1,298.7,309.6,1254,57.1,124,0,0,0,0,0,0
8329,L55508,0,298.6,309.5,1325,52.2,127,0,0,0,0,0,0
8330,L55509,0,298.8,309.7,1424,49.6,129,0,0,0,0,0,0
8331,L55510,0,298.8,309.7,1505,39.0,131,0,0,0,0,0,0
8332,M23191,1,298.8,309.7,1392,48.7,133,0,0,0,0,0,0
8333,L55512,0,298.8,309.7,1529,44.0,136,0,0,0,0,0,0
8334,M23193,1,298.8,309.7,1477,48.5,138,0,0,0,0,0,0
8335,M23194,1,298.8,309.7,1459,47.3,141,0,0,0,0,0,0
8336,M23195,1,299.0,309.8,2240,15.9,144,0,0,0,0,0,0
8337,L55516,0,298.9,309.7,1449,48.8,147,0,0,0,0,0,0
8338,M23197,1,298.8,309.7,1589,35.3,149,0,0,0,0,0,0
8339,L55518,0,298.8,309.7,1740,28.5,152,0,0,0,0,0,0
8340,M23199,1,298.8,309.7,1499,40.3,154,0,0,0,0,0,0
8341,M23200,1,298.8,309.7,1480,38.1,157,0,0,0,0,0,0
8342,L55521,0,298.8,309.7,1751,29.6,160,0,0,0,0,0,0
8343,L55522,0,298.7,309.7,1510,40.6,162,0,0,0,0,0,0
8344,H37757,2,298.8,309.8,1437,48.2,164,0,0,0,0,0,0
8345,L55524,0,298.8,309.7,1609,40.4,169,0,0,0,0,0,0
8346,H37759,2,298.8,309.8,1490,35.9,171,0,0,0,0,0,0
8347,L55526,0,298.7,309.7,1601,35.7,176,0,0,0,0,0,0
8348,L55527,0,298.7,309.6,1665,31.1,178,0,0,0,0,0,0
8349,M23208,1,298.7,309.6,1452,42.7,180,0,0,0,0,0,0
8350,M23209,1,298.7,309.5,1487,33.6,183,0,0,0,0,0,0
8351,M23210,1,298.7,309.6,1382,48.1,186,0,0,0,0,0,0
8352,M23211,1,298.7,309.6,1686,26.2,189,0,0,0,0,0,0
8353,L55532,0,298.6,309.6,1491,36.9,192,0,0,0,0,0,0
8354,L55533,0,298.7,309.6,1442,55.6,194,0,0,0,0,0,0
8355,L55534,0,298.6,309.6,1390,50.3,196,0,0,0,0,0,0
8356,L55535,0,298.7,309.6,1502,46.7,198,0,0,0,0,0,0
8357,M23216,1,298.6,309.6,1344,59.4,200,0,0,0,0,0,0
8358,L55537,0,298.5,309.5,1385,46.3,203,1,1,0,0,0,0
8359,L55538,0,298.7,309.7,1547,37.4,0,0,0,0,0,0,0
8360,M23219,1,298.6,309.6,1525,42.4,2,0,0,0,0,0,0
8361,L55540,0,298.6,309.6,1540,35.8,5,0,0,0,0,0,0
8362,L55541,0,298.6,309.5,1450,44.3,7,0,0,0,0,0,0
8363,L55542,0,298.6,309.6,1353,62.5,9,0,0,0,0,0,0
8364,L55543,0,298.8,309.7,1582,45.0,11,0,0,0,0,0,0
8365,L55544,0,298.9,309.8,1396,49.0,13,0,0,0,0,0,0
8366,M23225,1,298.8,309.8,1551,36.6,15,0,0,0,0,0,0
8367,M23226,1,298.9,309.8,1836,22.8,18,0,0,0,0,0,0
8368,L55547,0,298.9,309.8,1390,49.9,21,0,0,0,0,0,0
8369,L55548,0,298.9,309.8,1534,42.1,23,0,0,0,0,0,0
8370,L55549,0,298.8,309.7,1953,20.6,25,0,0,0,0,0,0
8371,L55550,0,298.8,309.8,1634,33.6,27,0,0,0,0,0,0
8372,L55551,0,298.7,309.7,1881,21.7,29,0,0,0,0,0,0
8373,M23232,1,298.8,309.7,1448,44.8,31,0,0,0,0,0,0
8374,M23233,1,298.7,309.7,1362,50.5,34,0,0,0,0,0,0
8375,L55554,0,298.8,309.7,1225,63.4,37,0,0,0,0,0,0
8376,M23235,1,298.8,309.6,1384,48.2,39,0,0,0,0,0,0
8377,L55556,0,298.8,309.8,1334,49.3,42,0,0,0,0,0,0
8378,L55557,0,298.8,309.7,1336,50.3,44,0,0,0,0,0,0
8379,M23238,1,298.8,309.9,1331,61.6,46,0,0,0,0,0,0
8380,L55559,0,298.8,309.9,1629,31.9,49,0,0,0,0,0,0
8381,L55560,0,298.9,310.0,1776,25.7,51,0,0,0,0,0,0
8382,H37795,2,298.8,310.0,1530,38.3,53,0,0,0,0,0,0
8383,L55562,0,298.9,310.0,1719,27.3,58,0,0,0,0,0,0
8384,M23243,1,298.8,309.9,1495,35.2,60,0,0,0,0,0,0
8385,L55564,0,298.8,309.7,1450,43.1,63,0,0,0,0,0,0
8386,H37799,2,298.8,309.8,1563,38.8,65,0,0,0,0,0,0
8387,M23246,1,298.9,309.9,1501,37.1,70,0,0,0,0,0,0
8388,L55567,0,298.8,309.9,1351,47.2,73,0,0,0,0,0,0
8389,L55568,0,298.9,309.9,1365,46.5,75,0,0,0,0,0,0
8390,L55569,0,298.8,309.9,1525,39.7,77,0,0,0,0,0,0
8391,M23250,1,298.8,309.8,1288,61.9,79,0,0,0,0,0,0
8392,L55571,0,298.6,309.6,1423,42.7,82,0,0,0,0,0,0
8393,M23252,1,298.5,309.6,1502,39.4,84,0,0,0,0,0,0
8394,L55573,0,298.5,309.5,1428,43.5,87,0,0,0,0,0,0
8395,M23254,1,298.6,309.5,1566,38.1,89,0,0,0,0,0,0
8396,M23255,1,298.5,309.5,1483,44.8,92,0,0,0,0,0,0
8397,H37810,2,298.6,309.6,1593,33.3,95,0,0,0,0,0,0
8398,L55577,0,298.5,309.6,1724,26.4,100,0,0,0,0,0,0
8399,L55578,0,298.5,309.7,2617,12.1,102,1,0,0,1,0,0
8400,L55579,0,298.6,309.7,1294,59.4,104,0,0,0,0,0,0
8401,L55580,0,298.6,309.6,1533,40.7,106,0,0,0,0,0,0
8402,H37815,2,298.5,309.4,1671,31.8,108,0,0,0,0,0,0
8403,L55582,0,298.5,309.5,1370,52.4,113,0,0,0,0,0,0
8404,L55583,0,298.5,309.6,1462,45.1,115,0,0,0,0,0,0
8405,L55584,0,298.4,309.5,1545,36.6,117,0,0,0,0,0,0
8406,M23265,1,298.4,309.5,1484,41.7,119,0,0,0,0,0,0
8407,M23266,1,298.4,309.5,1344,45.3,122,0,0,0,0,0,0
8408,L55587,0,298.4,309.5,1357,50.1,125,0,0,0,0,0,0
8409,M23268,1,298.5,309.6,1572,33.0,127,0,0,0,0,0,0
8410,L55589,0,298.5,309.6,1861,26.9,130,0,0,0,0,0,0
8411,L55590,0,298.5,309.5,1548,44.5,132,0,0,0,0,0,0
8412,L55591,0,298.6,309.8,1496,37.7,134,0,0,0,0,0,0
8413,M23272,1,298.6,309.7,1314,49.7,136,0,0,0,0,0,0
8414,M23273,1,298.6,309.7,1422,49.7,139,0,0,0,0,0,0
8415,L55594,0,298.6,309.8,1842,20.1,142,0,0,0,0,0,0
8416,M23275,1,298.7,309.9,1434,53.0,144,0,0,0,0,0,0
8417,M23276,1,298.8,310.1,1585,31.3,147,0,0,0,0,0,0
8418,H37831,2,298.8,310.1,1704,30.7,150,0,0,0,0,0,0
8419,L55598,0,298.9,310.2,1971,23.2,155,0,0,0,0,0,0
8420,L55599,0,299.0,310.3,1431,39.9,157,0,0,0,0,0,0
8421,L55600,0,298.9,310.4,1546,37.7,159,0,0,0,0,0,0
8422,L55601,0,298.9,310.3,1496,36.3,161,0,0,0,0,0,0
8423,H37836,2,298.9,310.3,1243,63.0,163,0,0,0,0,0,0
8424,L55603,0,299.0,310.4,1452,46.2,168,0,0,0,0,0,0
8425,L55604,0,299.1,310.6,1380,44.7,170,0,0,0,0,0,0
8426,L55605,0,299.2,310.6,1567,38.4,172,0,0,0,0,0,0
8427,L55606,0,299.1,310.5,1628,35.9,174,0,0,0,0,0,0
8428,L55607,0,299.1,310.4,1505,46.1,176,0,0,0,0,0,0
8429,M23288,1,299.0,310.3,1827,28.0,178,0,0,0,0,0,0
8430,L55609,0,299.0,310.3,1577,40.0,181,0,0,0,0,0,0
8431,L55610,0,298.9,310.2,1304,57.2,183,0,0,0,0,0,0
8432,H37845,2,298.9,310.1,1324,54.6,185,0,0,0,0,0,0
8433,L55612,0,298.8,310.0,1537,39.9,190,0,0,0,0,0,0
8434,M23293,1,298.8,310.1,1501,48.7,192,0,0,0,0,0,0
8435,M23294,1,298.7,309.9,1654,29.1,195,0,0,0,0,0,0
8436,M23295,1,298.7,310.0,1519,38.1,198,0,0,0,0,0,0
8437,L55616,0,298.7,309.9,1371,51.3,201,0,0,0,0,0,0
8438,L55617,0,298.7,309.8,1181,65.9,203,1,0,0,0,1,0
8439,L55618,0,298.6,309.8,1469,42.8,205,0,0,0,0,0,0
8440,L55619,0,298.6,309.8,1637,34.6,207,0,0,0,0,0,0
8441,L55620,0,298.6,309.8,1370,56.0,0,0,0,0,0,0,0
8442,L55621,0,298.6,309.9,1630,30.6,2,0,0,0,0,0,0
8443,L55622,0,298.6,310.0,1517,39.0,4,0,0,0,0,0,0
8444,M23303,1,298.6,309.9,1668,32.3,6,0,0,0,0,0,0
8445,M23304,1,298.6,309.9,1818,24.9,9,0,0,0,0,0,0
8446,M23305,1,298.6,310.0,1541,36.9,12,0,0,0,0,0,0
8447,L55626,0,298.5,309.9,1482,42.1,15,0,0,0,0,0,0
8448,L55627,0,298.6,310.1,1439,49.9,17,0,0,0,0,0,0
8449,L55628,0,298.5,310.0,1492,41.2,19,0,0,0,0,0,0
8450,L55629,0,298.4,309.9,1725,27.8,21,0,0,0,0,0,0
8451,L55630,0,298.4,310.0,1559,44.2,23,0,0,0,0,0,0
8452,L55631,0,298.5,310.0,1435,42.5,25,0,0,0,0,0,0
8453,M23312,1,298.6,310.0,1512,37.5,27,0,0,0,0,0,0
8454,L55633,0,298.6,309.9,1564,37.1,30,0,0,0,0,0,0
8455,L55634,0,298.6,310.0,1522,40.3,32,0,0,0,0,0,0
8456,L55635,0,298.6,309.9,1356,59.5,34,0,0,0,0,0,0
8457,L55636,0,298.6,309.9,1556,38.6,36,0,0,0,0,0,0
8458,L55637,0,298.6,309.9,1393,45.5,38,0,0,0,0,0,0
8459,L55638,0,298.7,309.9,1753,26.8,40,0,0,0,0,0,0
8460,L55639,0,298.7,309.9,1651,29.5,42,0,0,0,0,0,0
8461,L55640,0,298.7,309.9,1372,54.7,44,0,0,0,0,0,0
8462,L55641,0,298.7,309.9,1446,43.3,46,0,0,0,0,0,0
8463,M23322,1,298.7,309.8,1501,44.7,48,0,0,0,0,0,0
8464,M23323,1,298.7,309.9,1411,45.1,51,0,0,0,0,0,0
8465,H37878,2,298.6,309.7,1672,27.5,54,0,0,0,0,0,0
8466,M23325,1,298.7,309.8,1475,40.5,59,0,0,0,0,0,0
8467,L55646,0,298.7,309.8,1469,38.4,62,0,0,0,0,0,0
8468,L55647,0,298.6,309.8,1704,28.3,64,0,0,0,0,0,0
8469,H37882,2,298.6,309.7,1463,39.1,66,0,0,0,0,0,0
8470,M23329,1,298.6,309.7,1280,64.1,71,0,0,0,0,0,0
8471,L55650,0,298.7,309.9,1464,38.0,74,0,0,0,0,0,0
8472,L55651,0,298.6,309.8,1332,46.4,76,0,0,0,0,0,0
8473,L55652,0,298.5,309.7,1634,37.8,78,0,0,0,0,0,0
8474,M23333,1,298.6,309.8,1430,43.1,80,0,0,0,0,0,0
8475,M23334,1,298.5,309.7,1523,44.6,83,0,0,0,0,0,0
8476,M23335,1,298.5,309.7,1557,37.7,86,0,0,0,0,0,0
8477,L55656,0,298.5,309.6,1585,32.2,89,0,0,0,0,0,0
8478,H37891,2,298.5,309.6,1579,33.5,91,0,0,0,0,0,0
8479,M23338,1,298.5,309.7,1354,60.8,96,0,0,0,0,0,0
8480,L55659,0,298.6,309.7,1627,33.4,99,0,0,0,0,0,0
8481,L55660,0,298.4,309.6,1477,35.6,101,0,0,0,0,0,0
8482,M23341,1,298.3,309.4,1595,29.0,103,0,0,0,0,0,0
8483,L55662,0,298.4,309.5,1520,38.1,106,0,0,0,0,0,0
8484,L55663,0,298.3,309.4,1618,31.5,108,0,0,0,0,0,0
8485,L55664,0,298.4,309.5,1397,50.3,110,0,0,0,0,0,0
8486,L55665,0,298.4,309.5,1450,47.9,112,0,0,0,0,0,0
8487,M23346,1,298.5,309.5,1501,40.2,114,0,0,0,0,0,0
8488,L55667,0,298.4,309.4,1392,50.1,117,0,0,0,0,0,0
8489,L55668,0,298.4,309.4,1385,43.2,119,0,0,0,0,0,0
8490,L55669,0,298.4,309.4,1461,46.3,121,0,0,0,0,0,0
8491,M23350,1,298.5,309.6,1364,58.7,123,0,0,0,0,0,0
8492,L55671,0,298.5,309.5,1579,38.6,126,0,0,0,0,0,0
8493,M23352,1,298.4,309.5,1514,38.8,128,0,0,0,0,0,0
8494,M23353,1,298.3,309.5,1560,36.9,131,0,0,0,0,0,0
8495,L55674,0,298.3,309.5,1542,36.7,134,0,0,0,0,0,0
8496,L55675,0,298.3,309.4,1668,27.1,136,0,0,0,0,0,0
8497,M23356,1,298.3,309.4,1816,22.6,138,0,0,0,0,0,0
8498,M23357,1,298.3,309.4,1509,34.2,141,0,0,0,0,0,0
8499,L55678,0,298.4,309.6,1479,37.8,144,0,0,0,0,0,0
8500,L55679,0,298.4,309.6,1655,30.2,146,0,0,0,0,0,0
8501,L55680,0,298.3,309.5,1711,30.3,148,0,0,0,0,0,0
8502,L55681,0,298.4,309.7,1581,34.6,150,0,0,0,0,0,0
8503,H37916,2,298.6,309.8,1279,55.9,152,0,0,0,0,0,0
8504,L55683,0,298.5,309.8,1468,40.9,157,0,0,0,0,0,0
8505,L55684,0,298.4,309.7,1419,41.3,159,0,0,0,0,0,0
8506,L55685,0,298.4,309.7,1530,38.6,161,0,0,0,0,0,0
8508,L55687,0,298.4,309.7,1518,39.8,165,0,0,0,0,0,0
8509,M23368,1,298.4,309.7,1679,33.3,167,0,0,0,0,0,0
8510,M23369,1,298.4,309.7,1870,22.5,170,0,0,0,0,0,0
8511,L55690,0,298.3,309.7,1484,44.3,173,0,0,0,0,0,0
8512,L55691,0,298.4,309.7,1457,44.2,175,0,0,0,0,0,0
8513,H37926,2,298.3,309.6,1546,36.2,177,0,0,0,0,0,0
8514,M23373,1,298.2,309.5,1478,36.5,182,0,0,0,0,0,0
8515,L55694,0,298.2,309.4,1447,47.1,185,0,0,0,0,0,0
8516,L55695,0,298.2,309.4,1443,45.4,187,0,0,0,0,0,0
8517,L55696,0,298.3,309.6,1527,30.9,189,0,0,0,0,0,0
8518,M23377,1,298.3,309.6,1469,54.8,191,0,0,0,0,0,0
8519,M23378,1,298.3,309.6,1681,27.1,194,0,0,0,0,0,0
8520,L55699,0,298.3,309.6,1420,44.1,197,0,0,0,0,0,0
8521,M23380,1,298.3,309.5,1543,49.9,199,0,0,0,0,0,0
8522,L55701,0,298.4,309.5,1376,50.4,202,0,0,0,0,0,0
8523,H37936,2,298.3,309.4,1631,29.8,0,0,0,0,0,0,0
8524,H37937,2,298.3,309.3,1529,41.7,5,0,0,0,0,0,0
8525,L55704,0,298.3,309.4,1468,46.2,10,0,0,0,0,0,0
8526,L55705,0,298.3,309.4,1378,52.3,12,0,0,0,0,0,0
8527,L55706,0,298.3,309.3,1401,51.9,14,0,0,0,0,0,0
8528,L55707,0,298.4,309.3,1531,37.4,16,0,0,0,0,0,0
8529,L55708,0,298.4,309.3,1512,35.8,18,0,0,0,0,0,0
8530,M23389,1,298.5,309.4,1522,47.4,20,0,0,0,0,0,0
8531,M23390,1,298.5,309.3,1615,31.8,23,0,0,0,0,0,0
8532,L55711,0,298.6,309.3,1449,46.5,26,0,0,0,0,0,0
8533,L55712,0,298.6,309.4,1315,55.5,28,0,0,0,0,0,0
8534,M23393,1,298.6,309.4,1465,41.1,30,0,0,0,0,0,0
8535,M23394,1,298.6,309.5,1404,43.3,33,0,0,0,0,0,0
8536,L55715,0,298.6,309.5,1547,44.8,36,0,0,0,0,0,0
8537,M23396,1,298.6,309.5,1426,45.4,38,0,0,0,0,0,0
8538,L55717,0,298.6,309.5,1730,30.2,41,0,0,0,0,0,0
8539,L55718,0,298.5,309.4,1548,37.7,43,0,0,0,0,0,0
8540,L55719,0,298.5,309.4,1517,40.2,45,0,0,0,0,0,0
8541,L55720,0,298.6,309.5,1687,29.3,47,0,0,0,0,0,0
8542,L55721,0,298.5,309.5,1738,25.2,49,0,0,0,0,0,0
8543,H37956,2,298.4,309.4,1512,35.3,51,0,0,0,0,0,0
8544,M23403,1,298.5,309.4,1365,48.7,56,0,0,0,0,0,0
8545,H37958,2,298.5,309.4,2011,21.0,59,0,0,0,0,0,0
8546,L55725,0,298.4,309.3,1806,27.6,64,0,0,0,0,0,0
8547,L55726,0,298.4,309.3,1716,28.4,66,0,0,0,0,0,0
8548,M23407,1,298.4,309.4,1666,24.3,68,0,0,0,0,0,0
8549,L55728,0,298.5,309.4,1578,36.3,71,0,0,0,0,0,0
8550,L55729,0,298.3,309.3,1558,37.2,73,0,0,0,0,0,0
8551,L55730,0,298.3,309.2,1456,45.5,75,0,0,0,0,0,0
8552,M23411,1,298.2,309.1,1457,49.0,77,0,0,0,0,0,0
8553,L55732,0,298.2,309.1,1467,44.5,80,0,0,0,0,0,0
8554,M23413,1,298.1,309.0,1661,38.2,82,0,0,0,0,0,0
8555,L55734,0,298.1,309.0,1592,33.9,85,0,0,0,0,0,0
8556,L55735,0,298.2,309.0,1596,37.2,87,0,0,0,0,0,0
8557,L55736,0,298.2,309.0,1489,40.6,89,0,0,0,0,0,0
8558,L55737,0,298.3,309.0,1471,48.3,91,0,0,0,0,0,0
8559,M23418,1,298.3,309.0,1505,41.3,93,0,0,0,0,0,0
8560,L55739,0,298.3,309.0,1519,40.0,96,0,0,0,0,0,0
8561,L55740,0,298.3,309.0,1408,45.4,98,0,0,0,0,0,0
8562,L55741,0,298.2,308.9,1332,44.4,100,0,0,0,0,0,0
8563,L55742,0,298.1,308.9,1351,52.4,102,0,0,0,0,0,0
8564,L55743,0,298.0,308.9,1500,36.7,104,0,0,0,0,0,0
8565,M23424,1,298.0,308.7,1614,30.7,106,0,0,0,0,0,0
8566,L55745,0,298.0,308.8,1489,36.5,109,0,0,0,0,0,0
8567,M23426,1,297.9,308.7,1751,26.6,111,0,0,0,0,0,0
8568,L55747,0,298.0,308.7,1511,45.8,114,0,0,0,0,0,0
8569,L55748,0,297.9,308.6,1691,29.6,116,0,0,0,0,0,0
8570,L55749,0,297.9,308.6,1757,27.5,118,0,0,0,0,0,0
8571,H37984,2,297.9,308.7,1545,35.9,120,0,0,0,0,0,0
8572,L55751,0,297.9,308.6,2262,15.7,125,0,0,0,0,0,0
8573,M23432,1,297.7,308.5,1559,35.2,127,0,0,0,0,0,0
8574,L55753,0,297.6,308.4,1626,32.4,130,0,0,0,0,0,0
8575,L55754,0,297.6,308.3,1424,53.9,132,0,0,0,0,0,0
8576,M23435,1,297.6,308.3,1648,29.1,134,0,0,0,0,0,0
8577,L55756,0,297.6,308.3,1523,39.5,137,0,0,0,0,0,0
8578,L55757,0,297.6,308.3,1502,43.2,139,0,0,0,0,0,0
8579,L55758,0,297.5,308.2,1489,40.7,141,0,0,0,0,0,0
8580,M23439,1,297.4,308.1,1620,31.2,143,0,0,0,0,0,0
8581,L55760,0,297.5,308.1,1631,30.6,146,0,0,0,0,0,0
8582,M23441,1,297.5,308.0,1429,45.8,148,0,0,0,0,0,0
8583,M23442,1,297.5,308.1,1334,72.0,151,1,0,0,1,0,0
8584,L55763,0,297.4,308.0,1423,38.0,154,0,0,0,0,0,0
8585,L55764,0,297.4,307.9,1390,47.7,156,0,0,0,0,0,0
8586,M23445,1,297.4,307.9,1338,48.5,158,0,0,0,0,0,0
8587,H38000,2,297.3,307.9,1461,37.5,161,0,0,0,0,0,0
8588,M23447,1,297.4,307.9,1627,34.3,166,0,0,0,0,0,0
8589,L55768,0,297.3,307.8,1385,44.4,169,0,0,0,0,0,0
8590,M23449,1,297.3,307.8,1538,48.0,171,0,0,0,0,0,0
8591,L55770,0,297.4,307.9,1557,35.5,174,0,0,0,0,0,0
8592,L55771,0,297.4,307.9,1606,33.4,176,0,0,0,0,0,0
8593,M23452,1,297.5,308.0,1430,44.5,178,0,0,0,0,0,0
8594,M23453,1,297.4,308.0,1601,34.6,181,0,0,0,0,0,0
8595,L55774,0,297.4,308.0,1356,51.9,184,0,0,0,0,0,0
8596,M23455,1,297.5,308.2,1624,30.9,186,0,0,0,0,0,0
8597,L55776,0,297.5,308.2,1327,56.5,189,0,0,0,0,0,0
8598,L55777,0,297.6,308.3,1410,47.0,191,0,0,0,0,0,0
8599,L55778,0,297.6,308.3,1478,42.3,193,0,0,0,0,0,0
8600,L55779,0,297.6,308.4,1460,40.3,195,0,0,0,0,0,0
8601,L55780,0,297.5,308.3,1435,40.3,197,0,0,0,0,0,0
8602,H38015,2,297.4,308.2,1359,46.9,199,0,0,0,0,0,0
8603,L55782,0,297.4,308.1,1729,31.7,204,0,0,0,0,0,0
8604,H38017,2,297.3,308.0,1384,49.1,206,0,0,0,0,0,0
8605,L55784,0,297.4,308.2,1297,52.1,211,0,0,0,0,0,0
8606,L55785,0,297.5,308.4,1633,33.3,213,0,0,0,0,0,0
8607,M23466,1,297.5,308.4,1505,37.2,215,0,0,0,0,0,0
8608,L55787,0,297.5,308.4,1433,50.0,218,0,0,0,0,0,0
8609,L55788,0,297.4,308.4,1369,50.6,220,1,0,0,0,1,0
8610,L55789,0,297.4,308.3,1475,40.5,222,1,1,0,0,0,0
8611,L55790,0,297.4,308.3,1561,38.3,0,0,0,0,0,0,0
8612,L55791,0,297.4,308.3,1472,45.5,2,0,0,0,0,0,0
8613,L55792,0,297.5,308.4,1441,44.5,4,0,0,0,0,0,0
8614,M23473,1,297.5,308.5,1401,50.5,6,0,0,0,0,0,0
8615,L55794,0,297.5,308.5,1691,33.1,9,0,0,0,0,0,0
8616,L55795,0,297.6,308.6,1382,47.1,11,0,0,0,0,0,0
8617,L55796,0,297.6,308.6,1355,46.4,13,0,0,0,0,0,0
8618,L55797,0,297.6,308.6,1529,45.3,15,0,0,0,0,0,0
8619,L55798,0,297.7,308.7,1829,24.9,17,0,0,0,0,0,0
8620,H38033,2,297.6,308.6,1480,39.8,19,0,0,0,0,0,0
8621,L55800,0,297.6,308.5,1475,42.4,24,0,0,0,0,0,0
8622,M23481,1,297.6,308.5,1431,52.6,26,0,0,0,0,0,0
8623,L55802,0,297.5,308.3,1437,42.3,29,0,0,0,0,0,0
8624,M23483,1,297.5,308.3,1476,45.6,31,0,0,0,0,0,0
8625,H38038,2,297.5,308.4,1490,39.7,34,0,0,0,0,0,0
8626,L55805,0,297.4,308.3,1632,33.5,39,0,0,0,0,0,0
8627,L55806,0,297.4,308.2,1402,49.7,41,0,0,0,0,0,0
8628,L55807,0,297.4,308.3,1347,45.8,43,0,0,0,0,0,0
8629,L55808,0,297.5,308.4,1747,31.0,45,0,0,0,0,0,0
8630,H38043,2,297.5,308.5,1557,39.1,47,0,0,0,0,0,0
8631,L55810,0,297.4,308.4,1371,57.4,52,0,0,0,0,0,0
8632,H38045,2,297.3,308.3,1506,37.0,54,0,0,0,0,0,0
8633,L55812,0,297.3,308.3,1590,35.5,59,0,0,0,0,0,0
8634,L55813,0,297.4,308.3,1336,53.7,61,0,0,0,0,0,0
8635,L55814,0,297.3,308.3,1411,43.2,63,0,0,0,0,0,0
8636,L55815,0,297.4,308.3,1704,27.3,65,0,0,0,0,0,0
8637,L55816,0,297.5,308.4,1723,27.3,67,0,0,0,0,0,0
8638,L55817,0,297.5,308.5,1459,39.7,69,0,0,0,0,0,0
8639,L55818,0,297.6,308.5,1572,35.9,71,0,0,0,0,0,0
8640,L55819,0,297.5,308.4,1384,56.0,73,0,0,0,0,0,0
8641,L55820,0,297.6,308.6,1383,47.5,75,0,0,0,0,0,0
8642,M23501,1,297.6,308.5,1360,48.6,77,0,0,0,0,0,0
8643,M23502,1,297.5,308.4,1596,36.6,80,0,0,0,0,0,0
8644,L55823,0,297.5,308.5,1448,54.3,83,0,0,0,0,0,0
8645,M23504,1,297.6,308.5,1443,38.2,85,0,0,0,0,0,0
8646,M23505,1,297.6,308.6,1492,35.5,88,0,0,0,0,0,0
8647,L55826,0,297.5,308.6,1497,43.9,91,0,0,0,0,0,0
8648,L55827,0,297.5,308.5,1530,38.5,93,0,0,0,0,0,0
8649,M23508,1,297.4,308.4,1478,46.2,95,0,0,0,0,0,0
8650,L55829,0,297.4,308.4,1328,61.8,98,0,0,0,0,0,0
8651,H38064,2,297.4,308.3,1771,27.4,100,0,0,0,0,0,0
8652,M23511,1,297.4,308.4,1564,35.0,105,0,0,0,0,0,0
8653,H38066,2,297.3,308.3,1461,41.5,108,0,0,0,0,0,0
8654,M23513,1,297.4,308.3,1335,57.9,113,0,0,0,0,0,0
8655,M23514,1,297.4,308.4,1441,46.8,116,0,0,0,0,0,0
8656,L55835,0,297.3,308.3,1268,60.6,119,0,0,0,0,0,0
8657,M23516,1,297.3,308.3,1697,27.4,121,0,0,0,0,0,0
8658,L55837,0,297.4,308.4,1421,46.0,124,0,0,0,0,0,0
8659,L55838,0,297.4,308.5,1496,36.4,126,0,0,0,0,0,0
8660,L55839,0,297.5,308.5,1375,55.6,128,0,0,0,0,0,0
8661,L55840,0,297.4,308.5,1295,52.1,130,0,0,0,0,0,0
8662,L55841,0,297.4,308.5,1643,33.8,132,0,0,0,0,0,0
8663,L55842,0,297.5,308.6,1514,36.9,134,0,0,0,0,0,0
8664,L55843,0,297.5,308.6,1671,29.4,136,0,0,0,0,0,0
8665,H38078,2,297.5,308.6,1355,58.9,138,0,0,0,0,0,0
8666,L55845,0,297.6,308.7,1365,50.6,143,0,0,0,0,0,0
8667,L55846,0,297.5,308.7,1407,42.5,145,0,0,0,0,0,0
8668,M23527,1,297.5,308.8,1455,46.1,147,0,0,0,0,0,0
8669,L55848,0,297.5,308.8,1502,45.9,150,0,0,0,0,0,0
8670,M23529,1,297.5,308.8,1471,52.3,152,0,0,0,0,0,0
8671,L55850,0,297.5,308.9,1581,30.4,155,0,0,0,0,0,0
8672,L55851,0,297.5,308.8,1530,37.8,157,0,0,0,0,0,0
8673,L55852,0,297.5,308.8,1312,50.3,159,0,0,0,0,0,0
8674,L55853,0,297.4,308.6,1494,42.6,161,0,0,0,0,0,0
8675,M23534,1,297.4,308.6,1528,29.1,163,0,0,0,0,0,0
8676,H38089,2,297.3,308.6,1688,29.4,166,0,0,0,0,0,0
8677,M23536,1,297.3,308.5,1520,42.4,171,0,0,0,0,0,0
8678,M23537,1,297.3,308.5,1664,28.9,174,0,0,0,0,0,0
8679,L55858,0,297.3,308.5,1514,44.5,177,0,0,0,0,0,0
8680,L55859,0,297.3,308.5,1456,54.2,179,0,0,0,0,0,0
8681,L55860,0,297.2,308.5,1494,39.6,181,0,0,0,0,0,0
8682,L55861,0,297.2,308.4,1605,30.0,183,0,0,0,0,0,0
8683,M23542,1,297.2,308.5,1353,46.5,185,0,0,0,0,0,0
8684,L55863,0,297.2,308.5,1447,47.9,188,0,0,0,0,0,0
8685,L55864,0,297.2,308.5,1588,40.4,190,0,0,0,0,0,0
8686,H38099,2,297.2,308.5,1524,41.4,192,0,0,0,0,0,0
8687,M23546,1,297.2,308.5,1611,31.6,197,0,0,0,0,0,0
8688,M23547,1,297.2,308.5,1604,34.9,200,0,0,0,0,0,0
8689,L55868,0,297.1,308.5,1483,46.9,203,0,0,0,0,0,0
8690,L55869,0,297.1,308.4,1543,39.6,205,0,0,0,0,0,0
8691,L55870,0,297.1,308.5,1323,44.4,207,1,1,0,0,0,0
8692,L55871,0,297.1,308.5,1555,36.2,0,0,0,0,0,0,0
8693,L55872,0,297.1,308.4,1583,31.9,2,0,0,0,0,0,0
8694,M23553,1,297.2,308.5,1584,40.0,4,0,0,0,0,0,0
8695,L55874,0,297.2,308.5,1766,25.8,7,0,0,0,0,0,0
8696,M23555,1,297.2,308.6,1498,44.4,9,0,0,0,0,0,0
8697,L55876,0,297.2,308.6,1413,49.8,12,0,0,0,0,0,0
8698,L55877,0,297.3,308.6,1505,33.5,14,0,0,0,0,0,0
8699,H38112,2,297.3,308.7,1438,46.2,16,0,0,0,0,0,0
8700,M23559,1,297.3,308.7,1655,34.1,21,0,0,0,0,0,0
8701,M23560,1,297.3,308.7,1451,43.8,24,0,0,0,0,0,0
8702,M23561,1,297.3,308.7,1466,38.4,27,0,0,0,0,0,0
8703,L55882,0,297.2,308.6,1774,23.0,30,0,0,0,0,0,0
8704,M23563,1,297.2,308.6,1284,51.3,32,0,0,0,0,0,0
8705,L55884,0,297.1,308.5,1425,40.0,35,0,0,0,0,0,0
8706,L55885,0,297.2,308.6,1437,52.4,37,0,0,0,0,0,0
8707,L55886,0,297.2,308.6,1335,53.0,39,0,0,0,0,0,0
8708,L55887,0,297.2,308.5,1471,41.7,41,0,0,0,0,0,0
8709,M23568,1,297.2,308.5,1364,54.0,43,0,0,0,0,0,0
8710,L55889,0,297.1,308.5,1578,35.6,46,0,0,0,0,0,0
8711,L55890,0,297.1,308.5,1712,32.1,48,0,0,0,0,0,0
8712,L55891,0,297.1,308.5,1733,28.7,50,0,0,0,0,0,0
8713,L55892,0,297.2,308.6,1652,32.1,52,0,0,0,0,0,0
8714,L55893,0,297.2,308.6,1917,24.1,54,0,0,0,0,0,0
8715,M23574,1,297.2,308.6,1444,41.1,56,0,0,0,0,0,0
8716,L55895,0,297.1,308.6,1442,37.1,59,0,0,0,0,0,0
8717,M23576,1,297.1,308.6,1717,31.3,61,0,0,0,0,0,0
8718,L55897,0,297.1,308.7,1474,42.3,64,0,0,0,0,0,0
8719,L55898,0,297.2,308.7,1509,39.3,66,0,0,0,0,0,0
8720,L55899,0,297.2,308.8,1451,43.1,68,0,0,0,0,0,0
8721,L55900,0,297.3,308.8,1554,36.1,70,0,0,0,0,0,0
8722,L55901,0,297.2,308.7,1669,30.7,72,0,0,0,0,0,0
8723,L55902,0,297.2,308.6,1366,50.4,74,0,0,0,0,0,0
8724,L55903,0,297.2,308.6,1578,34.4,76,0,0,0,0,0,0
8725,M23584,1,297.2,308.6,1513,39.0,78,0,0,0,0,0,0
8726,M23585,1,297.1,308.5,1515,42.1,81,0,0,0,0,0,0
8727,L55906,0,297.2,308.6,1562,33.0,84,0,0,0,0,0,0
8728,L55907,0,297.2,308.7,1501,38.5,86,0,0,0,0,0,0
8729,M23588,1,297.2,308.7,1398,38.1,88,0,0,0,0,0,0
8730,L55909,0,297.3,308.7,1352,53.8,91,0,0,0,0,0,0
8731,H38144,2,297.3,308.7,1569,33.9,93,0,0,0,0,0,0
8732,H38145,2,297.2,308.6,1486,46.6,98,0,0,0,0,0,0
8733,L55912,0,297.2,308.6,1864,23.6,103,0,0,0,0,0,0
8734,M23593,1,297.3,308.7,1447,44.5,105,0,0,0,0,0,0
8735,L55914,0,297.2,308.6,1392,41.5,108,0,0,0,0,0,0
8736,L55915,0,297.3,308.6,1358,47.6,110,0,0,0,0,0,0
8737,L55916,0,297.3,308.7,1491,40.2,112,0,0,0,0,0,0
8738,L55917,0,297.3,308.7,1556,36.7,114,0,0,0,0,0,0
8739,L55918,0,297.3,308.7,1531,36.7,116,0,0,0,0,0,0
8740,H38153,2,297.4,308.7,1429,37.6,118,0,0,0,0,0,0
8741,M23600,1,297.4,308.8,1573,33.9,123,0,0,0,0,0,0
8742,L55921,0,297.4,308.8,1538,41.2,126,0,0,0,0,0,0
8743,L55922,0,297.4,308.8,1467,39.0,128,0,0,0,0,0,0
8744,H38157,2,297.4,308.7,1323,51.1,130,0,0,0,0,0,0
8745,M23604,1,297.4,308.7,1798,23.0,135,0,0,0,0,0,0
8746,L55925,0,297.4,308.6,1411,46.3,138,0,0,0,0,0,0
8747,L55926,0,297.3,308.5,1528,44.5,140,0,0,0,0,0,0
8748,L55927,0,297.3,308.5,1504,42.0,142,0,0,0,0,0,0
8749,L55928,0,297.3,308.5,1384,39.6,144,0,0,0,0,0,0
8750,L55929,0,297.2,308.4,1677,26.4,146,0,0,0,0,0,0
8751,L55930,0,297.3,308.5,1764,30.8,148,0,0,0,0,0,0
8752,M23611,1,297.4,308.5,1472,42.0,150,0,0,0,0,0,0
8753,M23612,1,297.4,308.5,1465,55.9,153,0,0,0,0,0,0
8754,M23613,1,297.4,308.6,1657,33.1,156,0,0,0,0,0,0
8755,L55934,0,297.4,308.6,1635,30.5,159,0,0,0,0,0,0
8756,M23615,1,297.4,308.7,1582,31.9,161,0,0,0,0,0,0
8757,L55936,0,297.5,308.7,1761,26.2,164,0,0,0,0,0,0
8758,L55937,0,297.5,308.8,1587,34.9,166,0,0,0,0,0,0
8759,M23618,1,297.5,308.7,1446,53.0,168,0,0,0,0,0,0
8760,M23619,1,297.5,308.7,1352,53.0,171,0,0,0,0,0,0
8761,M23620,1,297.4,308.7,1392,46.4,174,0,0,0,0,0,0
8762,L55941,0,297.5,308.8,1417,49.8,177,0,0,0,0,0,0
8763,H38176,2,297.5,308.8,1824,24.0,179,0,0,0,0,0,0
8764,L55943,0,297.5,308.8,1603,36.7,184,0,0,0,0,0,0
8765,L55944,0,297.4,308.8,1620,33.4,186,0,0,0,0,0,0
8766,L55945,0,297.4,308.8,1353,49.4,188,0,0,0,0,0,0
8767,L55946,0,297.5,308.8,1360,50.7,190,0,0,0,0,0,0
8768,L55947,0,297.5,308.6,1380,53.5,192,0,0,0,0,0,0
8769,M23628,1,297.5,308.7,1363,53.6,194,0,0,0,0,0,0
8770,M23629,1,297.4,308.6,1452,41.2,197,0,0,0,0,0,0
8771,L55950,0,297.4,308.6,1680,32.8,200,0,0,0,0,0,0
8772,L55951,0,297.5,308.6,1536,39.0,202,0,0,0,0,0,0
8773,L55952,0,297.5,308.6,1621,28.9,0,0,0,0,0,0,0
8774,L55953,0,297.5,308.6,1585,37.6,2,0,0,0,0,0,0
8775,M23634,1,297.6,308.7,1408,51.5,4,0,0,0,0,0,0
8776,H38189,2,297.5,308.6,1536,38.7,7,0,0,0,0,0,0
8777,L55956,0,297.5,308.6,1352,52.6,12,0,0,0,0,0,0
8778,H38191,2,297.5,308.6,1481,38.8,14,0,0,0,0,0,0
8779,L55958,0,297.5,308.7,1454,45.0,19,0,0,0,0,0,0
8780,M23639,1,297.5,308.6,1349,51.5,21,0,0,0,0,0,0
8781,M23640,1,297.5,308.6,1327,52.1,24,0,0,0,0,0,0
8782,L55961,0,297.6,308.7,1552,42.3,27,0,0,0,0,0,0
8783,L55962,0,297.5,308.7,1456,44.7,29,0,0,0,0,0,0
8784,M23643,1,297.6,308.6,1254,45.8,31,0,0,0,0,0,0
8785,L55964,0,297.5,308.6,1437,43.3,34,0,0,0,0,0,0
8786,L55965,0,297.5,308.6,1694,27.1,36,0,0,0,0,0,0
8787,L55966,0,297.5,308.5,1306,50.7,38,0,0,0,0,0,0
8788,M23647,1,297.5,308.5,1699,30.1,40,0,0,0,0,0,0
8789,L55968,0,297.4,308.5,1369,53.2,43,0,0,0,0,0,0
8790,L55969,0,297.4,308.5,1471,43.9,45,0,0,0,0,0,0
8791,L55970,0,297.4,308.5,1410,43.9,47,0,0,0,0,0,0
8792,M23651,1,297.4,308.5,1412,45.5,49,0,0,0,0,0,0
8793,L55972,0,297.4,308.5,1418,51.2,52,0,0,0,0,0,0
8794,L55973,0,297.4,308.5,1782,25.9,54,0,0,0,0,0,0
8795,M23654,1,297.4,308.5,1497,36.4,56,0,0,0,0,0,0
8796,L55975,0,297.3,308.4,1459,39.4,59,0,0,0,0,0,0
8797,L55976,0,297.2,308.3,1796,23.8,61,0,0,0,0,0,0
8798,L55977,0,297.2,308.3,1569,31.2,63,0,0,0,0,0,0
8799,L55978,0,297.3,308.4,1469,46.7,65,0,0,0,0,0,0
8800,L55979,0,297.3,308.4,1472,41.3,67,0,0,0,0,0,0
8801,L55980,0,297.4,308.5,1475,47.2,69,0,0,0,0,0,0
8802,L55981,0,297.4,308.6,1488,36.4,71,0,0,0,0,0,0
8803,L55982,0,297.4,308.6,1524,43.1,73,0,0,0,0,0,0
8804,L55983,0,297.4,308.5,1486,48.6,75,0,0,0,0,0,0
8805,M23664,1,297.5,308.6,1255,60.7,77,0,0,0,0,0,0
8806,M23665,1,297.4,308.6,1469,42.6,80,0,0,0,0,0,0
8807,L55986,0,297.4,308.5,1692,34.3,83,0,0,0,0,0,0
8808,M23667,1,297.4,308.6,1604,32.8,85,0,0,0,0,0,0
8809,L55988,0,297.4,308.6,1446,48.1,88,0,0,0,0,0,0
8810,L55989,0,297.3,308.5,1503,43.3,90,0,0,0,0,0,0
8811,M23670,1,297.3,308.5,1625,32.8,92,0,0,0,0,0,0
8812,L55991,0,297.2,308.5,1574,35.8,95,0,0,0,0,0,0
8813,M23672,1,297.2,308.4,1378,41.9,97,0,0,0,0,0,0
8814,L55993,0,297.1,308.4,1693,29.5,100,0,0,0,0,0,0
8815,L55994,0,297.2,308.4,1462,51.2,102,0,0,0,0,0,0
8816,H38229,2,297.3,308.5,1435,55.0,104,0,0,0,0,0,0
8817,M23676,1,297.2,308.5,1425,45.8,109,0,0,0,0,0,0
8818,H38231,2,297.3,308.6,1376,53.5,112,0,0,0,0,0,0
8819,M23678,1,297.4,308.7,1481,48.0,117,0,0,0,0,0,0
8820,H38233,2,297.4,308.7,1349,48.9,120,0,0,0,0,0,0
8821,L56000,0,297.3,308.7,1551,40.0,125,0,0,0,0,0,0
8822,H38235,2,297.4,308.7,1623,33.8,127,0,0,0,0,0,0
8823,L56002,0,297.4,308.8,1462,49.7,132,0,0,0,0,0,0
8824,M23683,1,297.3,308.8,1447,57.4,134,0,0,0,0,0,0
8825,M23684,1,297.3,308.9,1799,24.5,137,0,0,0,0,0,0
8826,M23685,1,297.3,308.8,1548,41.3,140,0,0,0,0,0,0
8827,M23686,1,297.2,308.8,1485,47.9,143,0,0,0,0,0,0
8828,L56007,0,297.2,308.7,1463,49.9,146,0,0,0,0,0,0
8829,L56008,0,297.3,308.7,1587,35.8,148,0,0,0,0,0,0
8830,M23689,1,297.3,308.8,1469,44.1,150,0,0,0,0,0,0
8831,H38244,2,297.3,308.7,1430,42.8,153,0,0,0,0,0,0
8832,H38245,2,297.4,308.7,1726,26.8,158,0,0,0,0,0,0
8833,L56012,0,297.4,308.8,1651,34.1,163,0,0,0,0,0,0
8834,L56013,0,297.4,308.8,1529,41.3,165,0,0,0,0,0,0
8835,L56014,0,297.4,308.8,1473,46.2,167,0,0,0,0,0,0
8836,H38249,2,297.4,308.8,1324,53.5,169,0,0,0,0,0,0
8837,L56016,0,297.4,308.9,1708,28.8,174,0,0,0,0,0,0
8838,M23697,1,297.5,309.1,1540,38.5,176,0,0,0,0,0,0
8839,L56018,0,297.5,309.0,1320,54.7,179,0,0,0,0,0,0
8840,M23699,1,297.4,308.9,1376,39.0,181,0,0,0,0,0,0
8841,M23700,1,297.3,308.7,1542,37.0,184,0,0,0,0,0,0
8842,L56021,0,297.3,308.7,1506,39.3,187,0,0,0,0,0,0
8843,L56022,0,297.3,308.7,1492,43.6,189,0,0,0,0,0,0
8844,H38257,2,297.3,308.8,1564,38.0,191,0,0,0,0,0,0
8845,H38258,2,297.4,308.9,1645,30.8,196,0,0,0,0,0,0
8846,M23705,1,297.4,308.9,1348,59.1,201,0,0,0,0,0,0
8847,M23706,1,297.4,308.8,1325,62.4,204,1,1,0,0,1,0
8848,L56027,0,297.5,308.9,1443,43.5,0,0,0,0,0,0,0
8849,M23708,1,297.5,308.9,1436,44.8,2,0,0,0,0,0,0
8850,L56029,0,297.5,308.9,1596,30.7,5,0,0,0,0,0,0
8851,L56030,0,297.6,309.0,1491,43.2,7,0,0,0,0,0,0
8852,M23711,1,297.7,308.9,1573,35.1,9,0,0,0,0,0,0
8853,L56032,0,297.7,308.9,1575,39.9,12,0,0,0,0,0,0
8854,L56033,0,297.7,308.9,1458,41.1,14,0,0,0,0,0,0
8855,M23714,1,297.7,309.0,1433,41.8,16,0,0,0,0,0,0
8856,L56035,0,297.7,308.9,1662,28.1,19,0,0,0,0,0,0
8857,M23716,1,297.7,308.9,1327,63.7,21,0,0,0,0,0,0
8858,L56037,0,297.7,308.9,1742,26.3,24,0,0,0,0,0,0
8859,L56038,0,297.8,308.9,1506,33.5,26,0,0,0,0,0,0
8860,L56039,0,297.9,309.1,1457,44.4,28,0,0,0,0,0,0
8861,M23720,1,297.9,309.1,1488,37.3,30,0,0,0,0,0,0
8862,L56041,0,297.9,309.1,1619,34.7,33,0,0,0,0,0,0
8863,M23722,1,298.0,309.2,1558,41.7,35,0,0,0,0,0,0
8864,L56043,0,298.0,309.2,1731,28.7,38,0,0,0,0,0,0
8865,M23724,1,298.0,309.1,1574,34.8,40,0,0,0,0,0,0
8866,L56045,0,297.9,309.0,1290,49.8,43,0,0,0,0,0,0
8867,H38280,2,297.9,308.9,1416,39.6,45,0,0,0,0,0,0
8868,L56047,0,297.9,308.9,1566,41.9,50,0,0,0,0,0,0
8869,L56048,0,297.9,309.0,1456,46.5,52,0,0,0,0,0,0
8870,L56049,0,297.9,309.0,1528,37.5,54,0,0,0,0,0,0
8871,M23730,1,297.9,309.1,1338,49.6,56,0,0,0,0,0,0
8872,M23731,1,297.9,309.1,1558,39.2,59,0,0,0,0,0,0
8873,M23732,1,297.9,309.1,1614,38.1,62,0,0,0,0,0,0
8874,H38287,2,298.0,309.1,1557,36.4,65,0,0,0,0,0,0
8875,L56054,0,298.1,309.3,1443,45.3,70,0,0,0,0,0,0
8876,H38289,2,298.1,309.3,1332,51.0,72,0,0,0,0,0,0
8877,M23736,1,298.1,309.3,1752,25.2,77,0,0,0,0,0,0
8878,M23737,1,298.1,309.2,1460,45.8,80,0,0,0,0,0,0
8879,L56058,0,298.1,309.2,1802,26.9,83,0,0,0,0,0,0
8880,L56059,0,298.0,309.2,1527,39.5,85,0,0,0,0,0,0
8881,L56060,0,298.0,309.2,1458,39.8,87,0,0,0,0,0,0
8882,H38295,2,298.0,309.2,1520,37.9,89,0,0,0,0,0,0
8883,L56062,0,298.0,309.2,1378,49.7,94,0,0,0,0,0,0
8884,M23743,1,297.9,309.2,1529,38.1,96,0,0,0,0,0,0
8885,L56064,0,298.0,309.2,1527,32.4,99,0,0,0,0,0,0
8886,M23745,1,298.0,309.2,1438,42.9,101,0,0,0,0,0,0
8887,L56066,0,297.9,309.0,1583,36.7,104,0,0,0,0,0,0
8888,L56067,0,297.8,308.9,1530,37.6,106,0,0,0,0,0,0
8889,M23748,1,297.7,308.9,1530,39.1,108,0,0,0,0,0,0
8890,M23749,1,297.7,308.8,2089,19.1,111,0,0,0,0,0,0
8891,L56070,0,297.7,308.8,1616,34.2,114,0,0,0,0,0,0
8892,M23751,1,297.7,308.9,1681,28.3,116,0,0,0,0,0,0
8893,L56072,0,297.6,308.8,1475,43.0,119,0,0,0,0,0,0
8894,L56073,0,297.5,308.7,1371,46.5,121,0,0,0,0,0,0
8895,M23754,1,297.5,308.7,1546,38.0,123,0,0,0,0,0,0
8896,H38309,2,297.4,308.6,1461,40.1,126,0,0,0,0,0,0
8897,L56076,0,297.4,308.7,1638,31.9,131,0,0,0,0,0,0
8898,M23757,1,297.3,308.7,1577,35.6,133,0,0,0,0,0,0
8899,L56078,0,297.4,308.6,1532,38.7,136,0,0,0,0,0,0
8900,M23759,1,297.3,308.5,1710,27.7,138,0,0,0,0,0,0
8901,M23760,1,297.3,308.6,1584,29.4,141,0,0,0,0,0,0
8902,L56081,0,297.3,308.6,1446,50.1,144,0,0,0,0,0,0
8903,H38316,2,297.4,308.7,1522,46.3,146,0,0,0,0,0,0
8904,M23763,1,297.4,308.7,1382,49.9,151,0,0,0,0,0,0
8905,L56084,0,297.4,308.7,1584,38.2,154,0,0,0,0,0,0
8906,L56085,0,297.3,308.6,1385,55.2,156,0,0,0,0,0,0
8907,L56086,0,297.3,308.7,1592,34.4,158,0,0,0,0,0,0
8908,M23767,1,297.2,308.6,1404,43.7,160,0,0,0,0,0,0
8909,L56088,0,297.2,308.5,1518,44.3,163,0,0,0,0,0,0
8910,L56089,0,297.1,308.4,1529,40.4,165,0,0,0,0,0,0
8911,L56090,0,297.1,308.4,1550,37.0,167,0,0,0,0,0,0
8912,L56091,0,297.1,308.3,1773,23.8,169,0,0,0,0,0,0
8913,L56092,0,297.2,308.5,1446,43.7,171,0,0,0,0,0,0
8914,M23773,1,297.2,308.5,1487,46.9,173,0,0,0,0,0,0
8915,M23774,1,297.3,308.5,1524,49.3,176,0,0,0,0,0,0
8916,L56095,0,297.1,308.3,1403,54.1,179,0,0,0,0,0,0
8917,L56096,0,297.1,308.2,2267,15.7,181,0,0,0,0,0,0
8918,M23777,1,297.1,308.2,1529,37.9,183,0,0,0,0,0,0
8919,L56098,0,297.1,308.2,1402,51.2,186,0,0,0,0,0,0
8920,L56099,0,297.2,308.3,1693,28.0,188,0,0,0,0,0,0
8921,L56100,0,297.1,308.3,1496,45.8,190,0,0,0,0,0,0
8922,L56101,0,297.1,308.1,1633,33.3,192,0,0,0,0,0,0
8923,L56102,0,297.1,308.2,1399,42.6,194,0,0,0,0,0,0
8924,M23783,1,297.0,308.1,1363,45.3,196,0,0,0,0,0,0
8925,H38338,2,297.1,308.2,1527,42.2,199,0,0,0,0,0,0
8926,M23785,1,297.2,308.2,1405,42.5,204,0,0,0,0,0,0
8927,M23786,1,297.3,308.3,1459,59.6,207,1,0,0,1,1,0
8928,M23787,1,297.4,308.4,1789,25.0,210,0,0,0,0,0,0
8929,L56108,0,297.4,308.4,1531,41.5,213,0,0,0,0,0,0
8930,M23789,1,297.4,308.4,1620,35.8,215,0,0,0,0,0,0
8931,L56110,0,297.4,308.4,1571,39.4,0,0,0,0,0,0,0
8932,L56111,0,297.4,308.4,1434,39.9,2,0,0,0,0,0,0
8933,L56112,0,297.4,308.4,1474,43.6,4,0,0,0,0,0,0
8934,M23793,1,297.3,308.3,1544,41.7,6,0,0,0,0,0,0
8935,L56114,0,297.3,308.2,1601,35.7,9,0,0,0,0,0,0
8936,L56115,0,297.4,308.3,1801,26.9,11,0,0,0,0,0,0
8937,L56116,0,297.4,308.3,1465,42.0,13,0,0,0,0,0,0
8938,M23797,1,297.4,308.4,1340,52.6,15,0,0,0,0,0,0
8939,M23798,1,297.4,308.4,1517,41.0,18,0,0,0,0,0,0
8940,M23799,1,297.3,308.4,1434,44.8,21,0,0,0,0,0,0
8941,H38354,2,297.3,308.3,1935,19.3,24,0,0,0,0,0,0
8942,M23801,1,297.3,308.3,1595,32.2,29,0,0,0,0,0,0
8943,L56122,0,297.3,308.3,2188,17.0,32,0,0,0,0,0,0
8944,M23803,1,297.3,308.4,1449,44.4,34,0,0,0,0,0,0
8945,L56124,0,297.3,308.3,1471,38.2,37,0,0,0,0,0,0
8946,L56125,0,297.4,308.2,1639,33.8,39,0,0,0,0,0,0
8947,M23806,1,297.3,308.2,1846,24.5,41,0,0,0,0,0,0
8948,M23807,1,297.3,308.2,1452,38.2,44,0,0,0,0,0,0
8949,M23808,1,297.4,308.3,1483,41.9,47,0,0,0,0,0,0
8950,L56129,0,297.4,308.3,1284,60.3,50,0,0,0,0,0,0
8951,L56130,0,297.4,308.2,1419,50.0,52,0,0,0,0,0,0
8952,L56131,0,297.3,308.1,1763,28.4,54,0,0,0,0,0,0
8953,M23812,1,297.2,308.0,1478,42.5,56,0,0,0,0,0,0
8954,L56133,0,297.3,308.0,1518,36.0,59,0,0,0,0,0,0
8955,L56134,0,297.3,308.0,1447,49.0,61,0,0,0,0,0,0
8956,M23815,1,297.4,308.0,1355,55.1,63,0,0,0,0,0,0
8957,L56136,0,297.4,308.1,1348,57.4,66,0,0,0,0,0,0
8958,L56137,0,297.4,308.1,1348,53.7,68,0,0,0,0,0,0
8959,M23818,1,297.4,308.1,1734,27.7,70,0,0,0,0,0,0
8960,L56139,0,297.3,308.0,1420,46.5,73,0,0,0,0,0,0
8961,L56140,0,297.3,307.9,1797,24.7,75,0,0,0,0,0,0
8962,M23821,1,297.3,308.0,1403,45.0,77,0,0,0,0,0,0
8963,L56142,0,297.3,307.9,1628,30.2,80,0,0,0,0,0,0
8964,M23823,1,297.2,307.9,1687,30.4,82,0,0,0,0,0,0
8965,M23824,1,297.2,307.9,1456,44.9,85,0,0,0,0,0,0
8966,L56145,0,297.1,307.9,1496,44.7,88,0,0,0,0,0,0
8967,L56146,0,297.1,307.8,1636,30.3,90,0,0,0,0,0,0
8968,L56147,0,297.1,307.8,1536,40.4,92,0,0,0,0,0,0
8969,L56148,0,297.1,307.8,1454,50.6,94,0,0,0,0,0,0
8970,L56149,0,297.0,307.8,1396,50.0,96,0,0,0,0,0,0
8971,L56150,0,297.0,307.6,1575,37.4,98,0,0,0,0,0,0
8972,L56151,0,296.9,307.6,1514,35.7,100,0,0,0,0,0,0
8973,M23832,1,296.8,307.4,1455,49.9,102,0,0,0,0,0,0
8974,L56153,0,296.8,307.4,1549,48.3,105,0,0,0,0,0,0
8975,L56154,0,296.8,307.5,1474,42.4,107,0,0,0,0,0,0
8976,H38389,2,296.7,307.4,1661,34.2,109,0,0,0,0,0,0
8977,L56156,0,296.7,307.4,1535,34.6,114,0,0,0,0,0,0
8978,M23837,1,296.9,307.5,1556,31.2,116,0,0,0,0,0,0
8979,L56158,0,296.9,307.6,1435,45.0,119,0,0,0,0,0,0
8980,M23839,1,296.9,307.5,1332,51.1,121,0,0,0,0,0,0
8981,L56160,0,297.0,307.6,1513,42.4,124,0,0,0,0,0,0
8982,L56161,0,297.0,307.7,1502,39.4,126,0,0,0,0,0,0
8983,L56162,0,297.0,307.7,1315,60.1,128,0,0,0,0,0,0
8984,M23843,1,297.0,307.7,1261,51.1,130,0,0,0,0,0,0
8985,L56164,0,297.1,307.8,1406,60.4,133,0,0,0,0,0,0
8986,L56165,0,297.1,307.8,1584,42.3,135,0,0,0,0,0,0
8987,M23846,1,297.1,307.8,1443,43.9,137,0,0,0,0,0,0
8988,L56167,0,297.2,307.9,1580,35.8,140,0,0,0,0,0,0
8989,L56168,0,297.2,307.9,1825,24.6,142,0,0,0,0,0,0
8990,L56169,0,297.2,307.9,1469,48.2,144,0,0,0,0,0,0
8991,L56170,0,297.2,307.9,1493,38.4,146,0,0,0,0,0,0
8992,M23851,1,297.3,308.0,1598,29.4,148,0,0,0,0,0,0
8993,H38406,2,297.2,307.9,1450,37.2,151,0,0,0,0,0,0
8994,M23853,1,297.2,307.9,1632,37.5,156,0,0,0,0,0,0
8995,M23854,1,297.1,307.9,1980,20.3,159,0,0,0,0,0,0
8996,L56175,0,297.2,308.0,1474,43.7,162,0,0,0,0,0,0
8997,L56176,0,297.2,307.9,1540,37.1,164,0,0,0,0,0,0
8998,M23857,1,297.1,307.9,1609,38.9,166,0,0,0,0,0,0
8999,L56178,0,297.1,308.0,1467,42.8,169,0,0,0,0,0,0
9000,L56179,0,297.1,307.9,1492,39.4,171,0,0,0,0,0,0
9001,L56180,0,297.0,307.9,1493,46.1,173,0,0,0,0,0,0
9002,L56181,0,297.0,307.8,1500,39.9,175,0,0,0,0,0,0
9003,L56182,0,297.1,307.8,1477,36.6,177,0,0,0,0,0,0
9004,L56183,0,297.1,307.9,1342,49.1,179,0,0,0,0,0,0
9005,M23864,1,297.1,307.8,1538,34.3,181,0,0,0,0,0,0
9006,L56185,0,297.2,307.9,1337,58.1,184,0,0,0,0,0,0
9007,L56186,0,297.3,307.9,1417,41.8,186,0,0,0,0,0,0
9008,L56187,0,297.4,308.0,1383,46.2,188,0,0,0,0,0,0
9009,M23868,1,297.4,308.0,1440,42.4,190,0,0,0,0,0,0
9010,L56189,0,297.3,307.9,1579,34.4,193,0,0,0,0,0,0
9011,L56190,0,297.2,307.9,1441,40.0,195,0,0,0,0,0,0
9012,M23871,1,297.2,307.9,1530,35.9,197,0,0,0,0,0,0
9013,L56192,0,297.2,308.0,1705,26.0,200,0,0,0,0,0,0
9014,H38427,2,297.2,308.0,1435,43.0,202,0,0,0,0,0,0
9015,M23874,1,297.2,308.1,1340,61.3,207,1,0,0,0,1,0
9017,L56196,0,297.3,308.2,1396,52.7,212,1,0,0,0,1,0
9018,M23877,1,297.3,308.1,1369,52.0,214,0,0,0,0,0,0
9019,L56198,0,297.3,308.1,1615,35.4,217,1,1,0,0,0,0
9020,L56199,0,297.2,308.1,1662,31.3,0,0,0,0,0,0,0
9021,L56200,0,297.3,308.2,1553,33.5,2,0,0,0,0,0,0
9022,M23881,1,297.4,308.2,1536,34.6,4,0,0,0,0,0,0
9023,L56202,0,297.4,308.3,1548,46.6,7,0,0,0,0,0,0
9024,L56203,0,297.4,308.3,1706,30.9,9,0,0,0,0,0,0
9025,L56204,0,297.4,308.3,1366,45.5,11,0,0,0,0,0,0
9026,L56205,0,297.5,308.4,1440,35.9,13,0,0,0,0,0,0
9027,M23886,1,297.5,308.4,1685,28.1,15,0,0,0,0,0,0
9028,M23887,1,297.4,308.3,1444,44.0,18,0,0,0,0,0,0
9029,L56208,0,297.4,308.3,1395,48.7,21,0,0,0,0,0,0
9030,L56209,0,297.4,308.3,1483,38.8,23,0,0,0,0,0,0
9031,M23890,1,297.5,308.4,1403,44.3,25,0,0,0,0,0,0
9032,H38445,2,297.5,308.4,1793,23.9,28,0,0,0,0,0,0
9033,L56212,0,297.4,308.3,1723,28.8,33,0,0,0,0,0,0
9034,L56213,0,297.4,308.2,1386,41.0,35,0,0,0,0,0,0
9035,H38448,2,297.4,308.2,1585,46.2,37,0,0,0,0,0,0
9036,M23895,1,297.3,308.1,1731,27.7,42,0,0,0,0,0,0
9037,L56216,0,297.3,308.3,1519,37.7,45,0,0,0,0,0,0
9038,L56217,0,297.3,308.2,1896,24.4,47,0,0,0,0,0,0
9039,L56218,0,297.3,308.3,2358,14.9,49,0,0,0,0,0,0
9040,M23899,1,297.3,308.3,1341,51.9,51,0,0,0,0,0,0
9041,L56220,0,297.3,308.3,1550,37.0,54,0,0,0,0,0,0
9042,L56221,0,297.3,308.3,1309,61.5,56,0,0,0,0,0,0
9043,M23902,1,297.3,308.4,1599,32.9,58,0,0,0,0,0,0
9044,L56223,0,297.4,308.4,1343,40.0,61,0,0,0,0,0,0
9045,L56224,0,297.4,308.4,1378,39.9,63,0,0,0,0,0,0
9046,L56225,0,297.4,308.4,1603,34.6,65,0,0,0,0,0,0
9047,L56226,0,297.4,308.4,1664,28.1,67,0,0,0,0,0,0
9048,L56227,0,297.3,308.4,1488,37.4,69,0,0,0,0,0,0
9049,M23908,1,297.3,308.4,1370,50.5,71,0,0,0,0,0,0
9050,L56229,0,297.3,308.5,1545,34.3,74,0,0,0,0,0,0
9051,M23910,1,297.4,308.5,1566,31.4,76,0,0,0,0,0,0
9052,L56231,0,297.4,308.6,1820,24.6,79,0,0,0,0,0,0
9053,M23912,1,297.4,308.6,1901,22.1,81,0,0,0,0,0,0
9054,M23913,1,297.4,308.5,1638,32.2,84,0,0,0,0,0,0
9055,M23914,1,297.3,308.4,1521,38.2,87,0,0,0,0,0,0
9056,H38469,2,297.3,308.4,1864,23.1,90,0,0,0,0,0,0
9057,L56236,0,297.3,308.3,1430,41.9,95,0,0,0,0,0,0
9058,M23917,1,297.3,308.4,1686,34.5,97,0,0,0,0,0,0
9059,M23918,1,297.2,308.3,1326,57.2,100,0,0,0,0,0,0
9060,L56239,0,297.2,308.3,1805,25.6,103,0,0,0,0,0,0
9061,H38474,2,297.2,308.3,1453,45.8,105,0,0,0,0,0,0
9062,M23921,1,297.2,308.4,1863,26.0,110,0,0,0,0,0,0
9063,L56242,0,297.2,308.3,1576,35.3,113,0,0,0,0,0,0
9064,L56243,0,297.2,308.3,1419,39.7,115,0,0,0,0,0,0
9065,L56244,0,297.2,308.4,1833,25.2,117,0,0,0,0,0,0
9066,H38479,2,297.2,308.4,2182,17.3,119,0,0,0,0,0,0
9067,L56246,0,297.2,308.3,1656,30.3,124,0,0,0,0,0,0
9068,L56247,0,297.1,308.2,1351,56.6,126,0,0,0,0,0,0
9069,H38482,2,297.1,308.2,1790,30.3,128,0,0,0,0,0,0
9070,M23929,1,297.2,308.2,1678,28.1,133,0,0,0,0,0,0
9071,L56250,0,297.1,308.2,1427,45.2,136,0,0,0,0,0,0
9072,L56251,0,297.0,308.1,1429,54.0,138,0,0,0,0,0,0
9073,H38486,2,297.2,308.1,1770,27.2,140,0,0,0,0,0,0
9074,L56253,0,297.2,308.1,1689,31.2,145,0,0,0,0,0,0
9075,M23934,1,297.2,308.1,1554,41.3,147,0,0,0,0,0,0
9076,L56255,0,297.3,308.1,1506,36.0,150,0,0,0,0,0,0
9077,L56256,0,297.2,308.1,1474,44.3,152,0,0,0,0,0,0
9078,L56257,0,297.3,308.1,1762,26.1,154,0,0,0,0,0,0
9079,L56258,0,297.3,308.1,1566,35.7,156,0,0,0,0,0,0
9080,H38493,2,297.3,308.1,1554,42.4,158,0,0,0,0,0,0
9081,L56260,0,297.2,308.0,1869,25.4,163,0,0,0,0,0,0
9082,L56261,0,297.3,308.0,1527,35.1,165,0,0,0,0,0,0
9083,L56262,0,297.2,307.9,1309,49.6,167,0,0,0,0,0,0
9084,M23943,1,297.2,307.9,1541,35.7,169,0,0,0,0,0,0
9085,L56264,0,297.2,307.9,1326,75.4,172,1,0,0,1,1,0
9086,H38499,2,297.1,307.9,1365,54.0,174,0,0,0,0,0,0
9087,L56266,0,297.1,307.8,1428,43.7,179,0,0,0,0,0,0
9088,L56267,0,297.1,307.8,1681,27.6,181,0,0,0,0,0,0
9089,M23948,1,297.1,307.9,1662,26.9,183,0,0,0,0,0,0
9090,L56269,0,297.2,307.9,1989,20.3,186,0,0,0,0,0,0
9091,M23950,1,297.2,307.9,1747,29.0,188,0,0,0,0,0,0
9092,M23951,1,297.2,308.0,1765,31.1,191,0,0,0,0,0,0
9093,L56272,0,297.3,308.1,1568,34.4,194,0,0,0,0,0,0
9094,M23953,1,297.3,308.1,1709,30.6,196,0,0,0,0,0,0
9095,M23954,1,297.3,308.1,1370,58.8,199,0,0,0,0,0,0
9096,L56275,0,297.3,308.1,1458,45.7,202,0,0,0,0,0,0
9097,L56276,0,297.2,308.1,1712,30.9,204,0,0,0,0,0,0
9098,L56277,0,297.3,308.1,1642,36.9,206,0,0,0,0,0,0
9099,L56278,0,297.3,308.1,1468,49.8,0,0,0,0,0,0,0
9100,H38513,2,297.3,308.1,1477,52.3,2,0,0,0,0,0,0
9101,L56280,0,297.3,308.2,1446,53.5,7,0,0,0,0,0,0
9102,H38515,2,297.3,308.2,1653,31.4,9,0,0,0,0,0,0
9103,L56282,0,297.3,308.3,1494,38.2,14,0,0,0,0,0,0
9104,L56283,0,297.3,308.2,1490,41.0,16,0,0,0,0,0,0
9105,M23964,1,297.4,308.3,1550,47.8,18,0,0,0,0,0,0
9106,M23965,1,297.3,308.2,1677,34.9,21,0,0,0,0,0,0
9107,L56286,0,297.4,308.3,1854,21.8,24,0,0,0,0,0,0
9108,M23967,1,297.5,308.5,1662,30.3,26,0,0,0,0,0,0
9109,M23968,1,297.5,308.6,1440,38.8,29,0,0,0,0,0,0
9110,L56289,0,297.5,308.6,1513,39.7,32,0,0,0,0,0,0
9111,M23970,1,297.6,308.6,1389,49.0,34,0,0,0,0,0,0
9112,L56291,0,297.6,308.6,1351,51.0,37,0,0,0,0,0,0
9113,M23972,1,297.6,308.6,1482,38.3,39,0,0,0,0,0,0
9114,L56293,0,297.6,308.6,1744,28.5,42,0,0,0,0,0,0
9115,L56294,0,297.6,308.7,1476,39.0,44,0,0,0,0,0,0
9116,M23975,1,297.6,308.6,1444,48.2,46,0,0,0,0,0,0
9117,H38530,2,297.6,308.7,1659,32.1,49,0,0,0,0,0,0
9118,M23977,1,297.6,308.7,1475,46.6,54,0,0,0,0,0,0
9119,L56298,0,297.6,308.6,1526,42.1,57,0,0,0,0,0,0
9120,M23979,1,297.4,308.4,1675,29.5,59,0,0,0,0,0,0
9121,L56300,0,297.4,308.4,1525,38.7,62,0,0,0,0,0,0
9122,L56301,0,297.3,308.3,1396,45.9,64,0,0,0,0,0,0
9123,L56302,0,297.4,308.4,1580,41.2,66,0,0,0,0,0,0
9124,L56303,0,297.4,308.5,1462,42.8,68,0,0,0,0,0,0
9125,L56304,0,297.4,308.4,1426,50.4,70,0,0,0,0,0,0
9126,L56305,0,297.4,308.5,1569,34.2,72,0,0,0,0,0,0
9127,L56306,0,297.4,308.5,1477,40.7,74,0,0,0,0,0,0
9128,L56307,0,297.4,308.5,1761,27.2,76,0,0,0,0,0,0
9129,M23988,1,297.5,308.6,1486,45.9,78,0,0,0,0,0,0
9130,L56309,0,297.6,308.6,1664,30.1,81,0,0,0,0,0,0
9131,L56310,0,297.6,308.6,1576,32.7,83,0,0,0,0,0,0
9132,H38545,2,297.6,308.6,1463,46.7,85,0,0,0,0,0,0
9133,M23992,1,297.6,308.6,1585,42.0,90,0,0,0,0,0,0
9134,L56313,0,297.7,308.7,1479,45.7,93,0,0,0,0,0,0
9135,L56314,0,297.7,308.7,1449,40.2,95,0,0,0,0,0,0
9136,H38549,2,297.7,308.8,1404,50.3,97,0,0,0,0,0,0
9137,L56316,0,297.7,308.7,1694,29.1,102,0,0,0,0,0,0
9138,L56317,0,297.7,308.7,1731,28.4,104,0,0,0,0,0,0
9139,L56318,0,297.6,308.6,1522,37.0,106,0,0,0,0,0,0
9140,L56319,0,297.5,308.5,1536,36.9,108,0,0,0,0,0,0
9141,L56320,0,297.5,308.5,1373,39.9,110,0,0,0,0,0,0
9142,L56321,0,297.5,308.5,1597,36.4,112,0,0,0,0,0,0
9143,L56322,0,297.6,308.5,1678,34.2,114,0,0,0,0,0,0
9144,L56323,0,297.6,308.5,1452,42.6,116,0,0,0,0,0,0
9145,M24004,1,297.5,308.5,1447,41.6,118,0,0,0,0,0,0
9146,L56325,0,297.6,308.5,1574,37.1,121,0,0,0,0,0,0
9147,L56326,0,297.6,308.6,1528,40.0,123,0,0,0,0,0,0
9148,L56327,0,297.7,308.7,1688,27.2,125,0,0,0,0,0,0
9149,L56328,0,297.6,308.6,1393,40.4,127,0,0,0,0,0,0
9150,M24009,1,297.5,308.6,1429,50.5,129,0,0,0,0,0,0
9151,M24010,1,297.5,308.6,1347,57.0,132,0,0,0,0,0,0
9152,L56331,0,297.6,308.6,1553,40.5,135,0,0,0,0,0,0
9153,L56332,0,297.5,308.6,1260,53.6,137,0,0,0,0,0,0
9154,L56333,0,297.5,308.6,1546,33.8,139,0,0,0,0,0,0
9155,L56334,0,297.5,308.6,1596,36.0,141,0,0,0,0,0,0
9156,L56335,0,297.5,308.5,1340,57.4,143,0,0,0,0,0,0
9157,M24016,1,297.5,308.4,1369,54.8,145,0,0,0,0,0,0
9158,L56337,0,297.5,308.5,1462,52.3,148,0,0,0,0,0,0
9159,H38572,2,297.4,308.4,1487,46.2,150,0,0,0,0,0,0
9160,M24019,1,297.5,308.6,1510,35.5,155,0,0,0,0,0,0
9161,H38574,2,297.5,308.5,1671,28.0,158,0,0,0,0,0,0
9162,M24021,1,297.5,308.5,1612,30.0,163,0,0,0,0,0,0
9163,M24022,1,297.6,308.6,1509,39.7,166,0,0,0,0,0,0
9164,L56343,0,297.6,308.6,1415,47.3,169,0,0,0,0,0,0
9165,L56344,0,297.6,308.6,2384,14.4,171,0,0,0,0,0,0
9166,L56345,0,297.6,308.6,1326,62.4,173,0,0,0,0,0,0
9167,M24026,1,297.6,308.6,1390,53.4,175,0,0,0,0,0,0
9168,M24027,1,297.6,308.7,1392,41.2,178,0,0,0,0,0,0
9169,H38582,2,297.6,308.8,1385,44.4,181,0,0,0,0,0,0
9170,L56349,0,297.7,308.8,1896,24.5,186,0,0,0,0,0,0
9171,L56350,0,297.7,308.7,1474,46.8,188,0,0,0,0,0,0
9172,M24031,1,297.7,308.8,1388,45.6,190,0,0,0,0,0,0
9173,L56352,0,297.7,308.9,1715,27.2,193,0,0,0,0,0,0
9174,H38587,2,297.8,308.9,1650,32.2,195,0,0,0,0,0,0
9175,L56354,0,297.8,308.9,1871,25.6,200,1,1,0,0,0,0
9176,L56355,0,297.8,309.0,1403,64.2,0,1,0,0,1,0,0
9177,L56356,0,297.8,308.9,1518,40.4,2,0,0,0,0,0,0
9178,L56357,0,297.9,309.1,1504,43.0,4,0,0,0,0,0,0
9179,L56358,0,297.8,309.0,1340,56.9,6,0,0,0,0,0,0
9180,H38593,2,297.9,309.1,1435,44.7,8,0,0,0,0,0,0
9181,L56360,0,297.9,309.1,1507,36.9,13,0,0,0,0,0,0
9182,L56361,0,297.9,309.1,1521,36.1,15,0,0,0,0,0,0
9183,M24042,1,297.8,309.0,1576,45.0,17,0,0,0,0,0,0
9184,L56363,0,297.9,309.1,1543,36.6,20,0,0,0,0,0,0
9185,L56364,0,298.0,309.2,1665,36.6,22,0,0,0,0,0,0
9186,L56365,0,297.9,309.1,1442,50.3,24,0,0,0,0,0,0
9187,L56366,0,297.9,309.0,1629,29.0,26,0,0,0,0,0,0
9188,L56367,0,297.9,309.0,1379,47.3,28,0,0,0,0,0,0
9189,L56368,0,297.9,309.0,1502,40.2,30,0,0,0,0,0,0
9190,L56369,0,297.9,309.1,1595,32.0,32,0,0,0,0,0,0
9191,M24050,1,298.0,309.0,1439,38.5,34,0,0,0,0,0,0
9192,M24051,1,297.9,309.0,1970,21.6,37,0,0,0,0,0,0
9193,L56372,0,297.9,309.0,1562,35.8,40,0,0,0,0,0,0
9194,M24053,1,297.9,309.0,1530,40.9,42,0,0,0,0,0,0
9195,L56374,0,297.9,308.9,1393,40.6,45,0,0,0,0,0,0
9196,L56375,0,297.9,309.0,1532,37.6,47,0,0,0,0,0,0
9197,L56376,0,298.0,308.9,1607,37.7,49,0,0,0,0,0,0
9198,M24057,1,297.9,308.8,1469,49.0,51,0,0,0,0,0,0
9199,M24058,1,297.9,308.8,1538,37.6,54,0,0,0,0,0,0
9200,L56379,0,297.9,308.8,1613,31.4,57,0,0,0,0,0,0
9201,M24060,1,297.9,308.8,1602,32.1,59,0,0,0,0,0,0
9202,L56381,0,297.8,308.7,1404,44.2,62,0,0,0,0,0,0
9203,L56382,0,297.8,308.8,1548,36.9,64,0,0,0,0,0,0
9204,L56383,0,297.8,308.8,1559,35.2,66,0,0,0,0,0,0
9205,L56384,0,297.8,308.8,1621,36.1,68,0,0,0,0,0,0
9206,L56385,0,297.8,308.8,1579,32.9,70,0,0,0,0,0,0
9207,M24066,1,297.9,308.9,1547,44.0,72,0,0,0,0,0,0
9208,L56387,0,297.9,308.8,1386,48.6,75,0,0,0,0,0,0
9209,L56388,0,298.0,308.9,1406,40.9,77,0,0,0,0,0,0
9210,M24069,1,298.0,309.0,1393,55.9,79,0,0,0,0,0,0
9211,M24070,1,297.9,309.0,2456,13.9,82,0,0,0,0,0,0
9212,M24071,1,298.0,309.0,1409,49.1,85,0,0,0,0,0,0
9213,L56392,0,298.0,308.9,1390,53.9,88,0,0,0,0,0,0
9214,L56393,0,298.0,309.0,1679,32.4,90,0,0,0,0,0,0
9215,L56394,0,298.0,308.9,1508,37.1,92,0,0,0,0,0,0
9216,L56395,0,297.9,308.8,1681,31.7,94,0,0,0,0,0,0
9217,H38630,2,297.7,308.8,1469,43.7,96,0,0,0,0,0,0
9218,L56397,0,297.8,308.8,1421,49.6,101,0,0,0,0,0,0
9219,L56398,0,297.7,308.8,1354,50.2,103,0,0,0,0,0,0
9220,M24079,1,297.7,308.8,1350,57.0,105,0,0,0,0,0,0
9221,L56400,0,297.8,308.9,1282,58.1,108,0,0,0,0,0,0
9222,M24081,1,297.8,309.0,1675,30.0,110,0,0,0,0,0,0
9223,M24082,1,297.9,309.0,1525,38.5,113,0,0,0,0,0,0
9224,L56403,0,297.9,309.0,1382,43.9,116,0,0,0,0,0,0
9225,L56404,0,297.9,309.0,1450,46.8,118,0,0,0,0,0,0
9226,L56405,0,298.0,309.1,1820,23.6,120,0,0,0,0,0,0
9227,L56406,0,298.0,309.1,1822,23.5,122,0,0,0,0,0,0
9228,L56407,0,298.0,309.1,1473,44.3,124,0,0,0,0,0,0
9229,M24088,1,298.1,309.1,1572,37.5,126,0,0,0,0,0,0
9230,M24089,1,298.1,309.0,2042,17.8,129,0,0,0,0,0,0
9231,L56410,0,298.2,309.2,1922,22.6,132,0,0,0,0,0,0
9232,L56411,0,298.2,309.1,1539,36.5,134,0,0,0,0,0,0
9233,L56412,0,298.2,309.1,1350,52.0,136,0,0,0,0,0,0
9234,L56413,0,298.3,309.1,1403,45.1,138,0,0,0,0,0,0
9235,L56414,0,298.3,309.1,1904,20.3,140,0,0,0,0,0,0
9236,M24095,1,298.2,308.9,1592,35.2,142,0,0,0,0,0,0
9237,L56416,0,298.1,308.7,1556,31.6,145,0,0,0,0,0,0
9238,M24097,1,298.1,308.8,1811,25.4,147,0,0,0,0,0,0
9239,M24098,1,298.2,308.8,1456,41.2,150,0,0,0,0,0,0
9240,H38653,2,298.2,308.8,1436,51.9,153,0,0,0,0,0,0
9241,M24100,1,298.1,308.7,1362,49.6,158,0,0,0,0,0,0
9242,L56421,0,298.1,308.7,1683,29.1,161,0,0,0,0,0,0
9243,M24102,1,298.2,308.7,1269,60.9,163,0,0,0,0,0,0
9244,L56423,0,298.3,308.8,1454,49.0,166,0,0,0,0,0,0
9245,L56424,0,298.3,308.8,1767,27.3,168,0,0,0,0,0,0
9246,L56425,0,298.3,308.9,1708,27.3,170,0,0,0,0,0,0
9247,L56426,0,298.3,308.9,1862,27.0,172,0,0,0,0,0,0
9248,L56427,0,298.3,308.9,1695,30.7,174,0,0,0,0,0,0
9249,M24108,1,298.3,309.1,1488,40.6,176,0,0,0,0,0,0
9250,L56429,0,298.3,309.0,1657,32.2,179,0,0,0,0,0,0
9251,H38664,2,298.3,309.0,1823,25.9,181,0,0,0,0,0,0
9252,M24111,1,298.2,309.1,1651,28.8,186,0,0,0,0,0,0
9253,M24112,1,298.1,309.0,1533,36.1,189,0,0,0,0,0,0
9254,M24113,1,298.2,309.0,1508,40.5,192,0,0,0,0,0,0
9255,L56434,0,298.3,309.1,1616,31.1,195,0,0,0,0,0,0
9256,L56435,0,298.2,309.0,1651,31.5,197,0,0,0,0,0,0
9257,L56436,0,298.2,309.1,1569,35.2,199,0,0,0,0,0,0
9258,M24117,1,298.3,309.1,1296,58.7,201,0,0,0,0,0,0
9259,H38672,2,298.3,309.0,1379,43.2,0,0,0,0,0,0,0
9260,M24119,1,298.2,309.0,1694,28.0,5,0,0,0,0,0,0
9261,L56440,0,298.2,309.0,1377,57.8,8,0,0,0,0,0,0
9262,H38675,2,298.3,309.0,1470,38.4,10,0,0,0,0,0,0
9263,M24122,1,298.3,309.1,1404,47.0,15,0,0,0,0,0,0
9264,L56443,0,298.3,309.1,1593,40.1,18,0,0,0,0,0,0
9265,M24124,1,298.3,309.0,1526,36.9,20,0,0,0,0,0,0
9266,M24125,1,298.3,308.9,1390,49.7,23,0,0,0,0,0,0
9267,L56446,0,298.2,308.9,1737,25.5,26,0,0,0,0,0,0
9268,L56447,0,298.2,308.8,1362,57.3,28,0,0,0,0,0,0
9269,L56448,0,298.2,308.8,1666,31.5,30,0,0,0,0,0,0
9270,L56449,0,298.2,308.8,1354,60.9,32,0,0,0,0,0,0
9271,L56450,0,298.2,308.8,1302,60.4,34,0,0,0,0,0,0
9272,L56451,0,298.2,308.7,1991,20.5,36,0,0,0,0,0,0
9273,L56452,0,298.2,308.6,1353,54.1,38,0,0,0,0,0,0
9274,H38687,2,298.2,308.7,1520,35.7,40,0,0,0,0,0,0
9275,L56454,0,298.2,308.7,1428,54.9,45,0,0,0,0,0,0
9276,L56455,0,298.2,308.7,1605,29.4,47,0,0,0,0,0,0
9277,L56456,0,298.1,308.7,1691,30.3,49,0,0,0,0,0,0
9278,L56457,0,298.2,308.7,1447,48.4,51,0,0,0,0,0,0
9279,H38692,2,298.2,308.8,1606,39.9,53,0,0,0,0,0,0
9280,M24139,1,298.2,308.8,1645,28.2,58,0,0,0,0,0,0
9281,H38694,2,298.2,308.8,1470,43.3,61,0,0,0,0,0,0
9282,L56461,0,298.2,308.9,1336,45.0,66,0,0,0,0,0,0
9283,M24142,1,298.2,308.9,1414,44.3,68,0,0,0,0,0,0
9284,M24143,1,298.3,309.0,1802,27.5,71,0,0,0,0,0,0
9285,L56464,0,298.2,308.9,1683,31.7,74,0,0,0,0,0,0
9286,M24145,1,298.2,309.0,1410,47.6,76,0,0,0,0,0,0
9287,L56466,0,298.2,308.9,1605,32.0,79,0,0,0,0,0,0
9288,L56467,0,298.2,308.9,1709,28.1,81,0,0,0,0,0,0
9289,L56468,0,298.2,308.9,1444,53.1,83,0,0,0,0,0,0
9290,L56469,0,298.2,308.9,1367,45.0,85,0,0,0,0,0,0
9291,L56470,0,298.2,309.0,1418,44.2,87,0,0,0,0,0,0
9292,L56471,0,298.2,309.0,1353,57.8,89,0,0,0,0,0,0
9293,L56472,0,298.2,309.0,1643,34.1,91,0,0,0,0,0,0
9294,L56473,0,298.3,309.1,1437,38.0,93,0,0,0,0,0,0
9295,L56474,0,298.1,309.0,1437,36.2,95,0,0,0,0,0,0
9296,M24155,1,298.2,309.0,1413,47.9,97,0,0,0,0,0,0
9297,H38710,2,298.2,309.0,1524,39.1,100,0,0,0,0,0,0
9298,M24157,1,298.1,308.9,1479,43.4,105,0,0,0,0,0,0
9299,L56478,0,298.1,308.9,1313,50.6,108,0,0,0,0,0,0
9300,M24159,1,298.1,308.9,1335,50.4,110,0,0,0,0,0,0
9301,L56480,0,298.1,308.9,1367,41.9,113,0,0,0,0,0,0
9302,M24161,1,298.1,308.9,1459,50.3,115,0,0,0,0,0,0
9303,M24162,1,298.1,308.9,1804,25.1,118,0,0,0,0,0,0
9304,L56483,0,298.2,309.0,1491,38.3,121,0,0,0,0,0,0
9305,L56484,0,298.3,309.1,1537,43.0,123,0,0,0,0,0,0
9306,H38719,2,298.3,309.1,1646,30.2,125,0,0,0,0,0,0
9307,M24166,1,298.3,309.2,1783,28.3,130,0,0,0,0,0,0
9308,L56487,0,298.3,309.1,1395,49.8,133,0,0,0,0,0,0
9309,L56488,0,298.4,309.1,1423,48.0,135,0,0,0,0,0,0
9310,L56489,0,298.3,309.2,1562,37.6,137,0,0,0,0,0,0
9311,L56490,0,298.4,309.3,1549,40.8,139,0,0,0,0,0,0
9312,L56491,0,298.4,309.4,1540,43.2,141,0,0,0,0,0,0
9313,H38726,2,298.5,309.4,1573,33.6,143,0,0,0,0,0,0
9314,L56493,0,298.5,309.4,1418,45.1,148,0,0,0,0,0,0
9315,M24174,1,298.5,309.4,1565,33.7,150,0,0,0,0,0,0
9316,L56495,0,298.5,309.5,1569,41.0,153,0,0,0,0,0,0
9317,H38730,2,298.5,309.4,1417,41.2,155,0,0,0,0,0,0
9318,L56497,0,298.5,309.5,1480,38.1,160,0,0,0,0,0,0
9319,L56498,0,298.5,309.4,1364,44.5,162,0,0,0,0,0,0
9320,L56499,0,298.5,309.4,1911,21.5,164,0,0,0,0,0,0
9321,L56500,0,298.4,309.3,1409,43.1,166,0,0,0,0,0,0
9322,L56501,0,298.4,309.2,1335,53.5,168,0,0,0,0,0,0
9323,M24182,1,298.5,309.3,1512,38.1,170,0,0,0,0,0,0
9324,L56503,0,298.6,309.4,1447,40.2,173,0,0,0,0,0,0
9325,L56504,0,298.6,309.3,1537,37.6,175,0,0,0,0,0,0
9326,M24185,1,298.6,309.3,1510,40.8,177,0,0,0,0,0,0
9327,L56506,0,298.6,309.3,1677,31.2,180,0,0,0,0,0,0
9328,L56507,0,298.5,309.2,1504,33.7,182,0,0,0,0,0,0
9329,H38742,2,298.5,309.1,2051,19.0,184,0,0,0,0,0,0
9330,L56509,0,298.5,309.1,1474,41.3,189,0,0,0,0,0,0
9331,M24190,1,298.4,309.0,1507,36.1,191,0,0,0,0,0,0
9332,L56511,0,298.4,308.9,1496,37.9,194,0,0,0,0,0,0
9333,M24192,1,298.5,309.0,1921,22.0,196,0,0,0,0,0,0
9334,L56513,0,298.5,309.0,1450,40.5,199,0,0,0,0,0,0
9335,L56514,0,298.4,308.9,1402,44.8,201,0,0,0,0,0,0
9336,L56515,0,298.4,308.9,1501,50.0,203,0,0,0,0,0,0
9337,L56516,0,298.5,308.9,1725,31.9,205,0,0,0,0,0,0
9338,H38751,2,298.5,308.9,1500,40.3,207,0,0,0,0,0,0
9339,H38752,2,298.5,309.0,1531,30.8,212,0,0,0,0,0,0
9340,L56519,0,298.5,309.0,1458,44.8,217,0,0,0,0,0,0
9341,H38754,2,298.4,308.9,1577,37.1,0,0,0,0,0,0,0
9342,M24201,1,298.3,308.9,1363,46.1,5,0,0,0,0,0,0
9343,H38756,2,298.3,308.9,1706,31.8,8,0,0,0,0,0,0
9344,M24203,1,298.3,308.8,1391,50.4,13,0,0,0,0,0,0
9345,L56524,0,298.2,308.8,1616,33.7,16,0,0,0,0,0,0
9346,L56525,0,298.2,308.8,1442,47.0,18,0,0,0,0,0,0
9347,M24206,1,298.2,308.8,1626,40.4,20,0,0,0,0,0,0
9348,M24207,1,298.2,308.7,1426,42.6,23,0,0,0,0,0,0
9349,L56528,0,298.2,308.7,1436,49.1,26,0,0,0,0,0,0
9350,M24209,1,298.2,308.7,1599,36.2,28,0,0,0,0,0,0
9351,L56530,0,298.2,308.7,2186,17.8,31,0,0,0,0,0,0
9352,L56531,0,298.3,308.8,1645,30.4,33,0,0,0,0,0,0
9353,L56532,0,298.2,308.7,1780,27.9,35,0,0,0,0,0,0
9354,L56533,0,298.2,308.8,1345,44.3,37,0,0,0,0,0,0
9355,M24214,1,298.2,308.8,1607,31.9,39,0,0,0,0,0,0
9356,L56535,0,298.3,308.9,1708,28.0,42,0,0,0,0,0,0
9357,L56536,0,298.3,308.9,1270,52.7,44,0,0,0,0,0,0
9358,M24217,1,298.3,308.9,1646,25.4,46,0,0,0,0,0,0
9359,L56538,0,298.2,308.7,1407,45.1,49,0,0,0,0,0,0
9360,M24219,1,298.1,308.7,1581,47.4,51,0,0,0,0,0,0
9361,L56540,0,298.0,308.6,1532,42.6,54,0,0,0,0,0,0
9362,L56541,0,298.0,308.6,1610,33.1,56,0,0,0,0,0,0
9363,M24222,1,298.0,308.5,1682,33.0,58,0,0,0,0,0,0
9364,L56543,0,297.9,308.5,1519,34.3,61,0,0,0,0,0,0
9365,L56544,0,297.9,308.5,1683,28.5,63,0,0,0,0,0,0
9366,M24225,1,298.0,308.6,1254,55.8,65,0,0,0,0,0,0
9367,L56546,0,298.0,308.5,1461,48.0,68,0,0,0,0,0,0
9368,L56547,0,297.9,308.5,1472,45.1,70,0,0,0,0,0,0
9369,L56548,0,297.7,308.4,1510,38.6,72,0,0,0,0,0,0
9370,M24229,1,297.7,308.3,1547,36.8,74,0,0,0,0,0,0
9371,H38784,2,297.7,308.4,1418,51.9,77,0,0,0,0,0,0
9372,L56551,0,297.7,308.4,1289,51.3,82,0,0,0,0,0,0
9373,L56552,0,297.7,308.4,1487,41.4,84,0,0,0,0,0,0
9374,L56553,0,297.7,308.5,1453,45.5,86,0,0,0,0,0,0
9375,M24234,1,297.8,308.5,1466,44.7,88,0,0,0,0,0,0
9376,H38789,2,297.7,308.4,1288,49.5,91,0,0,0,0,0,0
9377,H38790,2,297.7,308.4,1738,27.7,96,0,0,0,0,0,0
9378,H38791,2,297.7,308.3,1488,41.0,101,0,0,0,0,0,0
9379,L56558,0,297.6,308.3,1816,28.8,106,0,0,0,0,0,0
9380,L56559,0,297.5,308.2,1419,48.5,108,0,0,0,0,0,0
9381,L56560,0,297.4,308.1,1435,45.7,110,0,0,0,0,0,0
9382,M24241,1,297.5,308.1,1480,42.4,112,0,0,0,0,0,0
9383,L56562,0,297.5,308.2,1610,33.6,115,0,0,0,0,0,0
9384,H38797,2,297.5,308.1,1548,38.2,117,0,0,0,0,0,0
9385,M24244,1,297.6,308.1,1379,57.4,122,0,0,0,0,0,0
9386,M24245,1,297.5,308.1,1907,23.5,125,0,0,0,0,0,0
9387,M24246,1,297.5,308.0,2033,16.7,128,0,0,0,0,0,0
9388,H38801,2,297.4,307.9,1390,52.0,131,0,0,0,0,0,0
9389,M24248,1,297.5,307.9,1544,37.9,136,0,0,0,0,0,0
9390,L56569,0,297.6,308.0,1258,57.4,139,0,0,0,0,0,0
9391,M24250,1,297.5,308.0,1560,39.0,141,0,0,0,0,0,0
9392,H38805,2,297.6,308.2,2071,18.5,144,0,0,0,0,0,0
9393,L56572,0,297.6,308.1,1437,46.3,149,0,0,0,0,0,0
9394,H38807,2,297.7,308.2,1489,43.0,151,0,0,0,0,0,0
9395,L56574,0,297.7,308.2,1334,53.0,156,0,0,0,0,0,0
9396,L56575,0,297.7,308.2,1500,39.9,158,0,0,0,0,0,0
9397,L56576,0,297.8,308.3,1498,47.3,160,0,0,0,0,0,0
9398,M24257,1,297.7,308.2,1370,53.4,162,0,0,0,0,0,0
9399,H38812,2,297.7,308.2,1526,40.1,165,0,0,0,0,0,0
9400,L56579,0,297.8,308.3,1477,44.8,170,0,0,0,0,0,0
9401,L56580,0,297.7,308.2,1446,43.9,172,0,0,0,0,0,0
9402,M24261,1,297.7,308.2,1720,25.6,174,0,0,0,0,0,0
9403,L56582,0,297.7,308.1,1734,30.7,177,0,0,0,0,0,0
9404,L56583,0,297.7,308.1,1697,29.1,179,0,0,0,0,0,0
9405,L56584,0,297.7,308.2,2007,19.3,181,0,0,0,0,0,0
9406,M24265,1,297.7,308.1,1469,48.8,183,0,0,0,0,0,0
9407,M24266,1,297.7,308.1,2189,15.6,186,0,0,0,0,0,0
9408,L56587,0,297.8,308.3,1435,50.1,189,0,0,0,0,0,0
9409,H38822,2,297.9,308.4,1637,34.5,191,0,0,0,0,0,0
9410,L56589,0,298.0,308.5,1664,28.3,196,0,0,0,0,0,0
9411,M24270,1,298.0,308.5,1666,31.0,198,0,0,0,0,0,0
9412,L56591,0,298.0,308.5,1404,46.6,201,0,0,0,0,0,0
9413,L56592,0,298.0,308.5,1702,26.7,203,0,0,0,0,0,0
9414,L56593,0,298.1,308.6,1439,44.9,205,0,0,0,0,0,0
9415,L56594,0,298.1,308.6,1354,53.9,207,1,0,0,0,1,0
9416,M24275,1,298.2,308.7,1361,44.2,0,0,0,0,0,0,0
9417,M24276,1,298.1,308.5,1463,45.9,3,0,0,0,0,0,0
9418,H38831,2,298.1,308.4,1515,43.8,6,0,0,0,0,0,0
9419,L56598,0,298.0,308.4,1432,46.2,11,0,0,0,0,0,0
9420,L56599,0,298.0,308.4,1911,22.0,13,0,0,0,0,0,0
9421,L56600,0,298.0,308.4,1472,42.0,15,0,0,0,0,0,0
9422,M24281,1,298.1,308.5,1382,54.5,17,0,0,0,0,0,0
9423,L56602,0,298.1,308.5,1665,29.6,20,0,0,0,0,0,0
9424,L56603,0,298.1,308.5,1676,30.5,22,0,0,0,0,0,0
9425,M24284,1,298.0,308.5,1585,33.0,24,0,0,0,0,0,0
9426,M24285,1,298.1,308.6,1415,46.3,27,0,0,0,0,0,0
9427,L56606,0,298.1,308.7,1341,55.7,30,0,0,0,0,0,0
9428,L56607,0,298.2,308.8,1540,34.8,32,0,0,0,0,0,0
9429,H38842,2,298.2,308.8,1837,28.4,34,0,0,0,0,0,0
9430,L56609,0,298.2,308.8,1498,36.0,39,0,0,0,0,0,0
9431,L56610,0,298.1,308.7,1671,28.8,41,0,0,0,0,0,0
9432,L56611,0,298.0,308.6,1430,57.0,43,0,0,0,0,0,0
9433,L56612,0,298.0,308.7,1619,40.1,45,0,0,0,0,0,0
9434,M24293,1,298.0,308.7,1430,51.9,47,0,0,0,0,0,0
9435,L56614,0,298.0,308.6,1626,33.3,50,0,0,0,0,0,0
9436,L56615,0,298.0,308.7,1443,49.3,52,0,0,0,0,0,0
9437,L56616,0,298.0,308.6,1481,42.5,54,0,0,0,0,0,0
9438,M24297,1,298.1,308.7,1527,43.0,56,0,0,0,0,0,0
9439,M24298,1,298.1,308.7,1315,56.8,59,0,0,0,0,0,0
9440,M24299,1,298.1,308.8,1433,48.2,62,0,0,0,0,0,0
9441,M24300,1,298.1,308.8,1378,53.5,65,0,0,0,0,0,0
9442,L56621,0,298.1,308.8,1432,43.4,68,0,0,0,0,0,0
9443,M24302,1,298.1,308.8,1394,47.9,70,0,0,0,0,0,0
9444,H38857,2,298.0,308.8,1411,53.8,73,0,0,0,0,0,0
9445,L56624,0,298.1,308.9,2136,15.9,78,0,0,0,0,0,0
9446,M24305,1,298.2,309.0,1446,45.8,80,0,0,0,0,0,0
9447,H38860,2,298.1,308.9,1388,53.5,83,0,0,0,0,0,0
9448,M24307,1,298.1,308.9,1323,51.7,88,0,0,0,0,0,0
9449,L56628,0,298.2,309.0,1780,29.3,91,0,0,0,0,0,0
9450,M24309,1,298.1,308.8,1434,41.8,93,0,0,0,0,0,0
9451,M24310,1,298.0,308.7,1494,42.6,96,0,0,0,0,0,0
9452,H38865,2,298.0,308.7,1536,39.6,99,0,0,0,0,0,0
9453,M24312,1,298.0,308.7,1392,53.4,104,0,0,0,0,0,0
9454,H38867,2,298.2,309.0,1360,56.8,107,0,0,0,0,0,0
9455,L56634,0,298.4,309.2,1583,35.4,112,0,0,0,0,0,0
9456,L56635,0,298.5,309.2,1983,20.2,114,0,0,0,0,0,0
9457,L56636,0,298.5,309.3,1630,33.3,116,0,0,0,0,0,0
9458,M24317,1,298.5,309.3,1692,26.7,118,0,0,0,0,0,0
9459,L56638,0,298.4,309.1,1417,40.6,121,0,0,0,0,0,0
9460,L56639,0,298.4,309.1,1579,36.1,123,0,0,0,0,0,0
9461,M24320,1,298.4,309.2,1399,45.2,125,0,0,0,0,0,0
9462,M24321,1,298.4,309.2,1414,46.4,128,0,0,0,0,0,0
9463,L56642,0,298.5,309.3,1570,40.1,131,0,0,0,0,0,0
9464,M24323,1,298.5,309.3,1552,36.8,133,0,0,0,0,0,0
9465,L56644,0,298.6,309.4,1440,48.2,136,0,0,0,0,0,0
9466,M24325,1,298.6,309.4,1460,43.8,138,0,0,0,0,0,0
9467,L56646,0,298.6,309.4,1471,48.0,141,0,0,0,0,0,0
9468,L56647,0,298.6,309.3,1702,27.6,143,0,0,0,0,0,0
9469,L56648,0,298.6,309.4,1375,55.4,145,0,0,0,0,0,0
9470,L56649,0,298.6,309.4,1698,33.2,147,0,0,0,0,0,0
9471,H38884,2,298.6,309.4,1439,47.1,149,0,0,0,0,0,0
9472,M24331,1,298.6,309.4,1774,27.5,154,0,0,0,0,0,0
9473,M24332,1,298.7,309.4,1375,48.3,157,0,0,0,0,0,0
9474,L56653,0,298.7,309.5,1446,40.0,160,0,0,0,0,0,0
9475,M24334,1,298.7,309.6,1455,46.8,162,0,0,0,0,0,0
9476,L56655,0,298.8,309.6,1523,41.9,165,0,0,0,0,0,0
9477,M24336,1,298.8,309.6,1692,31.9,167,0,0,0,0,0,0
9478,M24337,1,298.8,309.6,1693,33.3,170,0,0,0,0,0,0
9479,L56658,0,298.8,309.6,1890,24.0,173,0,0,0,0,0,0
9480,H38893,2,298.9,309.6,1600,33.5,175,0,0,0,0,0,0
9481,M24340,1,298.9,309.6,1434,43.8,180,0,0,0,0,0,0
9482,L56661,0,298.9,309.6,1365,50.9,183,0,0,0,0,0,0
9483,H38896,2,298.8,309.6,1309,57.4,185,0,0,0,0,0,0
9484,H38897,2,298.9,309.6,1546,35.3,190,0,0,0,0,0,0
9485,L56664,0,298.9,309.6,1663,33.7,195,0,0,0,0,0,0
9486,L56665,0,298.9,309.6,1589,34.2,197,0,0,0,0,0,0
9487,M24346,1,298.9,309.6,1472,46.0,199,0,0,0,0,0,0
9488,L56667,0,298.9,309.6,1583,39.8,202,0,0,0,0,0,0
9489,M24348,1,298.9,309.6,1567,34.5,204,0,0,0,0,0,0
9490,L56669,0,298.9,309.7,1407,41.9,207,0,0,0,0,0,0
9491,M24350,1,299.0,309.7,1418,44.7,209,0,0,0,0,0,0
9492,M24351,1,299.0,309.7,1489,40.7,212,0,0,0,0,0,0
9493,L56672,0,299.1,309.9,1586,36.6,215,0,0,0,0,0,0
9494,L56673,0,299.1,309.8,1398,55.4,217,1,0,0,0,1,0
9495,L56674,0,299.2,309.9,1516,41.4,219,0,0,0,0,0,0
9496,H38909,2,299.3,310.0,1373,44.8,221,0,0,0,0,0,0
9497,M24356,1,299.2,310.0,1349,50.4,226,0,0,0,0,0,0
9498,H38911,2,299.1,309.9,1443,40.3,0,0,0,0,0,0,0
9499,H38912,2,299.2,310.1,1542,36.1,5,0,0,0,0,0,0
9500,L56679,0,299.2,310.1,1534,37.7,10,0,0,0,0,0,0
9501,L56680,0,299.2,310.2,1697,30.6,12,0,0,0,0,0,0
9502,L56681,0,299.3,310.3,1396,47.4,14,0,0,0,0,0,0
9503,L56682,0,299.3,310.2,1495,49.2,16,0,0,0,0,0,0
9504,M24363,1,299.2,310.3,1551,44.8,18,0,0,0,0,0,0
9505,L56684,0,299.2,310.3,1440,47.0,21,0,0,0,0,0,0
9506,L56685,0,299.2,310.3,1429,40.1,23,0,0,0,0,0,0
9507,H38920,2,299.3,310.4,1548,41.6,25,0,0,0,0,0,0
9508,L56687,0,299.3,310.5,1505,38.8,30,0,0,0,0,0,0
9509,L56688,0,299.2,310.4,1611,36.4,32,0,0,0,0,0,0
9510,M24369,1,299.2,310.4,1502,39.8,34,0,0,0,0,0,0
9511,M24370,1,299.2,310.4,1504,43.3,37,0,0,0,0,0,0
9512,L56691,0,299.1,310.3,1449,40.7,40,0,0,0,0,0,0
9513,L56692,0,299.0,310.2,1575,37.8,42,0,0,0,0,0,0
9514,M24373,1,299.0,310.2,1598,33.4,44,0,0,0,0,0,0
9515,L56694,0,299.0,310.1,1416,45.9,47,0,0,0,0,0,0
9516,L56695,0,299.0,310.2,1682,28.8,49,0,0,0,0,0,0
9517,L56696,0,298.9,310.1,1341,54.5,51,0,0,0,0,0,0
9518,L56697,0,298.9,310.1,1523,39.1,53,0,0,0,0,0,0
9519,L56698,0,299.0,310.1,1580,41.9,55,0,0,0,0,0,0
9520,L56699,0,299.0,310.1,1531,36.0,57,0,0,0,0,0,0
9521,L56700,0,299.0,310.1,1375,48.9,59,0,0,0,0,0,0
9522,M24381,1,298.9,310.1,1484,40.4,61,0,0,0,0,0,0
9523,M24382,1,299.0,310.2,1657,32.3,64,0,0,0,0,0,0
9524,L56703,0,299.0,310.2,1494,40.6,67,0,0,0,0,0,0
9525,H38938,2,299.0,310.3,1658,27.6,69,0,0,0,0,0,0
9526,L56705,0,299.1,310.3,1411,42.1,74,0,0,0,0,0,0
9527,M24386,1,299.2,310.4,1395,55.4,76,0,0,0,0,0,0
9528,L56707,0,299.1,310.4,1550,43.9,79,0,0,0,0,0,0
9529,M24388,1,299.1,310.3,1233,59.0,81,0,0,0,0,0,0
9530,L56709,0,299.1,310.3,1459,46.7,84,0,0,0,0,0,0
9531,H38944,2,299.1,310.4,1405,53.6,86,0,0,0,0,0,0
9532,L56711,0,299.2,310.5,1458,44.1,91,0,0,0,0,0,0
9533,L56712,0,299.2,310.5,1384,48.7,93,0,0,0,0,0,0
9534,L56713,0,299.2,310.5,1705,29.5,95,0,0,0,0,0,0
9535,L56714,0,299.3,310.6,1443,45.7,97,0,0,0,0,0,0
9536,M24395,1,299.3,310.6,1609,31.4,99,0,0,0,0,0,0
9537,L56716,0,299.3,310.5,1818,26.0,102,0,0,0,0,0,0
9538,M24397,1,299.3,310.6,1457,42.1,104,0,0,0,0,0,0
9539,L56718,0,299.3,310.6,1480,45.1,107,0,0,0,0,0,0
9540,L56719,0,299.4,310.8,1424,47.7,109,0,0,0,0,0,0
9541,M24400,1,299.4,310.8,1628,40.2,111,0,0,0,0,0,0
9542,M24401,1,299.5,310.8,1754,31.3,114,0,0,0,0,0,0
9543,L56722,0,299.6,310.9,1716,28.5,117,0,0,0,0,0,0
9544,M24403,1,299.5,310.9,1378,48.7,119,0,0,0,0,0,0
9545,L56724,0,299.6,311.0,1708,31.0,122,0,0,0,0,0,0
9546,L56725,0,299.6,311.0,1430,38.3,124,0,0,0,0,0,0
9547,M24406,1,299.7,311.2,1560,43.9,126,0,0,0,0,0,0
9548,L56727,0,299.6,311.1,1679,30.7,129,0,0,0,0,0,0
9549,L56728,0,299.6,311.1,1521,37.2,131,0,0,0,0,0,0
9550,M24409,1,299.6,311.1,1649,33.8,133,0,0,0,0,0,0
9551,M24410,1,299.5,311.0,1451,43.3,136,0,0,0,0,0,0
9552,L56731,0,299.4,310.8,1391,48.9,139,0,0,0,0,0,0
9553,M24412,1,299.3,310.8,1523,40.9,141,0,0,0,0,0,0
9554,L56733,0,299.3,310.7,1495,39.2,144,0,0,0,0,0,0
9555,M24414,1,299.3,310.7,1440,45.5,146,0,0,0,0,0,0
9556,H38969,2,299.4,310.8,1585,31.4,149,0,0,0,0,0,0
9557,L56736,0,299.5,310.8,1374,48.3,154,0,0,0,0,0,0
9558,M24417,1,299.5,310.8,1507,40.2,156,0,0,0,0,0,0
9559,M24418,1,299.5,310.9,1577,34.6,159,0,0,0,0,0,0
9560,L56739,0,299.5,310.9,1496,38.5,162,0,0,0,0,0,0
9561,L56740,0,299.6,310.9,1487,42.5,164,0,0,0,0,0,0
9562,L56741,0,299.6,310.9,1853,26.3,166,0,0,0,0,0,0
9563,M24422,1,299.7,311.0,1435,50.1,168,0,0,0,0,0,0
9564,M24423,1,299.8,311.1,1763,25.5,171,0,0,0,0,0,0
9565,L56744,0,299.8,311.1,1820,24.9,174,0,0,0,0,0,0
9566,M24425,1,299.8,311.1,1498,38.1,176,0,0,0,0,0,0
9567,L56746,0,299.8,311.1,1603,35.1,179,0,0,0,0,0,0
9568,L56747,0,299.8,311.1,1412,42.5,181,0,0,0,0,0,0
9569,L56748,0,299.8,311.1,1588,38.0,183,0,0,0,0,0,0
9570,M24429,1,299.8,311.0,1948,20.0,185,0,0,0,0,0,0
9571,L56750,0,299.7,310.9,1384,48.2,188,0,0,0,0,0,0
9572,L56751,0,299.7,310.8,1589,36.0,190,0,0,0,0,0,0
9573,M24432,1,299.7,310.8,1405,47.6,192,0,0,0,0,0,0
9574,L56753,0,299.7,310.9,1491,40.1,195,0,0,0,0,0,0
9575,H38988,2,299.7,310.8,1418,46.6,197,0,0,0,0,0,0
9576,M24435,1,299.6,310.8,1603,35.4,202,0,0,0,0,0,0
9577,L56756,0,299.6,310.7,1922,23.3,205,1,1,0,0,0,0
9578,M24437,1,299.5,310.7,1364,49.5,0,0,0,0,0,0,0
9579,L56758,0,299.4,310.7,1551,41.2,3,0,0,0,0,0,0
9580,L56759,0,299.5,310.7,1589,33.5,5,0,0,0,0,0,0
9581,M24440,1,299.5,310.7,1423,56.5,7,0,0,0,0,0,0
9582,L56761,0,299.4,310.6,1418,53.1,10,0,0,0,0,0,0
9583,M24442,1,299.3,310.5,1404,47.5,12,0,0,0,0,0,0
9584,L56763,0,299.3,310.5,1281,59.8,15,0,0,0,0,0,0
9585,L56764,0,299.3,310.5,1529,41.3,17,0,0,0,0,0,0
9586,M24445,1,299.3,310.5,1563,42.1,19,0,0,0,0,0,0
9587,L56766,0,299.4,310.6,1348,54.5,22,0,0,0,0,0,0
9588,M24447,1,299.3,310.5,1462,40.5,24,0,0,0,0,0,0
9589,H39002,2,299.3,310.4,1510,45.5,27,0,0,0,0,0,0
9590,L56769,0,299.2,310.4,1472,43.3,32,0,0,0,0,0,0
9591,M24450,1,299.2,310.4,1325,52.0,34,0,0,0,0,0,0
9592,L56771,0,299.2,310.4,1570,37.3,37,0,0,0,0,0,0
9593,L56772,0,299.2,310.4,1379,46.8,39,0,0,0,0,0,0
9594,L56773,0,299.1,310.2,1352,52.8,41,0,0,0,0,0,0
9595,L56774,0,299.1,310.3,1727,28.7,43,0,0,0,0,0,0
9596,H39009,2,299.0,310.1,1432,50.0,45,0,0,0,0,0,0
9597,L56776,0,298.9,310.1,1466,43.4,50,0,0,0,0,0,0
9598,L56777,0,298.9,310.1,1510,38.0,52,0,0,0,0,0,0
9599,L56778,0,299.0,310.2,1490,41.1,54,0,0,0,0,0,0
9600,L56779,0,299.0,310.1,1463,37.4,56,0,0,0,0,0,0
9601,M24460,1,298.9,310.0,1561,45.3,58,0,0,0,0,0,0
9602,L56781,0,298.9,310.1,2109,18.0,61,0,0,0,0,0,0
9603,L56782,0,298.9,310.2,1705,32.5,63,0,0,0,0,0,0
9604,M24463,1,298.9,310.1,1549,40.2,65,0,0,0,0,0,0
9605,H39018,2,299.0,310.2,1637,38.0,68,0,0,0,0,0,0
9606,M24465,1,298.9,310.1,1484,37.9,73,0,0,0,0,0,0
9607,L56786,0,298.9,310.1,1401,44.4,76,0,0,0,0,0,0
9608,L56787,0,298.9,310.1,1571,36.8,78,0,0,0,0,0,0
9609,M24468,1,298.9,310.1,1513,41.5,80,0,0,0,0,0,0
9610,L56789,0,299.0,310.1,1470,40.3,83,0,0,0,0,0,0
9611,L56790,0,299.0,310.1,1505,41.3,85,0,0,0,0,0,0
9612,L56791,0,299.0,310.2,1432,42.2,87,0,0,0,0,0,0
9613,M24472,1,299.0,310.2,1625,31.8,89,0,0,0,0,0,0
9614,L56793,0,299.0,310.2,1377,62.5,92,1,0,0,1,0,0
9615,M24474,1,299.1,310.3,1441,43.9,94,0,0,0,0,0,0
9616,M24475,1,299.0,310.2,1564,39.9,97,0,0,0,0,0,0
9617,L56796,0,298.9,310.1,1580,37.3,100,0,0,0,0,0,0
9618,L56797,0,299.0,310.2,1516,35.3,102,0,0,0,0,0,0
9619,L56798,0,299.0,310.1,1447,42.8,104,0,0,0,0,0,0
9620,M24479,1,298.9,310.0,1323,52.9,106,0,0,0,0,0,0
9621,L56800,0,298.9,310.0,1470,45.9,109,0,0,0,0,0,0
9622,M24481,1,299.0,310.0,2049,19.5,111,0,0,0,0,0,0
9623,L56802,0,298.9,310.0,1794,27.2,114,0,0,0,0,0,0
9624,L56803,0,298.9,310.1,1356,47.8,116,0,0,0,0,0,0
9625,H39038,2,299.0,310.1,1555,38.6,118,0,0,0,0,0,0
9626,M24485,1,299.0,310.1,1487,47.5,123,0,0,0,0,0,0
9627,M24486,1,299.0,310.0,1341,58.9,126,0,0,0,0,0,0
9628,M24487,1,298.9,310.0,1487,36.6,129,0,0,0,0,0,0
9629,H39042,2,299.0,310.0,1569,34.3,132,0,0,0,0,0,0
9630,H39043,2,299.0,310.1,2053,19.7,137,0,0,0,0,0,0
9631,L56810,0,299.0,310.1,1583,35.8,142,0,0,0,0,0,0
9632,L56811,0,299.0,310.0,1672,33.2,144,0,0,0,0,0,0
9633,M24492,1,299.0,310.0,1337,57.4,146,0,0,0,0,0,0
9634,H39047,2,299.1,310.1,1421,41.2,149,0,0,0,0,0,0
9635,L56814,0,299.1,310.2,1425,52.7,154,0,0,0,0,0,0
9636,L56815,0,299.2,310.2,1609,33.2,156,0,0,0,0,0,0
9637,L56816,0,299.2,310.3,1507,41.3,158,0,0,0,0,0,0
9638,L56817,0,299.2,310.3,1463,38.9,160,0,0,0,0,0,0
9639,H39052,2,299.3,310.4,1393,44.9,162,0,0,0,0,0,0
9640,L56819,0,299.3,310.4,1725,26.8,167,0,0,0,0,0,0
9641,L56820,0,299.4,310.5,1514,36.1,169,0,0,0,0,0,0
9642,L56821,0,299.3,310.4,1365,53.9,171,0,0,0,0,0,0
9643,L56822,0,299.4,310.5,1372,46.3,173,0,0,0,0,0,0
9644,L56823,0,299.4,310.4,1509,40.6,175,0,0,0,0,0,0
9645,L56824,0,299.3,310.4,1629,32.6,177,0,0,0,0,0,0
9646,L56825,0,299.4,310.5,1749,28.1,179,0,0,0,0,0,0
9647,L56826,0,299.4,310.4,1582,31.7,181,0,0,0,0,0,0
9648,L56827,0,299.2,310.2,1458,47.0,183,0,0,0,0,0,0
9649,L56828,0,299.1,310.1,1416,41.2,185,0,0,0,0,0,0
9650,H39063,2,299.1,310.0,1657,33.1,187,0,0,0,0,0,0
9651,M24510,1,299.1,310.0,1437,41.1,192,0,0,0,0,0,0
9652,M24511,1,299.1,310.0,1580,36.0,195,0,0,0,0,0,0
9653,M24512,1,299.0,310.0,1488,46.3,198,0,0,0,0,0,0
9654,L56833,0,299.0,309.9,1373,55.7,201,1,0,0,0,1,0
9655,L56834,0,299.1,310.0,1367,56.3,203,1,0,0,0,1,0
9656,H39069,2,299.1,310.0,1431,49.5,205,0,0,0,0,0,0
9657,L56836,0,299.0,310.1,1623,33.0,210,0,0,0,0,0,0
9658,L56837,0,299.0,310.0,1484,39.6,212,0,0,0,0,0,0
9659,L56838,0,299.0,309.9,1548,34.5,214,0,0,0,0,0,0
9660,L56839,0,298.9,309.8,1287,61.9,216,1,0,0,0,1,0
9661,M24520,1,298.9,309.8,1392,43.1,218,0,0,0,0,0,0
9662,H39075,2,299.0,310.0,1458,44.9,221,0,0,0,0,0,0
9663,M24522,1,299.1,310.1,1570,30.9,226,0,0,0,0,0,0
9664,L56843,0,299.1,310.1,1435,48.8,229,1,0,0,0,1,0
9665,L56844,0,299.1,310.2,1317,54.8,231,1,0,0,0,1,0
9666,L56845,0,299.2,310.3,1610,33.3,233,0,0,0,0,0,0
9667,M24526,1,299.1,310.3,1838,24.0,235,0,0,0,0,0,0
9668,L56847,0,299.2,310.3,1352,48.9,238,1,0,0,0,1,0
9669,L56848,0,299.1,310.3,1619,35.2,240,0,0,0,0,0,0
9670,L56849,0,299.1,310.3,1619,31.1,242,0,0,0,0,0,0
9671,L56850,0,299.0,310.2,1690,30.7,244,0,0,0,0,0,0
9672,L56851,0,299.0,310.2,1412,44.1,246,0,0,0,0,0,0
9673,H39086,2,299.0,310.2,1744,31.5,0,0,0,0,0,0,0
9674,M24533,1,299.0,310.1,1593,35.4,5,0,0,0,0,0,0
9675,L56854,0,299.1,310.2,1695,29.6,8,0,0,0,0,0,0
9676,M24535,1,299.0,310.2,1298,57.2,10,0,0,0,0,0,0
9677,L56856,0,299.0,310.1,1886,21.2,13,0,0,0,0,0,0
9678,L56857,0,299.0,310.1,2033,19.3,15,0,0,0,0,0,0
9679,M24538,1,299.1,310.2,1711,28.1,17,0,0,0,0,0,0
9680,L56859,0,299.1,310.2,1598,33.4,20,0,0,0,0,0,0
9681,L56860,0,299.1,310.1,1894,24.2,22,0,0,0,0,0,0
9682,M24541,1,299.1,310.1,1412,44.4,24,0,0,0,0,0,0
9683,L56862,0,299.1,310.0,1394,46.6,27,0,0,0,0,0,0
9684,M24543,1,299.0,310.0,1338,56.4,29,0,0,0,0,0,0
9685,H39098,2,298.9,309.9,1376,51.0,32,0,0,0,0,0,0
9686,L56865,0,299.0,310.0,1360,48.1,37,0,0,0,0,0,0
9687,L56866,0,299.1,310.1,1486,40.7,39,0,0,0,0,0,0
9688,M24547,1,299.1,310.1,1649,31.6,41,0,0,0,0,0,0
9689,L56868,0,299.1,310.1,1367,45.6,44,0,0,0,0,0,0
9690,L56869,0,299.0,310.1,1362,59.5,46,0,0,0,0,0,0
9691,M24550,1,298.9,310.0,1520,35.6,48,0,0,0,0,0,0
9692,L56871,0,299.0,310.0,1582,31.9,51,0,0,0,0,0,0
9693,M24552,1,299.0,310.0,1667,30.0,53,0,0,0,0,0,0
9694,L56873,0,298.9,310.0,1693,28.8,56,0,0,0,0,0,0
9695,L56874,0,298.9,310.0,1559,33.4,58,0,0,0,0,0,0
9696,L56875,0,298.9,309.9,1592,32.0,60,0,0,0,0,0,0
9697,L56876,0,298.9,309.9,1404,39.8,62,0,0,0,0,0,0
9698,M24557,1,298.8,309.8,1413,45.5,64,0,0,0,0,0,0
9699,L56878,0,298.8,309.8,1663,28.2,67,0,0,0,0,0,0
9700,L56879,0,298.8,309.8,1508,36.3,69,0,0,0,0,0,0
9701,M24560,1,298.9,309.8,1353,53.7,71,0,0,0,0,0,0
9702,L56881,0,298.8,309.8,1485,42.4,74,0,0,0,0,0,0
9703,L56882,0,298.9,310.0,1633,31.2,76,0,0,0,0,0,0
9704,L56883,0,298.9,310.0,1422,43.6,78,0,0,0,0,0,0
9705,L56884,0,298.9,310.1,1577,41.4,80,0,0,0,0,0,0
9706,L56885,0,298.9,310.0,1482,41.1,82,0,0,0,0,0,0
9707,M24566,1,299.0,310.1,1705,30.1,84,0,0,0,0,0,0
9708,L56887,0,299.0,310.1,1699,32.9,87,0,0,0,0,0,0
9709,L56888,0,299.0,310.1,1664,29.7,89,0,0,0,0,0,0
9710,M24569,1,299.0,310.0,1486,34.6,91,0,0,0,0,0,0
9711,L56890,0,299.1,310.1,1336,61.3,94,0,0,0,0,0,0
9712,H39125,2,299.1,310.1,1429,42.9,96,0,0,0,0,0,0
9713,M24572,1,299.1,310.2,1456,48.4,101,0,0,0,0,0,0
9714,L56893,0,299.1,310.2,1496,45.0,104,0,0,0,0,0,0
9715,L56894,0,299.1,310.1,1894,20.1,106,0,0,0,0,0,0
9716,L56895,0,299.1,310.1,1373,55.6,108,0,0,0,0,0,0
9717,H39130,2,299.0,310.0,1387,45.2,110,0,0,0,0,0,0
9718,L56897,0,298.9,309.9,1500,44.2,115,0,0,0,0,0,0
9719,L56898,0,298.9,309.9,1517,36.6,117,0,0,0,0,0,0
9720,L56899,0,298.9,309.9,1309,56.2,119,0,0,0,0,0,0
9721,M24580,1,298.9,309.9,1357,54.5,121,0,0,0,0,0,0
9722,L56901,0,298.8,309.8,1490,40.6,124,0,0,0,0,0,0
9723,H39136,2,298.8,309.8,1911,21.6,126,0,0,0,0,0,0
9724,L56903,0,298.8,309.8,1599,33.6,131,0,0,0,0,0,0
9725,M24584,1,298.8,309.7,2098,19.0,133,0,0,0,0,0,0
9726,M24585,1,298.7,309.7,1629,27.9,136,0,0,0,0,0,0
9727,L56906,0,298.8,309.8,1557,37.2,139,0,0,0,0,0,0
9728,L56907,0,298.8,309.8,1461,39.4,141,0,0,0,0,0,0
9729,L56908,0,298.8,309.8,1563,33.7,143,0,0,0,0,0,0
9730,L56909,0,298.7,309.8,1695,29.0,145,0,0,0,0,0,0
9731,L56910,0,298.8,310.0,1528,36.7,147,0,0,0,0,0,0
9732,L56911,0,298.8,310.0,1389,49.6,149,0,0,0,0,0,0
9733,L56912,0,298.9,310.0,2231,17.4,151,0,0,0,0,0,0
9734,M24593,1,298.9,310.1,1442,42.9,153,0,0,0,0,0,0
9735,H39148,2,298.9,310.1,1458,44.3,156,0,0,0,0,0,0
9736,L56915,0,299.0,310.1,1444,47.7,161,0,0,0,0,0,0
9737,M24596,1,298.9,310.0,1348,58.2,163,0,0,0,0,0,0
9738,L56917,0,298.9,310.0,1791,27.6,166,0,0,0,0,0,0
9739,L56918,0,299.0,310.0,1509,38.0,168,0,0,0,0,0,0
9740,L56919,0,298.9,310.0,1515,42.9,170,0,0,0,0,0,0
9741,M24600,1,298.9,310.1,1655,31.5,172,0,0,0,0,0,0
9742,L56921,0,298.9,310.1,1495,42.9,175,0,0,0,0,0,0
9743,L56922,0,298.9,310.2,1623,37.2,177,0,0,0,0,0,0
9744,L56923,0,298.9,310.2,1562,42.5,179,0,0,0,0,0,0
9745,L56924,0,298.8,310.1,1574,36.2,181,0,0,0,0,0,0
9746,L56925,0,298.8,310.0,1611,32.4,183,0,0,0,0,0,0
9747,L56926,0,298.8,310.0,1403,45.6,185,0,0,0,0,0,0
9748,L56927,0,298.8,310.1,1481,47.4,187,0,0,0,0,0,0
9749,M24608,1,298.9,310.1,1441,41.2,189,0,0,0,0,0,0
9750,H39163,2,298.8,310.1,1483,45.4,192,0,0,0,0,0,0
9751,L56930,0,298.7,310.0,1555,32.6,197,0,0,0,0,0,0
9752,L56931,0,298.6,309.9,1615,28.8,199,0,0,0,0,0,0
9753,L56932,0,298.6,309.8,1561,32.6,201,0,0,0,0,0,0
9754,L56933,0,298.5,309.8,1593,35.1,203,0,0,0,0,0,0
9755,M24614,1,298.5,309.7,1552,34.0,205,0,0,0,0,0,0
9756,H39169,2,298.5,309.7,1561,35.3,208,0,0,0,0,0,0
9757,L56936,0,298.6,309.8,1597,35.9,213,0,0,0,0,0,0
9758,M24617,1,298.6,309.9,1517,34.0,215,0,0,0,0,0,0
9759,L56938,0,298.6,309.8,2271,16.2,218,1,1,0,0,0,0
9760,L56939,0,298.5,309.7,1613,36.7,0,0,0,0,0,0,0
9761,M24620,1,298.5,309.6,1509,47.3,2,0,0,0,0,0,0
9762,L56941,0,298.6,309.7,1703,26.1,5,0,0,0,0,0,0
9763,L56942,0,298.6,309.7,1925,22.1,7,0,0,0,0,0,0
9764,M24623,1,298.6,309.6,1635,29.7,9,0,0,0,0,0,0
9765,L56944,0,298.5,309.5,1294,66.7,12,1,0,0,1,0,0
9766,L56945,0,298.6,309.6,1472,39.1,14,0,0,0,0,0,0
9767,H39180,2,298.6,309.6,1449,42.5,16,0,0,0,0,0,0
9768,L56947,0,298.6,309.6,1563,35.0,21,0,0,0,0,0,0
9769,L56948,0,298.6,309.6,1611,35.7,23,0,0,0,0,0,0
9770,L56949,0,298.6,309.6,1386,48.6,25,0,0,0,0,0,0
9771,H39184,2,298.6,309.5,1584,31.8,27,0,0,0,0,0,0
9772,M24631,1,298.7,309.6,1424,50.4,32,0,0,0,0,0,0
9773,L56952,0,298.5,309.5,1561,34.8,35,0,0,0,0,0,0
9774,L56953,0,298.5,309.4,1560,37.9,37,0,0,0,0,0,0
9775,H39188,2,298.6,309.5,1375,41.0,39,0,0,0,0,0,0
9776,M24635,1,298.6,309.5,1684,27.8,44,0,0,0,0,0,0
9777,M24636,1,298.6,309.6,1397,54.1,47,0,0,0,0,0,0
9778,L56957,0,298.6,309.6,1387,57.6,50,0,0,0,0,0,0
9779,H39192,2,298.7,309.7,1311,54.5,52,0,0,0,0,0,0
9780,L56959,0,298.8,309.8,1509,36.2,57,0,0,0,0,0,0
9781,M24640,1,298.8,309.8,1477,46.7,59,0,0,0,0,0,0
9782,L56961,0,298.8,309.9,1441,41.6,62,0,0,0,0,0,0
9783,L56962,0,298.7,309.9,1404,47.1,64,0,0,0,0,0,0
9784,H39197,2,298.8,309.9,1466,44.6,66,0,0,0,0,0,0
9785,M24644,1,298.7,309.8,1435,48.8,71,0,0,0,0,0,0
9786,H39199,2,298.7,309.7,1697,29.8,74,0,0,0,0,0,0
9787,M24646,1,298.7,309.6,1738,27.3,79,0,0,0,0,0,0
9788,H39201,2,298.6,309.5,1420,50.4,82,0,0,0,0,0,0
9789,M24648,1,298.5,309.5,1535,39.8,87,0,0,0,0,0,0
9790,L56969,0,298.6,309.6,1715,28.4,90,0,0,0,0,0,0
9791,L56970,0,298.6,309.5,1483,43.2,92,0,0,0,0,0,0
9792,M24651,1,298.5,309.4,1521,37.5,94,0,0,0,0,0,0
9793,H39206,2,298.5,309.4,1573,36.0,97,0,0,0,0,0,0
9794,H39207,2,298.5,309.4,1414,46.7,102,0,0,0,0,0,0
9795,L56974,0,298.5,309.3,1590,33.9,107,0,0,0,0,0,0
9796,L56975,0,298.5,309.3,1623,33.1,109,0,0,0,0,0,0
9797,H39210,2,298.4,309.3,1694,30.9,111,0,0,0,0,0,0
9798,M24657,1,298.4,309.2,1597,33.5,116,0,0,0,0,0,0
9799,L56978,0,298.5,309.3,1471,44.7,119,0,0,0,0,0,0
9800,M24659,1,298.5,309.3,1551,34.7,121,0,0,0,0,0,0
9801,H39214,2,298.5,309.3,1421,50.3,124,0,0,0,0,0,0
9802,M24661,1,298.4,309.3,1496,45.6,129,0,0,0,0,0,0
9803,H39216,2,298.4,309.3,1984,19.2,132,0,0,0,0,0,0
9804,L56983,0,298.4,309.2,1692,29.8,137,0,0,0,0,0,0
9805,L56984,0,298.4,309.1,1467,42.5,139,0,0,0,0,0,0
9806,L56985,0,298.4,309.2,1651,28.5,141,0,0,0,0,0,0
9807,L56986,0,298.3,309.1,1417,60.5,143,0,0,0,0,0,0
9808,L56987,0,298.2,309.0,1413,55.0,145,0,0,0,0,0,0
9809,M24668,1,298.2,309.0,1441,44.2,147,0,0,0,0,0,0
9810,M24669,1,298.2,309.0,1353,50.3,150,0,0,0,0,0,0
9811,L56990,0,298.1,309.0,1502,40.9,153,0,0,0,0,0,0
9812,L56991,0,298.2,309.0,1610,31.7,155,0,0,0,0,0,0
9813,M24672,1,298.2,309.1,1411,45.8,157,0,0,0,0,0,0
9814,L56993,0,298.3,309.1,1387,52.3,160,0,0,0,0,0,0
9815,H39228,2,298.3,309.1,1430,40.9,162,0,0,0,0,0,0
9816,M24675,1,298.4,309.1,1576,38.8,167,0,0,0,0,0,0
9817,M24676,1,298.5,309.2,1721,29.4,170,0,0,0,0,0,0
9818,M24677,1,298.5,309.3,1465,42.4,173,0,0,0,0,0,0
9819,M24678,1,298.6,309.4,1407,45.1,176,0,0,0,0,0,0
9820,M24679,1,298.6,309.4,1464,36.9,179,0,0,0,0,0,0
9821,M24680,1,298.6,309.5,1568,36.7,182,0,0,0,0,0,0
9822,L57001,0,298.6,309.4,1667,35.6,185,0,0,0,0,0,0
9823,L57002,0,298.5,309.4,1360,60.9,187,1,0,0,0,1,0
9824,M24683,1,298.5,309.3,1488,43.7,189,0,0,0,0,0,0
9825,L57004,0,298.4,309.3,1504,39.3,192,0,0,0,0,0,0
9826,L57005,0,298.4,309.2,1610,32.4,194,0,0,0,0,0,0
9827,L57006,0,298.4,309.2,1345,52.7,196,0,0,0,0,0,0
9828,M24687,1,298.3,309.3,1376,57.0,198,0,0,0,0,0,0
9829,L57008,0,298.4,309.4,1385,50.0,201,0,0,0,0,0,0
9830,M24689,1,298.4,309.4,1429,41.8,203,0,0,0,0,0,0
9831,L57010,0,298.3,309.3,1337,56.1,206,1,0,0,0,1,0
9832,L57011,0,298.4,309.3,1542,35.4,208,0,0,0,0,0,0
9833,L57012,0,298.4,309.2,2118,17.7,210,0,0,0,0,0,0
9834,L57013,0,298.3,309.1,1386,45.3,212,0,0,0,0,0,0
9835,M24694,1,298.3,309.1,1632,32.7,0,0,0,0,0,0,0
9836,L57015,0,298.4,309.3,1545,36.9,3,0,0,0,0,0,0
9837,M24696,1,298.4,309.3,1390,53.6,5,0,0,0,0,0,0
9838,M24697,1,298.4,309.3,1355,50.6,8,0,0,0,0,0,0
9839,L57018,0,298.4,309.2,1425,45.5,11,0,0,0,0,0,0
9840,M24699,1,298.4,309.2,1491,51.2,13,0,0,0,0,0,0
9841,H39254,2,298.3,309.2,1486,42.4,16,0,0,0,0,0,0
9842,M24701,1,298.3,309.2,1359,51.4,21,0,0,0,0,0,0
9843,L57022,0,298.4,309.3,1395,47.6,24,0,0,0,0,0,0
9844,L57023,0,298.3,309.2,1383,52.1,26,0,0,0,0,0,0
9845,H39258,2,298.3,309.1,1484,37.0,28,0,0,0,0,0,0
9846,L57025,0,298.3,309.1,1421,47.4,33,0,0,0,0,0,0
9847,L57026,0,298.3,309.0,1339,58.8,35,0,0,0,0,0,0
9848,L57027,0,298.4,309.1,1362,46.1,37,0,0,0,0,0,0
9849,H39262,2,298.5,309.2,1568,40.6,39,0,0,0,0,0,0
9850,L57029,0,298.6,309.4,2312,15.5,44,0,0,0,0,0,0
9851,M24710,1,298.5,309.3,1498,34.6,46,0,0,0,0,0,0
9852,M24711,1,298.5,309.3,1761,27.2,49,0,0,0,0,0,0
9853,L57032,0,298.6,309.4,1316,51.4,52,0,0,0,0,0,0
9854,L57033,0,298.6,309.4,1525,37.8,54,0,0,0,0,0,0
9855,H39268,2,298.6,309.4,1362,45.3,56,0,0,0,0,0,0
9856,L57035,0,298.7,309.6,1516,38.5,61,0,0,0,0,0,0
9857,L57036,0,298.6,309.5,1450,44.2,63,0,0,0,0,0,0
9858,M24717,1,298.6,309.5,1366,55.0,65,0,0,0,0,0,0
9859,L57038,0,298.5,309.5,1547,33.1,68,0,0,0,0,0,0
9860,M24719,1,298.6,309.5,1580,33.9,70,0,0,0,0,0,0
9861,H39274,2,298.7,309.6,1755,26.9,73,0,0,0,0,0,0
9862,M24721,1,298.7,309.6,1800,24.8,78,0,0,0,0,0,0
9863,M24722,1,298.8,309.7,1439,45.8,81,0,0,0,0,0,0
9864,L57043,0,298.9,309.8,1411,56.3,84,0,0,0,0,0,0
9865,M24724,1,298.9,309.9,1645,31.4,86,0,0,0,0,0,0
9866,M24725,1,298.9,309.8,2450,13.9,89,0,0,0,0,0,0
9867,L57046,0,299.0,309.9,1630,34.0,92,0,0,0,0,0,0
9868,L57047,0,299.0,309.9,1411,44.7,94,0,0,0,0,0,0
9869,L57048,0,298.9,309.9,1526,35.4,96,0,0,0,0,0,0
9870,L57049,0,298.9,309.9,1590,31.3,98,0,0,0,0,0,0
9871,H39284,2,299.0,309.9,1884,25.6,100,0,0,0,0,0,0
9872,M24731,1,298.9,309.8,1947,21.7,105,0,0,0,0,0,0
9873,L57052,0,298.9,309.9,1373,52.1,108,0,0,0,0,0,0
9874,L57053,0,298.9,309.8,1616,36.5,110,0,0,0,0,0,0
9875,M24734,1,298.9,309.9,1449,44.1,112,0,0,0,0,0,0
9876,M24735,1,298.9,309.8,1363,50.6,115,0,0,0,0,0,0
9877,H39290,2,298.8,309.7,1461,55.1,118,0,0,0,0,0,0
9878,L57057,0,298.8,309.7,1374,58.6,123,0,0,0,0,0,0
9879,L57058,0,298.7,309.7,1293,59.1,125,0,0,0,0,0,0
9880,M24739,1,298.8,309.8,1490,38.6,127,0,0,0,0,0,0
9881,L57060,0,298.8,309.8,1753,27.5,130,0,0,0,0,0,0
9882,L57061,0,298.8,309.8,1493,38.5,132,0,0,0,0,0,0
9883,L57062,0,298.8,309.8,1895,22.0,134,0,0,0,0,0,0
9884,H39297,2,298.7,309.6,1654,34.3,136,0,0,0,0,0,0
9885,L57064,0,298.7,309.5,1673,30.8,141,0,0,0,0,0,0
9886,L57065,0,298.8,309.6,1613,27.7,143,0,0,0,0,0,0
9887,L57066,0,298.8,309.6,1903,22.3,145,0,0,0,0,0,0
9888,L57067,0,298.8,309.5,1368,44.7,147,0,0,0,0,0,0
9889,M24748,1,298.8,309.6,1575,34.4,149,0,0,0,0,0,0
9890,H39303,2,298.8,309.6,1516,40.2,152,0,0,0,0,0,0
9891,L57070,0,298.8,309.5,1645,32.8,157,0,0,0,0,0,0
9892,L57071,0,298.8,309.5,1374,48.1,159,0,0,0,0,0,0
9893,H39306,2,298.9,309.7,1407,48.6,161,0,0,0,0,0,0
9894,M24753,1,298.9,309.6,1284,55.3,166,0,0,0,0,0,0
9895,L57074,0,298.9,309.5,1645,31.1,169,0,0,0,0,0,0
9896,L57075,0,298.8,309.4,1387,54.1,171,0,0,0,0,0,0
9897,M24756,1,298.8,309.3,1618,35.1,173,0,0,0,0,0,0
9898,L57077,0,298.8,309.3,1357,47.1,176,0,0,0,0,0,0
9899,L57078,0,298.7,309.2,1396,44.8,178,0,0,0,0,0,0
9900,L57079,0,298.7,309.2,1586,31.4,180,0,0,0,0,0,0
9901,H39314,2,298.7,309.2,1449,42.3,182,0,0,0,0,0,0
9902,M24761,1,298.7,309.2,1423,48.9,187,0,0,0,0,0,0
9903,H39316,2,298.7,309.3,1402,45.3,190,0,0,0,0,0,0
9904,M24763,1,298.7,309.2,1437,45.7,195,0,0,0,0,0,0
9905,L57084,0,298.6,309.1,1537,35.7,198,0,0,0,0,0,0
9906,M24765,1,298.7,309.1,1423,49.5,200,0,0,0,0,0,0
9907,M24766,1,298.6,309.1,1587,37.3,203,0,0,0,0,0,0
9908,M24767,1,298.6,309.1,1487,43.2,206,0,0,0,0,0,0
9909,L57088,0,298.6,309.0,1456,47.7,0,0,0,0,0,0,0
9910,L57089,0,298.7,309.1,1607,32.7,2,0,0,0,0,0,0
9911,L57090,0,298.6,309.0,1469,46.0,4,0,0,0,0,0,0
9912,M24771,1,298.6,309.0,1481,40.8,6,0,0,0,0,0,0
9913,L57092,0,298.6,308.9,1327,58.8,9,0,0,0,0,0,0
9914,L57093,0,298.5,308.8,1589,30.6,11,0,0,0,0,0,0
9915,L57094,0,298.5,308.8,1670,29.6,13,0,0,0,0,0,0
9916,M24775,1,298.5,308.7,1662,28.3,15,0,0,0,0,0,0
9917,M24776,1,298.5,308.8,1553,34.9,18,0,0,0,0,0,0
9918,M24777,1,298.5,308.8,1557,36.0,21,0,0,0,0,0,0
9919,L57098,0,298.4,308.8,1352,56.7,24,0,0,0,0,0,0
9920,L57099,0,298.5,308.8,1305,58.7,26,0,0,0,0,0,0
9921,H39334,2,298.5,308.7,1450,43.9,28,0,0,0,0,0,0
9922,M24781,1,298.5,308.7,1347,48.5,33,0,0,0,0,0,0
9923,H39336,2,298.6,308.8,1566,39.1,36,0,0,0,0,0,0
9924,M24783,1,298.5,308.7,1615,33.3,41,0,0,0,0,0,0
9925,M24784,1,298.5,308.6,1384,54.4,44,0,0,0,0,0,0
9926,M24785,1,298.5,308.7,1367,47.3,47,0,0,0,0,0,0
9927,M24786,1,298.5,308.6,1897,20.2,50,0,0,0,0,0,0
9928,L57107,0,298.5,308.6,1522,36.9,53,0,0,0,0,0,0
9929,M24788,1,298.4,308.5,1576,27.4,55,0,0,0,0,0,0
9930,H39343,2,298.4,308.4,1479,39.2,58,0,0,0,0,0,0
9931,L57110,0,298.3,308.3,1452,45.5,63,0,0,0,0,0,0
9932,L57111,0,298.3,308.3,1432,46.9,65,0,0,0,0,0,0
9933,L57112,0,298.3,308.2,1663,28.4,67,0,0,0,0,0,0
9934,L57113,0,298.3,308.3,1597,32.4,69,0,0,0,0,0,0
9935,L57114,0,298.3,308.2,1472,44.3,71,0,0,0,0,0,0
9936,L57115,0,298.4,308.3,1452,48.5,73,0,0,0,0,0,0
9937,H39350,2,298.3,308.2,1534,33.2,75,0,0,0,0,0,0
9938,L57117,0,298.3,308.1,1505,46.1,80,0,0,0,0,0,0
9939,L57118,0,298.3,308.1,1528,33.9,82,0,0,0,0,0,0
9940,H39353,2,298.3,308.1,2636,12.8,84,0,0,0,0,0,0
9941,M24800,1,298.3,308.1,1722,28.6,89,0,0,0,0,0,0
9942,L57121,0,298.4,308.1,1395,44.0,92,0,0,0,0,0,0
9943,L57122,0,298.4,308.1,1375,50.8,94,0,0,0,0,0,0
9944,M24803,1,298.3,308.0,1766,26.0,96,0,0,0,0,0,0
9945,L57124,0,298.3,307.9,1399,47.8,99,0,0,0,0,0,0
9946,L57125,0,298.3,308.0,1578,37.8,101,0,0,0,0,0,0
9947,L57126,0,298.3,307.9,1502,42.0,103,0,0,0,0,0,0
9948,M24807,1,298.2,307.9,1529,36.6,105,0,0,0,0,0,0
9949,L57128,0,298.2,307.8,1804,25.1,108,0,0,0,0,0,0
9950,M24809,1,298.2,307.8,1411,53.4,110,0,0,0,0,0,0
9951,L57130,0,298.1,307.8,1413,54.1,113,0,0,0,0,0,0
9952,L57131,0,298.2,307.8,1355,59.4,115,0,0,0,0,0,0
9953,L57132,0,298.2,307.8,1429,46.9,117,0,0,0,0,0,0
9954,L57133,0,298.1,307.8,1565,35.3,119,0,0,0,0,0,0
9955,M24814,1,298.1,307.9,1446,42.8,121,0,0,0,0,0,0
9956,M24815,1,298.2,307.9,1462,38.8,124,0,0,0,0,0,0
9957,M24816,1,298.2,307.8,1578,34.5,127,0,0,0,0,0,0
9958,L57137,0,298.1,307.8,1606,33.0,130,0,0,0,0,0,0
9959,M24818,1,298.1,307.8,1525,35.9,132,0,0,0,0,0,0
9960,L57139,0,298.1,307.8,1379,49.1,135,0,0,0,0,0,0
9961,L57140,0,298.2,307.8,1575,35.0,137,0,0,0,0,0,0
9962,L57141,0,298.2,307.9,1399,54.9,139,0,0,0,0,0,0
9963,L57142,0,298.2,307.9,1429,49.4,141,0,0,0,0,0,0
9964,L57143,0,298.3,307.9,1435,39.9,143,0,0,0,0,0,0
9965,L57144,0,298.3,307.9,1766,26.5,145,0,0,0,0,0,0
9966,L57145,0,298.3,307.9,1703,28.9,147,0,0,0,0,0,0
9967,L57146,0,298.3,307.9,1507,41.2,149,0,0,0,0,0,0
9968,M24827,1,298.3,307.9,1609,32.4,151,0,0,0,0,0,0
9969,L57148,0,298.4,308.0,1605,32.4,154,0,0,0,0,0,0
9970,L57149,0,298.4,308.1,1491,50.0,156,0,0,0,0,0,0
9971,H39384,2,298.4,308.1,1891,24.7,158,0,0,0,0,0,0
9972,H39385,2,298.5,308.2,1563,44.6,163,0,0,0,0,0,0
9973,L57152,0,298.6,308.2,1390,51.4,168,0,0,0,0,0,0
9974,L57153,0,298.5,308.2,1444,40.5,170,0,0,0,0,0,0
9975,L57154,0,298.6,308.2,1361,68.2,172,1,0,0,1,1,0
9976,M24835,1,298.6,308.3,1589,34.1,174,0,0,0,0,0,0
9977,L57156,0,298.6,308.2,1705,26.3,177,0,0,0,0,0,0
9978,L57157,0,298.6,308.3,1422,40.4,179,0,0,0,0,0,0
9979,H39392,2,298.6,308.3,1377,52.1,181,0,0,0,0,0,0
9980,L57159,0,298.5,308.3,1334,49.8,186,0,0,0,0,0,0
9981,L57160,0,298.6,308.4,1559,36.6,188,0,0,0,0,0,0
9982,L57161,0,298.7,308.5,1353,47.0,190,0,0,0,0,0,0
9983,M24842,1,298.7,308.4,1507,45.7,192,0,0,0,0,0,0
9984,L57163,0,298.7,308.4,1694,28.7,195,0,0,0,0,0,0
9985,H39398,2,298.7,308.4,1432,42.8,197,0,0,0,0,0,0
9986,H39399,2,298.7,308.5,1572,35.6,202,0,0,0,0,0,0
9987,M24846,1,298.8,308.6,1507,42.3,207,0,0,0,0,0,0
9988,M24847,1,298.8,308.6,1500,37.1,210,0,0,0,0,0,0
9989,L57168,0,298.9,308.6,1771,24.1,213,0,0,0,0,0,0
9990,M24849,1,298.8,308.5,1577,33.2,0,0,0,0,0,0,0
9991,L57170,0,298.8,308.5,1527,36.2,3,0,0,0,0,0,0
9992,M24851,1,298.9,308.4,1827,26.1,5,0,0,0,0,0,0
9993,L57172,0,298.8,308.4,1484,39.2,8,0,0,0,0,0,0
9994,L57173,0,298.8,308.4,1401,47.3,10,0,0,0,0,0,0
9995,L57174,0,298.8,308.3,1634,27.9,12,0,0,0,0,0,0
9996,M24855,1,298.8,308.4,1604,29.5,14,0,0,0,0,0,0
9997,H39410,2,298.9,308.4,1632,31.8,17,0,0,0,0,0,0
9998,M24857,1,299.0,308.6,1645,33.4,22,0,0,0,0,0,0
9999,H39412,2,299.0,308.7,1408,48.5,25,0,0,0,0,0,0
10000,M24859,1,299.0,308.7,1500,40.2,30,0,0,0,0,0,0
